RSSI,SNR,PacketLoss,Distance,RelSpeed,LinkQuality
1.0,1.0,0.0,1.0,0.0,0
0.0,0.0,0.0,1.0,0.0,0
0.0,0.0,0.0,1.0,0.0,0
0.0,0.0,0.0,1.0,0.0,0
0.0,0.0,0.0,1.0,0.0,0
0.0,0.0,0.0,1.0,0.0,0
0.0,0.0,0.0,0.8385759,0.0,0
0.0,0.0,0.0,1.0,0.0,0
0.0,0.0,0.0,1.0,0.0,0
0.0,0.0,0.0,1.0,0.0,0
0.0,0.0,0.0,0.7118584,0.0,0
0.0,0.0,0.0,1.0,0.0,0
0.0,0.0,0.0,1.0,0.0,0
0.0,0.0,0.0,0.883113,0.0,0
0.0,0.0,0.0,1.0,0.0,0
0.0,0.0,0.0,1.0,0.0,0
0.0,0.0,0.0,1.0,0.0,0
0.0,0.0,0.0,0.35118377,0.0,0
0.0,0.0,0.0,1.0,0.0,0
1.0,1.0,0.0,0.7118584,0.0,0
0.0,0.0,0.0,1.0,0.0,0
0.0,0.0,0.0,1.0,0.0,0
0.0,0.0,0.0,0.8750822,0.0,0
0.0,0.0,0.0,1.0,0.0,0
0.0,0.0,0.0,1.0,0.0,0
0.0,0.0,0.0,1.0,0.0,0
0.0,0.0,0.0,0.7225898,0.0,0
0.0,0.0,0.0,1.0,0.0,0
1.0,1.0,0.0,1.0,0.0,0
0.0,0.0,0.0,1.0,0.0,0
0.0,0.0,0.0,1.0,0.0,0
0.0,0.0,0.0,1.0,0.0,0
0.0,0.0,0.0,1.0,0.0,0
0.0,0.0,0.0,0.6969283,0.0,0
0.0,0.0,0.0,1.0,0.0,0
0.0,0.0,0.0,1.0,0.0,0
0.0,0.0,0.0,1.0,0.0,0
1.0,1.0,0.0,1.0,0.0,0
0.0,0.0,0.0,1.0,0.0,0
0.0,0.0,0.0,1.0,0.0,0
0.0,0.0,0.0,1.0,0.0,0
0.0,0.0,0.0,1.0,0.0,0
0.0,0.0,0.0,1.0,0.0,0
0.0,0.0,0.0,1.0,0.0,0
0.0,0.0,0.0,1.0,0.0,0
0.0,0.0,0.0,1.0,0.0,0
1.0,1.0,0.0,0.883113,0.0,0
0.0,0.0,0.0,0.8750822,0.0,0
0.0,0.0,0.0,1.0,0.0,0
0.0,0.0,0.0,1.0,0.0,0
0.0,0.0,0.0,1.0,0.0,0
0.0,0.0,0.0,1.0,0.0,0
0.0,0.0,0.0,1.0,0.0,0
0.0,0.0,0.0,1.0,0.0,0
0.0,0.0,0.0,1.0,0.0,0
1.0,1.0,0.0,1.0,0.0,0
0.0,0.0,0.0,1.0,0.0,0
0.0,0.0,0.0,1.0,0.0,0
0.0,0.0,0.0,1.0,0.0,0
0.0,0.0,0.0,1.0,0.0,0
0.0,0.0,0.0,1.0,0.0,0
0.0,0.0,0.0,1.0,0.0,0
0.0,0.0,0.0,1.0,0.0,0
0.0,0.0,0.0,0.8385759,0.0,0
1.0,1.0,0.0,1.0,0.0,0
0.0,0.0,0.0,1.0,0.0,0
0.0,0.0,0.0,0.6969283,0.0,0
0.0,0.0,0.0,1.0,0.0,0
0.0,0.0,0.0,1.0,0.0,0
0.0,0.0,0.0,1.0,0.0,0
0.0,0.0,0.0,1.0,0.0,0
0.0,0.0,0.0,1.0,0.0,0
0.0,0.0,0.0,1.0,0.0,0
1.0,1.0,0.0,1.0,0.0,0
0.0,0.0,0.0,1.0,0.0,0
0.0,0.0,0.0,1.0,0.0,0
0.0,0.0,0.0,1.0,0.0,0
0.0,0.0,0.0,1.0,0.0,0
0.0,0.0,0.0,1.0,0.0,0
0.0,0.0,0.0,1.0,0.0,0
0.0,0.0,0.0,1.0,0.0,0
0.0,0.0,0.0,1.0,0.0,0
1.0,1.0,0.0,0.35118377,0.0,1
0.0,0.0,0.0,0.7225898,0.0,0
0.0,0.0,0.0,1.0,0.0,0
0.0,0.0,0.0,1.0,0.0,0
0.0,0.0,0.0,1.0,0.0,0
0.0,0.0,0.0,1.0,0.0,0
0.0,0.0,0.0,1.0,0.0,0
0.0,0.0,0.0,1.0,0.0,0
1.0,1.0,0.0,1.0,0.0,0
0.0,0.0,0.0,1.0,0.0,0
0.0,0.0,0.0,1.0,0.0,0
0.0,0.0,0.0,1.0,0.0,0
0.0,0.0,0.0,1.0,0.0,0
0.0,0.0,0.0,1.0,0.0,0
0.0,0.0,0.0,0.8385759,0.0,0
0.0,0.0,0.0,1.0,0.0,0
1.0,1.0,0.0,1.0,0.0,0
0.0,0.0,0.0,1.0,0.0,0
0.0,0.0,0.0,0.7118584,0.0,0
0.0,0.0,0.0,1.0,0.0,0
0.0,0.0,0.0,1.0,0.0,0
0.0,0.0,0.0,0.883113,0.0,0
0.0,0.0,0.0,1.0,0.0,0
0.0,0.0,0.0,1.0,0.0,0
0.0,0.0,0.0,1.0,0.0,0
1.0,1.0,0.0,0.35118377,0.0,1
0.0,0.0,0.0,1.0,0.0,0
1.0,1.0,0.0,0.7118584,0.0,0
0.0,0.0,0.0,1.0,0.0,0
0.0,0.0,0.0,1.0,0.0,0
0.0,0.0,0.0,0.8750822,0.0,0
0.0,0.0,0.0,1.0,0.0,0
0.0,0.0,0.0,1.0,0.0,0
0.0,0.0,0.0,1.0,0.0,0
1.0,1.0,0.0,0.7225898,0.0,0
0.0,0.0,0.0,1.0,0.0,0
1.0,1.0,0.0,1.0,0.0,0
0.0,0.0,0.0,1.0,0.0,0
0.0,0.0,0.0,1.0,0.0,0
0.0,0.0,0.0,1.0,0.0,0
0.0,0.0,0.0,1.0,0.0,0
0.0,0.0,0.0,0.6969283,0.0,0
0.0,0.0,0.0,1.0,0.0,0
1.0,1.0,0.0,1.0,0.0,0
0.0,0.0,0.0,1.0,0.0,0
1.0,1.0,0.0,1.0,0.0,0
0.0,0.0,0.0,1.0,0.0,0
0.0,0.0,0.0,1.0,0.0,0
0.0,0.0,0.0,1.0,0.0,0
0.0,0.0,0.0,1.0,0.0,0
0.0,0.0,0.0,1.0,0.0,0
0.0,0.0,0.0,1.0,0.0,0
1.0,1.0,0.0,1.0,0.0,0
0.0,0.0,0.0,1.0,0.0,0
1.0,1.0,0.0,0.883113,0.0,0
0.0,0.0,0.0,0.8750822,0.0,0
0.0,0.0,0.0,1.0,0.0,0
0.0,0.0,0.0,1.0,0.0,0
0.0,0.0,0.0,1.0,0.0,0
0.0,0.0,0.0,1.0,0.0,0
0.0,0.0,0.0,1.0,0.0,0
1.0,1.0,0.0,1.0,0.0,0
0.0,0.0,0.0,1.0,0.0,0
1.0,1.0,0.0,1.0,0.0,0
0.0,0.0,0.0,1.0,0.0,0
0.0,0.0,0.0,1.0,0.0,0
0.0,0.0,0.0,1.0,0.0,0
0.0,0.0,0.0,1.0,0.0,0
0.0,0.0,0.0,1.0,0.0,0
0.0,0.0,0.0,1.0,0.0,0
1.0,1.0,0.0,1.0,0.0,0
0.0,0.0,0.0,0.8385759,0.0,0
1.0,1.0,0.0,1.0,0.0,0
0.0,0.0,0.0,1.0,0.0,0
0.0,0.0,0.0,0.6969283,0.0,0
0.0,0.0,0.0,1.0,0.0,0
0.0,0.0,0.0,1.0,0.0,0
0.0,0.0,0.0,1.0,0.0,0
0.0,0.0,0.0,1.0,0.0,0
1.0,1.0,0.0,1.0,0.0,0
0.0,0.0,0.0,1.0,0.0,0
1.0,1.0,0.0,1.0,0.0,0
0.0,0.0,0.0,1.0,0.0,0
0.0,0.0,0.0,1.0,0.0,0
0.0,0.0,0.0,1.0,0.0,0
0.0,0.0,0.0,1.0,0.0,0
0.0,0.0,0.0,1.0,0.0,0
0.0,0.0,0.0,1.0,0.0,0
1.0,1.0,0.0,1.0,0.0,0
0.0,0.0,0.0,1.0,0.0,0
1.0,1.0,0.0,0.35118377,0.0,1
0.0,0.0,0.0,0.7225898,0.0,0
0.0,0.0,0.0,1.0,0.0,0
0.0,0.0,0.0,1.0,0.0,0
0.0,0.0,0.0,1.0,0.0,0
0.0,0.0,0.0,1.0,0.0,0
0.0,0.0,0.0,1.0,0.0,0
0.0,0.0,0.0,1.0,0.0,0
1.0,1.0,0.0,1.0,0.0,0
0.0,0.0,0.0,1.0,0.0,0
0.0,0.0,0.0,1.0,0.0,0
0.0,0.0,0.0,1.0,0.0,0
0.0,0.0,0.0,1.0,0.0,0
0.0,0.0,0.0,1.0,0.0,0
0.0,0.0,0.0,0.8385759,0.0,0
0.0,0.0,0.0,1.0,0.0,0
1.0,1.0,0.0,1.0,0.0,0
0.0,0.0,0.0,1.0,0.0,0
0.0,0.0,0.0,0.7118584,0.0,0
0.0,0.0,0.0,1.0,0.0,0
0.0,0.0,0.0,1.0,0.0,0
0.0,0.0,0.0,0.883113,0.0,0
0.0,0.0,0.0,1.0,0.0,0
0.0,0.0,0.0,1.0,0.0,0
0.0,0.0,0.0,1.0,0.0,0
1.0,1.0,0.0,0.35118377,0.0,1
0.0,0.0,0.0,1.0,0.0,0
1.0,1.0,0.0,0.7118584,0.0,0
0.0,0.0,0.0,1.0,0.0,0
0.0,0.0,0.0,1.0,0.0,0
0.0,0.0,0.0,0.8750822,0.0,0
0.0,0.0,0.0,1.0,0.0,0
0.0,0.0,0.0,1.0,0.0,0
0.0,0.0,0.0,1.0,0.0,0
1.0,1.0,0.0,0.7225898,0.0,0
0.0,0.0,0.0,1.0,0.0,0
1.0,1.0,0.0,1.0,0.0,0
0.0,0.0,0.0,1.0,0.0,0
0.0,0.0,0.0,1.0,0.0,0
0.0,0.0,0.0,1.0,0.0,0
0.0,0.0,0.0,1.0,0.0,0
0.0,0.0,0.0,0.6969283,0.0,0
0.0,0.0,0.0,1.0,0.0,0
1.0,1.0,0.0,1.0,0.0,0
0.0,0.0,0.0,1.0,0.0,0
1.0,1.0,0.0,1.0,0.0,0
0.0,0.0,0.0,1.0,0.0,0
0.0,0.0,0.0,1.0,0.0,0
0.0,0.0,0.0,1.0,0.0,0
0.0,0.0,0.0,1.0,0.0,0
0.0,0.0,0.0,1.0,0.0,0
0.0,0.0,0.0,1.0,0.0,0
1.0,1.0,0.0,1.0,0.0,0
0.0,0.0,0.0,1.0,0.0,0
1.0,1.0,0.0,0.883113,0.0,0
0.0,0.0,0.0,0.8750822,0.0,0
0.0,0.0,0.0,1.0,0.0,0
0.0,0.0,0.0,1.0,0.0,0
0.0,0.0,0.0,1.0,0.0,0
0.0,0.0,0.0,1.0,0.0,0
0.0,0.0,0.0,1.0,0.0,0
1.0,1.0,0.0,1.0,0.0,0
0.0,0.0,0.0,1.0,0.0,0
1.0,1.0,0.0,1.0,0.0,0
0.0,0.0,0.0,1.0,0.0,0
0.0,0.0,0.0,1.0,0.0,0
0.0,0.0,0.0,1.0,0.0,0
0.0,0.0,0.0,1.0,0.0,0
0.0,0.0,0.0,1.0,0.0,0
0.0,0.0,0.0,1.0,0.0,0
1.0,1.0,0.0,1.0,0.0,0
0.0,0.0,0.0,0.8385759,0.0,0
1.0,1.0,0.0,1.0,0.0,0
0.0,0.0,0.0,1.0,0.0,0
0.0,0.0,0.0,0.6969283,0.0,0
0.0,0.0,0.0,1.0,0.0,0
0.0,0.0,0.0,1.0,0.0,0
0.0,0.0,0.0,1.0,0.0,0
0.0,0.0,0.0,1.0,0.0,0
1.0,1.0,0.0,1.0,0.0,0
0.0,0.0,0.0,1.0,0.0,0
1.0,1.0,0.0,1.0,0.0,0
0.0,0.0,0.0,1.0,0.0,0
0.0,0.0,0.0,1.0,0.0,0
0.0,0.0,0.0,1.0,0.0,0
0.0,0.0,0.0,1.0,0.0,0
0.0,0.0,0.0,1.0,0.0,0
0.0,0.0,0.0,1.0,0.0,0
1.0,1.0,0.0,1.0,0.0,0
0.0,0.0,0.0,1.0,0.0,0
1.0,1.0,0.0,0.35118377,0.0,1
0.0,0.0,0.0,0.7225898,0.0,0
0.0,0.0,0.0,1.0,0.0,0
0.0,0.0,0.0,1.0,0.0,0
0.0,0.0,0.0,1.0,0.0,0
0.0,0.0,0.0,1.0,0.0,0
0.0,0.0,0.0,1.0,0.0,0
0.0,0.0,0.0,1.0,0.0,0
1.0,1.0,0.0,1.0,0.0,0
0.0,0.0,0.0,1.0,0.0,0
0.0,0.0,0.0,1.0,0.0,0
0.0,0.0,0.0,1.0,0.0,0
0.0,0.0,0.0,1.0,0.0,0
0.0,0.0,0.0,1.0,0.0,0
0.0,0.0,0.0,0.8385759,0.0,0
0.0,0.0,0.0,1.0,0.0,0
1.0,1.0,0.0,1.0,0.0,0
0.0,0.0,0.0,1.0,0.0,0
0.0,0.0,0.0,0.7118584,0.0,0
0.0,0.0,0.0,1.0,0.0,0
0.0,0.0,0.0,1.0,0.0,0
0.0,0.0,0.0,0.883113,0.0,0
0.0,0.0,0.0,1.0,0.0,0
0.0,0.0,0.0,1.0,0.0,0
0.0,0.0,0.0,1.0,0.0,0
1.0,1.0,0.0,0.35118377,0.0,1
0.0,0.0,0.0,1.0,0.0,0
1.0,1.0,0.0,0.7118584,0.0,0
0.0,0.0,0.0,1.0,0.0,0
0.0,0.0,0.0,1.0,0.0,0
0.0,0.0,0.0,0.8750822,0.0,0
0.0,0.0,0.0,1.0,0.0,0
0.0,0.0,0.0,1.0,0.0,0
0.0,0.0,0.0,1.0,0.0,0
1.0,1.0,0.0,0.7225898,0.0,0
0.0,0.0,0.0,1.0,0.0,0
1.0,1.0,0.0,1.0,0.0,0
0.0,0.0,0.0,1.0,0.0,0
0.0,0.0,0.0,1.0,0.0,0
0.0,0.0,0.0,1.0,0.0,0
0.0,0.0,0.0,1.0,0.0,0
0.0,0.0,0.0,0.6969283,0.0,0
0.0,0.0,0.0,1.0,0.0,0
1.0,1.0,0.0,1.0,0.0,0
0.0,0.0,0.0,1.0,0.0,0
1.0,1.0,0.0,1.0,0.0,0
0.0,0.0,0.0,1.0,0.0,0
0.0,0.0,0.0,1.0,0.0,0
0.0,0.0,0.0,1.0,0.0,0
0.0,0.0,0.0,1.0,0.0,0
0.0,0.0,0.0,1.0,0.0,0
0.0,0.0,0.0,1.0,0.0,0
1.0,1.0,0.0,1.0,0.0,0
0.0,0.0,0.0,1.0,0.0,0
1.0,1.0,0.0,0.883113,0.0,0
0.0,0.0,0.0,0.8750822,0.0,0
0.0,0.0,0.0,1.0,0.0,0
0.0,0.0,0.0,1.0,0.0,0
0.0,0.0,0.0,1.0,0.0,0
0.0,0.0,0.0,1.0,0.0,0
0.0,0.0,0.0,1.0,0.0,0
1.0,1.0,0.0,1.0,0.0,0
0.0,0.0,0.0,1.0,0.0,0
1.0,1.0,0.0,1.0,0.0,0
0.0,0.0,0.0,1.0,0.0,0
0.0,0.0,0.0,1.0,0.0,0
0.0,0.0,0.0,1.0,0.0,0
0.0,0.0,0.0,1.0,0.0,0
0.0,0.0,0.0,1.0,0.0,0
0.0,0.0,0.0,1.0,0.0,0
1.0,1.0,0.0,1.0,0.0,0
0.0,0.0,0.0,0.8385759,0.0,0
1.0,1.0,0.0,1.0,0.0,0
0.0,0.0,0.0,1.0,0.0,0
0.0,0.0,0.0,0.6969283,0.0,0
0.0,0.0,0.0,1.0,0.0,0
0.0,0.0,0.0,1.0,0.0,0
0.0,0.0,0.0,1.0,0.0,0
0.0,0.0,0.0,1.0,0.0,0
1.0,1.0,0.0,1.0,0.0,0
0.0,0.0,0.0,1.0,0.0,0
1.0,1.0,0.0,1.0,0.0,0
0.0,0.0,0.0,1.0,0.0,0
0.0,0.0,0.0,1.0,0.0,0
0.0,0.0,0.0,1.0,0.0,0
0.0,0.0,0.0,1.0,0.0,0
0.0,0.0,0.0,1.0,0.0,0
0.0,0.0,0.0,1.0,0.0,0
1.0,1.0,0.0,1.0,0.0,0
0.0,0.0,0.0,1.0,0.0,0
1.0,1.0,0.0,0.35118377,0.0,1
0.0,0.0,0.0,0.7225898,0.0,0
0.0,0.0,0.0,1.0,0.0,0
0.0,0.0,0.0,1.0,0.0,0
0.0,0.0,0.0,1.0,0.0,0
0.0,0.0,0.0,1.0,0.0,0
0.0,0.0,0.0,1.0,0.0,0
0.0,0.0,0.0,1.0,0.0,0
1.0,1.0,0.0,1.0,0.0,0
0.0,0.0,0.0,1.0,0.0,0
0.0,0.0,0.0,1.0,0.0,0
0.0,0.0,0.0,1.0,0.0,0
0.0,0.0,0.0,1.0,0.0,0
0.0,0.0,0.0,1.0,0.0,0
0.0,0.0,0.0,0.8385759,0.0,0
0.0,0.0,0.0,1.0,0.0,0
1.0,1.0,0.0,1.0,0.0,0
0.0,0.0,0.0,1.0,0.0,0
0.0,0.0,0.0,0.7118584,0.0,0
0.0,0.0,0.0,1.0,0.0,0
0.0,0.0,0.0,1.0,0.0,0
0.0,0.0,0.0,0.883113,0.0,0
0.0,0.0,0.0,1.0,0.0,0
0.0,0.0,0.0,1.0,0.0,0
0.0,0.0,0.0,1.0,0.0,0
1.0,1.0,0.0,0.35118377,0.0,1
0.0,0.0,0.0,1.0,0.0,0
1.0,1.0,0.0,0.7118584,0.0,0
0.0,0.0,0.0,1.0,0.0,0
0.0,0.0,0.0,1.0,0.0,0
0.0,0.0,0.0,0.8750822,0.0,0
0.0,0.0,0.0,1.0,0.0,0
0.0,0.0,0.0,1.0,0.0,0
0.0,0.0,0.0,1.0,0.0,0
1.0,1.0,0.0,0.7225898,0.0,0
0.0,0.0,0.0,1.0,0.0,0
1.0,1.0,0.0,1.0,0.0,0
0.0,0.0,0.0,1.0,0.0,0
0.0,0.0,0.0,1.0,0.0,0
0.0,0.0,0.0,1.0,0.0,0
0.0,0.0,0.0,1.0,0.0,0
0.0,0.0,0.0,0.6969283,0.0,0
0.0,0.0,0.0,1.0,0.0,0
1.0,1.0,0.0,1.0,0.0,0
0.0,0.0,0.0,1.0,0.0,0
1.0,1.0,0.0,1.0,0.0,0
0.0,0.0,0.0,1.0,0.0,0
0.0,0.0,0.0,1.0,0.0,0
0.0,0.0,0.0,1.0,0.0,0
0.0,0.0,0.0,1.0,0.0,0
0.0,0.0,0.0,1.0,0.0,0
0.0,0.0,0.0,1.0,0.0,0
1.0,1.0,0.0,1.0,0.0,0
0.0,0.0,0.0,1.0,0.0,0
1.0,1.0,0.0,0.883113,0.0,0
0.0,0.0,0.0,0.8750822,0.0,0
0.0,0.0,0.0,1.0,0.0,0
0.0,0.0,0.0,1.0,0.0,0
0.0,0.0,0.0,1.0,0.0,0
0.0,0.0,0.0,1.0,0.0,0
0.0,0.0,0.0,1.0,0.0,0
1.0,1.0,0.0,1.0,0.0,0
0.0,0.0,0.0,1.0,0.0,0
1.0,1.0,0.0,1.0,0.0,0
0.0,0.0,0.0,1.0,0.0,0
0.0,0.0,0.0,1.0,0.0,0
0.0,0.0,0.0,1.0,0.0,0
0.0,0.0,0.0,1.0,0.0,0
0.0,0.0,0.0,1.0,0.0,0
0.0,0.0,0.0,1.0,0.0,0
1.0,1.0,0.0,1.0,0.0,0
0.0,0.0,0.0,0.8385759,0.0,0
1.0,1.0,0.0,1.0,0.0,0
0.0,0.0,0.0,1.0,0.0,0
0.0,0.0,0.0,0.6969283,0.0,0
0.0,0.0,0.0,1.0,0.0,0
0.0,0.0,0.0,1.0,0.0,0
0.0,0.0,0.0,1.0,0.0,0
0.0,0.0,0.0,1.0,0.0,0
1.0,1.0,0.0,1.0,0.0,0
0.0,0.0,0.0,1.0,0.0,0
1.0,1.0,0.0,1.0,0.0,0
0.0,0.0,0.0,1.0,0.0,0
0.0,0.0,0.0,1.0,0.0,0
0.0,0.0,0.0,1.0,0.0,0
0.0,0.0,0.0,1.0,0.0,0
0.0,0.0,0.0,1.0,0.0,0
0.0,0.0,0.0,1.0,0.0,0
1.0,1.0,0.0,1.0,0.0,0
0.0,0.0,0.0,1.0,0.0,0
1.0,1.0,0.0,0.35118377,0.0,1
0.0,0.0,0.0,0.7225898,0.0,0
0.0,0.0,0.0,1.0,0.0,0
0.0,0.0,0.0,1.0,0.0,0
0.0,0.0,0.0,1.0,0.0,0
0.0,0.0,0.0,1.0,0.0,0
0.0,0.0,0.0,1.0,0.0,0
0.0,0.0,0.0,1.0,0.0,0
1.0,1.0,0.0,1.0,0.0,0
0.0,0.0,0.0,1.0,0.0,0
0.0,0.0,0.0,1.0,0.0,0
0.0,0.0,0.0,1.0,0.0,0
0.0,0.0,0.0,1.0,0.0,0
0.0,0.0,0.0,1.0,0.0,0
0.0,0.0,0.0,0.8385759,0.0,0
0.0,0.0,0.0,1.0,0.0,0
1.0,1.0,0.0,1.0,0.0,0
0.0,0.0,0.0,1.0,0.0,0
0.0,0.0,0.0,0.7118584,0.0,0
0.0,0.0,0.0,1.0,0.0,0
0.0,0.0,0.0,1.0,0.0,0
0.0,0.0,0.0,0.883113,0.0,0
0.0,0.0,0.0,1.0,0.0,0
0.0,0.0,0.0,1.0,0.0,0
0.0,0.0,0.0,1.0,0.0,0
1.0,1.0,0.0,0.35118377,0.0,1
0.0,0.0,0.0,1.0,0.0,0
1.0,1.0,0.0,0.7118584,0.0,0
0.0,0.0,0.0,1.0,0.0,0
0.0,0.0,0.0,1.0,0.0,0
0.0,0.0,0.0,0.8750822,0.0,0
0.0,0.0,0.0,1.0,0.0,0
0.0,0.0,0.0,1.0,0.0,0
0.0,0.0,0.0,1.0,0.0,0
1.0,1.0,0.0,0.7225898,0.0,0
0.0,0.0,0.0,1.0,0.0,0
1.0,1.0,0.0,1.0,0.0,0
0.0,0.0,0.0,1.0,0.0,0
0.0,0.0,0.0,1.0,0.0,0
0.0,0.0,0.0,1.0,0.0,0
0.0,0.0,0.0,1.0,0.0,0
0.0,0.0,0.0,0.6969283,0.0,0
0.0,0.0,0.0,1.0,0.0,0
1.0,1.0,0.0,1.0,0.0,0
0.0,0.0,0.0,1.0,0.0,0
1.0,1.0,0.0,1.0,0.0,0
0.0,0.0,0.0,1.0,0.0,0
0.0,0.0,0.0,1.0,0.0,0
0.0,0.0,0.0,1.0,0.0,0
0.0,0.0,0.0,1.0,0.0,0
0.0,0.0,0.0,1.0,0.0,0
0.0,0.0,0.0,1.0,0.0,0
1.0,1.0,0.0,1.0,0.0,0
0.0,0.0,0.0,1.0,0.0,0
1.0,1.0,0.0,0.883113,0.0,0
0.0,0.0,0.0,0.8750822,0.0,0
0.0,0.0,0.0,1.0,0.0,0
0.0,0.0,0.0,1.0,0.0,0
0.0,0.0,0.0,1.0,0.0,0
0.0,0.0,0.0,1.0,0.0,0
0.0,0.0,0.0,1.0,0.0,0
1.0,1.0,0.0,1.0,0.0,0
0.0,0.0,0.0,1.0,0.0,0
1.0,1.0,0.0,1.0,0.0,0
0.0,0.0,0.0,1.0,0.0,0
0.0,0.0,0.0,1.0,0.0,0
0.0,0.0,0.0,1.0,0.0,0
0.0,0.0,0.0,1.0,0.0,0
0.0,0.0,0.0,1.0,0.0,0
0.0,0.0,0.0,1.0,0.0,0
1.0,1.0,0.0,1.0,0.0,0
0.0,0.0,0.0,0.8385759,0.0,0
1.0,1.0,0.0,1.0,0.0,0
0.0,0.0,0.0,1.0,0.0,0
0.0,0.0,0.0,0.6969283,0.0,0
0.0,0.0,0.0,1.0,0.0,0
0.0,0.0,0.0,1.0,0.0,0
0.0,0.0,0.0,1.0,0.0,0
0.0,0.0,0.0,1.0,0.0,0
1.0,1.0,0.0,1.0,0.0,0
0.0,0.0,0.0,1.0,0.0,0
1.0,1.0,0.0,1.0,0.0,0
0.0,0.0,0.0,1.0,0.0,0
0.0,0.0,0.0,1.0,0.0,0
0.0,0.0,0.0,1.0,0.0,0
0.0,0.0,0.0,1.0,0.0,0
0.0,0.0,0.0,1.0,0.0,0
0.0,0.0,0.0,1.0,0.0,0
1.0,1.0,0.0,1.0,0.0,0
0.0,0.0,0.0,1.0,0.0,0
1.0,1.0,0.0,0.35118377,0.0,1
0.0,0.0,0.0,0.7225898,0.0,0
0.0,0.0,0.0,1.0,0.0,0
0.0,0.0,0.0,1.0,0.0,0
0.0,0.0,0.0,1.0,0.0,0
0.0,0.0,0.0,1.0,0.0,0
0.0,0.0,0.0,1.0,0.0,0
0.0,0.0,0.0,1.0,0.0,0
1.0,1.0,0.0,1.0,0.0,0
0.0,0.0,0.0,1.0,0.0,0
0.0,0.0,0.0,1.0,0.0,0
0.0,0.0,0.0,1.0,0.0,0
0.0,0.0,0.0,1.0,0.0,0
0.0,0.0,0.0,1.0,0.0,0
0.0,0.0,0.0,0.8385759,0.0,0
0.0,0.0,0.0,1.0,0.0,0
1.0,1.0,0.0,1.0,0.0,0
0.0,0.0,0.0,1.0,0.0,0
0.0,0.0,0.0,0.7118584,0.0,0
0.0,0.0,0.0,1.0,0.0,0
0.0,0.0,0.0,1.0,0.0,0
0.0,0.0,0.0,0.883113,0.0,0
0.0,0.0,0.0,1.0,0.0,0
0.0,0.0,0.0,1.0,0.0,0
0.0,0.0,0.0,1.0,0.0,0
1.0,1.0,0.0,0.35118377,0.0,1
0.0,0.0,0.0,1.0,0.0,0
1.0,1.0,0.0,0.7118584,0.0,0
0.0,0.0,0.0,1.0,0.0,0
0.0,0.0,0.0,1.0,0.0,0
0.0,0.0,0.0,0.8750822,0.0,0
0.0,0.0,0.0,1.0,0.0,0
0.0,0.0,0.0,1.0,0.0,0
0.0,0.0,0.0,1.0,0.0,0
1.0,1.0,0.0,0.7225898,0.0,0
0.0,0.0,0.0,1.0,0.0,0
1.0,1.0,0.0,1.0,0.0,0
0.0,0.0,0.0,1.0,0.0,0
0.0,0.0,0.0,1.0,0.0,0
0.0,0.0,0.0,1.0,0.0,0
0.0,0.0,0.0,1.0,0.0,0
0.0,0.0,0.0,0.6969283,0.0,0
0.0,0.0,0.0,1.0,0.0,0
1.0,1.0,0.0,1.0,0.0,0
0.0,0.0,0.0,1.0,0.0,0
1.0,1.0,0.0,1.0,0.0,0
0.0,0.0,0.0,1.0,0.0,0
0.0,0.0,0.0,1.0,0.0,0
0.0,0.0,0.0,1.0,0.0,0
0.0,0.0,0.0,1.0,0.0,0
0.0,0.0,0.0,1.0,0.0,0
0.0,0.0,0.0,1.0,0.0,0
1.0,1.0,0.0,1.0,0.0,0
0.0,0.0,0.0,1.0,0.0,0
1.0,1.0,0.0,0.883113,0.0,0
0.0,0.0,0.0,0.8750822,0.0,0
0.0,0.0,0.0,1.0,0.0,0
0.0,0.0,0.0,1.0,0.0,0
0.0,0.0,0.0,1.0,0.0,0
0.0,0.0,0.0,1.0,0.0,0
0.0,0.0,0.0,1.0,0.0,0
1.0,1.0,0.0,1.0,0.0,0
0.0,0.0,0.0,1.0,0.0,0
1.0,1.0,0.0,1.0,0.0,0
0.0,0.0,0.0,1.0,0.0,0
0.0,0.0,0.0,1.0,0.0,0
0.0,0.0,0.0,1.0,0.0,0
0.0,0.0,0.0,1.0,0.0,0
0.0,0.0,0.0,1.0,0.0,0
0.0,0.0,0.0,1.0,0.0,0
1.0,1.0,0.0,1.0,0.0,0
0.0,0.0,0.0,0.8385759,0.0,0
1.0,1.0,0.0,1.0,0.0,0
0.0,0.0,0.0,1.0,0.0,0
0.0,0.0,0.0,0.6969283,0.0,0
0.0,0.0,0.0,1.0,0.0,0
0.0,0.0,0.0,1.0,0.0,0
0.0,0.0,0.0,1.0,0.0,0
0.0,0.0,0.0,1.0,0.0,0
1.0,1.0,0.0,1.0,0.0,0
0.0,0.0,0.0,1.0,0.0,0
1.0,1.0,0.0,1.0,0.0,0
0.0,0.0,0.0,1.0,0.0,0
0.0,0.0,0.0,1.0,0.0,0
0.0,0.0,0.0,1.0,0.0,0
0.0,0.0,0.0,1.0,0.0,0
0.0,0.0,0.0,1.0,0.0,0
0.0,0.0,0.0,1.0,0.0,0
1.0,1.0,0.0,1.0,0.0,0
0.0,0.0,0.0,1.0,0.0,0
1.0,1.0,0.0,0.35118377,0.0,1
0.0,0.0,0.0,0.7225898,0.0,0
0.0,0.0,0.0,1.0,0.0,0
0.0,0.0,0.0,1.0,0.0,0
0.0,0.0,0.0,1.0,0.0,0
0.0,0.0,0.0,1.0,0.0,0
0.0,0.0,0.0,1.0,0.0,0
0.0,0.0,0.0,1.0,0.0,0
1.0,1.0,0.0,1.0,0.0,0
0.0,0.0,0.0,1.0,0.0,0
0.0,0.0,0.0,1.0,0.0,0
0.0,0.0,0.0,1.0,0.0,0
0.0,0.0,0.0,1.0,0.0,0
0.0,0.0,0.0,1.0,0.0,0
0.0,0.0,0.0,0.8385759,0.0,0
0.0,0.0,0.0,1.0,0.0,0
1.0,1.0,0.0,1.0,0.0,0
0.0,0.0,0.0,1.0,0.0,0
0.0,0.0,0.0,0.7118584,0.0,0
0.0,0.0,0.0,1.0,0.0,0
0.0,0.0,0.0,1.0,0.0,0
0.0,0.0,0.0,0.883113,0.0,0
0.0,0.0,0.0,1.0,0.0,0
0.0,0.0,0.0,1.0,0.0,0
0.0,0.0,0.0,1.0,0.0,0
1.0,1.0,0.0,0.35118377,0.0,1
0.0,0.0,0.0,1.0,0.0,0
1.0,1.0,0.0,0.7118584,0.0,0
0.0,0.0,0.0,1.0,0.0,0
0.0,0.0,0.0,1.0,0.0,0
0.0,0.0,0.0,0.8750822,0.0,0
0.0,0.0,0.0,1.0,0.0,0
0.0,0.0,0.0,1.0,0.0,0
0.0,0.0,0.0,1.0,0.0,0
1.0,1.0,0.0,0.7225898,0.0,0
0.0,0.0,0.0,1.0,0.0,0
1.0,1.0,0.0,1.0,0.0,0
0.0,0.0,0.0,1.0,0.0,0
0.0,0.0,0.0,1.0,0.0,0
0.0,0.0,0.0,1.0,0.0,0
0.0,0.0,0.0,1.0,0.0,0
0.0,0.0,0.0,0.6969283,0.0,0
0.0,0.0,0.0,1.0,0.0,0
1.0,1.0,0.0,1.0,0.0,0
0.0,0.0,0.0,1.0,0.0,0
1.0,1.0,0.0,1.0,0.0,0
0.0,0.0,0.0,1.0,0.0,0
0.0,0.0,0.0,1.0,0.0,0
0.0,0.0,0.0,1.0,0.0,0
0.0,0.0,0.0,1.0,0.0,0
0.0,0.0,0.0,1.0,0.0,0
0.0,0.0,0.0,1.0,0.0,0
1.0,1.0,0.0,1.0,0.0,0
0.0,0.0,0.0,1.0,0.0,0
1.0,1.0,0.0,0.883113,0.0,0
0.0,0.0,0.0,0.8750822,0.0,0
0.0,0.0,0.0,1.0,0.0,0
0.0,0.0,0.0,1.0,0.0,0
0.0,0.0,0.0,1.0,0.0,0
0.0,0.0,0.0,1.0,0.0,0
0.0,0.0,0.0,1.0,0.0,0
1.0,1.0,0.0,1.0,0.0,0
0.0,0.0,0.0,1.0,0.0,0
1.0,1.0,0.0,1.0,0.0,0
0.0,0.0,0.0,1.0,0.0,0
0.0,0.0,0.0,1.0,0.0,0
0.0,0.0,0.0,1.0,0.0,0
0.0,0.0,0.0,1.0,0.0,0
0.0,0.0,0.0,1.0,0.0,0
0.0,0.0,0.0,1.0,0.0,0
1.0,1.0,0.0,1.0,0.0,0
0.0,0.0,0.0,0.8385759,0.0,0
1.0,1.0,0.0,1.0,0.0,0
0.0,0.0,0.0,1.0,0.0,0
0.0,0.0,0.0,0.6969283,0.0,0
0.0,0.0,0.0,1.0,0.0,0
0.0,0.0,0.0,1.0,0.0,0
0.0,0.0,0.0,1.0,0.0,0
0.0,0.0,0.0,1.0,0.0,0
1.0,1.0,0.0,1.0,0.0,0
0.0,0.0,0.0,1.0,0.0,0
1.0,1.0,0.0,1.0,0.0,0
0.0,0.0,0.0,1.0,0.0,0
0.0,0.0,0.0,1.0,0.0,0
0.0,0.0,0.0,1.0,0.0,0
0.0,0.0,0.0,1.0,0.0,0
0.0,0.0,0.0,1.0,0.0,0
0.0,0.0,0.0,1.0,0.0,0
1.0,1.0,0.0,1.0,0.0,0
0.0,0.0,0.0,1.0,0.0,0
1.0,1.0,0.0,0.35118377,0.0,1
0.0,0.0,0.0,0.7225898,0.0,0
0.0,0.0,0.0,1.0,0.0,0
0.0,0.0,0.0,1.0,0.0,0
0.0,0.0,0.0,1.0,0.0,0
0.0,0.0,0.0,1.0,0.0,0
0.0,0.0,0.0,1.0,0.0,0
0.0,0.0,0.0,1.0,0.0,0
1.0,1.0,0.0,1.0,0.0,0
0.0,0.0,0.0,1.0,0.0,0
0.0,0.0,0.0,1.0,0.0,0
0.0,0.0,0.0,1.0,0.0,0
0.0,0.0,0.0,1.0,0.0,0
0.0,0.0,0.0,1.0,0.0,0
0.0,0.0,0.0,0.8385759,0.0,0
0.0,0.0,0.0,1.0,0.0,0
1.0,1.0,0.0,1.0,0.0,0
0.0,0.0,0.0,1.0,0.0,0
0.0,0.0,0.0,0.7118584,0.0,0
0.0,0.0,0.0,1.0,0.0,0
0.0,0.0,0.0,1.0,0.0,0
0.0,0.0,0.0,0.883113,0.0,0
0.0,0.0,0.0,1.0,0.0,0
0.0,0.0,0.0,1.0,0.0,0
0.0,0.0,0.0,1.0,0.0,0
1.0,1.0,0.0,0.35118377,0.0,1
0.0,0.0,0.0,1.0,0.0,0
1.0,1.0,0.0,0.7118584,0.0,0
0.0,0.0,0.0,1.0,0.0,0
0.0,0.0,0.0,1.0,0.0,0
0.0,0.0,0.0,0.8750822,0.0,0
0.0,0.0,0.0,1.0,0.0,0
0.0,0.0,0.0,1.0,0.0,0
0.0,0.0,0.0,1.0,0.0,0
1.0,1.0,0.0,0.7225898,0.0,0
0.0,0.0,0.0,1.0,0.0,0
1.0,1.0,0.0,1.0,0.0,0
0.0,0.0,0.0,1.0,0.0,0
0.0,0.0,0.0,1.0,0.0,0
0.0,0.0,0.0,1.0,0.0,0
0.0,0.0,0.0,1.0,0.0,0
0.0,0.0,0.0,0.6969283,0.0,0
0.0,0.0,0.0,1.0,0.0,0
1.0,1.0,0.0,1.0,0.0,0
0.0,0.0,0.0,1.0,0.0,0
1.0,1.0,0.0,1.0,0.0,0
0.0,0.0,0.0,1.0,0.0,0
0.0,0.0,0.0,1.0,0.0,0
0.0,0.0,0.0,1.0,0.0,0
0.0,0.0,0.0,1.0,0.0,0
0.0,0.0,0.0,1.0,0.0,0
0.0,0.0,0.0,1.0,0.0,0
1.0,1.0,0.0,1.0,0.0,0
0.0,0.0,0.0,1.0,0.0,0
1.0,1.0,0.0,0.883113,0.0,0
0.0,0.0,0.0,0.8750822,0.0,0
0.0,0.0,0.0,1.0,0.0,0
0.0,0.0,0.0,1.0,0.0,0
0.0,0.0,0.0,1.0,0.0,0
0.0,0.0,0.0,1.0,0.0,0
0.0,0.0,0.0,1.0,0.0,0
1.0,1.0,0.0,1.0,0.0,0
0.0,0.0,0.0,1.0,0.0,0
1.0,1.0,0.0,1.0,0.0,0
0.0,0.0,0.0,1.0,0.0,0
0.0,0.0,0.0,1.0,0.0,0
0.0,0.0,0.0,1.0,0.0,0
0.0,0.0,0.0,1.0,0.0,0
0.0,0.0,0.0,1.0,0.0,0
0.0,0.0,0.0,1.0,0.0,0
1.0,1.0,0.0,1.0,0.0,0
0.0,0.0,0.0,0.8385759,0.0,0
1.0,1.0,0.0,1.0,0.0,0
0.0,0.0,0.0,1.0,0.0,0
0.0,0.0,0.0,0.6969283,0.0,0
0.0,0.0,0.0,1.0,0.0,0
0.0,0.0,0.0,1.0,0.0,0
0.0,0.0,0.0,1.0,0.0,0
0.0,0.0,0.0,1.0,0.0,0
1.0,1.0,0.0,1.0,0.0,0
0.0,0.0,0.0,1.0,0.0,0
1.0,1.0,0.0,1.0,0.0,0
0.0,0.0,0.0,1.0,0.0,0
0.0,0.0,0.0,1.0,0.0,0
0.0,0.0,0.0,1.0,0.0,0
0.0,0.0,0.0,1.0,0.0,0
0.0,0.0,0.0,1.0,0.0,0
0.0,0.0,0.0,1.0,0.0,0
1.0,1.0,0.0,1.0,0.0,0
0.0,0.0,0.0,1.0,0.0,0
1.0,1.0,0.0,0.35118377,0.0,1
0.0,0.0,0.0,0.7225898,0.0,0
0.0,0.0,0.0,1.0,0.0,0
0.0,0.0,0.0,1.0,0.0,0
0.0,0.0,0.0,1.0,0.0,0
0.0,0.0,0.0,1.0,0.0,0
0.0,0.0,0.0,1.0,0.0,0
0.0,0.0,0.0,1.0,0.0,0
1.0,1.0,0.0,1.0,0.0,0
0.0,0.0,0.0,1.0,0.0,0
0.0,0.0,0.0,1.0,0.0,0
0.0,0.0,0.0,1.0,0.0,0
0.0,0.0,0.0,1.0,0.0,0
0.0,0.0,0.0,1.0,0.0,0
0.0,0.0,0.0,0.8385759,0.0,0
0.0,0.0,0.0,1.0,0.0,0
1.0,1.0,0.0,1.0,0.0,0
0.0,0.0,0.0,1.0,0.0,0
0.0,0.0,0.0,0.7118584,0.0,0
0.0,0.0,0.0,1.0,0.0,0
0.0,0.0,0.0,1.0,0.0,0
0.0,0.0,0.0,0.883113,0.0,0
0.0,0.0,0.0,1.0,0.0,0
0.0,0.0,0.0,1.0,0.0,0
0.0,0.0,0.0,1.0,0.0,0
1.0,1.0,0.0,0.35118377,0.0,1
0.0,0.0,0.0,1.0,0.0,0
1.0,1.0,0.0,0.7118584,0.0,0
0.0,0.0,0.0,1.0,0.0,0
0.0,0.0,0.0,1.0,0.0,0
0.0,0.0,0.0,0.8750822,0.0,0
0.0,0.0,0.0,1.0,0.0,0
0.0,0.0,0.0,1.0,0.0,0
0.0,0.0,0.0,1.0,0.0,0
1.0,1.0,0.0,0.7225898,0.0,0
0.0,0.0,0.0,1.0,0.0,0
1.0,1.0,0.0,1.0,0.0,0
0.0,0.0,0.0,1.0,0.0,0
0.0,0.0,0.0,1.0,0.0,0
0.0,0.0,0.0,1.0,0.0,0
0.0,0.0,0.0,1.0,0.0,0
0.0,0.0,0.0,0.6969283,0.0,0
0.0,0.0,0.0,1.0,0.0,0
1.0,1.0,0.0,1.0,0.0,0
0.0,0.0,0.0,1.0,0.0,0
1.0,1.0,0.0,1.0,0.0,0
0.0,0.0,0.0,1.0,0.0,0
0.0,0.0,0.0,1.0,0.0,0
0.0,0.0,0.0,1.0,0.0,0
0.0,0.0,0.0,1.0,0.0,0
0.0,0.0,0.0,1.0,0.0,0
0.0,0.0,0.0,1.0,0.0,0
1.0,1.0,0.0,1.0,0.0,0
0.0,0.0,0.0,1.0,0.0,0
1.0,1.0,0.0,0.883113,0.0,0
0.0,0.0,0.0,0.8750822,0.0,0
0.0,0.0,0.0,1.0,0.0,0
0.0,0.0,0.0,1.0,0.0,0
0.0,0.0,0.0,1.0,0.0,0
0.0,0.0,0.0,1.0,0.0,0
0.0,0.0,0.0,1.0,0.0,0
1.0,1.0,0.0,1.0,0.0,0
0.0,0.0,0.0,1.0,0.0,0
1.0,1.0,0.0,1.0,0.0,0
0.0,0.0,0.0,1.0,0.0,0
0.0,0.0,0.0,1.0,0.0,0
0.0,0.0,0.0,1.0,0.0,0
0.0,0.0,0.0,1.0,0.0,0
0.0,0.0,0.0,1.0,0.0,0
0.0,0.0,0.0,1.0,0.0,0
1.0,1.0,0.0,1.0,0.0,0
0.0,0.0,0.0,0.8385759,0.0,0
1.0,1.0,0.0,1.0,0.0,0
0.0,0.0,0.0,1.0,0.0,0
0.0,0.0,0.0,0.6969283,0.0,0
0.0,0.0,0.0,1.0,0.0,0
0.0,0.0,0.0,1.0,0.0,0
0.0,0.0,0.0,1.0,0.0,0
0.0,0.0,0.0,1.0,0.0,0
1.0,1.0,0.0,1.0,0.0,0
0.0,0.0,0.0,1.0,0.0,0
1.0,1.0,0.0,1.0,0.0,0
0.0,0.0,0.0,1.0,0.0,0
0.0,0.0,0.0,1.0,0.0,0
0.0,0.0,0.0,1.0,0.0,0
0.0,0.0,0.0,1.0,0.0,0
0.0,0.0,0.0,1.0,0.0,0
0.0,0.0,0.0,1.0,0.0,0
1.0,1.0,0.0,1.0,0.0,0
0.0,0.0,0.0,1.0,0.0,0
1.0,1.0,0.0,0.35118377,0.0,1
0.0,0.0,0.0,0.7225898,0.0,0
0.0,0.0,0.0,1.0,0.0,0
0.0,0.0,0.0,1.0,0.0,0
0.0,0.0,0.0,1.0,0.0,0
0.0,0.0,0.0,1.0,0.0,0
0.0,0.0,0.0,1.0,0.0,0
0.0,0.0,0.0,1.0,0.0,0
1.0,1.0,0.0,1.0,0.0,0
0.0,0.0,0.0,1.0,0.0,0
0.0,0.0,0.0,1.0,0.0,0
0.0,0.0,0.0,1.0,0.0,0
0.0,0.0,0.0,1.0,0.0,0
0.0,0.0,0.0,1.0,0.0,0
0.0,0.0,0.0,0.8385759,0.0,0
0.0,0.0,0.0,1.0,0.0,0
1.0,1.0,0.0,1.0,0.0,0
0.0,0.0,0.0,1.0,0.0,0
0.0,0.0,0.0,0.7118584,0.0,0
0.0,0.0,0.0,1.0,0.0,0
0.0,0.0,0.0,1.0,0.0,0
0.0,0.0,0.0,0.883113,0.0,0
0.0,0.0,0.0,1.0,0.0,0
0.0,0.0,0.0,1.0,0.0,0
0.0,0.0,0.0,1.0,0.0,0
1.0,1.0,0.0,0.35118377,0.0,1
0.0,0.0,0.0,1.0,0.0,0
1.0,1.0,0.0,0.7118584,0.0,0
0.0,0.0,0.0,1.0,0.0,0
0.0,0.0,0.0,1.0,0.0,0
0.0,0.0,0.0,0.8750822,0.0,0
0.0,0.0,0.0,1.0,0.0,0
0.0,0.0,0.0,1.0,0.0,0
0.0,0.0,0.0,1.0,0.0,0
1.0,1.0,0.0,0.7225898,0.0,0
0.0,0.0,0.0,1.0,0.0,0
1.0,1.0,0.0,1.0,0.0,0
0.0,0.0,0.0,1.0,0.0,0
0.0,0.0,0.0,1.0,0.0,0
0.0,0.0,0.0,1.0,0.0,0
0.0,0.0,0.0,1.0,0.0,0
0.0,0.0,0.0,0.6969283,0.0,0
0.0,0.0,0.0,1.0,0.0,0
1.0,1.0,0.0,1.0,0.0,0
0.0,0.0,0.0,1.0,0.0,0
1.0,1.0,0.0,1.0,0.0,0
0.0,0.0,0.0,1.0,0.0,0
0.0,0.0,0.0,1.0,0.0,0
0.0,0.0,0.0,1.0,0.0,0
0.0,0.0,0.0,1.0,0.0,0
0.0,0.0,0.0,1.0,0.0,0
0.0,0.0,0.0,1.0,0.0,0
1.0,1.0,0.0,1.0,0.0,0
0.0,0.0,0.0,1.0,0.0,0
1.0,1.0,0.0,0.883113,0.0,0
0.0,0.0,0.0,0.8750822,0.0,0
0.0,0.0,0.0,1.0,0.0,0
0.0,0.0,0.0,1.0,0.0,0
0.0,0.0,0.0,1.0,0.0,0
0.0,0.0,0.0,1.0,0.0,0
0.0,0.0,0.0,1.0,0.0,0
1.0,1.0,0.0,1.0,0.0,0
0.0,0.0,0.0,1.0,0.0,0
1.0,1.0,0.0,1.0,0.0,0
0.0,0.0,0.0,1.0,0.0,0
0.0,0.0,0.0,1.0,0.0,0
0.0,0.0,0.0,1.0,0.0,0
0.0,0.0,0.0,1.0,0.0,0
0.0,0.0,0.0,1.0,0.0,0
0.0,0.0,0.0,1.0,0.0,0
1.0,1.0,0.0,1.0,0.0,0
0.0,0.0,0.0,0.8385759,0.0,0
1.0,1.0,0.0,1.0,0.0,0
0.0,0.0,0.0,1.0,0.0,0
0.0,0.0,0.0,0.6969283,0.0,0
0.0,0.0,0.0,1.0,0.0,0
0.0,0.0,0.0,1.0,0.0,0
0.0,0.0,0.0,1.0,0.0,0
0.0,0.0,0.0,1.0,0.0,0
1.0,1.0,0.0,1.0,0.0,0
0.0,0.0,0.0,1.0,0.0,0
1.0,1.0,0.0,1.0,0.0,0
0.0,0.0,0.0,1.0,0.0,0
0.0,0.0,0.0,1.0,0.0,0
0.0,0.0,0.0,1.0,0.0,0
0.0,0.0,0.0,1.0,0.0,0
0.0,0.0,0.0,1.0,0.0,0
0.0,0.0,0.0,1.0,0.0,0
1.0,1.0,0.0,1.0,0.0,0
0.0,0.0,0.0,1.0,0.0,0
1.0,1.0,0.0,0.35118377,0.0,1
0.0,0.0,0.0,0.7225898,0.0,0
0.0,0.0,0.0,1.0,0.0,0
0.0,0.0,0.0,1.0,0.0,0
0.0,0.0,0.0,1.0,0.0,0
0.0,0.0,0.0,1.0,0.0,0
0.0,0.0,0.0,1.0,0.0,0
0.0,0.0,0.0,1.0,0.0,0
1.0,1.0,0.0,1.0,0.0,0
0.0,0.0,0.0,1.0,0.0,0
0.0,0.0,0.0,1.0,0.0,0
0.0,0.0,0.0,1.0,0.0,0
0.0,0.0,0.0,1.0,0.0,0
0.0,0.0,0.0,1.0,0.0,0
0.0,0.0,0.0,0.8385759,0.0,0
0.0,0.0,0.0,1.0,0.0,0
1.0,1.0,0.0,1.0,0.0,0
0.0,0.0,0.0,1.0,0.0,0
0.0,0.0,0.0,0.7118584,0.0,0
0.0,0.0,0.0,1.0,0.0,0
0.0,0.0,0.0,1.0,0.0,0
0.0,0.0,0.0,0.883113,0.0,0
0.0,0.0,0.0,1.0,0.0,0
0.0,0.0,0.0,1.0,0.0,0
0.0,0.0,0.0,1.0,0.0,0
1.0,1.0,0.0,0.35118377,0.0,1
0.0,0.0,0.0,1.0,0.0,0
1.0,1.0,0.0,0.7118584,0.0,0
0.0,0.0,0.0,1.0,0.0,0
0.0,0.0,0.0,1.0,0.0,0
0.0,0.0,0.0,0.8750822,0.0,0
0.0,0.0,0.0,1.0,0.0,0
0.0,0.0,0.0,1.0,0.0,0
0.0,0.0,0.0,1.0,0.0,0
1.0,1.0,0.0,0.7225898,0.0,0
0.0,0.0,0.0,1.0,0.0,0
1.0,1.0,0.0,1.0,0.0,0
0.0,0.0,0.0,1.0,0.0,0
0.0,0.0,0.0,1.0,0.0,0
0.0,0.0,0.0,1.0,0.0,0
0.0,0.0,0.0,1.0,0.0,0
0.0,0.0,0.0,0.6969283,0.0,0
0.0,0.0,0.0,1.0,0.0,0
1.0,1.0,0.0,1.0,0.0,0
0.0,0.0,0.0,1.0,0.0,0
1.0,1.0,0.0,1.0,0.0,0
0.0,0.0,0.0,1.0,0.0,0
0.0,0.0,0.0,1.0,0.0,0
0.0,0.0,0.0,1.0,0.0,0
0.0,0.0,0.0,1.0,0.0,0
0.0,0.0,0.0,1.0,0.0,0
0.0,0.0,0.0,1.0,0.0,0
1.0,1.0,0.0,1.0,0.0,0
0.0,0.0,0.0,1.0,0.0,0
1.0,1.0,0.0,0.883113,0.0,0
0.0,0.0,0.0,0.8750822,0.0,0
0.0,0.0,0.0,1.0,0.0,0
0.0,0.0,0.0,1.0,0.0,0
0.0,0.0,0.0,1.0,0.0,0
0.0,0.0,0.0,1.0,0.0,0
0.0,0.0,0.0,1.0,0.0,0
1.0,1.0,0.0,1.0,0.0,0
0.0,0.0,0.0,1.0,0.0,0
1.0,1.0,0.0,1.0,0.0,0
0.0,0.0,0.0,1.0,0.0,0
0.0,0.0,0.0,1.0,0.0,0
0.0,0.0,0.0,1.0,0.0,0
0.0,0.0,0.0,1.0,0.0,0
0.0,0.0,0.0,1.0,0.0,0
0.0,0.0,0.0,1.0,0.0,0
1.0,1.0,0.0,1.0,0.0,0
0.0,0.0,0.0,0.8385759,0.0,0
1.0,1.0,0.0,1.0,0.0,0
0.0,0.0,0.0,1.0,0.0,0
0.0,0.0,0.0,0.6969283,0.0,0
0.0,0.0,0.0,1.0,0.0,0
0.0,0.0,0.0,1.0,0.0,0
0.0,0.0,0.0,1.0,0.0,0
0.0,0.0,0.0,1.0,0.0,0
1.0,1.0,0.0,1.0,0.0,0
0.0,0.0,0.0,1.0,0.0,0
1.0,1.0,0.0,1.0,0.0,0
0.0,0.0,0.0,1.0,0.0,0
0.0,0.0,0.0,1.0,0.0,0
0.0,0.0,0.0,1.0,0.0,0
0.0,0.0,0.0,1.0,0.0,0
0.0,0.0,0.0,1.0,0.0,0
0.0,0.0,0.0,1.0,0.0,0
1.0,1.0,0.0,1.0,0.0,0
0.0,0.0,0.0,1.0,0.0,0
1.0,1.0,0.0,0.35118377,0.0,1
0.0,0.0,0.0,0.7225898,0.0,0
0.0,0.0,0.0,1.0,0.0,0
0.0,0.0,0.0,1.0,0.0,0
0.0,0.0,0.0,1.0,0.0,0
0.0,0.0,0.0,1.0,0.0,0
0.0,0.0,0.0,1.0,0.0,0
0.0,0.0,0.0,1.0,0.0,0
1.0,1.0,0.0,1.0,0.0,0
0.0,0.0,0.0,1.0,0.0,0
0.0,0.0,0.0,1.0,0.0,0
0.0,0.0,0.0,1.0,0.0,0
0.0,0.0,0.0,1.0,0.0,0
0.0,0.0,0.0,1.0,0.0,0
0.0,0.0,0.0,0.8385759,0.0,0
0.0,0.0,0.0,1.0,0.0,0
1.0,1.0,0.0,1.0,0.0,0
0.0,0.0,0.0,1.0,0.0,0
0.0,0.0,0.0,0.7118584,0.0,0
0.0,0.0,0.0,1.0,0.0,0
0.0,0.0,0.0,1.0,0.0,0
0.0,0.0,0.0,0.883113,0.0,0
0.0,0.0,0.0,1.0,0.0,0
0.0,0.0,0.0,1.0,0.0,0
0.0,0.0,0.0,1.0,0.0,0
1.0,1.0,0.0,0.35118377,0.0,1
0.0,0.0,0.0,1.0,0.0,0
1.0,1.0,0.0,0.7118584,0.0,0
0.0,0.0,0.0,1.0,0.0,0
0.0,0.0,0.0,1.0,0.0,0
0.0,0.0,0.0,0.8750822,0.0,0
0.0,0.0,0.0,1.0,0.0,0
0.0,0.0,0.0,1.0,0.0,0
0.0,0.0,0.0,1.0,0.0,0
1.0,1.0,0.0,0.7225898,0.0,0
0.0,0.0,0.0,1.0,0.0,0
1.0,1.0,0.0,1.0,0.0,0
0.0,0.0,0.0,1.0,0.0,0
0.0,0.0,0.0,1.0,0.0,0
0.0,0.0,0.0,1.0,0.0,0
0.0,0.0,0.0,1.0,0.0,0
0.0,0.0,0.0,0.6969283,0.0,0
0.0,0.0,0.0,1.0,0.0,0
1.0,1.0,0.0,1.0,0.0,0
0.0,0.0,0.0,1.0,0.0,0
1.0,1.0,0.0,1.0,0.0,0
0.0,0.0,0.0,1.0,0.0,0
0.0,0.0,0.0,1.0,0.0,0
0.0,0.0,0.0,1.0,0.0,0
0.0,0.0,0.0,1.0,0.0,0
0.0,0.0,0.0,1.0,0.0,0
0.0,0.0,0.0,1.0,0.0,0
1.0,1.0,0.0,1.0,0.0,0
0.0,0.0,0.0,1.0,0.0,0
1.0,1.0,0.0,0.883113,0.0,0
0.0,0.0,0.0,0.8750822,0.0,0
0.0,0.0,0.0,1.0,0.0,0
0.0,0.0,0.0,1.0,0.0,0
0.0,0.0,0.0,1.0,0.0,0
0.0,0.0,0.0,1.0,0.0,0
0.0,0.0,0.0,1.0,0.0,0
1.0,1.0,0.0,1.0,0.0,0
0.0,0.0,0.0,1.0,0.0,0
1.0,1.0,0.0,1.0,0.0,0
0.0,0.0,0.0,1.0,0.0,0
0.0,0.0,0.0,1.0,0.0,0
0.0,0.0,0.0,1.0,0.0,0
0.0,0.0,0.0,1.0,0.0,0
0.0,0.0,0.0,1.0,0.0,0
0.0,0.0,0.0,1.0,0.0,0
1.0,1.0,0.0,1.0,0.0,0
0.0,0.0,0.0,0.8385759,0.0,0
1.0,1.0,0.0,1.0,0.0,0
0.0,0.0,0.0,1.0,0.0,0
0.0,0.0,0.0,0.6969283,0.0,0
0.0,0.0,0.0,1.0,0.0,0
0.0,0.0,0.0,1.0,0.0,0
0.0,0.0,0.0,1.0,0.0,0
0.0,0.0,0.0,1.0,0.0,0
1.0,1.0,0.0,1.0,0.0,0
0.0,0.0,0.0,1.0,0.0,0
1.0,1.0,0.0,1.0,0.0,0
0.0,0.0,0.0,1.0,0.0,0
0.0,0.0,0.0,1.0,0.0,0
0.0,0.0,0.0,1.0,0.0,0
0.0,0.0,0.0,1.0,0.0,0
0.0,0.0,0.0,1.0,0.0,0
0.0,0.0,0.0,1.0,0.0,0
1.0,1.0,0.0,1.0,0.0,0
0.0,0.0,0.0,1.0,0.0,0
1.0,1.0,0.0,0.35118377,0.0,1
0.0,0.0,0.0,0.7225898,0.0,0
0.0,0.0,0.0,1.0,0.0,0
0.0,0.0,0.0,1.0,0.0,0
0.0,0.0,0.0,1.0,0.0,0
0.0,0.0,0.0,1.0,0.0,0
0.0,0.0,0.0,1.0,0.0,0
0.0,0.0,0.0,1.0,0.0,0
1.0,1.0,0.0,1.0,0.0,0
0.0,0.0,0.0,1.0,0.0,0
0.0,0.0,0.0,1.0,0.0,0
0.0,0.0,0.0,1.0,0.0,0
0.0,0.0,0.0,1.0,0.0,0
0.0,0.0,0.0,1.0,0.0,0
0.0,0.0,0.0,0.8385759,0.0,0
0.0,0.0,0.0,1.0,0.0,0
1.0,1.0,0.0,1.0,0.0,0
0.0,0.0,0.0,1.0,0.0,0
0.0,0.0,0.0,0.7118584,0.0,0
0.0,0.0,0.0,1.0,0.0,0
0.0,0.0,0.0,1.0,0.0,0
0.0,0.0,0.0,0.883113,0.0,0
0.0,0.0,0.0,1.0,0.0,0
0.0,0.0,0.0,1.0,0.0,0
0.0,0.0,0.0,1.0,0.0,0
1.0,1.0,0.0,0.35118377,0.0,1
0.0,0.0,0.0,1.0,0.0,0
1.0,1.0,0.0,0.7118584,0.0,0
0.0,0.0,0.0,1.0,0.0,0
0.0,0.0,0.0,1.0,0.0,0
0.0,0.0,0.0,0.8750822,0.0,0
0.0,0.0,0.0,1.0,0.0,0
0.0,0.0,0.0,1.0,0.0,0
0.0,0.0,0.0,1.0,0.0,0
1.0,1.0,0.0,0.7225898,0.0,0
0.0,0.0,0.0,1.0,0.0,0
1.0,1.0,0.0,1.0,0.0,0
0.0,0.0,0.0,1.0,0.0,0
0.0,0.0,0.0,1.0,0.0,0
0.0,0.0,0.0,1.0,0.0,0
0.0,0.0,0.0,1.0,0.0,0
0.0,0.0,0.0,0.6969283,0.0,0
0.0,0.0,0.0,1.0,0.0,0
1.0,1.0,0.0,1.0,0.0,0
0.0,0.0,0.0,1.0,0.0,0
1.0,1.0,0.0,1.0,0.0,0
0.0,0.0,0.0,1.0,0.0,0
0.0,0.0,0.0,1.0,0.0,0
0.0,0.0,0.0,1.0,0.0,0
0.0,0.0,0.0,1.0,0.0,0
0.0,0.0,0.0,1.0,0.0,0
0.0,0.0,0.0,1.0,0.0,0
1.0,1.0,0.0,1.0,0.0,0
0.0,0.0,0.0,1.0,0.0,0
1.0,1.0,0.0,0.883113,0.0,0
0.0,0.0,0.0,0.8750822,0.0,0
0.0,0.0,0.0,1.0,0.0,0
0.0,0.0,0.0,1.0,0.0,0
0.0,0.0,0.0,1.0,0.0,0
0.0,0.0,0.0,1.0,0.0,0
0.0,0.0,0.0,1.0,0.0,0
1.0,1.0,0.0,1.0,0.0,0
0.0,0.0,0.0,1.0,0.0,0
1.0,1.0,0.0,1.0,0.0,0
0.0,0.0,0.0,1.0,0.0,0
0.0,0.0,0.0,1.0,0.0,0
0.0,0.0,0.0,1.0,0.0,0
0.0,0.0,0.0,1.0,0.0,0
0.0,0.0,0.0,1.0,0.0,0
0.0,0.0,0.0,1.0,0.0,0
1.0,1.0,0.0,1.0,0.0,0
0.0,0.0,0.0,0.8385759,0.0,0
1.0,1.0,0.0,1.0,0.0,0
0.0,0.0,0.0,1.0,0.0,0
0.0,0.0,0.0,0.6969283,0.0,0
0.0,0.0,0.0,1.0,0.0,0
0.0,0.0,0.0,1.0,0.0,0
0.0,0.0,0.0,1.0,0.0,0
0.0,0.0,0.0,1.0,0.0,0
1.0,1.0,0.0,1.0,0.0,0
0.0,0.0,0.0,1.0,0.0,0
1.0,1.0,0.0,1.0,0.0,0
0.0,0.0,0.0,1.0,0.0,0
0.0,0.0,0.0,1.0,0.0,0
0.0,0.0,0.0,1.0,0.0,0
0.0,0.0,0.0,1.0,0.0,0
0.0,0.0,0.0,1.0,0.0,0
0.0,0.0,0.0,1.0,0.0,0
1.0,1.0,0.0,1.0,0.0,0
0.0,0.0,0.0,1.0,0.0,0
1.0,1.0,0.0,0.35118377,0.0,1
0.0,0.0,0.0,0.7225898,0.0,0
0.0,0.0,0.0,1.0,0.0,0
0.0,0.0,0.0,1.0,0.0,0
0.0,0.0,0.0,1.0,0.0,0
0.0,0.0,0.0,1.0,0.0,0
0.0,0.0,0.0,1.0,0.0,0
0.0,0.0,0.0,1.0,0.0,0
1.0,1.0,0.0,1.0,0.0,0
0.0,0.0,0.0,1.0,0.0,0
0.0,0.0,0.0,1.0,0.0,0
0.0,0.0,0.0,1.0,0.0,0
0.0,0.0,0.0,1.0,0.0,0
0.0,0.0,0.0,1.0,0.0,0
0.0,0.0,0.0,0.8385759,0.0,0
0.0,0.0,0.0,1.0,0.0,0
1.0,1.0,0.0,1.0,0.0,0
0.0,0.0,0.0,1.0,0.0,0
0.0,0.0,0.0,0.7118584,0.0,0
0.0,0.0,0.0,1.0,0.0,0
0.0,0.0,0.0,1.0,0.0,0
0.0,0.0,0.0,0.883113,0.0,0
0.0,0.0,0.0,1.0,0.0,0
0.0,0.0,0.0,1.0,0.0,0
0.0,0.0,0.0,1.0,0.0,0
1.0,1.0,0.0,0.35118377,0.0,1
0.0,0.0,0.0,1.0,0.0,0
1.0,1.0,0.0,0.7118584,0.0,0
0.0,0.0,0.0,1.0,0.0,0
0.0,0.0,0.0,1.0,0.0,0
0.0,0.0,0.0,0.8750822,0.0,0
0.0,0.0,0.0,1.0,0.0,0
0.0,0.0,0.0,1.0,0.0,0
0.0,0.0,0.0,1.0,0.0,0
1.0,1.0,0.0,0.7225898,0.0,0
0.0,0.0,0.0,1.0,0.0,0
1.0,1.0,0.0,1.0,0.0,0
0.0,0.0,0.0,1.0,0.0,0
0.0,0.0,0.0,1.0,0.0,0
0.0,0.0,0.0,1.0,0.0,0
0.0,0.0,0.0,1.0,0.0,0
0.0,0.0,0.0,0.6969283,0.0,0
0.0,0.0,0.0,1.0,0.0,0
1.0,1.0,0.0,1.0,0.0,0
0.0,0.0,0.0,1.0,0.0,0
1.0,1.0,0.0,1.0,0.0,0
0.0,0.0,0.0,1.0,0.0,0
0.0,0.0,0.0,1.0,0.0,0
0.0,0.0,0.0,1.0,0.0,0
0.0,0.0,0.0,1.0,0.0,0
0.0,0.0,0.0,1.0,0.0,0
0.0,0.0,0.0,1.0,0.0,0
1.0,1.0,0.0,1.0,0.0,0
0.0,0.0,0.0,1.0,0.0,0
1.0,1.0,0.0,0.883113,0.0,0
0.0,0.0,0.0,0.8750822,0.0,0
0.0,0.0,0.0,1.0,0.0,0
0.0,0.0,0.0,1.0,0.0,0
0.0,0.0,0.0,1.0,0.0,0
0.0,0.0,0.0,1.0,0.0,0
0.0,0.0,0.0,1.0,0.0,0
1.0,1.0,0.0,1.0,0.0,0
0.0,0.0,0.0,1.0,0.0,0
1.0,1.0,0.0,1.0,0.0,0
0.0,0.0,0.0,1.0,0.0,0
0.0,0.0,0.0,1.0,0.0,0
0.0,0.0,0.0,1.0,0.0,0
0.0,0.0,0.0,1.0,0.0,0
0.0,0.0,0.0,1.0,0.0,0
0.0,0.0,0.0,1.0,0.0,0
1.0,1.0,0.0,1.0,0.0,0
0.0,0.0,0.0,0.8385759,0.0,0
1.0,1.0,0.0,1.0,0.0,0
0.0,0.0,0.0,1.0,0.0,0
0.0,0.0,0.0,0.6969283,0.0,0
0.0,0.0,0.0,1.0,0.0,0
0.0,0.0,0.0,1.0,0.0,0
0.0,0.0,0.0,1.0,0.0,0
0.0,0.0,0.0,1.0,0.0,0
1.0,1.0,0.0,1.0,0.0,0
0.0,0.0,0.0,1.0,0.0,0
1.0,1.0,0.0,1.0,0.0,0
0.0,0.0,0.0,1.0,0.0,0
0.0,0.0,0.0,1.0,0.0,0
0.0,0.0,0.0,1.0,0.0,0
0.0,0.0,0.0,1.0,0.0,0
0.0,0.0,0.0,1.0,0.0,0
0.0,0.0,0.0,1.0,0.0,0
1.0,1.0,0.0,1.0,0.0,0
0.0,0.0,0.0,1.0,0.0,0
1.0,1.0,0.0,0.35118377,0.0,1
0.0,0.0,0.0,0.7225898,0.0,0
0.0,0.0,0.0,1.0,0.0,0
0.0,0.0,0.0,1.0,0.0,0
0.0,0.0,0.0,1.0,0.0,0
0.0,0.0,0.0,1.0,0.0,0
0.0,0.0,0.0,1.0,0.0,0
0.0,0.0,0.0,1.0,0.0,0
1.0,1.0,0.0,1.0,0.0,0
0.0,0.0,0.0,1.0,0.0,0
0.0,0.0,0.0,1.0,0.0,0
0.0,0.0,0.0,1.0,0.0,0
0.0,0.0,0.0,1.0,0.0,0
0.0,0.0,0.0,1.0,0.0,0
0.0,0.0,0.0,0.8385759,0.0,0
0.0,0.0,0.0,1.0,0.0,0
1.0,1.0,0.0,1.0,0.0,0
0.0,0.0,0.0,1.0,0.0,0
0.0,0.0,0.0,0.7118584,0.0,0
0.0,0.0,0.0,1.0,0.0,0
0.0,0.0,0.0,1.0,0.0,0
0.0,0.0,0.0,0.883113,0.0,0
0.0,0.0,0.0,1.0,0.0,0
0.0,0.0,0.0,1.0,0.0,0
0.0,0.0,0.0,1.0,0.0,0
1.0,1.0,0.0,0.35118377,0.0,1
0.0,0.0,0.0,1.0,0.0,0
1.0,1.0,0.0,0.7118584,0.0,0
0.0,0.0,0.0,1.0,0.0,0
0.0,0.0,0.0,1.0,0.0,0
0.0,0.0,0.0,0.8750822,0.0,0
0.0,0.0,0.0,1.0,0.0,0
0.0,0.0,0.0,1.0,0.0,0
0.0,0.0,0.0,1.0,0.0,0
1.0,1.0,0.0,0.7225898,0.0,0
0.0,0.0,0.0,1.0,0.0,0
1.0,1.0,0.0,1.0,0.0,0
0.0,0.0,0.0,1.0,0.0,0
0.0,0.0,0.0,1.0,0.0,0
0.0,0.0,0.0,1.0,0.0,0
0.0,0.0,0.0,1.0,0.0,0
0.0,0.0,0.0,0.6969283,0.0,0
0.0,0.0,0.0,1.0,0.0,0
1.0,1.0,0.0,1.0,0.0,0
0.0,0.0,0.0,1.0,0.0,0
1.0,1.0,0.0,1.0,0.0,0
0.0,0.0,0.0,1.0,0.0,0
0.0,0.0,0.0,1.0,0.0,0
0.0,0.0,0.0,1.0,0.0,0
0.0,0.0,0.0,1.0,0.0,0
0.0,0.0,0.0,1.0,0.0,0
0.0,0.0,0.0,1.0,0.0,0
1.0,1.0,0.0,1.0,0.0,0
0.0,0.0,0.0,1.0,0.0,0
1.0,1.0,0.0,0.883113,0.0,0
0.0,0.0,0.0,0.8750822,0.0,0
0.0,0.0,0.0,1.0,0.0,0
0.0,0.0,0.0,1.0,0.0,0
0.0,0.0,0.0,1.0,0.0,0
0.0,0.0,0.0,1.0,0.0,0
0.0,0.0,0.0,1.0,0.0,0
1.0,1.0,0.0,1.0,0.0,0
0.0,0.0,0.0,1.0,0.0,0
1.0,1.0,0.0,1.0,0.0,0
0.0,0.0,0.0,1.0,0.0,0
0.0,0.0,0.0,1.0,0.0,0
0.0,0.0,0.0,1.0,0.0,0
0.0,0.0,0.0,1.0,0.0,0
0.0,0.0,0.0,1.0,0.0,0
0.0,0.0,0.0,1.0,0.0,0
1.0,1.0,0.0,1.0,0.0,0
0.0,0.0,0.0,0.8385759,0.0,0
1.0,1.0,0.0,1.0,0.0,0
0.0,0.0,0.0,1.0,0.0,0
0.0,0.0,0.0,0.6969283,0.0,0
0.0,0.0,0.0,1.0,0.0,0
0.0,0.0,0.0,1.0,0.0,0
0.0,0.0,0.0,1.0,0.0,0
0.0,0.0,0.0,1.0,0.0,0
1.0,1.0,0.0,1.0,0.0,0
0.0,0.0,0.0,1.0,0.0,0
1.0,1.0,0.0,1.0,0.0,0
0.0,0.0,0.0,1.0,0.0,0
0.0,0.0,0.0,1.0,0.0,0
0.0,0.0,0.0,1.0,0.0,0
0.0,0.0,0.0,1.0,0.0,0
0.0,0.0,0.0,1.0,0.0,0
0.0,0.0,0.0,1.0,0.0,0
1.0,1.0,0.0,1.0,0.0,0
0.0,0.0,0.0,1.0,0.0,0
1.0,1.0,0.0,0.35118377,0.0,1
0.0,0.0,0.0,0.7225898,0.0,0
0.0,0.0,0.0,1.0,0.0,0
0.0,0.0,0.0,1.0,0.0,0
0.0,0.0,0.0,1.0,0.0,0
0.0,0.0,0.0,1.0,0.0,0
0.0,0.0,0.0,1.0,0.0,0
0.0,0.0,0.0,1.0,0.0,0
1.0,1.0,0.0,1.0,0.0,0
0.0,0.0,0.0,1.0,0.0,0
0.0,0.0,0.0,1.0,0.0,0
0.0,0.0,0.0,1.0,0.0,0
0.0,0.0,0.0,1.0,0.0,0
0.0,0.0,0.0,1.0,0.0,0
0.0,0.0,0.0,0.8385759,0.0,0
0.0,0.0,0.0,1.0,0.0,0
1.0,1.0,0.0,1.0,0.0,0
0.0,0.0,0.0,1.0,0.0,0
0.0,0.0,0.0,0.7118584,0.0,0
0.0,0.0,0.0,1.0,0.0,0
0.0,0.0,0.0,1.0,0.0,0
0.0,0.0,0.0,0.883113,0.0,0
0.0,0.0,0.0,1.0,0.0,0
0.0,0.0,0.0,1.0,0.0,0
0.0,0.0,0.0,1.0,0.0,0
1.0,1.0,0.0,0.35118377,0.0,1
0.0,0.0,0.0,1.0,0.0,0
1.0,1.0,0.0,0.7118584,0.0,0
0.0,0.0,0.0,1.0,0.0,0
0.0,0.0,0.0,1.0,0.0,0
0.0,0.0,0.0,0.8750822,0.0,0
0.0,0.0,0.0,1.0,0.0,0
0.0,0.0,0.0,1.0,0.0,0
0.0,0.0,0.0,1.0,0.0,0
1.0,1.0,0.0,0.7225898,0.0,0
0.0,0.0,0.0,1.0,0.0,0
1.0,1.0,0.0,1.0,0.0,0
0.0,0.0,0.0,1.0,0.0,0
0.0,0.0,0.0,1.0,0.0,0
0.0,0.0,0.0,1.0,0.0,0
0.0,0.0,0.0,1.0,0.0,0
0.0,0.0,0.0,0.6969283,0.0,0
0.0,0.0,0.0,1.0,0.0,0
1.0,1.0,0.0,1.0,0.0,0
0.0,0.0,0.0,1.0,0.0,0
1.0,1.0,0.0,1.0,0.0,0
0.0,0.0,0.0,1.0,0.0,0
0.0,0.0,0.0,1.0,0.0,0
0.0,0.0,0.0,1.0,0.0,0
0.0,0.0,0.0,1.0,0.0,0
0.0,0.0,0.0,1.0,0.0,0
0.0,0.0,0.0,1.0,0.0,0
1.0,1.0,0.0,1.0,0.0,0
0.0,0.0,0.0,1.0,0.0,0
1.0,1.0,0.0,0.883113,0.0,0
0.0,0.0,0.0,0.8750822,0.0,0
0.0,0.0,0.0,1.0,0.0,0
0.0,0.0,0.0,1.0,0.0,0
0.0,0.0,0.0,1.0,0.0,0
0.0,0.0,0.0,1.0,0.0,0
0.0,0.0,0.0,1.0,0.0,0
1.0,1.0,0.0,1.0,0.0,0
0.0,0.0,0.0,1.0,0.0,0
1.0,1.0,0.0,1.0,0.0,0
0.0,0.0,0.0,1.0,0.0,0
0.0,0.0,0.0,1.0,0.0,0
0.0,0.0,0.0,1.0,0.0,0
0.0,0.0,0.0,1.0,0.0,0
0.0,0.0,0.0,1.0,0.0,0
0.0,0.0,0.0,1.0,0.0,0
1.0,1.0,0.0,1.0,0.0,0
0.0,0.0,0.0,0.8385759,0.0,0
1.0,1.0,0.0,1.0,0.0,0
0.0,0.0,0.0,1.0,0.0,0
0.0,0.0,0.0,0.6969283,0.0,0
0.0,0.0,0.0,1.0,0.0,0
0.0,0.0,0.0,1.0,0.0,0
0.0,0.0,0.0,1.0,0.0,0
0.0,0.0,0.0,1.0,0.0,0
1.0,1.0,0.0,1.0,0.0,0
0.0,0.0,0.0,1.0,0.0,0
1.0,1.0,0.0,1.0,0.0,0
0.0,0.0,0.0,1.0,0.0,0
0.0,0.0,0.0,1.0,0.0,0
0.0,0.0,0.0,1.0,0.0,0
0.0,0.0,0.0,1.0,0.0,0
0.0,0.0,0.0,1.0,0.0,0
0.0,0.0,0.0,1.0,0.0,0
1.0,1.0,0.0,1.0,0.0,0
0.0,0.0,0.0,1.0,0.0,0
1.0,1.0,0.0,0.35118377,0.0,1
0.0,0.0,0.0,0.7225898,0.0,0
0.0,0.0,0.0,1.0,0.0,0
0.0,0.0,0.0,1.0,0.0,0
0.0,0.0,0.0,1.0,0.0,0
0.0,0.0,0.0,1.0,0.0,0
0.0,0.0,0.0,1.0,0.0,0
0.0,0.0,0.0,1.0,0.0,0
1.0,1.0,0.0,1.0,0.0,0
0.0,0.0,0.0,1.0,0.0,0
0.0,0.0,0.0,1.0,0.0,0
0.0,0.0,0.0,1.0,0.0,0
0.0,0.0,0.0,1.0,0.0,0
0.0,0.0,0.0,1.0,0.0,0
0.0,0.0,0.0,0.8385759,0.0,0
0.0,0.0,0.0,1.0,0.0,0
1.0,1.0,0.0,1.0,0.0,0
0.0,0.0,0.0,1.0,0.0,0
0.0,0.0,0.0,0.7118584,0.0,0
0.0,0.0,0.0,1.0,0.0,0
0.0,0.0,0.0,1.0,0.0,0
0.0,0.0,0.0,0.883113,0.0,0
0.0,0.0,0.0,1.0,0.0,0
0.0,0.0,0.0,1.0,0.0,0
0.0,0.0,0.0,1.0,0.0,0
1.0,1.0,0.0,0.35118377,0.0,1
0.0,0.0,0.0,1.0,0.0,0
1.0,1.0,0.0,0.7118584,0.0,0
0.0,0.0,0.0,1.0,0.0,0
0.0,0.0,0.0,1.0,0.0,0
0.0,0.0,0.0,0.8750822,0.0,0
0.0,0.0,0.0,1.0,0.0,0
0.0,0.0,0.0,1.0,0.0,0
0.0,0.0,0.0,1.0,0.0,0
1.0,1.0,0.0,0.7225898,0.0,0
0.0,0.0,0.0,1.0,0.0,0
1.0,1.0,0.0,1.0,0.0,0
0.0,0.0,0.0,1.0,0.0,0
0.0,0.0,0.0,1.0,0.0,0
0.0,0.0,0.0,1.0,0.0,0
0.0,0.0,0.0,1.0,0.0,0
0.0,0.0,0.0,0.6969283,0.0,0
0.0,0.0,0.0,1.0,0.0,0
1.0,1.0,0.0,1.0,0.0,0
0.0,0.0,0.0,1.0,0.0,0
1.0,1.0,0.0,1.0,0.0,0
0.0,0.0,0.0,1.0,0.0,0
0.0,0.0,0.0,1.0,0.0,0
0.0,0.0,0.0,1.0,0.0,0
0.0,0.0,0.0,1.0,0.0,0
0.0,0.0,0.0,1.0,0.0,0
0.0,0.0,0.0,1.0,0.0,0
1.0,1.0,0.0,1.0,0.0,0
0.0,0.0,0.0,1.0,0.0,0
1.0,1.0,0.0,0.883113,0.0,0
0.0,0.0,0.0,0.8750822,0.0,0
0.0,0.0,0.0,1.0,0.0,0
0.0,0.0,0.0,1.0,0.0,0
0.0,0.0,0.0,1.0,0.0,0
0.0,0.0,0.0,1.0,0.0,0
0.0,0.0,0.0,1.0,0.0,0
1.0,1.0,0.0,1.0,0.0,0
0.0,0.0,0.0,1.0,0.0,0
1.0,1.0,0.0,1.0,0.0,0
0.0,0.0,0.0,1.0,0.0,0
0.0,0.0,0.0,1.0,0.0,0
0.0,0.0,0.0,1.0,0.0,0
0.0,0.0,0.0,1.0,0.0,0
0.0,0.0,0.0,1.0,0.0,0
0.0,0.0,0.0,1.0,0.0,0
1.0,1.0,0.0,1.0,0.0,0
0.0,0.0,0.0,0.8385759,0.0,0
1.0,1.0,0.0,1.0,0.0,0
0.0,0.0,0.0,1.0,0.0,0
0.0,0.0,0.0,0.6969283,0.0,0
0.0,0.0,0.0,1.0,0.0,0
0.0,0.0,0.0,1.0,0.0,0
0.0,0.0,0.0,1.0,0.0,0
0.0,0.0,0.0,1.0,0.0,0
1.0,1.0,0.0,1.0,0.0,0
0.0,0.0,0.0,1.0,0.0,0
1.0,1.0,0.0,1.0,0.0,0
0.0,0.0,0.0,1.0,0.0,0
0.0,0.0,0.0,1.0,0.0,0
0.0,0.0,0.0,1.0,0.0,0
0.0,0.0,0.0,1.0,0.0,0
0.0,0.0,0.0,1.0,0.0,0
0.0,0.0,0.0,1.0,0.0,0
1.0,1.0,0.0,1.0,0.0,0
0.0,0.0,0.0,1.0,0.0,0
1.0,1.0,0.0,0.35118377,0.0,1
0.0,0.0,0.0,0.7225898,0.0,0
0.0,0.0,0.0,1.0,0.0,0
0.0,0.0,0.0,1.0,0.0,0
0.0,0.0,0.0,1.0,0.0,0
0.0,0.0,0.0,1.0,0.0,0
0.0,0.0,0.0,1.0,0.0,0
0.0,0.0,0.0,1.0,0.0,0
1.0,1.0,0.0,1.0,0.0,0
0.0,0.0,0.0,1.0,0.0,0
0.0,0.0,0.0,1.0,0.0,0
0.0,0.0,0.0,1.0,0.0,0
0.0,0.0,0.0,1.0,0.0,0
0.0,0.0,0.0,1.0,0.0,0
0.0,0.0,0.0,0.8385759,0.0,0
0.0,0.0,0.0,1.0,0.0,0
1.0,1.0,0.0,1.0,0.0,0
0.0,0.0,0.0,1.0,0.0,0
0.0,0.0,0.0,0.7118584,0.0,0
0.0,0.0,0.0,1.0,0.0,0
0.0,0.0,0.0,1.0,0.0,0
0.0,0.0,0.0,0.883113,0.0,0
0.0,0.0,0.0,1.0,0.0,0
0.0,0.0,0.0,1.0,0.0,0
0.0,0.0,0.0,1.0,0.0,0
1.0,1.0,0.0,0.35118377,0.0,1
0.0,0.0,0.0,1.0,0.0,0
1.0,1.0,0.0,0.7118584,0.0,0
0.0,0.0,0.0,1.0,0.0,0
0.0,0.0,0.0,1.0,0.0,0
0.0,0.0,0.0,0.8750822,0.0,0
0.0,0.0,0.0,1.0,0.0,0
0.0,0.0,0.0,1.0,0.0,0
0.0,0.0,0.0,1.0,0.0,0
1.0,1.0,0.0,0.7225898,0.0,0
0.0,0.0,0.0,1.0,0.0,0
1.0,1.0,0.0,1.0,0.0,0
0.0,0.0,0.0,1.0,0.0,0
0.0,0.0,0.0,1.0,0.0,0
0.0,0.0,0.0,1.0,0.0,0
0.0,0.0,0.0,1.0,0.0,0
0.0,0.0,0.0,0.6969283,0.0,0
0.0,0.0,0.0,1.0,0.0,0
1.0,1.0,0.0,1.0,0.0,0
0.0,0.0,0.0,1.0,0.0,0
1.0,1.0,0.0,1.0,0.0,0
0.0,0.0,0.0,1.0,0.0,0
0.0,0.0,0.0,1.0,0.0,0
0.0,0.0,0.0,1.0,0.0,0
0.0,0.0,0.0,1.0,0.0,0
0.0,0.0,0.0,1.0,0.0,0
0.0,0.0,0.0,1.0,0.0,0
1.0,1.0,0.0,1.0,0.0,0
0.0,0.0,0.0,1.0,0.0,0
1.0,1.0,0.0,0.883113,0.0,0
0.0,0.0,0.0,0.8750822,0.0,0
0.0,0.0,0.0,1.0,0.0,0
0.0,0.0,0.0,1.0,0.0,0
0.0,0.0,0.0,1.0,0.0,0
0.0,0.0,0.0,1.0,0.0,0
0.0,0.0,0.0,1.0,0.0,0
1.0,1.0,0.0,1.0,0.0,0
0.0,0.0,0.0,1.0,0.0,0
1.0,1.0,0.0,1.0,0.0,0
0.0,0.0,0.0,1.0,0.0,0
0.0,0.0,0.0,1.0,0.0,0
0.0,0.0,0.0,1.0,0.0,0
0.0,0.0,0.0,1.0,0.0,0
0.0,0.0,0.0,1.0,0.0,0
0.0,0.0,0.0,1.0,0.0,0
1.0,1.0,0.0,1.0,0.0,0
0.0,0.0,0.0,0.8385759,0.0,0
1.0,1.0,0.0,1.0,0.0,0
0.0,0.0,0.0,1.0,0.0,0
0.0,0.0,0.0,0.6969283,0.0,0
0.0,0.0,0.0,1.0,0.0,0
0.0,0.0,0.0,1.0,0.0,0
0.0,0.0,0.0,1.0,0.0,0
0.0,0.0,0.0,1.0,0.0,0
1.0,1.0,0.0,1.0,0.0,0
0.0,0.0,0.0,1.0,0.0,0
1.0,1.0,0.0,1.0,0.0,0
0.0,0.0,0.0,1.0,0.0,0
0.0,0.0,0.0,1.0,0.0,0
0.0,0.0,0.0,1.0,0.0,0
0.0,0.0,0.0,1.0,0.0,0
0.0,0.0,0.0,1.0,0.0,0
0.0,0.0,0.0,1.0,0.0,0
1.0,1.0,0.0,1.0,0.0,0
0.0,0.0,0.0,1.0,0.0,0
1.0,1.0,0.0,0.35118377,0.0,1
0.0,0.0,0.0,0.7225898,0.0,0
0.0,0.0,0.0,1.0,0.0,0
0.0,0.0,0.0,1.0,0.0,0
0.0,0.0,0.0,1.0,0.0,0
0.0,0.0,0.0,1.0,0.0,0
0.0,0.0,0.0,1.0,0.0,0
0.0,0.0,0.0,1.0,0.0,0
1.0,1.0,0.0,1.0,0.08215059,0
0.0,0.0,0.0,1.0,0.12820561,0
0.0,0.0,0.0,1.0,0.074807614,0
0.0,0.0,0.0,1.0,0.22115098,0
0.0,0.0,0.0,1.0,0.17430377,0
0.0,0.0,0.0,1.0,0.15340509,0
0.0,0.0,0.0,0.8385759,0.06185884,0
0.0,0.0,0.0,1.0,0.13512823,0
1.0,1.0,0.0,1.0,0.043116983,0
0.0,0.0,0.0,1.0,0.08215059,0
0.0,0.0,0.0,0.7118584,0.06953007,0
0.0,0.0,0.0,1.0,0.1558732,0
0.0,0.0,0.0,1.0,0.18179382,0
0.0,0.0,0.0,0.883113,0.092756756,0
0.0,0.0,0.0,1.0,0.23132564,0
0.0,0.0,0.0,1.0,0.10391843,0
0.0,0.0,0.0,1.0,0.06030022,0
1.0,1.0,0.0,0.35118377,0.05746601,1
0.0,0.0,0.0,1.0,0.12820561,0
1.0,1.0,0.0,0.7118584,0.06953007,0
0.0,0.0,0.0,1.0,0.20119618,0
0.0,0.0,0.0,1.0,0.113193505,0
0.0,0.0,0.0,0.8750822,0.07809352,0
0.0,0.0,0.0,1.0,0.28115156,0
0.0,0.0,0.0,1.0,0.16838267,0
0.0,0.0,0.0,1.0,0.101218395,0
1.0,1.0,0.0,0.7225898,0.08651998,0
0.0,0.0,0.0,1.0,0.074807614,0
1.0,1.0,0.0,1.0,0.1558732,0
0.0,0.0,0.0,1.0,0.20119618,0
0.0,0.0,0.0,1.0,0.2838443,0
0.0,0.0,0.0,1.0,0.24854434,0
0.0,0.0,0.0,1.0,0.080508195,0
0.0,0.0,0.0,0.6969283,0.08405388,0
0.0,0.0,0.0,1.0,0.20372179,0
1.0,1.0,0.0,1.0,0.11467671,0
0.0,0.0,0.0,1.0,0.22115098,0
1.0,1.0,0.0,1.0,0.18179382,0
0.0,0.0,0.0,1.0,0.113193505,0
0.0,0.0,0.0,1.0,0.2838443,0
0.0,0.0,0.0,1.0,0.1618197,0
0.0,0.0,0.0,1.0,0.36326477,0
0.0,0.0,0.0,1.0,0.27298972,0
0.0,0.0,0.0,1.0,0.2098577,0
1.0,1.0,0.0,1.0,0.17884913,0
0.0,0.0,0.0,1.0,0.17430377,0
1.0,1.0,0.0,0.883113,0.092756756,0
0.0,0.0,0.0,0.8750822,0.07809352,0
0.0,0.0,0.0,1.0,0.24854434,0
0.0,0.0,0.0,1.0,0.1618197,0
0.0,0.0,0.0,1.0,0.32379153,0
0.0,0.0,0.0,1.0,0.19126639,0
0.0,0.0,0.0,1.0,0.06779732,0
1.0,1.0,0.0,1.0,0.14194843,0
0.0,0.0,0.0,1.0,0.15340509,0
1.0,1.0,0.0,1.0,0.23132564,0
0.0,0.0,0.0,1.0,0.28115156,0
0.0,0.0,0.0,1.0,0.080508195,0
0.0,0.0,0.0,1.0,0.36326477,0
0.0,0.0,0.0,1.0,0.32379153,0
0.0,0.0,0.0,1.0,0.14004195,0
0.0,0.0,0.0,1.0,0.27243176,0
1.0,1.0,0.0,1.0,0.19474271,0
0.0,0.0,0.0,0.8385759,0.06185884,0
1.0,1.0,0.0,1.0,0.10391843,0
0.0,0.0,0.0,1.0,0.16838267,0
0.0,0.0,0.0,0.6969283,0.08405388,0
0.0,0.0,0.0,1.0,0.27298972,0
0.0,0.0,0.0,1.0,0.19126639,0
0.0,0.0,0.0,1.0,0.14004195,0
0.0,0.0,0.0,1.0,0.13384561,0
1.0,1.0,0.0,1.0,0.09647579,0
0.0,0.0,0.0,1.0,0.13512823,0
1.0,1.0,0.0,1.0,0.06030022,0
0.0,0.0,0.0,1.0,0.101218395,0
0.0,0.0,0.0,1.0,0.20372179,0
0.0,0.0,0.0,1.0,0.2098577,0
0.0,0.0,0.0,1.0,0.06779732,0
0.0,0.0,0.0,1.0,0.27243176,0
0.0,0.0,0.0,1.0,0.13384561,0
1.0,1.0,0.0,1.0,0.117511205,0
0.0,0.0,0.0,1.0,0.043116983,0
1.0,1.0,0.0,0.35118377,0.05746601,1
0.0,0.0,0.0,0.7225898,0.08651998,0
0.0,0.0,0.0,1.0,0.11467671,0
0.0,0.0,0.0,1.0,0.17884913,0
0.0,0.0,0.0,1.0,0.14194843,0
0.0,0.0,0.0,1.0,0.19474271,0
0.0,0.0,0.0,1.0,0.09647579,0
0.0,0.0,0.0,1.0,0.117511205,0
1.0,1.0,0.0,1.0,0.08215059,0
0.0,0.0,0.0,1.0,0.12820561,0
0.0,0.0,0.0,1.0,0.074807614,0
0.0,0.0,0.0,1.0,0.22115098,0
0.0,0.0,0.0,1.0,0.17430377,0
0.0,0.0,0.0,1.0,0.15340509,0
0.0,0.0,0.0,0.83861494,0.06185884,0
0.0,0.0,0.0,1.0,0.13512823,0
1.0,1.0,0.0,1.0,0.043116983,0
0.0,0.0,0.0,1.0,0.08215059,0
0.0,0.0,0.0,0.7111796,0.06953007,0
0.0,0.0,0.0,1.0,0.1558732,0
0.0,0.0,0.0,1.0,0.18179382,0
0.0,0.0,0.0,0.88218623,0.092756756,0
0.0,0.0,0.0,1.0,0.23132564,0
0.0,0.0,0.0,1.0,0.10391843,0
0.0,0.0,0.0,1.0,0.06030022,0
1.0,1.0,0.0,0.35061106,0.05746601,1
0.0,0.0,0.0,1.0,0.12820561,0
1.0,1.0,0.0,0.7111796,0.06953007,0
0.0,0.0,0.0,1.0,0.20119618,0
0.0,0.0,0.0,1.0,0.113193505,0
0.0,0.0,0.0,0.87430155,0.07809352,0
0.0,0.0,0.0,1.0,0.28115156,0
0.0,0.0,0.0,1.0,0.16838267,0
0.0,0.0,0.0,1.0,0.101218395,0
1.0,1.0,0.0,0.7218099,0.08651998,0
0.0,0.0,0.0,1.0,0.074807614,0
1.0,1.0,0.0,1.0,0.1558732,0
0.0,0.0,0.0,1.0,0.20119618,0
0.0,0.0,0.0,1.0,0.2838443,0
0.0,0.0,0.0,1.0,0.24854434,0
0.0,0.0,0.0,1.0,0.080508195,0
0.0,0.0,0.0,0.6961432,0.08405388,0
0.0,0.0,0.0,1.0,0.20372179,0
1.0,1.0,0.0,1.0,0.11467671,0
0.0,0.0,0.0,1.0,0.22115098,0
1.0,1.0,0.0,1.0,0.18179382,0
0.0,0.0,0.0,1.0,0.113193505,0
0.0,0.0,0.0,1.0,0.2838443,0
0.0,0.0,0.0,1.0,0.1618197,0
0.0,0.0,0.0,1.0,0.36326477,0
0.0,0.0,0.0,1.0,0.27298972,0
0.0,0.0,0.0,1.0,0.2098577,0
1.0,1.0,0.0,1.0,0.17884913,0
0.0,0.0,0.0,1.0,0.17430377,0
1.0,1.0,0.0,0.88218623,0.092756756,0
0.0,0.0,0.0,0.87430155,0.07809352,0
0.0,0.0,0.0,1.0,0.24854434,0
0.0,0.0,0.0,1.0,0.1618197,0
0.0,0.0,0.0,1.0,0.32379153,0
0.0,0.0,0.0,1.0,0.19126639,0
0.0,0.0,0.0,1.0,0.06779732,0
1.0,1.0,0.0,1.0,0.14194843,0
0.0,0.0,0.0,1.0,0.15340509,0
1.0,1.0,0.0,1.0,0.23132564,0
0.0,0.0,0.0,1.0,0.28115156,0
0.0,0.0,0.0,1.0,0.080508195,0
0.0,0.0,0.0,1.0,0.36326477,0
0.0,0.0,0.0,1.0,0.32379153,0
0.0,0.0,0.0,1.0,0.14004195,0
0.0,0.0,0.0,1.0,0.27243176,0
1.0,1.0,0.0,1.0,0.19474271,0
0.0,0.0,0.0,0.83861494,0.06185884,0
1.0,1.0,0.0,1.0,0.10391843,0
0.0,0.0,0.0,1.0,0.16838267,0
0.0,0.0,0.0,0.6961432,0.08405388,0
0.0,0.0,0.0,1.0,0.27298972,0
0.0,0.0,0.0,1.0,0.19126639,0
0.0,0.0,0.0,1.0,0.14004195,0
0.0,0.0,0.0,1.0,0.13384561,0
1.0,1.0,0.0,1.0,0.09647579,0
0.0,0.0,0.0,1.0,0.13512823,0
1.0,1.0,0.0,1.0,0.06030022,0
0.0,0.0,0.0,1.0,0.101218395,0
0.0,0.0,0.0,1.0,0.20372179,0
0.0,0.0,0.0,1.0,0.2098577,0
0.0,0.0,0.0,1.0,0.06779732,0
0.0,0.0,0.0,1.0,0.27243176,0
0.0,0.0,0.0,1.0,0.13384561,0
1.0,1.0,0.0,1.0,0.117511205,0
0.0,0.0,0.0,1.0,0.043116983,0
1.0,1.0,0.0,0.35061106,0.05746601,1
0.0,0.0,0.0,0.7218099,0.08651998,0
0.0,0.0,0.0,1.0,0.11467671,0
0.0,0.0,0.0,1.0,0.17884913,0
0.0,0.0,0.0,1.0,0.14194843,0
0.0,0.0,0.0,1.0,0.19474271,0
0.0,0.0,0.0,1.0,0.09647579,0
0.0,0.0,0.0,1.0,0.117511205,0
1.0,1.0,0.0,1.0,0.08215059,0
0.0,0.0,0.0,1.0,0.12820561,0
0.0,0.0,0.0,1.0,0.074807614,0
0.0,0.0,0.0,1.0,0.22115098,0
0.0,0.0,0.0,1.0,0.17430377,0
0.0,0.0,0.0,1.0,0.15340509,0
0.0,0.0,0.0,0.83865446,0.06185884,0
0.0,0.0,0.0,1.0,0.13512823,0
1.0,1.0,0.0,1.0,0.043116983,0
0.0,0.0,0.0,1.0,0.08215059,0
0.0,0.0,0.0,0.7105009,0.06953007,0
0.0,0.0,0.0,1.0,0.1558732,0
0.0,0.0,0.0,1.0,0.18179382,0
0.0,0.0,0.0,0.88125944,0.092756756,0
0.0,0.0,0.0,1.0,0.23132564,0
0.0,0.0,0.0,1.0,0.10391843,0
0.0,0.0,0.0,1.0,0.06030022,0
1.0,1.0,0.0,0.35003838,0.05746601,1
0.0,0.0,0.0,1.0,0.12820561,0
1.0,1.0,0.0,0.7105009,0.06953007,0
0.0,0.0,0.0,1.0,0.20119618,0
0.0,0.0,0.0,1.0,0.113193505,0
0.0,0.0,0.0,0.8735209,0.07809352,0
0.0,0.0,0.0,1.0,0.28115156,0
0.0,0.0,0.0,1.0,0.16838267,0
0.0,0.0,0.0,1.0,0.101218395,0
1.0,1.0,0.0,0.7210302,0.08651998,0
0.0,0.0,0.0,1.0,0.074807614,0
1.0,1.0,0.0,1.0,0.1558732,0
0.0,0.0,0.0,1.0,0.20119618,0
0.0,0.0,0.0,1.0,0.2838443,0
0.0,0.0,0.0,1.0,0.24854434,0
0.0,0.0,0.0,1.0,0.080508195,0
0.0,0.0,0.0,0.6953582,0.08405388,0
0.0,0.0,0.0,1.0,0.20372179,0
1.0,1.0,0.0,1.0,0.11467671,0
0.0,0.0,0.0,1.0,0.22115098,0
1.0,1.0,0.0,1.0,0.18179382,0
0.0,0.0,0.0,1.0,0.113193505,0
0.0,0.0,0.0,1.0,0.2838443,0
0.0,0.0,0.0,1.0,0.1618197,0
0.0,0.0,0.0,1.0,0.36326477,0
0.0,0.0,0.0,1.0,0.27298972,0
0.0,0.0,0.0,1.0,0.2098577,0
1.0,1.0,0.0,1.0,0.17884913,0
0.0,0.0,0.0,1.0,0.17430377,0
1.0,1.0,0.0,0.88125944,0.092756756,0
0.0,0.0,0.0,0.8735209,0.07809352,0
0.0,0.0,0.0,1.0,0.24854434,0
0.0,0.0,0.0,1.0,0.1618197,0
0.0,0.0,0.0,1.0,0.32379153,0
0.0,0.0,0.0,1.0,0.19126639,0
0.0,0.0,0.0,1.0,0.06779732,0
1.0,1.0,0.0,1.0,0.14194843,0
0.0,0.0,0.0,1.0,0.15340509,0
1.0,1.0,0.0,1.0,0.23132564,0
0.0,0.0,0.0,1.0,0.28115156,0
0.0,0.0,0.0,1.0,0.080508195,0
0.0,0.0,0.0,1.0,0.36326477,0
0.0,0.0,0.0,1.0,0.32379153,0
0.0,0.0,0.0,1.0,0.14004195,0
0.0,0.0,0.0,1.0,0.27243176,0
1.0,1.0,0.0,1.0,0.19474271,0
0.0,0.0,0.0,0.83865446,0.06185884,0
1.0,1.0,0.0,1.0,0.10391843,0
0.0,0.0,0.0,1.0,0.16838267,0
0.0,0.0,0.0,0.6953582,0.08405388,0
0.0,0.0,0.0,1.0,0.27298972,0
0.0,0.0,0.0,1.0,0.19126639,0
0.0,0.0,0.0,1.0,0.14004195,0
0.0,0.0,0.0,1.0,0.13384561,0
1.0,1.0,0.0,1.0,0.09647579,0
0.0,0.0,0.0,1.0,0.13512823,0
1.0,1.0,0.0,1.0,0.06030022,0
0.0,0.0,0.0,1.0,0.101218395,0
0.0,0.0,0.0,1.0,0.20372179,0
0.0,0.0,0.0,1.0,0.2098577,0
0.0,0.0,0.0,1.0,0.06779732,0
0.0,0.0,0.0,1.0,0.27243176,0
0.0,0.0,0.0,1.0,0.13384561,0
1.0,1.0,0.0,1.0,0.117511205,0
0.0,0.0,0.0,1.0,0.043116983,0
1.0,1.0,0.0,0.35003838,0.05746601,1
0.0,0.0,0.0,0.7210302,0.08651998,0
0.0,0.0,0.0,1.0,0.11467671,0
0.0,0.0,0.0,1.0,0.17884913,0
0.0,0.0,0.0,1.0,0.14194843,0
0.0,0.0,0.0,1.0,0.19474271,0
0.0,0.0,0.0,1.0,0.09647579,0
0.0,0.0,0.0,1.0,0.117511205,0
1.0,1.0,0.0,1.0,0.08215059,0
0.0,0.0,0.0,1.0,0.12820561,0
0.0,0.0,0.0,1.0,0.074807614,0
0.0,0.0,0.0,1.0,0.22115098,0
0.0,0.0,0.0,1.0,0.17430377,0
0.0,0.0,0.0,1.0,0.15340509,0
0.0,0.0,0.0,0.83869433,0.06185884,0
0.0,0.0,0.0,1.0,0.13512823,0
1.0,1.0,0.0,1.0,0.043116983,0
0.0,0.0,0.0,1.0,0.08215059,0
0.0,0.0,0.0,0.7098222,0.06953007,0
0.0,0.0,0.0,1.0,0.1558732,0
0.0,0.0,0.0,1.0,0.18179382,0
0.0,0.0,0.0,0.8803326,0.092756756,0
0.0,0.0,0.0,1.0,0.23132564,0
0.0,0.0,0.0,1.0,0.10391843,0
0.0,0.0,0.0,1.0,0.06030022,0
1.0,1.0,0.0,0.34946567,0.05746601,1
0.0,0.0,0.0,1.0,0.12820561,0
1.0,1.0,0.0,0.7098222,0.06953007,0
0.0,0.0,0.0,1.0,0.20119618,0
0.0,0.0,0.0,1.0,0.113193505,0
0.0,0.0,0.0,0.87274027,0.07809352,0
0.0,0.0,0.0,1.0,0.28115156,0
0.0,0.0,0.0,1.0,0.16838267,0
0.0,0.0,0.0,1.0,0.101218395,0
1.0,1.0,0.0,0.72025067,0.08651998,0
0.0,0.0,0.0,1.0,0.074807614,0
1.0,1.0,0.0,1.0,0.1558732,0
0.0,0.0,0.0,1.0,0.20119618,0
0.0,0.0,0.0,1.0,0.2838443,0
0.0,0.0,0.0,1.0,0.24854434,0
0.0,0.0,0.0,1.0,0.080508195,0
0.0,0.0,0.0,0.6945734,0.08405388,0
0.0,0.0,0.0,1.0,0.20372179,0
1.0,1.0,0.0,1.0,0.11467671,0
0.0,0.0,0.0,1.0,0.22115098,0
1.0,1.0,0.0,1.0,0.18179382,0
0.0,0.0,0.0,1.0,0.113193505,0
0.0,0.0,0.0,1.0,0.2838443,0
0.0,0.0,0.0,1.0,0.1618197,0
0.0,0.0,0.0,1.0,0.36326477,0
0.0,0.0,0.0,1.0,0.27298972,0
0.0,0.0,0.0,1.0,0.2098577,0
1.0,1.0,0.0,1.0,0.17884913,0
0.0,0.0,0.0,1.0,0.17430377,0
1.0,1.0,0.0,0.8803326,0.092756756,0
0.0,0.0,0.0,0.87274027,0.07809352,0
0.0,0.0,0.0,1.0,0.24854434,0
0.0,0.0,0.0,1.0,0.1618197,0
0.0,0.0,0.0,1.0,0.32379153,0
0.0,0.0,0.0,1.0,0.19126639,0
0.0,0.0,0.0,1.0,0.06779732,0
1.0,1.0,0.0,1.0,0.14194843,0
0.0,0.0,0.0,1.0,0.15340509,0
1.0,1.0,0.0,1.0,0.23132564,0
0.0,0.0,0.0,1.0,0.28115156,0
0.0,0.0,0.0,1.0,0.080508195,0
0.0,0.0,0.0,1.0,0.36326477,0
0.0,0.0,0.0,1.0,0.32379153,0
0.0,0.0,0.0,1.0,0.14004195,0
0.0,0.0,0.0,1.0,0.27243176,0
1.0,1.0,0.0,1.0,0.19474271,0
0.0,0.0,0.0,0.83869433,0.06185884,0
1.0,1.0,0.0,1.0,0.10391843,0
0.0,0.0,0.0,1.0,0.16838267,0
0.0,0.0,0.0,0.6945734,0.08405388,0
0.0,0.0,0.0,1.0,0.27298972,0
0.0,0.0,0.0,1.0,0.19126639,0
0.0,0.0,0.0,1.0,0.14004195,0
0.0,0.0,0.0,1.0,0.13384561,0
1.0,1.0,0.0,1.0,0.09647579,0
0.0,0.0,0.0,1.0,0.13512823,0
1.0,1.0,0.0,1.0,0.06030022,0
0.0,0.0,0.0,1.0,0.101218395,0
0.0,0.0,0.0,1.0,0.20372179,0
0.0,0.0,0.0,1.0,0.2098577,0
0.0,0.0,0.0,1.0,0.06779732,0
0.0,0.0,0.0,1.0,0.27243176,0
0.0,0.0,0.0,1.0,0.13384561,0
1.0,1.0,0.0,1.0,0.117511205,0
0.0,0.0,0.0,1.0,0.043116983,0
1.0,1.0,0.0,0.34946567,0.05746601,1
0.0,0.0,0.0,0.72025067,0.08651998,0
0.0,0.0,0.0,1.0,0.11467671,0
0.0,0.0,0.0,1.0,0.17884913,0
0.0,0.0,0.0,1.0,0.14194843,0
0.0,0.0,0.0,1.0,0.19474271,0
0.0,0.0,0.0,1.0,0.09647579,0
0.0,0.0,0.0,1.0,0.117511205,0
1.0,1.0,0.0,1.0,0.08215059,0
0.0,0.0,0.0,1.0,0.12820561,0
0.0,0.0,0.0,1.0,0.074807614,0
0.0,0.0,0.0,1.0,0.22115098,0
0.0,0.0,0.0,1.0,0.17430377,0
0.0,0.0,0.0,1.0,0.15340509,0
0.0,0.0,0.0,0.83873475,0.06185884,0
0.0,0.0,0.0,1.0,0.13512823,0
1.0,1.0,0.0,1.0,0.043116983,0
0.0,0.0,0.0,1.0,0.08215059,0
0.0,0.0,0.0,0.7091435,0.06953007,0
0.0,0.0,0.0,1.0,0.1558732,0
0.0,0.0,0.0,1.0,0.18179382,0
0.0,0.0,0.0,0.8794058,0.092756756,0
0.0,0.0,0.0,1.0,0.23132564,0
0.0,0.0,0.0,1.0,0.10391843,0
0.0,0.0,0.0,1.0,0.06030022,0
1.0,1.0,0.0,0.348893,0.05746601,1
0.0,0.0,0.0,1.0,0.12820561,0
1.0,1.0,0.0,0.7091435,0.06953007,0
0.0,0.0,0.0,1.0,0.20119618,0
0.0,0.0,0.0,1.0,0.113193505,0
0.0,0.0,0.0,0.8719597,0.07809352,0
0.0,0.0,0.0,1.0,0.28115156,0
0.0,0.0,0.0,1.0,0.16838267,0
0.0,0.0,0.0,1.0,0.101218395,0
1.0,1.0,0.0,0.71947134,0.08651998,0
0.0,0.0,0.0,1.0,0.074807614,0
1.0,1.0,0.0,1.0,0.1558732,0
0.0,0.0,0.0,1.0,0.20119618,0
0.0,0.0,0.0,1.0,0.2838443,0
0.0,0.0,0.0,1.0,0.24854434,0
0.0,0.0,0.0,1.0,0.080508195,0
0.0,0.0,0.0,0.69378865,0.08405388,0
0.0,0.0,0.0,1.0,0.20372179,0
1.0,1.0,0.0,1.0,0.11467671,0
0.0,0.0,0.0,1.0,0.22115098,0
1.0,1.0,0.0,1.0,0.18179382,0
0.0,0.0,0.0,1.0,0.113193505,0
0.0,0.0,0.0,1.0,0.2838443,0
0.0,0.0,0.0,1.0,0.1618197,0
0.0,0.0,0.0,1.0,0.36326477,0
0.0,0.0,0.0,1.0,0.27298972,0
0.0,0.0,0.0,1.0,0.2098577,0
1.0,1.0,0.0,1.0,0.17884913,0
0.0,0.0,0.0,1.0,0.17430377,0
1.0,1.0,0.0,0.8794058,0.092756756,0
0.0,0.0,0.0,0.8719597,0.07809352,0
0.0,0.0,0.0,1.0,0.24854434,0
0.0,0.0,0.0,1.0,0.1618197,0
0.0,0.0,0.0,1.0,0.32379153,0
0.0,0.0,0.0,1.0,0.19126639,0
0.0,0.0,0.0,1.0,0.06779732,0
1.0,1.0,0.0,1.0,0.14194843,0
0.0,0.0,0.0,1.0,0.15340509,0
1.0,1.0,0.0,1.0,0.23132564,0
0.0,0.0,0.0,1.0,0.28115156,0
0.0,0.0,0.0,1.0,0.080508195,0
0.0,0.0,0.0,1.0,0.36326477,0
0.0,0.0,0.0,1.0,0.32379153,0
0.0,0.0,0.0,1.0,0.14004195,0
0.0,0.0,0.0,1.0,0.27243176,0
1.0,1.0,0.0,1.0,0.19474271,0
0.0,0.0,0.0,0.83873475,0.06185884,0
1.0,1.0,0.0,1.0,0.10391843,0
0.0,0.0,0.0,1.0,0.16838267,0
0.0,0.0,0.0,0.69378865,0.08405388,0
0.0,0.0,0.0,1.0,0.27298972,0
0.0,0.0,0.0,1.0,0.19126639,0
0.0,0.0,0.0,1.0,0.14004195,0
0.0,0.0,0.0,1.0,0.13384561,0
1.0,1.0,0.0,1.0,0.09647579,0
0.0,0.0,0.0,1.0,0.13512823,0
1.0,1.0,0.0,1.0,0.06030022,0
0.0,0.0,0.0,1.0,0.101218395,0
0.0,0.0,0.0,1.0,0.20372179,0
0.0,0.0,0.0,1.0,0.2098577,0
0.0,0.0,0.0,1.0,0.06779732,0
0.0,0.0,0.0,1.0,0.27243176,0
0.0,0.0,0.0,1.0,0.13384561,0
1.0,1.0,0.0,1.0,0.117511205,0
0.0,0.0,0.0,1.0,0.043116983,0
1.0,1.0,0.0,0.348893,0.05746601,1
0.0,0.0,0.0,0.71947134,0.08651998,0
0.0,0.0,0.0,1.0,0.11467671,0
0.0,0.0,0.0,1.0,0.17884913,0
0.0,0.0,0.0,1.0,0.14194843,0
0.0,0.0,0.0,1.0,0.19474271,0
0.0,0.0,0.0,1.0,0.09647579,0
0.0,0.0,0.0,1.0,0.117511205,0
1.0,1.0,0.0,1.0,0.08215059,0
0.0,0.0,0.0,1.0,0.12820561,0
0.0,0.0,0.0,1.0,0.074807614,0
0.0,0.0,0.0,1.0,0.22115098,0
0.0,0.0,0.0,1.0,0.17430377,0
0.0,0.0,0.0,1.0,0.15340509,0
0.0,0.0,0.0,0.8387756,0.06185884,0
0.0,0.0,0.0,1.0,0.13512823,0
1.0,1.0,0.0,1.0,0.043116983,0
0.0,0.0,0.0,1.0,0.08215059,0
0.0,0.0,0.0,0.7084649,0.06953007,0
0.0,0.0,0.0,1.0,0.1558732,0
0.0,0.0,0.0,1.0,0.18179382,0
0.0,0.0,0.0,0.878479,0.092756756,0
0.0,0.0,0.0,1.0,0.23132564,0
0.0,0.0,0.0,1.0,0.10391843,0
0.0,0.0,0.0,1.0,0.06030022,0
1.0,1.0,0.0,0.3483203,0.05746601,1
0.0,0.0,0.0,1.0,0.12820561,0
1.0,1.0,0.0,0.7084649,0.06953007,0
0.0,0.0,0.0,1.0,0.20119618,0
0.0,0.0,0.0,1.0,0.113193505,0
0.0,0.0,0.0,0.87117904,0.07809352,0
0.0,0.0,0.0,1.0,0.28115156,0
0.0,0.0,0.0,1.0,0.16838267,0
0.0,0.0,0.0,1.0,0.101218395,0
1.0,1.0,0.0,0.7186922,0.08651998,0
0.0,0.0,0.0,1.0,0.074807614,0
1.0,1.0,0.0,1.0,0.1558732,0
0.0,0.0,0.0,1.0,0.20119618,0
0.0,0.0,0.0,1.0,0.2838443,0
0.0,0.0,0.0,1.0,0.24854434,0
0.0,0.0,0.0,1.0,0.080508195,0
0.0,0.0,0.0,0.6930041,0.08405388,0
0.0,0.0,0.0,1.0,0.20372179,0
1.0,1.0,0.0,1.0,0.11467671,0
0.0,0.0,0.0,1.0,0.22115098,0
1.0,1.0,0.0,1.0,0.18179382,0
0.0,0.0,0.0,1.0,0.113193505,0
0.0,0.0,0.0,1.0,0.2838443,0
0.0,0.0,0.0,1.0,0.1618197,0
0.0,0.0,0.0,1.0,0.36326477,0
0.0,0.0,0.0,1.0,0.27298972,0
0.0,0.0,0.0,1.0,0.2098577,0
1.0,1.0,0.0,1.0,0.17884913,0
0.0,0.0,0.0,1.0,0.17430377,0
1.0,1.0,0.0,0.878479,0.092756756,0
0.0,0.0,0.0,0.87117904,0.07809352,0
0.0,0.0,0.0,1.0,0.24854434,0
0.0,0.0,0.0,1.0,0.1618197,0
0.0,0.0,0.0,1.0,0.32379153,0
0.0,0.0,0.0,1.0,0.19126639,0
0.0,0.0,0.0,1.0,0.06779732,0
1.0,1.0,0.0,1.0,0.14194843,0
0.0,0.0,0.0,1.0,0.15340509,0
1.0,1.0,0.0,1.0,0.23132564,0
0.0,0.0,0.0,1.0,0.28115156,0
0.0,0.0,0.0,1.0,0.080508195,0
0.0,0.0,0.0,1.0,0.36326477,0
0.0,0.0,0.0,1.0,0.32379153,0
0.0,0.0,0.0,1.0,0.14004195,0
0.0,0.0,0.0,1.0,0.27243176,0
1.0,1.0,0.0,1.0,0.19474271,0
0.0,0.0,0.0,0.8387756,0.06185884,0
1.0,1.0,0.0,1.0,0.10391843,0
0.0,0.0,0.0,1.0,0.16838267,0
0.0,0.0,0.0,0.6930041,0.08405388,0
0.0,0.0,0.0,1.0,0.27298972,0
0.0,0.0,0.0,1.0,0.19126639,0
0.0,0.0,0.0,1.0,0.14004195,0
0.0,0.0,0.0,1.0,0.13384561,0
1.0,1.0,0.0,1.0,0.09647579,0
0.0,0.0,0.0,1.0,0.13512823,0
1.0,1.0,0.0,1.0,0.06030022,0
0.0,0.0,0.0,1.0,0.101218395,0
0.0,0.0,0.0,1.0,0.20372179,0
0.0,0.0,0.0,1.0,0.2098577,0
0.0,0.0,0.0,1.0,0.06779732,0
0.0,0.0,0.0,1.0,0.27243176,0
0.0,0.0,0.0,1.0,0.13384561,0
1.0,1.0,0.0,1.0,0.117511205,0
0.0,0.0,0.0,1.0,0.043116983,0
1.0,1.0,0.0,0.3483203,0.05746601,1
0.0,0.0,0.0,0.7186922,0.08651998,0
0.0,0.0,0.0,1.0,0.11467671,0
0.0,0.0,0.0,1.0,0.17884913,0
0.0,0.0,0.0,1.0,0.14194843,0
0.0,0.0,0.0,1.0,0.19474271,0
0.0,0.0,0.0,1.0,0.09647579,0
0.0,0.0,0.0,1.0,0.117511205,0
1.0,1.0,0.0,1.0,0.08215059,0
0.0,0.0,0.0,1.0,0.12820561,0
0.0,0.0,0.0,1.0,0.074807614,0
0.0,0.0,0.0,1.0,0.22115098,0
0.0,0.0,0.0,1.0,0.17430377,0
0.0,0.0,0.0,1.0,0.15340509,0
0.0,0.0,0.0,0.8388169,0.06185884,0
0.0,0.0,0.0,1.0,0.13512823,0
1.0,1.0,0.0,1.0,0.043116983,0
0.0,0.0,0.0,1.0,0.08215059,0
0.0,0.0,0.0,0.7077863,0.06953007,0
0.0,0.0,0.0,1.0,0.1558732,0
0.0,0.0,0.0,1.0,0.18179382,0
0.0,0.0,0.0,0.8775522,0.092756756,0
0.0,0.0,0.0,1.0,0.23132564,0
0.0,0.0,0.0,1.0,0.10391843,0
0.0,0.0,0.0,1.0,0.06030022,0
1.0,1.0,0.0,0.34774765,0.05746601,1
0.0,0.0,0.0,1.0,0.12820561,0
1.0,1.0,0.0,0.7077863,0.06953007,0
0.0,0.0,0.0,1.0,0.20119618,0
0.0,0.0,0.0,1.0,0.113193505,0
0.0,0.0,0.0,0.8703984,0.07809352,0
0.0,0.0,0.0,1.0,0.28115156,0
0.0,0.0,0.0,1.0,0.16838267,0
0.0,0.0,0.0,1.0,0.101218395,0
1.0,1.0,0.0,0.7179132,0.08651998,0
0.0,0.0,0.0,1.0,0.074807614,0
1.0,1.0,0.0,1.0,0.1558732,0
0.0,0.0,0.0,1.0,0.20119618,0
0.0,0.0,0.0,1.0,0.2838443,0
0.0,0.0,0.0,1.0,0.24854434,0
0.0,0.0,0.0,1.0,0.080508195,0
0.0,0.0,0.0,0.6922196,0.08405388,0
0.0,0.0,0.0,1.0,0.20372179,0
1.0,1.0,0.0,1.0,0.11467671,0
0.0,0.0,0.0,1.0,0.22115098,0
1.0,1.0,0.0,1.0,0.18179382,0
0.0,0.0,0.0,1.0,0.113193505,0
0.0,0.0,0.0,1.0,0.2838443,0
0.0,0.0,0.0,1.0,0.1618197,0
0.0,0.0,0.0,1.0,0.36326477,0
0.0,0.0,0.0,1.0,0.27298972,0
0.0,0.0,0.0,1.0,0.2098577,0
1.0,1.0,0.0,1.0,0.17884913,0
0.0,0.0,0.0,1.0,0.17430377,0
1.0,1.0,0.0,0.8775522,0.092756756,0
0.0,0.0,0.0,0.8703984,0.07809352,0
0.0,0.0,0.0,1.0,0.24854434,0
0.0,0.0,0.0,1.0,0.1618197,0
0.0,0.0,0.0,1.0,0.32379153,0
0.0,0.0,0.0,1.0,0.19126639,0
0.0,0.0,0.0,1.0,0.06779732,0
1.0,1.0,0.0,1.0,0.14194843,0
0.0,0.0,0.0,1.0,0.15340509,0
1.0,1.0,0.0,1.0,0.23132564,0
0.0,0.0,0.0,1.0,0.28115156,0
0.0,0.0,0.0,1.0,0.080508195,0
0.0,0.0,0.0,1.0,0.36326477,0
0.0,0.0,0.0,1.0,0.32379153,0
0.0,0.0,0.0,1.0,0.14004195,0
0.0,0.0,0.0,1.0,0.27243176,0
1.0,1.0,0.0,1.0,0.19474271,0
0.0,0.0,0.0,0.8388169,0.06185884,0
1.0,1.0,0.0,1.0,0.10391843,0
0.0,0.0,0.0,1.0,0.16838267,0
0.0,0.0,0.0,0.6922196,0.08405388,0
0.0,0.0,0.0,1.0,0.27298972,0
0.0,0.0,0.0,1.0,0.19126639,0
0.0,0.0,0.0,1.0,0.14004195,0
0.0,0.0,0.0,1.0,0.13384561,0
1.0,1.0,0.0,1.0,0.09647579,0
0.0,0.0,0.0,1.0,0.13512823,0
1.0,1.0,0.0,1.0,0.06030022,0
0.0,0.0,0.0,1.0,0.101218395,0
0.0,0.0,0.0,1.0,0.20372179,0
0.0,0.0,0.0,1.0,0.2098577,0
0.0,0.0,0.0,1.0,0.06779732,0
0.0,0.0,0.0,1.0,0.27243176,0
0.0,0.0,0.0,1.0,0.13384561,0
1.0,1.0,0.0,1.0,0.117511205,0
0.0,0.0,0.0,1.0,0.043116983,0
1.0,1.0,0.0,0.34774765,0.05746601,1
0.0,0.0,0.0,0.7179132,0.08651998,0
0.0,0.0,0.0,1.0,0.11467671,0
0.0,0.0,0.0,1.0,0.17884913,0
0.0,0.0,0.0,1.0,0.14194843,0
0.0,0.0,0.0,1.0,0.19474271,0
0.0,0.0,0.0,1.0,0.09647579,0
0.0,0.0,0.0,1.0,0.117511205,0
1.0,1.0,0.0,1.0,0.08215059,0
0.0,0.0,0.0,1.0,0.12820561,0
0.0,0.0,0.0,1.0,0.074807614,0
0.0,0.0,0.0,1.0,0.22115098,0
0.0,0.0,0.0,1.0,0.17430377,0
0.0,0.0,0.0,1.0,0.15340509,0
0.0,0.0,0.0,0.83885866,0.06185884,0
0.0,0.0,0.0,1.0,0.13512823,0
1.0,1.0,0.0,1.0,0.043116983,0
0.0,0.0,0.0,1.0,0.08215059,0
0.0,0.0,0.0,0.7071077,0.06953007,0
0.0,0.0,0.0,1.0,0.1558732,0
0.0,0.0,0.0,1.0,0.18179382,0
0.0,0.0,0.0,0.87662536,0.092756756,0
0.0,0.0,0.0,1.0,0.23132564,0
0.0,0.0,0.0,1.0,0.10391843,0
0.0,0.0,0.0,1.0,0.06030022,0
1.0,1.0,0.0,0.34717497,0.05746601,1
0.0,0.0,0.0,1.0,0.12820561,0
1.0,1.0,0.0,0.7071077,0.06953007,0
0.0,0.0,0.0,1.0,0.20119618,0
0.0,0.0,0.0,1.0,0.113193505,0
0.0,0.0,0.0,0.8696178,0.07809352,0
0.0,0.0,0.0,1.0,0.28115156,0
0.0,0.0,0.0,1.0,0.16838267,0
0.0,0.0,0.0,1.0,0.101218395,0
1.0,1.0,0.0,0.7171345,0.08651998,0
0.0,0.0,0.0,1.0,0.074807614,0
1.0,1.0,0.0,1.0,0.1558732,0
0.0,0.0,0.0,1.0,0.20119618,0
0.0,0.0,0.0,1.0,0.2838443,0
0.0,0.0,0.0,1.0,0.24854434,0
0.0,0.0,0.0,1.0,0.080508195,0
0.0,0.0,0.0,0.6914353,0.08405388,0
0.0,0.0,0.0,1.0,0.20372179,0
1.0,1.0,0.0,1.0,0.11467671,0
0.0,0.0,0.0,1.0,0.22115098,0
1.0,1.0,0.0,1.0,0.18179382,0
0.0,0.0,0.0,1.0,0.113193505,0
0.0,0.0,0.0,1.0,0.2838443,0
0.0,0.0,0.0,1.0,0.1618197,0
0.0,0.0,0.0,1.0,0.36326477,0
0.0,0.0,0.0,1.0,0.27298972,0
0.0,0.0,0.0,1.0,0.2098577,0
1.0,1.0,0.0,1.0,0.17884913,0
0.0,0.0,0.0,1.0,0.17430377,0
1.0,1.0,0.0,0.87662536,0.092756756,0
0.0,0.0,0.0,0.8696178,0.07809352,0
0.0,0.0,0.0,1.0,0.24854434,0
0.0,0.0,0.0,1.0,0.1618197,0
0.0,0.0,0.0,1.0,0.32379153,0
0.0,0.0,0.0,1.0,0.19126639,0
0.0,0.0,0.0,1.0,0.06779732,0
1.0,1.0,0.0,1.0,0.14194843,0
0.0,0.0,0.0,1.0,0.15340509,0
1.0,1.0,0.0,1.0,0.23132564,0
0.0,0.0,0.0,1.0,0.28115156,0
0.0,0.0,0.0,1.0,0.080508195,0
0.0,0.0,0.0,1.0,0.36326477,0
0.0,0.0,0.0,1.0,0.32379153,0
0.0,0.0,0.0,1.0,0.14004195,0
0.0,0.0,0.0,1.0,0.27243176,0
1.0,1.0,0.0,1.0,0.19474271,0
0.0,0.0,0.0,0.83885866,0.06185884,0
1.0,1.0,0.0,1.0,0.10391843,0
0.0,0.0,0.0,1.0,0.16838267,0
0.0,0.0,0.0,0.6914353,0.08405388,0
0.0,0.0,0.0,1.0,0.27298972,0
0.0,0.0,0.0,1.0,0.19126639,0
0.0,0.0,0.0,1.0,0.14004195,0
0.0,0.0,0.0,1.0,0.13384561,0
1.0,1.0,0.0,1.0,0.09647579,0
0.0,0.0,0.0,1.0,0.13512823,0
1.0,1.0,0.0,1.0,0.06030022,0
0.0,0.0,0.0,1.0,0.101218395,0
0.0,0.0,0.0,1.0,0.20372179,0
0.0,0.0,0.0,1.0,0.2098577,0
0.0,0.0,0.0,1.0,0.06779732,0
0.0,0.0,0.0,1.0,0.27243176,0
0.0,0.0,0.0,1.0,0.13384561,0
1.0,1.0,0.0,1.0,0.117511205,0
0.0,0.0,0.0,1.0,0.043116983,0
1.0,1.0,0.0,0.34717497,0.05746601,1
0.0,0.0,0.0,0.7171345,0.08651998,0
0.0,0.0,0.0,1.0,0.11467671,0
0.0,0.0,0.0,1.0,0.17884913,0
0.0,0.0,0.0,1.0,0.14194843,0
0.0,0.0,0.0,1.0,0.19474271,0
0.0,0.0,0.0,1.0,0.09647579,0
0.0,0.0,0.0,1.0,0.117511205,0
1.0,1.0,0.0,1.0,0.08215059,0
0.0,0.0,0.0,1.0,0.12820561,0
0.0,0.0,0.0,1.0,0.074807614,0
0.0,0.0,0.0,1.0,0.22115098,0
0.0,0.0,0.0,1.0,0.17430377,0
0.0,0.0,0.0,1.0,0.15340509,0
0.0,0.0,0.0,0.83890086,0.06185884,0
0.0,0.0,0.0,1.0,0.13512823,0
1.0,1.0,0.0,1.0,0.043116983,0
0.0,0.0,0.0,1.0,0.08215059,0
0.0,0.0,0.0,0.7064292,0.06953007,0
0.0,0.0,0.0,1.0,0.1558732,0
0.0,0.0,0.0,1.0,0.18179382,0
0.0,0.0,0.0,0.87569857,0.092756756,0
0.0,0.0,0.0,1.0,0.23132564,0
0.0,0.0,0.0,1.0,0.10391843,0
0.0,0.0,0.0,1.0,0.06030022,0
1.0,1.0,0.0,0.34660232,0.05746601,1
0.0,0.0,0.0,1.0,0.12820561,0
1.0,1.0,0.0,0.7064292,0.06953007,0
0.0,0.0,0.0,1.0,0.20119618,0
0.0,0.0,0.0,1.0,0.113193505,0
0.0,0.0,0.0,0.8688372,0.07809352,0
0.0,0.0,0.0,1.0,0.28115156,0
0.0,0.0,0.0,1.0,0.16838267,0
0.0,0.0,0.0,1.0,0.101218395,0
1.0,1.0,0.0,0.716356,0.08651998,0
0.0,0.0,0.0,1.0,0.074807614,0
1.0,1.0,0.0,1.0,0.1558732,0
0.0,0.0,0.0,1.0,0.20119618,0
0.0,0.0,0.0,1.0,0.2838443,0
0.0,0.0,0.0,1.0,0.24854434,0
0.0,0.0,0.0,1.0,0.080508195,0
0.0,0.0,0.0,0.6906511,0.08405388,0
0.0,0.0,0.0,1.0,0.20372179,0
1.0,1.0,0.0,1.0,0.11467671,0
0.0,0.0,0.0,1.0,0.22115098,0
1.0,1.0,0.0,1.0,0.18179382,0
0.0,0.0,0.0,1.0,0.113193505,0
0.0,0.0,0.0,1.0,0.2838443,0
0.0,0.0,0.0,1.0,0.1618197,0
0.0,0.0,0.0,1.0,0.36326477,0
0.0,0.0,0.0,1.0,0.27298972,0
0.0,0.0,0.0,1.0,0.2098577,0
1.0,1.0,0.0,1.0,0.17884913,0
0.0,0.0,0.0,1.0,0.17430377,0
1.0,1.0,0.0,0.87569857,0.092756756,0
0.0,0.0,0.0,0.8688372,0.07809352,0
0.0,0.0,0.0,1.0,0.24854434,0
0.0,0.0,0.0,1.0,0.1618197,0
0.0,0.0,0.0,1.0,0.32379153,0
0.0,0.0,0.0,1.0,0.19126639,0
0.0,0.0,0.0,1.0,0.06779732,0
1.0,1.0,0.0,1.0,0.14194843,0
0.0,0.0,0.0,1.0,0.15340509,0
1.0,1.0,0.0,1.0,0.23132564,0
0.0,0.0,0.0,1.0,0.28115156,0
0.0,0.0,0.0,1.0,0.080508195,0
0.0,0.0,0.0,1.0,0.36326477,0
0.0,0.0,0.0,1.0,0.32379153,0
0.0,0.0,0.0,1.0,0.14004195,0
0.0,0.0,0.0,1.0,0.27243176,0
1.0,1.0,0.0,1.0,0.19474271,0
0.0,0.0,0.0,0.83890086,0.06185884,0
1.0,1.0,0.0,1.0,0.10391843,0
0.0,0.0,0.0,1.0,0.16838267,0
0.0,0.0,0.0,0.6906511,0.08405388,0
0.0,0.0,0.0,1.0,0.27298972,0
0.0,0.0,0.0,1.0,0.19126639,0
0.0,0.0,0.0,1.0,0.14004195,0
0.0,0.0,0.0,1.0,0.13384561,0
1.0,1.0,0.0,1.0,0.09647579,0
0.0,0.0,0.0,1.0,0.13512823,0
1.0,1.0,0.0,1.0,0.06030022,0
0.0,0.0,0.0,1.0,0.101218395,0
0.0,0.0,0.0,1.0,0.20372179,0
0.0,0.0,0.0,1.0,0.2098577,0
0.0,0.0,0.0,1.0,0.06779732,0
0.0,0.0,0.0,1.0,0.27243176,0
0.0,0.0,0.0,1.0,0.13384561,0
1.0,1.0,0.0,1.0,0.117511205,0
0.0,0.0,0.0,1.0,0.043116983,0
1.0,1.0,0.0,0.34660232,0.05746601,1
0.0,0.0,0.0,0.716356,0.08651998,0
0.0,0.0,0.0,1.0,0.11467671,0
0.0,0.0,0.0,1.0,0.17884913,0
0.0,0.0,0.0,1.0,0.14194843,0
0.0,0.0,0.0,1.0,0.19474271,0
0.0,0.0,0.0,1.0,0.09647579,0
0.0,0.0,0.0,1.0,0.117511205,0
1.0,1.0,0.0,1.0,0.08215059,0
0.0,0.0,0.0,1.0,0.12820561,0
0.0,0.0,0.0,1.0,0.074807614,0
0.0,0.0,0.0,1.0,0.22115098,0
0.0,0.0,0.0,1.0,0.17430377,0
0.0,0.0,0.0,1.0,0.15340509,0
0.0,0.0,0.0,0.8389435,0.06185884,0
0.0,0.0,0.0,1.0,0.13512823,0
1.0,1.0,0.0,1.0,0.043116983,0
0.0,0.0,0.0,1.0,0.08215059,0
0.0,0.0,0.0,0.7057507,0.06953007,0
0.0,0.0,0.0,1.0,0.1558732,0
0.0,0.0,0.0,1.0,0.18179382,0
0.0,0.0,0.0,0.8747718,0.092756756,0
0.0,0.0,0.0,1.0,0.23132564,0
0.0,0.0,0.0,1.0,0.10391843,0
0.0,0.0,0.0,1.0,0.06030022,0
1.0,1.0,0.0,0.34602967,0.05746601,1
0.0,0.0,0.0,1.0,0.12820561,0
1.0,1.0,0.0,0.7057507,0.06953007,0
0.0,0.0,0.0,1.0,0.20119618,0
0.0,0.0,0.0,1.0,0.113193505,0
0.0,0.0,0.0,0.86805654,0.07809352,0
0.0,0.0,0.0,1.0,0.28115156,0
0.0,0.0,0.0,1.0,0.16838267,0
0.0,0.0,0.0,1.0,0.101218395,0
1.0,1.0,0.0,0.7155776,0.08651998,0
0.0,0.0,0.0,1.0,0.074807614,0
1.0,1.0,0.0,1.0,0.1558732,0
0.0,0.0,0.0,1.0,0.20119618,0
0.0,0.0,0.0,1.0,0.2838443,0
0.0,0.0,0.0,1.0,0.24854434,0
0.0,0.0,0.0,1.0,0.080508195,0
0.0,0.0,0.0,0.689867,0.08405388,0
0.0,0.0,0.0,1.0,0.20372179,0
1.0,1.0,0.0,1.0,0.11467671,0
0.0,0.0,0.0,1.0,0.22115098,0
1.0,1.0,0.0,1.0,0.18179382,0
0.0,0.0,0.0,1.0,0.113193505,0
0.0,0.0,0.0,1.0,0.2838443,0
0.0,0.0,0.0,1.0,0.1618197,0
0.0,0.0,0.0,1.0,0.36326477,0
0.0,0.0,0.0,1.0,0.27298972,0
0.0,0.0,0.0,1.0,0.2098577,0
1.0,1.0,0.0,1.0,0.17884913,0
0.0,0.0,0.0,1.0,0.17430377,0
1.0,1.0,0.0,0.8747718,0.092756756,0
0.0,0.0,0.0,0.86805654,0.07809352,0
0.0,0.0,0.0,1.0,0.24854434,0
0.0,0.0,0.0,1.0,0.1618197,0
0.0,0.0,0.0,1.0,0.32379153,0
0.0,0.0,0.0,1.0,0.19126639,0
0.0,0.0,0.0,1.0,0.06779732,0
1.0,1.0,0.0,1.0,0.14194843,0
0.0,0.0,0.0,1.0,0.15340509,0
1.0,1.0,0.0,1.0,0.23132564,0
0.0,0.0,0.0,1.0,0.28115156,0
0.0,0.0,0.0,1.0,0.080508195,0
0.0,0.0,0.0,1.0,0.36326477,0
0.0,0.0,0.0,1.0,0.32379153,0
0.0,0.0,0.0,1.0,0.14004195,0
0.0,0.0,0.0,1.0,0.27243176,0
1.0,1.0,0.0,1.0,0.19474271,0
0.0,0.0,0.0,0.8389435,0.06185884,0
1.0,1.0,0.0,1.0,0.10391843,0
0.0,0.0,0.0,1.0,0.16838267,0
0.0,0.0,0.0,0.689867,0.08405388,0
0.0,0.0,0.0,1.0,0.27298972,0
0.0,0.0,0.0,1.0,0.19126639,0
0.0,0.0,0.0,1.0,0.14004195,0
0.0,0.0,0.0,1.0,0.13384561,0
1.0,1.0,0.0,1.0,0.09647579,0
0.0,0.0,0.0,1.0,0.13512823,0
1.0,1.0,0.0,1.0,0.06030022,0
0.0,0.0,0.0,1.0,0.101218395,0
0.0,0.0,0.0,1.0,0.20372179,0
0.0,0.0,0.0,1.0,0.2098577,0
0.0,0.0,0.0,1.0,0.06779732,0
0.0,0.0,0.0,1.0,0.27243176,0
0.0,0.0,0.0,1.0,0.13384561,0
1.0,1.0,0.0,1.0,0.117511205,0
0.0,0.0,0.0,1.0,0.043116983,0
1.0,1.0,0.0,0.34602967,0.05746601,1
0.0,0.0,0.0,0.7155776,0.08651998,0
0.0,0.0,0.0,1.0,0.11467671,0
0.0,0.0,0.0,1.0,0.17884913,0
0.0,0.0,0.0,1.0,0.14194843,0
0.0,0.0,0.0,1.0,0.19474271,0
0.0,0.0,0.0,1.0,0.09647579,0
0.0,0.0,0.0,1.0,0.117511205,0
1.0,1.0,0.0,1.0,0.08215059,0
0.0,0.0,0.0,1.0,0.12820561,0
0.0,0.0,0.0,1.0,0.074807614,0
0.0,0.0,0.0,1.0,0.22115098,0
0.0,0.0,0.0,1.0,0.17430377,0
0.0,0.0,0.0,1.0,0.15340509,0
0.0,0.0,0.0,0.83898664,0.06185884,0
0.0,0.0,0.0,1.0,0.13512823,0
1.0,1.0,0.0,1.0,0.043116983,0
0.0,0.0,0.0,1.0,0.08215059,0
0.0,0.0,0.0,0.7050722,0.06953007,0
0.0,0.0,0.0,1.0,0.1558732,0
0.0,0.0,0.0,1.0,0.18179382,0
0.0,0.0,0.0,0.873845,0.092756756,0
0.0,0.0,0.0,1.0,0.23132564,0
0.0,0.0,0.0,1.0,0.10391843,0
0.0,0.0,0.0,1.0,0.06030022,0
1.0,1.0,0.0,0.34545702,0.05746601,1
0.0,0.0,0.0,1.0,0.12820561,0
1.0,1.0,0.0,0.7050722,0.06953007,0
0.0,0.0,0.0,1.0,0.20119618,0
0.0,0.0,0.0,1.0,0.113193505,0
0.0,0.0,0.0,0.86727595,0.07809352,0
0.0,0.0,0.0,1.0,0.28115156,0
0.0,0.0,0.0,1.0,0.16838267,0
0.0,0.0,0.0,1.0,0.101218395,0
1.0,1.0,0.0,0.71479946,0.08651998,0
0.0,0.0,0.0,1.0,0.074807614,0
1.0,1.0,0.0,1.0,0.1558732,0
0.0,0.0,0.0,1.0,0.20119618,0
0.0,0.0,0.0,1.0,0.2838443,0
0.0,0.0,0.0,1.0,0.24854434,0
0.0,0.0,0.0,1.0,0.080508195,0
0.0,0.0,0.0,0.6890831,0.08405388,0
0.0,0.0,0.0,1.0,0.20372179,0
1.0,1.0,0.0,1.0,0.11467671,0
0.0,0.0,0.0,1.0,0.22115098,0
1.0,1.0,0.0,1.0,0.18179382,0
0.0,0.0,0.0,1.0,0.113193505,0
0.0,0.0,0.0,1.0,0.2838443,0
0.0,0.0,0.0,1.0,0.1618197,0
0.0,0.0,0.0,1.0,0.36326477,0
0.0,0.0,0.0,1.0,0.27298972,0
0.0,0.0,0.0,1.0,0.2098577,0
1.0,1.0,0.0,1.0,0.17884913,0
0.0,0.0,0.0,1.0,0.17430377,0
1.0,1.0,0.0,0.873845,0.092756756,0
0.0,0.0,0.0,0.86727595,0.07809352,0
0.0,0.0,0.0,1.0,0.24854434,0
0.0,0.0,0.0,1.0,0.1618197,0
0.0,0.0,0.0,1.0,0.32379153,0
0.0,0.0,0.0,1.0,0.19126639,0
0.0,0.0,0.0,1.0,0.06779732,0
1.0,1.0,0.0,1.0,0.14194843,0
0.0,0.0,0.0,1.0,0.15340509,0
1.0,1.0,0.0,1.0,0.23132564,0
0.0,0.0,0.0,1.0,0.28115156,0
0.0,0.0,0.0,1.0,0.080508195,0
0.0,0.0,0.0,1.0,0.36326477,0
0.0,0.0,0.0,1.0,0.32379153,0
0.0,0.0,0.0,1.0,0.14004195,0
0.0,0.0,0.0,1.0,0.27243176,0
1.0,1.0,0.0,1.0,0.19474271,0
0.0,0.0,0.0,0.83898664,0.06185884,0
1.0,1.0,0.0,1.0,0.10391843,0
0.0,0.0,0.0,1.0,0.16838267,0
0.0,0.0,0.0,0.6890831,0.08405388,0
0.0,0.0,0.0,1.0,0.27298972,0
0.0,0.0,0.0,1.0,0.19126639,0
0.0,0.0,0.0,1.0,0.14004195,0
0.0,0.0,0.0,1.0,0.13384561,0
1.0,1.0,0.0,1.0,0.09647579,0
0.0,0.0,0.0,1.0,0.13512823,0
1.0,1.0,0.0,1.0,0.06030022,0
0.0,0.0,0.0,1.0,0.101218395,0
0.0,0.0,0.0,1.0,0.20372179,0
0.0,0.0,0.0,1.0,0.2098577,0
0.0,0.0,0.0,1.0,0.06779732,0
0.0,0.0,0.0,1.0,0.27243176,0
0.0,0.0,0.0,1.0,0.13384561,0
1.0,1.0,0.0,1.0,0.117511205,0
0.0,0.0,0.0,1.0,0.043116983,0
1.0,1.0,0.0,0.34545702,0.05746601,1
0.0,0.0,0.0,0.71479946,0.08651998,0
0.0,0.0,0.0,1.0,0.11467671,0
0.0,0.0,0.0,1.0,0.17884913,0
0.0,0.0,0.0,1.0,0.14194843,0
0.0,0.0,0.0,1.0,0.19474271,0
0.0,0.0,0.0,1.0,0.09647579,0
0.0,0.0,0.0,1.0,0.117511205,0
1.0,1.0,0.0,1.0,0.08215059,0
0.0,0.0,0.0,1.0,0.12820561,0
0.0,0.0,0.0,1.0,0.074807614,0
0.0,0.0,0.0,1.0,0.22115098,0
0.0,0.0,0.0,1.0,0.17430377,0
0.0,0.0,0.0,1.0,0.15340509,0
0.0,0.0,0.0,0.8390302,0.06185884,0
0.0,0.0,0.0,1.0,0.13512823,0
1.0,1.0,0.0,1.0,0.043116983,0
0.0,0.0,0.0,1.0,0.08215059,0
0.0,0.0,0.0,0.7043938,0.06953007,0
0.0,0.0,0.0,1.0,0.1558732,0
0.0,0.0,0.0,1.0,0.18179382,0
0.0,0.0,0.0,0.8729182,0.092756756,0
0.0,0.0,0.0,1.0,0.23132564,0
0.0,0.0,0.0,1.0,0.10391843,0
0.0,0.0,0.0,1.0,0.06030022,0
1.0,1.0,0.0,0.34488437,0.05746601,1
0.0,0.0,0.0,1.0,0.12820561,0
1.0,1.0,0.0,0.7043938,0.06953007,0
0.0,0.0,0.0,1.0,0.20119618,0
0.0,0.0,0.0,1.0,0.113193505,0
0.0,0.0,0.0,0.8664953,0.07809352,0
0.0,0.0,0.0,1.0,0.28115156,0
0.0,0.0,0.0,1.0,0.16838267,0
0.0,0.0,0.0,1.0,0.101218395,0
1.0,1.0,0.0,0.7140215,0.08651998,0
0.0,0.0,0.0,1.0,0.074807614,0
1.0,1.0,0.0,1.0,0.1558732,0
0.0,0.0,0.0,1.0,0.20119618,0
0.0,0.0,0.0,1.0,0.2838443,0
0.0,0.0,0.0,1.0,0.24854434,0
0.0,0.0,0.0,1.0,0.080508195,0
0.0,0.0,0.0,0.6882993,0.08405388,0
0.0,0.0,0.0,1.0,0.20372179,0
1.0,1.0,0.0,1.0,0.11467671,0
0.0,0.0,0.0,1.0,0.22115098,0
1.0,1.0,0.0,1.0,0.18179382,0
0.0,0.0,0.0,1.0,0.113193505,0
0.0,0.0,0.0,1.0,0.2838443,0
0.0,0.0,0.0,1.0,0.1618197,0
0.0,0.0,0.0,1.0,0.36326477,0
0.0,0.0,0.0,1.0,0.27298972,0
0.0,0.0,0.0,1.0,0.2098577,0
1.0,1.0,0.0,1.0,0.17884913,0
0.0,0.0,0.0,1.0,0.17430377,0
1.0,1.0,0.0,0.8729182,0.092756756,0
0.0,0.0,0.0,0.8664953,0.07809352,0
0.0,0.0,0.0,1.0,0.24854434,0
0.0,0.0,0.0,1.0,0.1618197,0
0.0,0.0,0.0,1.0,0.32379153,0
0.0,0.0,0.0,1.0,0.19126639,0
0.0,0.0,0.0,1.0,0.06779732,0
1.0,1.0,0.0,1.0,0.14194843,0
0.0,0.0,0.0,1.0,0.15340509,0
1.0,1.0,0.0,1.0,0.23132564,0
0.0,0.0,0.0,1.0,0.28115156,0
0.0,0.0,0.0,1.0,0.080508195,0
0.0,0.0,0.0,1.0,0.36326477,0
0.0,0.0,0.0,1.0,0.32379153,0
0.0,0.0,0.0,1.0,0.14004195,0
0.0,0.0,0.0,1.0,0.27243176,0
1.0,1.0,0.0,1.0,0.19474271,0
0.0,0.0,0.0,0.8390302,0.06185884,0
1.0,1.0,0.0,1.0,0.10391843,0
0.0,0.0,0.0,1.0,0.16838267,0
0.0,0.0,0.0,0.6882993,0.08405388,0
0.0,0.0,0.0,1.0,0.27298972,0
0.0,0.0,0.0,1.0,0.19126639,0
0.0,0.0,0.0,1.0,0.14004195,0
0.0,0.0,0.0,1.0,0.13384561,0
1.0,1.0,0.0,1.0,0.09647579,0
0.0,0.0,0.0,1.0,0.13512823,0
1.0,1.0,0.0,1.0,0.06030022,0
0.0,0.0,0.0,1.0,0.101218395,0
0.0,0.0,0.0,1.0,0.20372179,0
0.0,0.0,0.0,1.0,0.2098577,0
0.0,0.0,0.0,1.0,0.06779732,0
0.0,0.0,0.0,1.0,0.27243176,0
0.0,0.0,0.0,1.0,0.13384561,0
1.0,1.0,0.0,1.0,0.117511205,0
0.0,0.0,0.0,1.0,0.043116983,0
1.0,1.0,0.0,0.34488437,0.05746601,1
0.0,0.0,0.0,0.7140215,0.08651998,0
0.0,0.0,0.0,1.0,0.11467671,0
0.0,0.0,0.0,1.0,0.17884913,0
0.0,0.0,0.0,1.0,0.14194843,0
0.0,0.0,0.0,1.0,0.19474271,0
0.0,0.0,0.0,1.0,0.09647579,0
0.0,0.0,0.0,1.0,0.117511205,0
1.0,1.0,0.0,1.0,0.08215059,0
0.0,0.0,0.0,1.0,0.12820561,0
0.0,0.0,0.0,1.0,0.074807614,0
0.0,0.0,0.0,1.0,0.22115098,0
0.0,0.0,0.0,1.0,0.17430377,0
0.0,0.0,0.0,1.0,0.15340509,0
0.0,0.0,0.0,0.8390742,0.06185884,0
0.0,0.0,0.0,1.0,0.13512823,0
1.0,1.0,0.0,1.0,0.043116983,0
0.0,0.0,0.0,1.0,0.08215059,0
0.0,0.0,0.0,0.7037154,0.06953007,0
0.0,0.0,0.0,1.0,0.1558732,0
0.0,0.0,0.0,1.0,0.18179382,0
0.0,0.0,0.0,0.8719914,0.092756756,0
0.0,0.0,0.0,1.0,0.23132564,0
0.0,0.0,0.0,1.0,0.10391843,0
0.0,0.0,0.0,1.0,0.06030022,0
1.0,1.0,0.0,0.34431174,0.05746601,1
0.0,0.0,0.0,1.0,0.12820561,0
1.0,1.0,0.0,0.7037154,0.06953007,0
0.0,0.0,0.0,1.0,0.20119618,0
0.0,0.0,0.0,1.0,0.113193505,0
0.0,0.0,0.0,0.86571467,0.07809352,0
0.0,0.0,0.0,1.0,0.28115156,0
0.0,0.0,0.0,1.0,0.16838267,0
0.0,0.0,0.0,1.0,0.101218395,0
1.0,1.0,0.0,0.7132438,0.08651998,0
0.0,0.0,0.0,1.0,0.074807614,0
1.0,1.0,0.0,1.0,0.1558732,0
0.0,0.0,0.0,1.0,0.20119618,0
0.0,0.0,0.0,1.0,0.2838443,0
0.0,0.0,0.0,1.0,0.24854434,0
0.0,0.0,0.0,1.0,0.080508195,0
0.0,0.0,0.0,0.6875156,0.08405388,0
0.0,0.0,0.0,1.0,0.20372179,0
1.0,1.0,0.0,1.0,0.11467671,0
0.0,0.0,0.0,1.0,0.22115098,0
1.0,1.0,0.0,1.0,0.18179382,0
0.0,0.0,0.0,1.0,0.113193505,0
0.0,0.0,0.0,1.0,0.2838443,0
0.0,0.0,0.0,1.0,0.1618197,0
0.0,0.0,0.0,1.0,0.36326477,0
0.0,0.0,0.0,1.0,0.27298972,0
0.0,0.0,0.0,1.0,0.2098577,0
1.0,1.0,0.0,1.0,0.17884913,0
0.0,0.0,0.0,1.0,0.17430377,0
1.0,1.0,0.0,0.8719914,0.092756756,0
0.0,0.0,0.0,0.86571467,0.07809352,0
0.0,0.0,0.0,1.0,0.24854434,0
0.0,0.0,0.0,1.0,0.1618197,0
0.0,0.0,0.0,1.0,0.32379153,0
0.0,0.0,0.0,1.0,0.19126639,0
0.0,0.0,0.0,1.0,0.06779732,0
1.0,1.0,0.0,1.0,0.14194843,0
0.0,0.0,0.0,1.0,0.15340509,0
1.0,1.0,0.0,1.0,0.23132564,0
0.0,0.0,0.0,1.0,0.28115156,0
0.0,0.0,0.0,1.0,0.080508195,0
0.0,0.0,0.0,1.0,0.36326477,0
0.0,0.0,0.0,1.0,0.32379153,0
0.0,0.0,0.0,1.0,0.14004195,0
0.0,0.0,0.0,1.0,0.27243176,0
1.0,1.0,0.0,1.0,0.19474271,0
0.0,0.0,0.0,0.8390742,0.06185884,0
1.0,1.0,0.0,1.0,0.10391843,0
0.0,0.0,0.0,1.0,0.16838267,0
0.0,0.0,0.0,0.6875156,0.08405388,0
0.0,0.0,0.0,1.0,0.27298972,0
0.0,0.0,0.0,1.0,0.19126639,0
0.0,0.0,0.0,1.0,0.14004195,0
0.0,0.0,0.0,1.0,0.13384561,0
1.0,1.0,0.0,1.0,0.09647579,0
0.0,0.0,0.0,1.0,0.13512823,0
1.0,1.0,0.0,1.0,0.06030022,0
0.0,0.0,0.0,1.0,0.101218395,0
0.0,0.0,0.0,1.0,0.20372179,0
0.0,0.0,0.0,1.0,0.2098577,0
0.0,0.0,0.0,1.0,0.06779732,0
0.0,0.0,0.0,1.0,0.27243176,0
0.0,0.0,0.0,1.0,0.13384561,0
1.0,1.0,0.0,1.0,0.117511205,0
0.0,0.0,0.0,1.0,0.043116983,0
1.0,1.0,0.0,0.34431174,0.05746601,1
0.0,0.0,0.0,0.7132438,0.08651998,0
0.0,0.0,0.0,1.0,0.11467671,0
0.0,0.0,0.0,1.0,0.17884913,0
0.0,0.0,0.0,1.0,0.14194843,0
0.0,0.0,0.0,1.0,0.19474271,0
0.0,0.0,0.0,1.0,0.09647579,0
0.0,0.0,0.0,1.0,0.117511205,0
1.0,1.0,0.0,1.0,0.08215059,0
0.0,0.0,0.0,1.0,0.12820561,0
0.0,0.0,0.0,1.0,0.074807614,0
0.0,0.0,0.0,1.0,0.22115098,0
0.0,0.0,0.0,1.0,0.17430377,0
0.0,0.0,0.0,1.0,0.15340509,0
0.0,0.0,0.0,0.83911866,0.06185884,0
0.0,0.0,0.0,1.0,0.13512823,0
1.0,1.0,0.0,1.0,0.043116983,0
0.0,0.0,0.0,1.0,0.08215059,0
0.0,0.0,0.0,0.703037,0.06953007,0
0.0,0.0,0.0,1.0,0.1558732,0
0.0,0.0,0.0,1.0,0.18179382,0
0.0,0.0,0.0,0.8710646,0.092756756,0
0.0,0.0,0.0,1.0,0.23132564,0
0.0,0.0,0.0,1.0,0.10391843,0
0.0,0.0,0.0,1.0,0.06030022,0
1.0,1.0,0.0,0.34373912,0.05746601,1
0.0,0.0,0.0,1.0,0.12820561,0
1.0,1.0,0.0,0.703037,0.06953007,0
0.0,0.0,0.0,1.0,0.20119618,0
0.0,0.0,0.0,1.0,0.113193505,0
0.0,0.0,0.0,0.8649341,0.07809352,0
0.0,0.0,0.0,1.0,0.28115156,0
0.0,0.0,0.0,1.0,0.16838267,0
0.0,0.0,0.0,1.0,0.101218395,0
1.0,1.0,0.0,0.71246624,0.08651998,0
0.0,0.0,0.0,1.0,0.074807614,0
1.0,1.0,0.0,1.0,0.1558732,0
0.0,0.0,0.0,1.0,0.20119618,0
0.0,0.0,0.0,1.0,0.2838443,0
0.0,0.0,0.0,1.0,0.24854434,0
0.0,0.0,0.0,1.0,0.080508195,0
0.0,0.0,0.0,0.6867321,0.08405388,0
0.0,0.0,0.0,1.0,0.20372179,0
1.0,1.0,0.0,1.0,0.11467671,0
0.0,0.0,0.0,1.0,0.22115098,0
1.0,1.0,0.0,1.0,0.18179382,0
0.0,0.0,0.0,1.0,0.113193505,0
0.0,0.0,0.0,1.0,0.2838443,0
0.0,0.0,0.0,1.0,0.1618197,0
0.0,0.0,0.0,1.0,0.36326477,0
0.0,0.0,0.0,1.0,0.27298972,0
0.0,0.0,0.0,1.0,0.2098577,0
1.0,1.0,0.0,1.0,0.17884913,0
0.0,0.0,0.0,1.0,0.17430377,0
1.0,1.0,0.0,0.8710646,0.092756756,0
0.0,0.0,0.0,0.8649341,0.07809352,0
0.0,0.0,0.0,1.0,0.24854434,0
0.0,0.0,0.0,1.0,0.1618197,0
0.0,0.0,0.0,1.0,0.32379153,0
0.0,0.0,0.0,1.0,0.19126639,0
0.0,0.0,0.0,1.0,0.06779732,0
1.0,1.0,0.0,1.0,0.14194843,0
0.0,0.0,0.0,1.0,0.15340509,0
1.0,1.0,0.0,1.0,0.23132564,0
0.0,0.0,0.0,1.0,0.28115156,0
0.0,0.0,0.0,1.0,0.080508195,0
0.0,0.0,0.0,1.0,0.36326477,0
0.0,0.0,0.0,1.0,0.32379153,0
0.0,0.0,0.0,1.0,0.14004195,0
0.0,0.0,0.0,1.0,0.27243176,0
1.0,1.0,0.0,1.0,0.19474271,0
0.0,0.0,0.0,0.83911866,0.06185884,0
1.0,1.0,0.0,1.0,0.10391843,0
0.0,0.0,0.0,1.0,0.16838267,0
0.0,0.0,0.0,0.6867321,0.08405388,0
0.0,0.0,0.0,1.0,0.27298972,0
0.0,0.0,0.0,1.0,0.19126639,0
0.0,0.0,0.0,1.0,0.14004195,0
0.0,0.0,0.0,1.0,0.13384561,0
1.0,1.0,0.0,1.0,0.09647579,0
0.0,0.0,0.0,1.0,0.13512823,0
1.0,1.0,0.0,1.0,0.06030022,0
0.0,0.0,0.0,1.0,0.101218395,0
0.0,0.0,0.0,1.0,0.20372179,0
0.0,0.0,0.0,1.0,0.2098577,0
0.0,0.0,0.0,1.0,0.06779732,0
0.0,0.0,0.0,1.0,0.27243176,0
0.0,0.0,0.0,1.0,0.13384561,0
1.0,1.0,0.0,1.0,0.117511205,0
0.0,0.0,0.0,1.0,0.043116983,0
1.0,1.0,0.0,0.34373912,0.05746601,1
0.0,0.0,0.0,0.71246624,0.08651998,0
0.0,0.0,0.0,1.0,0.11467671,0
0.0,0.0,0.0,1.0,0.17884913,0
0.0,0.0,0.0,1.0,0.14194843,0
0.0,0.0,0.0,1.0,0.19474271,0
0.0,0.0,0.0,1.0,0.09647579,0
0.0,0.0,0.0,1.0,0.117511205,0
1.0,1.0,0.0,1.0,0.08215059,0
0.0,0.0,0.0,1.0,0.12820561,0
0.0,0.0,0.0,1.0,0.074807614,0
0.0,0.0,0.0,1.0,0.22115098,0
0.0,0.0,0.0,1.0,0.17430377,0
0.0,0.0,0.0,1.0,0.15340509,0
0.0,0.0,0.0,0.8391636,0.06185884,0
0.0,0.0,0.0,1.0,0.13512823,0
1.0,1.0,0.0,1.0,0.043116983,0
0.0,0.0,0.0,1.0,0.08215059,0
0.0,0.0,0.0,0.7023587,0.06953007,0
0.0,0.0,0.0,1.0,0.1558732,0
0.0,0.0,0.0,1.0,0.18179382,0
0.0,0.0,0.0,0.8701378,0.092756756,0
0.0,0.0,0.0,1.0,0.23132564,0
0.0,0.0,0.0,1.0,0.10391843,0
0.0,0.0,0.0,1.0,0.06030022,0
1.0,1.0,0.0,0.3431665,0.05746601,1
0.0,0.0,0.0,1.0,0.12820561,0
1.0,1.0,0.0,0.7023587,0.06953007,0
0.0,0.0,0.0,1.0,0.20119618,0
0.0,0.0,0.0,1.0,0.113193505,0
0.0,0.0,0.0,0.86415344,0.07809352,0
0.0,0.0,0.0,1.0,0.28115156,0
0.0,0.0,0.0,1.0,0.16838267,0
0.0,0.0,0.0,1.0,0.101218395,0
1.0,1.0,0.0,0.7116889,0.08651998,0
0.0,0.0,0.0,1.0,0.074807614,0
1.0,1.0,0.0,1.0,0.1558732,0
0.0,0.0,0.0,1.0,0.20119618,0
0.0,0.0,0.0,1.0,0.2838443,0
0.0,0.0,0.0,1.0,0.24854434,0
0.0,0.0,0.0,1.0,0.080508195,0
0.0,0.0,0.0,0.6859487,0.08405388,0
0.0,0.0,0.0,1.0,0.20372179,0
1.0,1.0,0.0,1.0,0.11467671,0
0.0,0.0,0.0,1.0,0.22115098,0
1.0,1.0,0.0,1.0,0.18179382,0
0.0,0.0,0.0,1.0,0.113193505,0
0.0,0.0,0.0,1.0,0.2838443,0
0.0,0.0,0.0,1.0,0.1618197,0
0.0,0.0,0.0,1.0,0.36326477,0
0.0,0.0,0.0,1.0,0.27298972,0
0.0,0.0,0.0,1.0,0.2098577,0
1.0,1.0,0.0,1.0,0.17884913,0
0.0,0.0,0.0,1.0,0.17430377,0
1.0,1.0,0.0,0.8701378,0.092756756,0
0.0,0.0,0.0,0.86415344,0.07809352,0
0.0,0.0,0.0,1.0,0.24854434,0
0.0,0.0,0.0,1.0,0.1618197,0
0.0,0.0,0.0,1.0,0.32379153,0
0.0,0.0,0.0,1.0,0.19126639,0
0.0,0.0,0.0,1.0,0.06779732,0
1.0,1.0,0.0,1.0,0.14194843,0
0.0,0.0,0.0,1.0,0.15340509,0
1.0,1.0,0.0,1.0,0.23132564,0
0.0,0.0,0.0,1.0,0.28115156,0
0.0,0.0,0.0,1.0,0.080508195,0
0.0,0.0,0.0,1.0,0.36326477,0
0.0,0.0,0.0,1.0,0.32379153,0
0.0,0.0,0.0,1.0,0.14004195,0
0.0,0.0,0.0,1.0,0.27243176,0
1.0,1.0,0.0,1.0,0.19474271,0
0.0,0.0,0.0,0.8391636,0.06185884,0
1.0,1.0,0.0,1.0,0.10391843,0
0.0,0.0,0.0,1.0,0.16838267,0
0.0,0.0,0.0,0.6859487,0.08405388,0
0.0,0.0,0.0,1.0,0.27298972,0
0.0,0.0,0.0,1.0,0.19126639,0
0.0,0.0,0.0,1.0,0.14004195,0
0.0,0.0,0.0,1.0,0.13384561,0
1.0,1.0,0.0,1.0,0.09647579,0
0.0,0.0,0.0,1.0,0.13512823,0
1.0,1.0,0.0,1.0,0.06030022,0
0.0,0.0,0.0,1.0,0.101218395,0
0.0,0.0,0.0,1.0,0.20372179,0
0.0,0.0,0.0,1.0,0.2098577,0
0.0,0.0,0.0,1.0,0.06779732,0
0.0,0.0,0.0,1.0,0.27243176,0
0.0,0.0,0.0,1.0,0.13384561,0
1.0,1.0,0.0,1.0,0.117511205,0
0.0,0.0,0.0,1.0,0.043116983,0
1.0,1.0,0.0,0.3431665,0.05746601,1
0.0,0.0,0.0,0.7116889,0.08651998,0
0.0,0.0,0.0,1.0,0.11467671,0
0.0,0.0,0.0,1.0,0.17884913,0
0.0,0.0,0.0,1.0,0.14194843,0
0.0,0.0,0.0,1.0,0.19474271,0
0.0,0.0,0.0,1.0,0.09647579,0
0.0,0.0,0.0,1.0,0.117511205,0
1.0,1.0,0.0,1.0,0.08215059,0
0.0,0.0,0.0,1.0,0.12820561,0
0.0,0.0,0.0,1.0,0.074807614,0
0.0,0.0,0.0,1.0,0.22115098,0
0.0,0.0,0.0,1.0,0.17430377,0
0.0,0.0,0.0,1.0,0.15340509,0
0.0,0.0,0.0,0.83920896,0.06185884,0
0.0,0.0,0.0,1.0,0.13512823,0
1.0,1.0,0.0,1.0,0.043116983,0
0.0,0.0,0.0,1.0,0.08215059,0
0.0,0.0,0.0,0.7016804,0.06953007,0
0.0,0.0,0.0,1.0,0.1558732,0
0.0,0.0,0.0,1.0,0.18179382,0
0.0,0.0,0.0,0.869211,0.092756756,0
0.0,0.0,0.0,1.0,0.23132564,0
0.0,0.0,0.0,1.0,0.10391843,0
0.0,0.0,0.0,1.0,0.06030022,0
1.0,1.0,0.0,0.34259388,0.05746601,1
0.0,0.0,0.0,1.0,0.12820561,0
1.0,1.0,0.0,0.7016804,0.06953007,0
0.0,0.0,0.0,1.0,0.20119618,0
0.0,0.0,0.0,1.0,0.113193505,0
0.0,0.0,0.0,0.86337286,0.07809352,0
0.0,0.0,0.0,1.0,0.28115156,0
0.0,0.0,0.0,1.0,0.16838267,0
0.0,0.0,0.0,1.0,0.101218395,0
1.0,1.0,0.0,0.71091175,0.08651998,0
0.0,0.0,0.0,1.0,0.074807614,0
1.0,1.0,0.0,1.0,0.1558732,0
0.0,0.0,0.0,1.0,0.20119618,0
0.0,0.0,0.0,1.0,0.2838443,0
0.0,0.0,0.0,1.0,0.24854434,0
0.0,0.0,0.0,1.0,0.080508195,0
0.0,0.0,0.0,0.68516546,0.08405388,0
0.0,0.0,0.0,1.0,0.20372179,0
1.0,1.0,0.0,1.0,0.11467671,0
0.0,0.0,0.0,1.0,0.22115098,0
1.0,1.0,0.0,1.0,0.18179382,0
0.0,0.0,0.0,1.0,0.113193505,0
0.0,0.0,0.0,1.0,0.2838443,0
0.0,0.0,0.0,1.0,0.1618197,0
0.0,0.0,0.0,1.0,0.36326477,0
0.0,0.0,0.0,1.0,0.27298972,0
0.0,0.0,0.0,1.0,0.2098577,0
1.0,1.0,0.0,1.0,0.17884913,0
0.0,0.0,0.0,1.0,0.17430377,0
1.0,1.0,0.0,0.869211,0.092756756,0
0.0,0.0,0.0,0.86337286,0.07809352,0
0.0,0.0,0.0,1.0,0.24854434,0
0.0,0.0,0.0,1.0,0.1618197,0
0.0,0.0,0.0,1.0,0.32379153,0
0.0,0.0,0.0,1.0,0.19126639,0
0.0,0.0,0.0,1.0,0.06779732,0
1.0,1.0,0.0,1.0,0.14194843,0
0.0,0.0,0.0,1.0,0.15340509,0
1.0,1.0,0.0,1.0,0.23132564,0
0.0,0.0,0.0,1.0,0.28115156,0
0.0,0.0,0.0,1.0,0.080508195,0
0.0,0.0,0.0,1.0,0.36326477,0
0.0,0.0,0.0,1.0,0.32379153,0
0.0,0.0,0.0,1.0,0.14004195,0
0.0,0.0,0.0,1.0,0.27243176,0
1.0,1.0,0.0,1.0,0.19474271,0
0.0,0.0,0.0,0.83920896,0.06185884,0
1.0,1.0,0.0,1.0,0.10391843,0
0.0,0.0,0.0,1.0,0.16838267,0
0.0,0.0,0.0,0.68516546,0.08405388,0
0.0,0.0,0.0,1.0,0.27298972,0
0.0,0.0,0.0,1.0,0.19126639,0
0.0,0.0,0.0,1.0,0.14004195,0
0.0,0.0,0.0,1.0,0.13384561,0
1.0,1.0,0.0,1.0,0.09647579,0
0.0,0.0,0.0,1.0,0.13512823,0
1.0,1.0,0.0,1.0,0.06030022,0
0.0,0.0,0.0,1.0,0.101218395,0
0.0,0.0,0.0,1.0,0.20372179,0
0.0,0.0,0.0,1.0,0.2098577,0
0.0,0.0,0.0,1.0,0.06779732,0
0.0,0.0,0.0,1.0,0.27243176,0
0.0,0.0,0.0,1.0,0.13384561,0
1.0,1.0,0.0,1.0,0.117511205,0
0.0,0.0,0.0,1.0,0.043116983,0
1.0,1.0,0.0,0.34259388,0.05746601,1
0.0,0.0,0.0,0.71091175,0.08651998,0
0.0,0.0,0.0,1.0,0.11467671,0
0.0,0.0,0.0,1.0,0.17884913,0
0.0,0.0,0.0,1.0,0.14194843,0
0.0,0.0,0.0,1.0,0.19474271,0
0.0,0.0,0.0,1.0,0.09647579,0
0.0,0.0,0.0,1.0,0.117511205,0
1.0,1.0,0.0,1.0,0.08215059,0
0.0,0.0,0.0,1.0,0.12820561,0
0.0,0.0,0.0,1.0,0.074807614,0
0.0,0.0,0.0,1.0,0.22115098,0
0.0,0.0,0.0,1.0,0.17430377,0
0.0,0.0,0.0,1.0,0.15340509,0
0.0,0.0,0.0,0.8392548,0.06185884,0
0.0,0.0,0.0,1.0,0.13512823,0
1.0,1.0,0.0,1.0,0.043116983,0
0.0,0.0,0.0,1.0,0.08215059,0
0.0,0.0,0.0,0.7010021,0.06953007,0
0.0,0.0,0.0,1.0,0.1558732,0
0.0,0.0,0.0,1.0,0.18179382,0
0.0,0.0,0.0,0.8682842,0.092756756,0
0.0,0.0,0.0,1.0,0.23132564,0
0.0,0.0,0.0,1.0,0.10391843,0
0.0,0.0,0.0,1.0,0.06030022,0
1.0,1.0,0.0,0.3420213,0.05746601,1
0.0,0.0,0.0,1.0,0.12820561,0
1.0,1.0,0.0,0.7010021,0.06953007,0
0.0,0.0,0.0,1.0,0.20119618,0
0.0,0.0,0.0,1.0,0.113193505,0
0.0,0.0,0.0,0.8625922,0.07809352,0
0.0,0.0,0.0,1.0,0.28115156,0
0.0,0.0,0.0,1.0,0.16838267,0
0.0,0.0,0.0,1.0,0.101218395,0
1.0,1.0,0.0,0.7101348,0.08651998,0
0.0,0.0,0.0,1.0,0.074807614,0
1.0,1.0,0.0,1.0,0.1558732,0
0.0,0.0,0.0,1.0,0.20119618,0
0.0,0.0,0.0,1.0,0.2838443,0
0.0,0.0,0.0,1.0,0.24854434,0
0.0,0.0,0.0,1.0,0.080508195,0
0.0,0.0,0.0,0.6843824,0.08405388,0
0.0,0.0,0.0,1.0,0.20372179,0
1.0,1.0,0.0,1.0,0.11467671,0
0.0,0.0,0.0,1.0,0.22115098,0
1.0,1.0,0.0,1.0,0.18179382,0
0.0,0.0,0.0,1.0,0.113193505,0
0.0,0.0,0.0,1.0,0.2838443,0
0.0,0.0,0.0,1.0,0.1618197,0
0.0,0.0,0.0,1.0,0.36326477,0
0.0,0.0,0.0,1.0,0.27298972,0
0.0,0.0,0.0,1.0,0.2098577,0
1.0,1.0,0.0,1.0,0.17884913,0
0.0,0.0,0.0,1.0,0.17430377,0
1.0,1.0,0.0,0.8682842,0.092756756,0
0.0,0.0,0.0,0.8625922,0.07809352,0
0.0,0.0,0.0,1.0,0.24854434,0
0.0,0.0,0.0,1.0,0.1618197,0
0.0,0.0,0.0,1.0,0.32379153,0
0.0,0.0,0.0,1.0,0.19126639,0
0.0,0.0,0.0,1.0,0.06779732,0
1.0,1.0,0.0,1.0,0.14194843,0
0.0,0.0,0.0,1.0,0.15340509,0
1.0,1.0,0.0,1.0,0.23132564,0
0.0,0.0,0.0,1.0,0.28115156,0
0.0,0.0,0.0,1.0,0.080508195,0
0.0,0.0,0.0,1.0,0.36326477,0
0.0,0.0,0.0,1.0,0.32379153,0
0.0,0.0,0.0,1.0,0.14004195,0
0.0,0.0,0.0,1.0,0.27243176,0
1.0,1.0,0.0,1.0,0.19474271,0
0.0,0.0,0.0,0.8392548,0.06185884,0
1.0,1.0,0.0,1.0,0.10391843,0
0.0,0.0,0.0,1.0,0.16838267,0
0.0,0.0,0.0,0.6843824,0.08405388,0
0.0,0.0,0.0,1.0,0.27298972,0
0.0,0.0,0.0,1.0,0.19126639,0
0.0,0.0,0.0,1.0,0.14004195,0
0.0,0.0,0.0,1.0,0.13384561,0
1.0,1.0,0.0,1.0,0.09647579,0
0.0,0.0,0.0,1.0,0.13512823,0
1.0,1.0,0.0,1.0,0.06030022,0
0.0,0.0,0.0,1.0,0.101218395,0
0.0,0.0,0.0,1.0,0.20372179,0
0.0,0.0,0.0,1.0,0.2098577,0
0.0,0.0,0.0,1.0,0.06779732,0
0.0,0.0,0.0,1.0,0.27243176,0
0.0,0.0,0.0,1.0,0.13384561,0
1.0,1.0,0.0,1.0,0.117511205,0
0.0,0.0,0.0,1.0,0.043116983,0
1.0,1.0,0.0,0.3420213,0.05746601,1
0.0,0.0,0.0,0.7101348,0.08651998,0
0.0,0.0,0.0,1.0,0.11467671,0
0.0,0.0,0.0,1.0,0.17884913,0
0.0,0.0,0.0,1.0,0.14194843,0
0.0,0.0,0.0,1.0,0.19474271,0
0.0,0.0,0.0,1.0,0.09647579,0
0.0,0.0,0.0,1.0,0.117511205,0
1.0,1.0,0.0,1.0,0.08215059,0
0.0,0.0,0.0,1.0,0.12820561,0
0.0,0.0,0.0,1.0,0.074807614,0
0.0,0.0,0.0,1.0,0.22115098,0
0.0,0.0,0.0,1.0,0.17430377,0
0.0,0.0,0.0,1.0,0.15340509,0
0.0,0.0,0.0,0.8393011,0.06185884,0
0.0,0.0,0.0,1.0,0.13512823,0
1.0,1.0,0.0,1.0,0.043116983,0
0.0,0.0,0.0,1.0,0.08215059,0
0.0,0.0,0.0,0.7003239,0.06953007,0
0.0,0.0,0.0,1.0,0.1558732,0
0.0,0.0,0.0,1.0,0.18179382,0
0.0,0.0,0.0,0.86735743,0.092756756,0
0.0,0.0,0.0,1.0,0.23132564,0
0.0,0.0,0.0,1.0,0.10391843,0
0.0,0.0,0.0,1.0,0.06030022,0
1.0,1.0,0.0,0.34144866,0.05746601,1
0.0,0.0,0.0,1.0,0.12820561,0
1.0,1.0,0.0,0.7003239,0.06953007,0
0.0,0.0,0.0,1.0,0.20119618,0
0.0,0.0,0.0,1.0,0.113193505,0
0.0,0.0,0.0,0.8618116,0.07809352,0
0.0,0.0,0.0,1.0,0.28115156,0
0.0,0.0,0.0,1.0,0.16838267,0
0.0,0.0,0.0,1.0,0.101218395,0
1.0,1.0,0.0,0.7093581,0.08651998,0
0.0,0.0,0.0,1.0,0.074807614,0
1.0,1.0,0.0,1.0,0.1558732,0
0.0,0.0,0.0,1.0,0.20119618,0
0.0,0.0,0.0,1.0,0.2838443,0
0.0,0.0,0.0,1.0,0.24854434,0
0.0,0.0,0.0,1.0,0.080508195,0
0.0,0.0,0.0,0.68359935,0.08405388,0
0.0,0.0,0.0,1.0,0.20372179,0
1.0,1.0,0.0,1.0,0.11467671,0
0.0,0.0,0.0,1.0,0.22115098,0
1.0,1.0,0.0,1.0,0.18179382,0
0.0,0.0,0.0,1.0,0.113193505,0
0.0,0.0,0.0,1.0,0.2838443,0
0.0,0.0,0.0,1.0,0.1618197,0
0.0,0.0,0.0,1.0,0.36326477,0
0.0,0.0,0.0,1.0,0.27298972,0
0.0,0.0,0.0,1.0,0.2098577,0
1.0,1.0,0.0,1.0,0.17884913,0
0.0,0.0,0.0,1.0,0.17430377,0
1.0,1.0,0.0,0.86735743,0.092756756,0
0.0,0.0,0.0,0.8618116,0.07809352,0
0.0,0.0,0.0,1.0,0.24854434,0
0.0,0.0,0.0,1.0,0.1618197,0
0.0,0.0,0.0,1.0,0.32379153,0
0.0,0.0,0.0,1.0,0.19126639,0
0.0,0.0,0.0,1.0,0.06779732,0
1.0,1.0,0.0,1.0,0.14194843,0
0.0,0.0,0.0,1.0,0.15340509,0
1.0,1.0,0.0,1.0,0.23132564,0
0.0,0.0,0.0,1.0,0.28115156,0
0.0,0.0,0.0,1.0,0.080508195,0
0.0,0.0,0.0,1.0,0.36326477,0
0.0,0.0,0.0,1.0,0.32379153,0
0.0,0.0,0.0,1.0,0.14004195,0
0.0,0.0,0.0,1.0,0.27243176,0
1.0,1.0,0.0,1.0,0.19474271,0
0.0,0.0,0.0,0.8393011,0.06185884,0
1.0,1.0,0.0,1.0,0.10391843,0
0.0,0.0,0.0,1.0,0.16838267,0
0.0,0.0,0.0,0.68359935,0.08405388,0
0.0,0.0,0.0,1.0,0.27298972,0
0.0,0.0,0.0,1.0,0.19126639,0
0.0,0.0,0.0,1.0,0.14004195,0
0.0,0.0,0.0,1.0,0.13384561,0
1.0,1.0,0.0,1.0,0.09647579,0
0.0,0.0,0.0,1.0,0.13512823,0
1.0,1.0,0.0,1.0,0.06030022,0
0.0,0.0,0.0,1.0,0.101218395,0
0.0,0.0,0.0,1.0,0.20372179,0
0.0,0.0,0.0,1.0,0.2098577,0
0.0,0.0,0.0,1.0,0.06779732,0
0.0,0.0,0.0,1.0,0.27243176,0
0.0,0.0,0.0,1.0,0.13384561,0
1.0,1.0,0.0,1.0,0.117511205,0
0.0,0.0,0.0,1.0,0.043116983,0
1.0,1.0,0.0,0.34144866,0.05746601,1
0.0,0.0,0.0,0.7093581,0.08651998,0
0.0,0.0,0.0,1.0,0.11467671,0
0.0,0.0,0.0,1.0,0.17884913,0
0.0,0.0,0.0,1.0,0.14194843,0
0.0,0.0,0.0,1.0,0.19474271,0
0.0,0.0,0.0,1.0,0.09647579,0
0.0,0.0,0.0,1.0,0.117511205,0
1.0,1.0,0.0,1.0,0.08215059,0
0.0,0.0,0.0,1.0,0.12820561,0
0.0,0.0,0.0,1.0,0.074807614,0
0.0,0.0,0.0,1.0,0.22115098,0
0.0,0.0,0.0,1.0,0.17430377,0
0.0,0.0,0.0,1.0,0.15340509,0
0.0,0.0,0.0,0.83934784,0.06185884,0
0.0,0.0,0.0,1.0,0.13512823,0
1.0,1.0,0.0,1.0,0.043116983,0
0.0,0.0,0.0,1.0,0.08215059,0
0.0,0.0,0.0,0.6996457,0.06953007,0
0.0,0.0,0.0,1.0,0.1558732,0
0.0,0.0,0.0,1.0,0.18179382,0
0.0,0.0,0.0,0.86643064,0.092756756,0
0.0,0.0,0.0,1.0,0.23132564,0
0.0,0.0,0.0,1.0,0.10391843,0
0.0,0.0,0.0,1.0,0.06030022,0
1.0,1.0,0.0,0.34087607,0.05746601,1
0.0,0.0,0.0,1.0,0.12820561,0
1.0,1.0,0.0,0.6996457,0.06953007,0
0.0,0.0,0.0,1.0,0.20119618,0
0.0,0.0,0.0,1.0,0.113193505,0
0.0,0.0,0.0,0.861031,0.07809352,0
0.0,0.0,0.0,1.0,0.28115156,0
0.0,0.0,0.0,1.0,0.16838267,0
0.0,0.0,0.0,1.0,0.101218395,0
1.0,1.0,0.0,0.70858157,0.08651998,0
0.0,0.0,0.0,1.0,0.074807614,0
1.0,1.0,0.0,1.0,0.1558732,0
0.0,0.0,0.0,1.0,0.20119618,0
0.0,0.0,0.0,1.0,0.2838443,0
0.0,0.0,0.0,1.0,0.24854434,0
0.0,0.0,0.0,1.0,0.080508195,0
0.0,0.0,0.0,0.6828165,0.08405388,0
0.0,0.0,0.0,1.0,0.20372179,0
1.0,1.0,0.0,1.0,0.11467671,0
0.0,0.0,0.0,1.0,0.22115098,0
1.0,1.0,0.0,1.0,0.18179382,0
0.0,0.0,0.0,1.0,0.113193505,0
0.0,0.0,0.0,1.0,0.2838443,0
0.0,0.0,0.0,1.0,0.1618197,0
0.0,0.0,0.0,1.0,0.36326477,0
0.0,0.0,0.0,1.0,0.27298972,0
0.0,0.0,0.0,1.0,0.2098577,0
1.0,1.0,0.0,1.0,0.17884913,0
0.0,0.0,0.0,1.0,0.17430377,0
1.0,1.0,0.0,0.86643064,0.092756756,0
0.0,0.0,0.0,0.861031,0.07809352,0
0.0,0.0,0.0,1.0,0.24854434,0
0.0,0.0,0.0,1.0,0.1618197,0
0.0,0.0,0.0,1.0,0.32379153,0
0.0,0.0,0.0,1.0,0.19126639,0
0.0,0.0,0.0,1.0,0.06779732,0
1.0,1.0,0.0,1.0,0.14194843,0
0.0,0.0,0.0,1.0,0.15340509,0
1.0,1.0,0.0,1.0,0.23132564,0
0.0,0.0,0.0,1.0,0.28115156,0
0.0,0.0,0.0,1.0,0.080508195,0
0.0,0.0,0.0,1.0,0.36326477,0
0.0,0.0,0.0,1.0,0.32379153,0
0.0,0.0,0.0,1.0,0.14004195,0
0.0,0.0,0.0,1.0,0.27243176,0
1.0,1.0,0.0,1.0,0.19474271,0
0.0,0.0,0.0,0.83934784,0.06185884,0
1.0,1.0,0.0,1.0,0.10391843,0
0.0,0.0,0.0,1.0,0.16838267,0
0.0,0.0,0.0,0.6828165,0.08405388,0
0.0,0.0,0.0,1.0,0.27298972,0
0.0,0.0,0.0,1.0,0.19126639,0
0.0,0.0,0.0,1.0,0.14004195,0
0.0,0.0,0.0,1.0,0.13384561,0
1.0,1.0,0.0,1.0,0.09647579,0
0.0,0.0,0.0,1.0,0.13512823,0
1.0,1.0,0.0,1.0,0.06030022,0
0.0,0.0,0.0,1.0,0.101218395,0
0.0,0.0,0.0,1.0,0.20372179,0
0.0,0.0,0.0,1.0,0.2098577,0
0.0,0.0,0.0,1.0,0.06779732,0
0.0,0.0,0.0,1.0,0.27243176,0
0.0,0.0,0.0,1.0,0.13384561,0
1.0,1.0,0.0,1.0,0.117511205,0
0.0,0.0,0.0,1.0,0.043116983,0
1.0,1.0,0.0,0.34087607,0.05746601,1
0.0,0.0,0.0,0.70858157,0.08651998,0
0.0,0.0,0.0,1.0,0.11467671,0
0.0,0.0,0.0,1.0,0.17884913,0
0.0,0.0,0.0,1.0,0.14194843,0
0.0,0.0,0.0,1.0,0.19474271,0
0.0,0.0,0.0,1.0,0.09647579,0
0.0,0.0,0.0,1.0,0.117511205,0
1.0,1.0,0.0,1.0,0.08215059,0
0.0,0.0,0.0,1.0,0.12820561,0
0.0,0.0,0.0,1.0,0.074807614,0
0.0,0.0,0.0,1.0,0.22115098,0
0.0,0.0,0.0,1.0,0.17430377,0
0.0,0.0,0.0,1.0,0.15340509,0
0.0,0.0,0.0,0.83939505,0.06185884,0
0.0,0.0,0.0,1.0,0.13512823,0
1.0,1.0,0.0,1.0,0.043116983,0
0.0,0.0,0.0,1.0,0.08215059,0
0.0,0.0,0.0,0.6989675,0.06953007,0
0.0,0.0,0.0,1.0,0.1558732,0
0.0,0.0,0.0,1.0,0.18179382,0
0.0,0.0,0.0,0.86550385,0.092756756,0
0.0,0.0,0.0,1.0,0.23132564,0
0.0,0.0,0.0,1.0,0.10391843,0
0.0,0.0,0.0,1.0,0.06030022,0
1.0,1.0,0.0,0.3403035,0.05746601,1
0.0,0.0,0.0,1.0,0.12820561,0
1.0,1.0,0.0,0.6989675,0.06953007,0
0.0,0.0,0.0,1.0,0.20119618,0
0.0,0.0,0.0,1.0,0.113193505,0
0.0,0.0,0.0,0.86025035,0.07809352,0
0.0,0.0,0.0,1.0,0.28115156,0
0.0,0.0,0.0,1.0,0.16838267,0
0.0,0.0,0.0,1.0,0.101218395,0
1.0,1.0,0.0,0.7078053,0.08651998,0
0.0,0.0,0.0,1.0,0.074807614,0
1.0,1.0,0.0,1.0,0.1558732,0
0.0,0.0,0.0,1.0,0.20119618,0
0.0,0.0,0.0,1.0,0.2838443,0
0.0,0.0,0.0,1.0,0.24854434,0
0.0,0.0,0.0,1.0,0.080508195,0
0.0,0.0,0.0,0.68203384,0.08405388,0
0.0,0.0,0.0,1.0,0.20372179,0
1.0,1.0,0.0,1.0,0.11467671,0
0.0,0.0,0.0,1.0,0.22115098,0
1.0,1.0,0.0,1.0,0.18179382,0
0.0,0.0,0.0,1.0,0.113193505,0
0.0,0.0,0.0,1.0,0.2838443,0
0.0,0.0,0.0,1.0,0.1618197,0
0.0,0.0,0.0,1.0,0.36326477,0
0.0,0.0,0.0,1.0,0.27298972,0
0.0,0.0,0.0,1.0,0.2098577,0
1.0,1.0,0.0,1.0,0.17884913,0
0.0,0.0,0.0,1.0,0.17430377,0
1.0,1.0,0.0,0.86550385,0.092756756,0
0.0,0.0,0.0,0.86025035,0.07809352,0
0.0,0.0,0.0,1.0,0.24854434,0
0.0,0.0,0.0,1.0,0.1618197,0
0.0,0.0,0.0,1.0,0.32379153,0
0.0,0.0,0.0,1.0,0.19126639,0
0.0,0.0,0.0,1.0,0.06779732,0
1.0,1.0,0.0,1.0,0.14194843,0
0.0,0.0,0.0,1.0,0.15340509,0
1.0,1.0,0.0,1.0,0.23132564,0
0.0,0.0,0.0,1.0,0.28115156,0
0.0,0.0,0.0,1.0,0.080508195,0
0.0,0.0,0.0,1.0,0.36326477,0
0.0,0.0,0.0,1.0,0.32379153,0
0.0,0.0,0.0,1.0,0.14004195,0
0.0,0.0,0.0,1.0,0.27243176,0
1.0,1.0,0.0,1.0,0.19474271,0
0.0,0.0,0.0,0.83939505,0.06185884,0
1.0,1.0,0.0,1.0,0.10391843,0
0.0,0.0,0.0,1.0,0.16838267,0
0.0,0.0,0.0,0.68203384,0.08405388,0
0.0,0.0,0.0,1.0,0.27298972,0
0.0,0.0,0.0,1.0,0.19126639,0
0.0,0.0,0.0,1.0,0.14004195,0
0.0,0.0,0.0,1.0,0.13384561,0
1.0,1.0,0.0,1.0,0.09647579,0
0.0,0.0,0.0,1.0,0.13512823,0
1.0,1.0,0.0,1.0,0.06030022,0
0.0,0.0,0.0,1.0,0.101218395,0
0.0,0.0,0.0,1.0,0.20372179,0
0.0,0.0,0.0,1.0,0.2098577,0
0.0,0.0,0.0,1.0,0.06779732,0
0.0,0.0,0.0,1.0,0.27243176,0
0.0,0.0,0.0,1.0,0.13384561,0
1.0,1.0,0.0,1.0,0.117511205,0
0.0,0.0,0.0,1.0,0.043116983,0
1.0,1.0,0.0,0.3403035,0.05746601,1
0.0,0.0,0.0,0.7078053,0.08651998,0
0.0,0.0,0.0,1.0,0.11467671,0
0.0,0.0,0.0,1.0,0.17884913,0
0.0,0.0,0.0,1.0,0.14194843,0
0.0,0.0,0.0,1.0,0.19474271,0
0.0,0.0,0.0,1.0,0.09647579,0
0.0,0.0,0.0,1.0,0.117511205,0
1.0,1.0,0.0,1.0,0.08215059,0
0.0,0.0,0.0,1.0,0.12820561,0
0.0,0.0,0.0,1.0,0.074807614,0
0.0,0.0,0.0,1.0,0.22115098,0
0.0,0.0,0.0,1.0,0.17430377,0
0.0,0.0,0.0,1.0,0.15340509,0
0.0,0.0,0.0,0.8394427,0.06185884,0
0.0,0.0,0.0,1.0,0.13512823,0
1.0,1.0,0.0,1.0,0.043116983,0
0.0,0.0,0.0,1.0,0.08215059,0
0.0,0.0,0.0,0.6982894,0.06953007,0
0.0,0.0,0.0,1.0,0.1558732,0
0.0,0.0,0.0,1.0,0.18179382,0
0.0,0.0,0.0,0.86457705,0.092756756,0
0.0,0.0,0.0,1.0,0.23132564,0
0.0,0.0,0.0,1.0,0.10391843,0
0.0,0.0,0.0,1.0,0.06030022,0
1.0,1.0,0.0,0.33973092,0.05746601,1
0.0,0.0,0.0,1.0,0.12820561,0
1.0,1.0,0.0,0.6982894,0.06953007,0
0.0,0.0,0.0,1.0,0.20119618,0
0.0,0.0,0.0,1.0,0.113193505,0
0.0,0.0,0.0,0.8594698,0.07809352,0
0.0,0.0,0.0,1.0,0.28115156,0
0.0,0.0,0.0,1.0,0.16838267,0
0.0,0.0,0.0,1.0,0.101218395,0
1.0,1.0,0.0,0.70702916,0.08651998,0
0.0,0.0,0.0,1.0,0.074807614,0
1.0,1.0,0.0,1.0,0.1558732,0
0.0,0.0,0.0,1.0,0.20119618,0
0.0,0.0,0.0,1.0,0.2838443,0
0.0,0.0,0.0,1.0,0.24854434,0
0.0,0.0,0.0,1.0,0.080508195,0
0.0,0.0,0.0,0.6812512,0.08405388,0
0.0,0.0,0.0,1.0,0.20372179,0
1.0,1.0,0.0,1.0,0.11467671,0
0.0,0.0,0.0,1.0,0.22115098,0
1.0,1.0,0.0,1.0,0.18179382,0
0.0,0.0,0.0,1.0,0.113193505,0
0.0,0.0,0.0,1.0,0.2838443,0
0.0,0.0,0.0,1.0,0.1618197,0
0.0,0.0,0.0,1.0,0.36326477,0
0.0,0.0,0.0,1.0,0.27298972,0
0.0,0.0,0.0,1.0,0.2098577,0
1.0,1.0,0.0,1.0,0.17884913,0
0.0,0.0,0.0,1.0,0.17430377,0
1.0,1.0,0.0,0.86457705,0.092756756,0
0.0,0.0,0.0,0.8594698,0.07809352,0
0.0,0.0,0.0,1.0,0.24854434,0
0.0,0.0,0.0,1.0,0.1618197,0
0.0,0.0,0.0,1.0,0.32379153,0
0.0,0.0,0.0,1.0,0.19126639,0
0.0,0.0,0.0,1.0,0.06779732,0
1.0,1.0,0.0,1.0,0.14194843,0
0.0,0.0,0.0,1.0,0.15340509,0
1.0,1.0,0.0,1.0,0.23132564,0
0.0,0.0,0.0,1.0,0.28115156,0
0.0,0.0,0.0,1.0,0.080508195,0
0.0,0.0,0.0,1.0,0.36326477,0
0.0,0.0,0.0,1.0,0.32379153,0
0.0,0.0,0.0,1.0,0.14004195,0
0.0,0.0,0.0,1.0,0.27243176,0
1.0,1.0,0.0,1.0,0.19474271,0
0.0,0.0,0.0,0.8394427,0.06185884,0
1.0,1.0,0.0,1.0,0.10391843,0
0.0,0.0,0.0,1.0,0.16838267,0
0.0,0.0,0.0,0.6812512,0.08405388,0
0.0,0.0,0.0,1.0,0.27298972,0
0.0,0.0,0.0,1.0,0.19126639,0
0.0,0.0,0.0,1.0,0.14004195,0
0.0,0.0,0.0,1.0,0.13384561,0
1.0,1.0,0.0,1.0,0.09647579,0
0.0,0.0,0.0,1.0,0.13512823,0
1.0,1.0,0.0,1.0,0.06030022,0
0.0,0.0,0.0,1.0,0.101218395,0
0.0,0.0,0.0,1.0,0.20372179,0
0.0,0.0,0.0,1.0,0.2098577,0
0.0,0.0,0.0,1.0,0.06779732,0
0.0,0.0,0.0,1.0,0.27243176,0
0.0,0.0,0.0,1.0,0.13384561,0
1.0,1.0,0.0,1.0,0.117511205,0
0.0,0.0,0.0,1.0,0.043116983,0
1.0,1.0,0.0,0.33973092,0.05746601,1
0.0,0.0,0.0,0.70702916,0.08651998,0
0.0,0.0,0.0,1.0,0.11467671,0
0.0,0.0,0.0,1.0,0.17884913,0
0.0,0.0,0.0,1.0,0.14194843,0
0.0,0.0,0.0,1.0,0.19474271,0
0.0,0.0,0.0,1.0,0.09647579,0
0.0,0.0,0.0,1.0,0.117511205,0
1.0,1.0,0.0,1.0,0.08215059,0
0.0,0.0,0.0,1.0,0.12820561,0
0.0,0.0,0.0,1.0,0.074807614,0
0.0,0.0,0.0,1.0,0.22115098,0
0.0,0.0,0.0,1.0,0.17430377,0
0.0,0.0,0.0,1.0,0.15340509,0
0.0,0.0,0.0,0.8394908,0.06185884,0
0.0,0.0,0.0,1.0,0.13512823,0
1.0,1.0,0.0,1.0,0.043116983,0
0.0,0.0,0.0,1.0,0.08215059,0
0.0,0.0,0.0,0.6976113,0.06953007,0
0.0,0.0,0.0,1.0,0.1558732,0
0.0,0.0,0.0,1.0,0.18179382,0
0.0,0.0,0.0,0.86365026,0.092756756,0
0.0,0.0,0.0,1.0,0.23132564,0
0.0,0.0,0.0,1.0,0.10391843,0
0.0,0.0,0.0,1.0,0.06030022,0
1.0,1.0,0.0,0.33915836,0.05746601,1
0.0,0.0,0.0,1.0,0.12820561,0
1.0,1.0,0.0,0.6976113,0.06953007,0
0.0,0.0,0.0,1.0,0.20119618,0
0.0,0.0,0.0,1.0,0.113193505,0
0.0,0.0,0.0,0.8586891,0.07809352,0
0.0,0.0,0.0,1.0,0.28115156,0
0.0,0.0,0.0,1.0,0.16838267,0
0.0,0.0,0.0,1.0,0.101218395,0
1.0,1.0,0.0,0.70625323,0.08651998,0
0.0,0.0,0.0,1.0,0.074807614,0
1.0,1.0,0.0,1.0,0.1558732,0
0.0,0.0,0.0,1.0,0.20119618,0
0.0,0.0,0.0,1.0,0.2838443,0
0.0,0.0,0.0,1.0,0.24854434,0
0.0,0.0,0.0,1.0,0.080508195,0
0.0,0.0,0.0,0.6804688,0.08405388,0
0.0,0.0,0.0,1.0,0.20372179,0
1.0,1.0,0.0,1.0,0.11467671,0
0.0,0.0,0.0,1.0,0.22115098,0
1.0,1.0,0.0,1.0,0.18179382,0
0.0,0.0,0.0,1.0,0.113193505,0
0.0,0.0,0.0,1.0,0.2838443,0
0.0,0.0,0.0,1.0,0.1618197,0
0.0,0.0,0.0,1.0,0.36326477,0
0.0,0.0,0.0,1.0,0.27298972,0
0.0,0.0,0.0,1.0,0.2098577,0
1.0,1.0,0.0,1.0,0.17884913,0
0.0,0.0,0.0,1.0,0.17430377,0
1.0,1.0,0.0,0.86365026,0.092756756,0
0.0,0.0,0.0,0.8586891,0.07809352,0
0.0,0.0,0.0,1.0,0.24854434,0
0.0,0.0,0.0,1.0,0.1618197,0
0.0,0.0,0.0,1.0,0.32379153,0
0.0,0.0,0.0,1.0,0.19126639,0
0.0,0.0,0.0,1.0,0.06779732,0
1.0,1.0,0.0,1.0,0.14194843,0
0.0,0.0,0.0,1.0,0.15340509,0
1.0,1.0,0.0,1.0,0.23132564,0
0.0,0.0,0.0,1.0,0.28115156,0
0.0,0.0,0.0,1.0,0.080508195,0
0.0,0.0,0.0,1.0,0.36326477,0
0.0,0.0,0.0,1.0,0.32379153,0
0.0,0.0,0.0,1.0,0.14004195,0
0.0,0.0,0.0,1.0,0.27243176,0
1.0,1.0,0.0,1.0,0.19474271,0
0.0,0.0,0.0,0.8394908,0.06185884,0
1.0,1.0,0.0,1.0,0.10391843,0
0.0,0.0,0.0,1.0,0.16838267,0
0.0,0.0,0.0,0.6804688,0.08405388,0
0.0,0.0,0.0,1.0,0.27298972,0
0.0,0.0,0.0,1.0,0.19126639,0
0.0,0.0,0.0,1.0,0.14004195,0
0.0,0.0,0.0,1.0,0.13384561,0
1.0,1.0,0.0,1.0,0.09647579,0
0.0,0.0,0.0,1.0,0.13512823,0
1.0,1.0,0.0,1.0,0.06030022,0
0.0,0.0,0.0,1.0,0.101218395,0
0.0,0.0,0.0,1.0,0.20372179,0
0.0,0.0,0.0,1.0,0.2098577,0
0.0,0.0,0.0,1.0,0.06779732,0
0.0,0.0,0.0,1.0,0.27243176,0
0.0,0.0,0.0,1.0,0.13384561,0
1.0,1.0,0.0,1.0,0.117511205,0
0.0,0.0,0.0,1.0,0.043116983,0
1.0,1.0,0.0,0.33915836,0.05746601,1
0.0,0.0,0.0,0.70625323,0.08651998,0
0.0,0.0,0.0,1.0,0.11467671,0
0.0,0.0,0.0,1.0,0.17884913,0
0.0,0.0,0.0,1.0,0.14194843,0
0.0,0.0,0.0,1.0,0.19474271,0
0.0,0.0,0.0,1.0,0.09647579,0
0.0,0.0,0.0,1.0,0.117511205,0
1.0,1.0,0.0,1.0,0.08215059,0
0.0,0.0,0.0,1.0,0.12820561,0
0.0,0.0,0.0,1.0,0.074807614,0
0.0,0.0,0.0,1.0,0.22115098,0
0.0,0.0,0.0,1.0,0.17430377,0
0.0,0.0,0.0,1.0,0.15340509,0
0.0,0.0,0.0,0.83953935,0.06185884,0
0.0,0.0,0.0,1.0,0.13512823,0
1.0,1.0,0.0,1.0,0.043116983,0
0.0,0.0,0.0,1.0,0.08215059,0
0.0,0.0,0.0,0.6969332,0.06953007,0
0.0,0.0,0.0,1.0,0.1558732,0
0.0,0.0,0.0,1.0,0.18179382,0
0.0,0.0,0.0,0.8627235,0.092756756,0
0.0,0.0,0.0,1.0,0.23132564,0
0.0,0.0,0.0,1.0,0.10391843,0
0.0,0.0,0.0,1.0,0.06030022,0
1.0,1.0,0.0,0.3385858,0.05746601,1
0.0,0.0,0.0,1.0,0.12820561,0
1.0,1.0,0.0,0.6969332,0.06953007,0
0.0,0.0,0.0,1.0,0.20119618,0
0.0,0.0,0.0,1.0,0.113193505,0
0.0,0.0,0.0,0.85790855,0.07809352,0
0.0,0.0,0.0,1.0,0.28115156,0
0.0,0.0,0.0,1.0,0.16838267,0
0.0,0.0,0.0,1.0,0.101218395,0
1.0,1.0,0.0,0.70547754,0.08651998,0
0.0,0.0,0.0,1.0,0.074807614,0
1.0,1.0,0.0,1.0,0.1558732,0
0.0,0.0,0.0,1.0,0.20119618,0
0.0,0.0,0.0,1.0,0.2838443,0
0.0,0.0,0.0,1.0,0.24854434,0
0.0,0.0,0.0,1.0,0.080508195,0
0.0,0.0,0.0,0.6796865,0.08405388,0
0.0,0.0,0.0,1.0,0.20372179,0
1.0,1.0,0.0,1.0,0.11467671,0
0.0,0.0,0.0,1.0,0.22115098,0
1.0,1.0,0.0,1.0,0.18179382,0
0.0,0.0,0.0,1.0,0.113193505,0
0.0,0.0,0.0,1.0,0.2838443,0
0.0,0.0,0.0,1.0,0.1618197,0
0.0,0.0,0.0,1.0,0.36326477,0
0.0,0.0,0.0,1.0,0.27298972,0
0.0,0.0,0.0,1.0,0.2098577,0
1.0,1.0,0.0,1.0,0.17884913,0
0.0,0.0,0.0,1.0,0.17430377,0
1.0,1.0,0.0,0.8627235,0.092756756,0
0.0,0.0,0.0,0.85790855,0.07809352,0
0.0,0.0,0.0,1.0,0.24854434,0
0.0,0.0,0.0,1.0,0.1618197,0
0.0,0.0,0.0,1.0,0.32379153,0
0.0,0.0,0.0,1.0,0.19126639,0
0.0,0.0,0.0,1.0,0.06779732,0
1.0,1.0,0.0,1.0,0.14194843,0
0.0,0.0,0.0,1.0,0.15340509,0
1.0,1.0,0.0,1.0,0.23132564,0
0.0,0.0,0.0,1.0,0.28115156,0
0.0,0.0,0.0,1.0,0.080508195,0
0.0,0.0,0.0,1.0,0.36326477,0
0.0,0.0,0.0,1.0,0.32379153,0
0.0,0.0,0.0,1.0,0.14004195,0
0.0,0.0,0.0,1.0,0.27243176,0
1.0,1.0,0.0,1.0,0.19474271,0
0.0,0.0,0.0,0.83953935,0.06185884,0
1.0,1.0,0.0,1.0,0.10391843,0
0.0,0.0,0.0,1.0,0.16838267,0
0.0,0.0,0.0,0.6796865,0.08405388,0
0.0,0.0,0.0,1.0,0.27298972,0
0.0,0.0,0.0,1.0,0.19126639,0
0.0,0.0,0.0,1.0,0.14004195,0
0.0,0.0,0.0,1.0,0.13384561,0
1.0,1.0,0.0,1.0,0.09647579,0
0.0,0.0,0.0,1.0,0.13512823,0
1.0,1.0,0.0,1.0,0.06030022,0
0.0,0.0,0.0,1.0,0.101218395,0
0.0,0.0,0.0,1.0,0.20372179,0
0.0,0.0,0.0,1.0,0.2098577,0
0.0,0.0,0.0,1.0,0.06779732,0
0.0,0.0,0.0,1.0,0.27243176,0
0.0,0.0,0.0,1.0,0.13384561,0
1.0,1.0,0.0,1.0,0.117511205,0
0.0,0.0,0.0,1.0,0.043116983,0
1.0,1.0,0.0,0.3385858,0.05746601,1
0.0,0.0,0.0,0.70547754,0.08651998,0
0.0,0.0,0.0,1.0,0.11467671,0
0.0,0.0,0.0,1.0,0.17884913,0
0.0,0.0,0.0,1.0,0.14194843,0
0.0,0.0,0.0,1.0,0.19474271,0
0.0,0.0,0.0,1.0,0.09647579,0
0.0,0.0,0.0,1.0,0.117511205,0
1.0,1.0,0.0,1.0,0.08215059,0
0.0,0.0,0.0,1.0,0.12820561,0
0.0,0.0,0.0,1.0,0.074807614,0
0.0,0.0,0.0,1.0,0.22115098,0
0.0,0.0,0.0,1.0,0.17430377,0
0.0,0.0,0.0,1.0,0.15340509,0
0.0,0.0,0.0,0.83958834,0.06185884,0
0.0,0.0,0.0,1.0,0.13512823,0
1.0,1.0,0.0,1.0,0.043116983,0
0.0,0.0,0.0,1.0,0.08215059,0
0.0,0.0,0.0,0.69625515,0.06953007,0
0.0,0.0,0.0,1.0,0.1558732,0
0.0,0.0,0.0,1.0,0.18179382,0
0.0,0.0,0.0,0.86179674,0.092756756,0
0.0,0.0,0.0,1.0,0.23132564,0
0.0,0.0,0.0,1.0,0.10391843,0
0.0,0.0,0.0,1.0,0.06030022,0
1.0,1.0,0.0,0.33801323,0.05746601,1
0.0,0.0,0.0,1.0,0.12820561,0
1.0,1.0,0.0,0.69625515,0.06953007,0
0.0,0.0,0.0,1.0,0.20119618,0
0.0,0.0,0.0,1.0,0.113193505,0
0.0,0.0,0.0,0.8571279,0.07809352,0
0.0,0.0,0.0,1.0,0.28115156,0
0.0,0.0,0.0,1.0,0.16838267,0
0.0,0.0,0.0,1.0,0.101218395,0
1.0,1.0,0.0,0.7047021,0.08651998,0
0.0,0.0,0.0,1.0,0.074807614,0
1.0,1.0,0.0,1.0,0.1558732,0
0.0,0.0,0.0,1.0,0.20119618,0
0.0,0.0,0.0,1.0,0.2838443,0
0.0,0.0,0.0,1.0,0.24854434,0
0.0,0.0,0.0,1.0,0.080508195,0
0.0,0.0,0.0,0.67890435,0.08405388,0
0.0,0.0,0.0,1.0,0.20372179,0
1.0,1.0,0.0,1.0,0.11467671,0
0.0,0.0,0.0,1.0,0.22115098,0
1.0,1.0,0.0,1.0,0.18179382,0
0.0,0.0,0.0,1.0,0.113193505,0
0.0,0.0,0.0,1.0,0.2838443,0
0.0,0.0,0.0,1.0,0.1618197,0
0.0,0.0,0.0,1.0,0.36326477,0
0.0,0.0,0.0,1.0,0.27298972,0
0.0,0.0,0.0,1.0,0.2098577,0
1.0,1.0,0.0,1.0,0.17884913,0
0.0,0.0,0.0,1.0,0.17430377,0
1.0,1.0,0.0,0.86179674,0.092756756,0
0.0,0.0,0.0,0.8571279,0.07809352,0
0.0,0.0,0.0,1.0,0.24854434,0
0.0,0.0,0.0,1.0,0.1618197,0
0.0,0.0,0.0,1.0,0.32379153,0
0.0,0.0,0.0,1.0,0.19126639,0
0.0,0.0,0.0,1.0,0.06779732,0
1.0,1.0,0.0,1.0,0.14194843,0
0.0,0.0,0.0,1.0,0.15340509,0
1.0,1.0,0.0,1.0,0.23132564,0
0.0,0.0,0.0,1.0,0.28115156,0
0.0,0.0,0.0,1.0,0.080508195,0
0.0,0.0,0.0,1.0,0.36326477,0
0.0,0.0,0.0,1.0,0.32379153,0
0.0,0.0,0.0,1.0,0.14004195,0
0.0,0.0,0.0,1.0,0.27243176,0
1.0,1.0,0.0,1.0,0.19474271,0
0.0,0.0,0.0,0.83958834,0.06185884,0
1.0,1.0,0.0,1.0,0.10391843,0
0.0,0.0,0.0,1.0,0.16838267,0
0.0,0.0,0.0,0.67890435,0.08405388,0
0.0,0.0,0.0,1.0,0.27298972,0
0.0,0.0,0.0,1.0,0.19126639,0
0.0,0.0,0.0,1.0,0.14004195,0
0.0,0.0,0.0,1.0,0.13384561,0
1.0,1.0,0.0,1.0,0.09647579,0
0.0,0.0,0.0,1.0,0.13512823,0
1.0,1.0,0.0,1.0,0.06030022,0
0.0,0.0,0.0,1.0,0.101218395,0
0.0,0.0,0.0,1.0,0.20372179,0
0.0,0.0,0.0,1.0,0.2098577,0
0.0,0.0,0.0,1.0,0.06779732,0
0.0,0.0,0.0,1.0,0.27243176,0
0.0,0.0,0.0,1.0,0.13384561,0
1.0,1.0,0.0,1.0,0.117511205,0
0.0,0.0,0.0,1.0,0.043116983,0
1.0,1.0,0.0,0.33801323,0.05746601,1
0.0,0.0,0.0,0.7047021,0.08651998,0
0.0,0.0,0.0,1.0,0.11467671,0
0.0,0.0,0.0,1.0,0.17884913,0
0.0,0.0,0.0,1.0,0.14194843,0
0.0,0.0,0.0,1.0,0.19474271,0
0.0,0.0,0.0,1.0,0.09647579,0
0.0,0.0,0.0,1.0,0.117511205,0
1.0,1.0,0.0,1.0,0.08215059,0
0.0,0.0,0.0,1.0,0.12820561,0
0.0,0.0,0.0,1.0,0.074807614,0
0.0,0.0,0.0,1.0,0.22115098,0
0.0,0.0,0.0,1.0,0.17430377,0
0.0,0.0,0.0,1.0,0.15340509,0
0.0,0.0,0.0,0.8396378,0.06185884,0
0.0,0.0,0.0,1.0,0.13512823,0
1.0,1.0,0.0,1.0,0.043116983,0
0.0,0.0,0.0,1.0,0.08215059,0
0.0,0.0,0.0,0.69557714,0.06953007,0
0.0,0.0,0.0,1.0,0.1558732,0
0.0,0.0,0.0,1.0,0.18179382,0
0.0,0.0,0.0,0.86086994,0.092756756,0
0.0,0.0,0.0,1.0,0.23132564,0
0.0,0.0,0.0,1.0,0.10391843,0
0.0,0.0,0.0,1.0,0.06030022,0
1.0,1.0,0.0,0.33744067,0.05746601,1
0.0,0.0,0.0,1.0,0.12820561,0
1.0,1.0,0.0,0.69557714,0.06953007,0
0.0,0.0,0.0,1.0,0.20119618,0
0.0,0.0,0.0,1.0,0.113193505,0
0.0,0.0,0.0,0.8563473,0.07809352,0
0.0,0.0,0.0,1.0,0.28115156,0
0.0,0.0,0.0,1.0,0.16838267,0
0.0,0.0,0.0,1.0,0.101218395,0
1.0,1.0,0.0,0.7039268,0.08651998,0
0.0,0.0,0.0,1.0,0.074807614,0
1.0,1.0,0.0,1.0,0.1558732,0
0.0,0.0,0.0,1.0,0.20119618,0
0.0,0.0,0.0,1.0,0.2838443,0
0.0,0.0,0.0,1.0,0.24854434,0
0.0,0.0,0.0,1.0,0.080508195,0
0.0,0.0,0.0,0.67812234,0.08405388,0
0.0,0.0,0.0,1.0,0.20372179,0
1.0,1.0,0.0,1.0,0.11467671,0
0.0,0.0,0.0,1.0,0.22115098,0
1.0,1.0,0.0,1.0,0.18179382,0
0.0,0.0,0.0,1.0,0.113193505,0
0.0,0.0,0.0,1.0,0.2838443,0
0.0,0.0,0.0,1.0,0.1618197,0
0.0,0.0,0.0,1.0,0.36326477,0
0.0,0.0,0.0,1.0,0.27298972,0
0.0,0.0,0.0,1.0,0.2098577,0
1.0,1.0,0.0,1.0,0.17884913,0
0.0,0.0,0.0,1.0,0.17430377,0
1.0,1.0,0.0,0.86086994,0.092756756,0
0.0,0.0,0.0,0.8563473,0.07809352,0
0.0,0.0,0.0,1.0,0.24854434,0
0.0,0.0,0.0,1.0,0.1618197,0
0.0,0.0,0.0,1.0,0.32379153,0
0.0,0.0,0.0,1.0,0.19126639,0
0.0,0.0,0.0,1.0,0.06779732,0
1.0,1.0,0.0,1.0,0.14194843,0
0.0,0.0,0.0,1.0,0.15340509,0
1.0,1.0,0.0,1.0,0.23132564,0
0.0,0.0,0.0,1.0,0.28115156,0
0.0,0.0,0.0,1.0,0.080508195,0
0.0,0.0,0.0,1.0,0.36326477,0
0.0,0.0,0.0,1.0,0.32379153,0
0.0,0.0,0.0,1.0,0.14004195,0
0.0,0.0,0.0,1.0,0.27243176,0
1.0,1.0,0.0,1.0,0.19474271,0
0.0,0.0,0.0,0.8396378,0.06185884,0
1.0,1.0,0.0,1.0,0.10391843,0
0.0,0.0,0.0,1.0,0.16838267,0
0.0,0.0,0.0,0.67812234,0.08405388,0
0.0,0.0,0.0,1.0,0.27298972,0
0.0,0.0,0.0,1.0,0.19126639,0
0.0,0.0,0.0,1.0,0.14004195,0
0.0,0.0,0.0,1.0,0.13384561,0
1.0,1.0,0.0,1.0,0.09647579,0
0.0,0.0,0.0,1.0,0.13512823,0
1.0,1.0,0.0,1.0,0.06030022,0
0.0,0.0,0.0,1.0,0.101218395,0
0.0,0.0,0.0,1.0,0.20372179,0
0.0,0.0,0.0,1.0,0.2098577,0
0.0,0.0,0.0,1.0,0.06779732,0
0.0,0.0,0.0,1.0,0.27243176,0
0.0,0.0,0.0,1.0,0.13384561,0
1.0,1.0,0.0,1.0,0.117511205,0
0.0,0.0,0.0,1.0,0.043116983,0
1.0,1.0,0.0,0.33744067,0.05746601,1
0.0,0.0,0.0,0.7039268,0.08651998,0
0.0,0.0,0.0,1.0,0.11467671,0
0.0,0.0,0.0,1.0,0.17884913,0
0.0,0.0,0.0,1.0,0.14194843,0
0.0,0.0,0.0,1.0,0.19474271,0
0.0,0.0,0.0,1.0,0.09647579,0
0.0,0.0,0.0,1.0,0.117511205,0
1.0,1.0,0.0,1.0,0.08215059,0
0.0,0.0,0.0,1.0,0.12820561,0
0.0,0.0,0.0,1.0,0.074807614,0
0.0,0.0,0.0,1.0,0.22115098,0
0.0,0.0,0.0,1.0,0.17430377,0
0.0,0.0,0.0,1.0,0.15340509,0
0.0,0.0,0.0,0.8396877,0.06185884,0
0.0,0.0,0.0,1.0,0.13512823,0
1.0,1.0,0.0,1.0,0.043116983,0
0.0,0.0,0.0,1.0,0.08215059,0
0.0,0.0,0.0,0.6948992,0.06953007,0
0.0,0.0,0.0,1.0,0.1558732,0
0.0,0.0,0.0,1.0,0.18179382,0
0.0,0.0,0.0,0.85994315,0.092756756,0
0.0,0.0,0.0,1.0,0.23132564,0
0.0,0.0,0.0,1.0,0.10391843,0
0.0,0.0,0.0,1.0,0.06030022,0
1.0,1.0,0.0,0.33686814,0.05746601,1
0.0,0.0,0.0,1.0,0.12820561,0
1.0,1.0,0.0,0.6948992,0.06953007,0
0.0,0.0,0.0,1.0,0.20119618,0
0.0,0.0,0.0,1.0,0.113193505,0
0.0,0.0,0.0,0.8555667,0.07809352,0
0.0,0.0,0.0,1.0,0.28115156,0
0.0,0.0,0.0,1.0,0.16838267,0
0.0,0.0,0.0,1.0,0.101218395,0
1.0,1.0,0.0,0.7031517,0.08651998,0
0.0,0.0,0.0,1.0,0.074807614,0
1.0,1.0,0.0,1.0,0.1558732,0
0.0,0.0,0.0,1.0,0.20119618,0
0.0,0.0,0.0,1.0,0.2838443,0
0.0,0.0,0.0,1.0,0.24854434,0
0.0,0.0,0.0,1.0,0.080508195,0
0.0,0.0,0.0,0.67734045,0.08405388,0
0.0,0.0,0.0,1.0,0.20372179,0
1.0,1.0,0.0,1.0,0.11467671,0
0.0,0.0,0.0,1.0,0.22115098,0
1.0,1.0,0.0,1.0,0.18179382,0
0.0,0.0,0.0,1.0,0.113193505,0
0.0,0.0,0.0,1.0,0.2838443,0
0.0,0.0,0.0,1.0,0.1618197,0
0.0,0.0,0.0,1.0,0.36326477,0
0.0,0.0,0.0,1.0,0.27298972,0
0.0,0.0,0.0,1.0,0.2098577,0
1.0,1.0,0.0,1.0,0.17884913,0
0.0,0.0,0.0,1.0,0.17430377,0
1.0,1.0,0.0,0.85994315,0.092756756,0
0.0,0.0,0.0,0.8555667,0.07809352,0
0.0,0.0,0.0,1.0,0.24854434,0
0.0,0.0,0.0,1.0,0.1618197,0
0.0,0.0,0.0,1.0,0.32379153,0
0.0,0.0,0.0,1.0,0.19126639,0
0.0,0.0,0.0,1.0,0.06779732,0
1.0,1.0,0.0,1.0,0.14194843,0
0.0,0.0,0.0,1.0,0.15340509,0
1.0,1.0,0.0,1.0,0.23132564,0
0.0,0.0,0.0,1.0,0.28115156,0
0.0,0.0,0.0,1.0,0.080508195,0
0.0,0.0,0.0,1.0,0.36326477,0
0.0,0.0,0.0,1.0,0.32379153,0
0.0,0.0,0.0,1.0,0.14004195,0
0.0,0.0,0.0,1.0,0.27243176,0
1.0,1.0,0.0,1.0,0.19474271,0
0.0,0.0,0.0,0.8396877,0.06185884,0
1.0,1.0,0.0,1.0,0.10391843,0
0.0,0.0,0.0,1.0,0.16838267,0
0.0,0.0,0.0,0.67734045,0.08405388,0
0.0,0.0,0.0,1.0,0.27298972,0
0.0,0.0,0.0,1.0,0.19126639,0
0.0,0.0,0.0,1.0,0.14004195,0
0.0,0.0,0.0,1.0,0.13384561,0
1.0,1.0,0.0,1.0,0.09647579,0
0.0,0.0,0.0,1.0,0.13512823,0
1.0,1.0,0.0,1.0,0.06030022,0
0.0,0.0,0.0,1.0,0.101218395,0
0.0,0.0,0.0,1.0,0.20372179,0
0.0,0.0,0.0,1.0,0.2098577,0
0.0,0.0,0.0,1.0,0.06779732,0
0.0,0.0,0.0,1.0,0.27243176,0
0.0,0.0,0.0,1.0,0.13384561,0
1.0,1.0,0.0,1.0,0.117511205,0
0.0,0.0,0.0,1.0,0.043116983,0
1.0,1.0,0.0,0.33686814,0.05746601,1
0.0,0.0,0.0,0.7031517,0.08651998,0
0.0,0.0,0.0,1.0,0.11467671,0
0.0,0.0,0.0,1.0,0.17884913,0
0.0,0.0,0.0,1.0,0.14194843,0
0.0,0.0,0.0,1.0,0.19474271,0
0.0,0.0,0.0,1.0,0.09647579,0
0.0,0.0,0.0,1.0,0.117511205,0
1.0,1.0,0.0,1.0,0.08215059,0
0.0,0.0,0.0,1.0,0.12820561,0
0.0,0.0,0.0,1.0,0.074807614,0
0.0,0.0,0.0,1.0,0.22115098,0
0.0,0.0,0.0,1.0,0.17430377,0
0.0,0.0,0.0,1.0,0.15340509,0
0.0,0.0,0.0,0.8397381,0.06185884,0
0.0,0.0,0.0,1.0,0.13512823,0
1.0,1.0,0.0,1.0,0.043116983,0
0.0,0.0,0.0,1.0,0.08215059,0
0.0,0.0,0.0,0.69422126,0.06953007,0
0.0,0.0,0.0,1.0,0.1558732,0
0.0,0.0,0.0,1.0,0.18179382,0
0.0,0.0,0.0,0.8590164,0.092756756,0
0.0,0.0,0.0,1.0,0.23132564,0
0.0,0.0,0.0,1.0,0.10391843,0
0.0,0.0,0.0,1.0,0.06030022,0
1.0,1.0,0.0,0.3362956,0.05746601,1
0.0,0.0,0.0,1.0,0.12820561,0
1.0,1.0,0.0,0.69422126,0.06953007,0
0.0,0.0,0.0,1.0,0.20119618,0
0.0,0.0,0.0,1.0,0.113193505,0
0.0,0.0,0.0,0.8547861,0.07809352,0
0.0,0.0,0.0,1.0,0.28115156,0
0.0,0.0,0.0,1.0,0.16838267,0
0.0,0.0,0.0,1.0,0.101218395,0
1.0,1.0,0.0,0.70237684,0.08651998,0
0.0,0.0,0.0,1.0,0.074807614,0
1.0,1.0,0.0,1.0,0.1558732,0
0.0,0.0,0.0,1.0,0.20119618,0
0.0,0.0,0.0,1.0,0.2838443,0
0.0,0.0,0.0,1.0,0.24854434,0
0.0,0.0,0.0,1.0,0.080508195,0
0.0,0.0,0.0,0.67655873,0.08405388,0
0.0,0.0,0.0,1.0,0.20372179,0
1.0,1.0,0.0,1.0,0.11467671,0
0.0,0.0,0.0,1.0,0.22115098,0
1.0,1.0,0.0,1.0,0.18179382,0
0.0,0.0,0.0,1.0,0.113193505,0
0.0,0.0,0.0,1.0,0.2838443,0
0.0,0.0,0.0,1.0,0.1618197,0
0.0,0.0,0.0,1.0,0.36326477,0
0.0,0.0,0.0,1.0,0.27298972,0
0.0,0.0,0.0,1.0,0.2098577,0
1.0,1.0,0.0,1.0,0.17884913,0
0.0,0.0,0.0,1.0,0.17430377,0
1.0,1.0,0.0,0.8590164,0.092756756,0
0.0,0.0,0.0,0.8547861,0.07809352,0
0.0,0.0,0.0,1.0,0.24854434,0
0.0,0.0,0.0,1.0,0.1618197,0
0.0,0.0,0.0,1.0,0.32379153,0
0.0,0.0,0.0,1.0,0.19126639,0
0.0,0.0,0.0,1.0,0.06779732,0
1.0,1.0,0.0,1.0,0.14194843,0
0.0,0.0,0.0,1.0,0.15340509,0
1.0,1.0,0.0,1.0,0.23132564,0
0.0,0.0,0.0,1.0,0.28115156,0
0.0,0.0,0.0,1.0,0.080508195,0
0.0,0.0,0.0,1.0,0.36326477,0
0.0,0.0,0.0,1.0,0.32379153,0
0.0,0.0,0.0,1.0,0.14004195,0
0.0,0.0,0.0,1.0,0.27243176,0
1.0,1.0,0.0,1.0,0.19474271,0
0.0,0.0,0.0,0.8397381,0.06185884,0
1.0,1.0,0.0,1.0,0.10391843,0
0.0,0.0,0.0,1.0,0.16838267,0
0.0,0.0,0.0,0.67655873,0.08405388,0
0.0,0.0,0.0,1.0,0.27298972,0
0.0,0.0,0.0,1.0,0.19126639,0
0.0,0.0,0.0,1.0,0.14004195,0
0.0,0.0,0.0,1.0,0.13384561,0
1.0,1.0,0.0,1.0,0.09647579,0
0.0,0.0,0.0,1.0,0.13512823,0
1.0,1.0,0.0,1.0,0.06030022,0
0.0,0.0,0.0,1.0,0.101218395,0
0.0,0.0,0.0,1.0,0.20372179,0
0.0,0.0,0.0,1.0,0.2098577,0
0.0,0.0,0.0,1.0,0.06779732,0
0.0,0.0,0.0,1.0,0.27243176,0
0.0,0.0,0.0,1.0,0.13384561,0
1.0,1.0,0.0,1.0,0.117511205,0
0.0,0.0,0.0,1.0,0.043116983,0
1.0,1.0,0.0,0.3362956,0.05746601,1
0.0,0.0,0.0,0.70237684,0.08651998,0
0.0,0.0,0.0,1.0,0.11467671,0
0.0,0.0,0.0,1.0,0.17884913,0
0.0,0.0,0.0,1.0,0.14194843,0
0.0,0.0,0.0,1.0,0.19474271,0
0.0,0.0,0.0,1.0,0.09647579,0
0.0,0.0,0.0,1.0,0.117511205,0
1.0,1.0,0.0,1.0,0.08215059,0
0.0,0.0,0.0,1.0,0.12820561,0
0.0,0.0,0.0,1.0,0.074807614,0
0.0,0.0,0.0,1.0,0.22115098,0
0.0,0.0,0.0,1.0,0.17430377,0
0.0,0.0,0.0,1.0,0.15340509,0
0.0,0.0,0.0,0.8397889,0.06185884,0
0.0,0.0,0.0,1.0,0.13512823,0
1.0,1.0,0.0,1.0,0.043116983,0
0.0,0.0,0.0,1.0,0.08215059,0
0.0,0.0,0.0,0.6935434,0.06953007,0
0.0,0.0,0.0,1.0,0.1558732,0
0.0,0.0,0.0,1.0,0.18179382,0
0.0,0.0,0.0,0.8580896,0.092756756,0
0.0,0.0,0.0,1.0,0.23132564,0
0.0,0.0,0.0,1.0,0.10391843,0
0.0,0.0,0.0,1.0,0.06030022,0
1.0,1.0,0.0,0.33572307,0.05746601,1
0.0,0.0,0.0,1.0,0.12820561,0
1.0,1.0,0.0,0.6935434,0.06953007,0
0.0,0.0,0.0,1.0,0.20119618,0
0.0,0.0,0.0,1.0,0.113193505,0
0.0,0.0,0.0,0.85400546,0.07809352,0
0.0,0.0,0.0,1.0,0.28115156,0
0.0,0.0,0.0,1.0,0.16838267,0
0.0,0.0,0.0,1.0,0.101218395,0
1.0,1.0,0.0,0.7016022,0.08651998,0
0.0,0.0,0.0,1.0,0.074807614,0
1.0,1.0,0.0,1.0,0.1558732,0
0.0,0.0,0.0,1.0,0.20119618,0
0.0,0.0,0.0,1.0,0.2838443,0
0.0,0.0,0.0,1.0,0.24854434,0
0.0,0.0,0.0,1.0,0.080508195,0
0.0,0.0,0.0,0.67577714,0.08405388,0
0.0,0.0,0.0,1.0,0.20372179,0
1.0,1.0,0.0,1.0,0.11467671,0
0.0,0.0,0.0,1.0,0.22115098,0
1.0,1.0,0.0,1.0,0.18179382,0
0.0,0.0,0.0,1.0,0.113193505,0
0.0,0.0,0.0,1.0,0.2838443,0
0.0,0.0,0.0,1.0,0.1618197,0
0.0,0.0,0.0,1.0,0.36326477,0
0.0,0.0,0.0,1.0,0.27298972,0
0.0,0.0,0.0,1.0,0.2098577,0
1.0,1.0,0.0,1.0,0.17884913,0
0.0,0.0,0.0,1.0,0.17430377,0
1.0,1.0,0.0,0.8580896,0.092756756,0
0.0,0.0,0.0,0.85400546,0.07809352,0
0.0,0.0,0.0,1.0,0.24854434,0
0.0,0.0,0.0,1.0,0.1618197,0
0.0,0.0,0.0,1.0,0.32379153,0
0.0,0.0,0.0,1.0,0.19126639,0
0.0,0.0,0.0,1.0,0.06779732,0
1.0,1.0,0.0,1.0,0.14194843,0
0.0,0.0,0.0,1.0,0.15340509,0
1.0,1.0,0.0,1.0,0.23132564,0
0.0,0.0,0.0,1.0,0.28115156,0
0.0,0.0,0.0,1.0,0.080508195,0
0.0,0.0,0.0,1.0,0.36326477,0
0.0,0.0,0.0,1.0,0.32379153,0
0.0,0.0,0.0,1.0,0.14004195,0
0.0,0.0,0.0,1.0,0.27243176,0
1.0,1.0,0.0,1.0,0.19474271,0
0.0,0.0,0.0,0.8397889,0.06185884,0
1.0,1.0,0.0,1.0,0.10391843,0
0.0,0.0,0.0,1.0,0.16838267,0
0.0,0.0,0.0,0.67577714,0.08405388,0
0.0,0.0,0.0,1.0,0.27298972,0
0.0,0.0,0.0,1.0,0.19126639,0
0.0,0.0,0.0,1.0,0.14004195,0
0.0,0.0,0.0,1.0,0.13384561,0
1.0,1.0,0.0,1.0,0.09647579,0
0.0,0.0,0.0,1.0,0.13512823,0
1.0,1.0,0.0,1.0,0.06030022,0
0.0,0.0,0.0,1.0,0.101218395,0
0.0,0.0,0.0,1.0,0.20372179,0
0.0,0.0,0.0,1.0,0.2098577,0
0.0,0.0,0.0,1.0,0.06779732,0
0.0,0.0,0.0,1.0,0.27243176,0
0.0,0.0,0.0,1.0,0.13384561,0
1.0,1.0,0.0,1.0,0.117511205,0
0.0,0.0,0.0,1.0,0.043116983,0
1.0,1.0,0.0,0.33572307,0.05746601,1
0.0,0.0,0.0,0.7016022,0.08651998,0
0.0,0.0,0.0,1.0,0.11467671,0
0.0,0.0,0.0,1.0,0.17884913,0
0.0,0.0,0.0,1.0,0.14194843,0
0.0,0.0,0.0,1.0,0.19474271,0
0.0,0.0,0.0,1.0,0.09647579,0
0.0,0.0,0.0,1.0,0.117511205,0
1.0,1.0,0.0,1.0,0.08215059,0
0.0,0.0,0.0,1.0,0.12820561,0
0.0,0.0,0.0,1.0,0.074807614,0
0.0,0.0,0.0,1.0,0.22115098,0
0.0,0.0,0.0,1.0,0.17430377,0
0.0,0.0,0.0,1.0,0.15340509,0
0.0,0.0,0.0,0.8398402,0.06185884,0
0.0,0.0,0.0,1.0,0.13512823,0
1.0,1.0,0.0,1.0,0.043116983,0
0.0,0.0,0.0,1.0,0.08215059,0
0.0,0.0,0.0,0.6928655,0.06953007,0
0.0,0.0,0.0,1.0,0.1558732,0
0.0,0.0,0.0,1.0,0.18179382,0
0.0,0.0,0.0,0.85716283,0.092756756,0
0.0,0.0,0.0,1.0,0.23132564,0
0.0,0.0,0.0,1.0,0.10391843,0
0.0,0.0,0.0,1.0,0.06030022,0
1.0,1.0,0.0,0.33515054,0.05746601,1
0.0,0.0,0.0,1.0,0.12820561,0
1.0,1.0,0.0,0.6928655,0.06953007,0
0.0,0.0,0.0,1.0,0.20119618,0
0.0,0.0,0.0,1.0,0.113193505,0
0.0,0.0,0.0,0.8532249,0.07809352,0
0.0,0.0,0.0,1.0,0.28115156,0
0.0,0.0,0.0,1.0,0.16838267,0
0.0,0.0,0.0,1.0,0.101218395,0
1.0,1.0,0.0,0.7008278,0.08651998,0
0.0,0.0,0.0,1.0,0.074807614,0
1.0,1.0,0.0,1.0,0.1558732,0
0.0,0.0,0.0,1.0,0.20119618,0
0.0,0.0,0.0,1.0,0.2838443,0
0.0,0.0,0.0,1.0,0.24854434,0
0.0,0.0,0.0,1.0,0.080508195,0
0.0,0.0,0.0,0.67499566,0.08405388,0
0.0,0.0,0.0,1.0,0.20372179,0
1.0,1.0,0.0,1.0,0.11467671,0
0.0,0.0,0.0,1.0,0.22115098,0
1.0,1.0,0.0,1.0,0.18179382,0
0.0,0.0,0.0,1.0,0.113193505,0
0.0,0.0,0.0,1.0,0.2838443,0
0.0,0.0,0.0,1.0,0.1618197,0
0.0,0.0,0.0,1.0,0.36326477,0
0.0,0.0,0.0,1.0,0.27298972,0
0.0,0.0,0.0,1.0,0.2098577,0
1.0,1.0,0.0,1.0,0.17884913,0
0.0,0.0,0.0,1.0,0.17430377,0
1.0,1.0,0.0,0.85716283,0.092756756,0
0.0,0.0,0.0,0.8532249,0.07809352,0
0.0,0.0,0.0,1.0,0.24854434,0
0.0,0.0,0.0,1.0,0.1618197,0
0.0,0.0,0.0,1.0,0.32379153,0
0.0,0.0,0.0,1.0,0.19126639,0
0.0,0.0,0.0,1.0,0.06779732,0
1.0,1.0,0.0,1.0,0.14194843,0
0.0,0.0,0.0,1.0,0.15340509,0
1.0,1.0,0.0,1.0,0.23132564,0
0.0,0.0,0.0,1.0,0.28115156,0
0.0,0.0,0.0,1.0,0.080508195,0
0.0,0.0,0.0,1.0,0.36326477,0
0.0,0.0,0.0,1.0,0.32379153,0
0.0,0.0,0.0,1.0,0.14004195,0
0.0,0.0,0.0,1.0,0.27243176,0
1.0,1.0,0.0,1.0,0.19474271,0
0.0,0.0,0.0,0.8398402,0.06185884,0
1.0,1.0,0.0,1.0,0.10391843,0
0.0,0.0,0.0,1.0,0.16838267,0
0.0,0.0,0.0,0.67499566,0.08405388,0
0.0,0.0,0.0,1.0,0.27298972,0
0.0,0.0,0.0,1.0,0.19126639,0
0.0,0.0,0.0,1.0,0.14004195,0
0.0,0.0,0.0,1.0,0.13384561,0
1.0,1.0,0.0,1.0,0.09647579,0
0.0,0.0,0.0,1.0,0.13512823,0
1.0,1.0,0.0,1.0,0.06030022,0
0.0,0.0,0.0,1.0,0.101218395,0
0.0,0.0,0.0,1.0,0.20372179,0
0.0,0.0,0.0,1.0,0.2098577,0
0.0,0.0,0.0,1.0,0.06779732,0
0.0,0.0,0.0,1.0,0.27243176,0
0.0,0.0,0.0,1.0,0.13384561,0
1.0,1.0,0.0,1.0,0.117511205,0
0.0,0.0,0.0,1.0,0.043116983,0
1.0,1.0,0.0,0.33515054,0.05746601,1
0.0,0.0,0.0,0.7008278,0.08651998,0
0.0,0.0,0.0,1.0,0.11467671,0
0.0,0.0,0.0,1.0,0.17884913,0
0.0,0.0,0.0,1.0,0.14194843,0
0.0,0.0,0.0,1.0,0.19474271,0
0.0,0.0,0.0,1.0,0.09647579,0
0.0,0.0,0.0,1.0,0.117511205,0
1.0,1.0,0.0,1.0,0.08215059,0
0.0,0.0,0.0,1.0,0.12820561,0
0.0,0.0,0.0,1.0,0.074807614,0
0.0,0.0,0.0,1.0,0.22115098,0
0.0,0.0,0.0,1.0,0.17430377,0
0.0,0.0,0.0,1.0,0.15340509,0
0.0,0.0,0.0,0.8398919,0.06185884,0
0.0,0.0,0.0,1.0,0.13512823,0
1.0,1.0,0.0,1.0,0.043116983,0
0.0,0.0,0.0,1.0,0.08215059,0
0.0,0.0,0.0,0.69218767,0.06953007,0
0.0,0.0,0.0,1.0,0.1558732,0
0.0,0.0,0.0,1.0,0.18179382,0
0.0,0.0,0.0,0.8562361,0.092756756,0
0.0,0.0,0.0,1.0,0.23132564,0
0.0,0.0,0.0,1.0,0.10391843,0
0.0,0.0,0.0,1.0,0.06030022,0
1.0,1.0,0.0,0.33457804,0.05746601,1
0.0,0.0,0.0,1.0,0.12820561,0
1.0,1.0,0.0,0.69218767,0.06953007,0
0.0,0.0,0.0,1.0,0.20119618,0
0.0,0.0,0.0,1.0,0.113193505,0
0.0,0.0,0.0,0.85244423,0.07809352,0
0.0,0.0,0.0,1.0,0.28115156,0
0.0,0.0,0.0,1.0,0.16838267,0
0.0,0.0,0.0,1.0,0.101218395,0
1.0,1.0,0.0,0.7000536,0.08651998,0
0.0,0.0,0.0,1.0,0.074807614,0
1.0,1.0,0.0,1.0,0.1558732,0
0.0,0.0,0.0,1.0,0.20119618,0
0.0,0.0,0.0,1.0,0.2838443,0
0.0,0.0,0.0,1.0,0.24854434,0
0.0,0.0,0.0,1.0,0.080508195,0
0.0,0.0,0.0,0.67421436,0.08405388,0
0.0,0.0,0.0,1.0,0.20372179,0
1.0,1.0,0.0,1.0,0.11467671,0
0.0,0.0,0.0,1.0,0.22115098,0
1.0,1.0,0.0,1.0,0.18179382,0
0.0,0.0,0.0,1.0,0.113193505,0
0.0,0.0,0.0,1.0,0.2838443,0
0.0,0.0,0.0,1.0,0.1618197,0
0.0,0.0,0.0,1.0,0.36326477,0
0.0,0.0,0.0,1.0,0.27298972,0
0.0,0.0,0.0,1.0,0.2098577,0
1.0,1.0,0.0,1.0,0.17884913,0
0.0,0.0,0.0,1.0,0.17430377,0
1.0,1.0,0.0,0.8562361,0.092756756,0
0.0,0.0,0.0,0.85244423,0.07809352,0
0.0,0.0,0.0,1.0,0.24854434,0
0.0,0.0,0.0,1.0,0.1618197,0
0.0,0.0,0.0,1.0,0.32379153,0
0.0,0.0,0.0,1.0,0.19126639,0
0.0,0.0,0.0,1.0,0.06779732,0
1.0,1.0,0.0,1.0,0.14194843,0
0.0,0.0,0.0,1.0,0.15340509,0
1.0,1.0,0.0,1.0,0.23132564,0
0.0,0.0,0.0,1.0,0.28115156,0
0.0,0.0,0.0,1.0,0.080508195,0
0.0,0.0,0.0,1.0,0.36326477,0
0.0,0.0,0.0,1.0,0.32379153,0
0.0,0.0,0.0,1.0,0.14004195,0
0.0,0.0,0.0,1.0,0.27243176,0
1.0,1.0,0.0,1.0,0.19474271,0
0.0,0.0,0.0,0.8398919,0.06185884,0
1.0,1.0,0.0,1.0,0.10391843,0
0.0,0.0,0.0,1.0,0.16838267,0
0.0,0.0,0.0,0.67421436,0.08405388,0
0.0,0.0,0.0,1.0,0.27298972,0
0.0,0.0,0.0,1.0,0.19126639,0
0.0,0.0,0.0,1.0,0.14004195,0
0.0,0.0,0.0,1.0,0.13384561,0
1.0,1.0,0.0,1.0,0.09647579,0
0.0,0.0,0.0,1.0,0.13512823,0
1.0,1.0,0.0,1.0,0.06030022,0
0.0,0.0,0.0,1.0,0.101218395,0
0.0,0.0,0.0,1.0,0.20372179,0
0.0,0.0,0.0,1.0,0.2098577,0
0.0,0.0,0.0,1.0,0.06779732,0
0.0,0.0,0.0,1.0,0.27243176,0
0.0,0.0,0.0,1.0,0.13384561,0
1.0,1.0,0.0,1.0,0.117511205,0
0.0,0.0,0.0,1.0,0.043116983,0
1.0,1.0,0.0,0.33457804,0.05746601,1
0.0,0.0,0.0,0.7000536,0.08651998,0
0.0,0.0,0.0,1.0,0.11467671,0
0.0,0.0,0.0,1.0,0.17884913,0
0.0,0.0,0.0,1.0,0.14194843,0
0.0,0.0,0.0,1.0,0.19474271,0
0.0,0.0,0.0,1.0,0.09647579,0
0.0,0.0,0.0,1.0,0.117511205,0
