RSSI,SNR,PacketLoss,Distance,RelSpeed,LinkQuality
1.0,1.0,0.0,1.0,0.0,0
0.0,0.0,0.0,1.0,0.0,0
0.0,0.0,0.0,1.0,0.0,0
0.0,0.0,0.0,1.0,0.0,0
0.0,0.0,0.0,1.0,0.0,0
0.0,0.0,0.0,1.0,0.0,0
0.0,0.0,0.0,0.8385759,0.0,0
0.0,0.0,0.0,1.0,0.0,0
0.0,0.0,0.0,1.0,0.0,0
0.0,0.0,0.0,1.0,0.0,0
0.0,0.0,0.0,0.7118584,0.0,0
0.0,0.0,0.0,1.0,0.0,0
0.0,0.0,0.0,1.0,0.0,0
0.0,0.0,0.0,0.883113,0.0,0
0.0,0.0,0.0,1.0,0.0,0
0.0,0.0,0.0,1.0,0.0,0
0.0,0.0,0.0,1.0,0.0,0
0.0,0.0,0.0,0.35118377,0.0,0
0.0,0.0,0.0,1.0,0.0,0
1.0,1.0,0.0,0.7118584,0.0,0
0.0,0.0,0.0,1.0,0.0,0
0.0,0.0,0.0,1.0,0.0,0
0.0,0.0,0.0,0.8750822,0.0,0
0.0,0.0,0.0,1.0,0.0,0
0.0,0.0,0.0,1.0,0.0,0
0.0,0.0,0.0,1.0,0.0,0
0.0,0.0,0.0,0.7225898,0.0,0
0.0,0.0,0.0,1.0,0.0,0
1.0,1.0,0.0,1.0,0.0,0
0.0,0.0,0.0,1.0,0.0,0
0.0,0.0,0.0,1.0,0.0,0
0.0,0.0,0.0,1.0,0.0,0
0.0,0.0,0.0,1.0,0.0,0
0.0,0.0,0.0,0.6969283,0.0,0
0.0,0.0,0.0,1.0,0.0,0
0.0,0.0,0.0,1.0,0.0,0
0.0,0.0,0.0,1.0,0.0,0
1.0,1.0,0.0,1.0,0.0,0
0.0,0.0,0.0,1.0,0.0,0
0.0,0.0,0.0,1.0,0.0,0
0.0,0.0,0.0,1.0,0.0,0
0.0,0.0,0.0,1.0,0.0,0
0.0,0.0,0.0,1.0,0.0,0
0.0,0.0,0.0,1.0,0.0,0
0.0,0.0,0.0,1.0,0.0,0
0.0,0.0,0.0,1.0,0.0,0
1.0,1.0,0.0,0.883113,0.0,0
0.0,0.0,0.0,0.8750822,0.0,0
0.0,0.0,0.0,1.0,0.0,0
0.0,0.0,0.0,1.0,0.0,0
0.0,0.0,0.0,1.0,0.0,0
0.0,0.0,0.0,1.0,0.0,0
0.0,0.0,0.0,1.0,0.0,0
0.0,0.0,0.0,1.0,0.0,0
0.0,0.0,0.0,1.0,0.0,0
1.0,1.0,0.0,1.0,0.0,0
0.0,0.0,0.0,1.0,0.0,0
0.0,0.0,0.0,1.0,0.0,0
0.0,0.0,0.0,1.0,0.0,0
0.0,0.0,0.0,1.0,0.0,0
0.0,0.0,0.0,1.0,0.0,0
0.0,0.0,0.0,1.0,0.0,0
0.0,0.0,0.0,1.0,0.0,0
0.0,0.0,0.0,0.8385759,0.0,0
1.0,1.0,0.0,1.0,0.0,0
0.0,0.0,0.0,1.0,0.0,0
0.0,0.0,0.0,0.6969283,0.0,0
0.0,0.0,0.0,1.0,0.0,0
0.0,0.0,0.0,1.0,0.0,0
0.0,0.0,0.0,1.0,0.0,0
0.0,0.0,0.0,1.0,0.0,0
0.0,0.0,0.0,1.0,0.0,0
0.0,0.0,0.0,1.0,0.0,0
1.0,1.0,0.0,1.0,0.0,0
0.0,0.0,0.0,1.0,0.0,0
0.0,0.0,0.0,1.0,0.0,0
0.0,0.0,0.0,1.0,0.0,0
0.0,0.0,0.0,1.0,0.0,0
0.0,0.0,0.0,1.0,0.0,0
0.0,0.0,0.0,1.0,0.0,0
0.0,0.0,0.0,1.0,0.0,0
0.0,0.0,0.0,1.0,0.0,0
1.0,1.0,0.0,0.35118377,0.0,1
0.0,0.0,0.0,0.7225898,0.0,0
0.0,0.0,0.0,1.0,0.0,0
0.0,0.0,0.0,1.0,0.0,0
0.0,0.0,0.0,1.0,0.0,0
0.0,0.0,0.0,1.0,0.0,0
0.0,0.0,0.0,1.0,0.0,0
0.0,0.0,0.0,1.0,0.0,0
1.0,1.0,0.0,1.0,0.0,0
0.0,0.0,0.0,1.0,0.0,0
0.0,0.0,0.0,1.0,0.0,0
0.0,0.0,0.0,1.0,0.0,0
0.0,0.0,0.0,1.0,0.0,0
0.0,0.0,0.0,1.0,0.0,0
0.0,0.0,0.0,0.8385759,0.0,0
0.0,0.0,0.0,1.0,0.0,0
1.0,1.0,0.0,1.0,0.0,0
0.0,0.0,0.0,1.0,0.0,0
0.0,0.0,0.0,0.7118584,0.0,0
0.0,0.0,0.0,1.0,0.0,0
0.0,0.0,0.0,1.0,0.0,0
0.0,0.0,0.0,0.883113,0.0,0
0.0,0.0,0.0,1.0,0.0,0
0.0,0.0,0.0,1.0,0.0,0
0.0,0.0,0.0,1.0,0.0,0
1.0,1.0,0.0,0.35118377,0.0,1
0.0,0.0,0.0,1.0,0.0,0
1.0,1.0,0.0,0.7118584,0.0,0
0.0,0.0,0.0,1.0,0.0,0
0.0,0.0,0.0,1.0,0.0,0
0.0,0.0,0.0,0.8750822,0.0,0
0.0,0.0,0.0,1.0,0.0,0
0.0,0.0,0.0,1.0,0.0,0
0.0,0.0,0.0,1.0,0.0,0
1.0,1.0,0.0,0.7225898,0.0,0
0.0,0.0,0.0,1.0,0.0,0
1.0,1.0,0.0,1.0,0.0,0
0.0,0.0,0.0,1.0,0.0,0
0.0,0.0,0.0,1.0,0.0,0
0.0,0.0,0.0,1.0,0.0,0
0.0,0.0,0.0,1.0,0.0,0
0.0,0.0,0.0,0.6969283,0.0,0
0.0,0.0,0.0,1.0,0.0,0
1.0,1.0,0.0,1.0,0.0,0
0.0,0.0,0.0,1.0,0.0,0
1.0,1.0,0.0,1.0,0.0,0
0.0,0.0,0.0,1.0,0.0,0
0.0,0.0,0.0,1.0,0.0,0
0.0,0.0,0.0,1.0,0.0,0
0.0,0.0,0.0,1.0,0.0,0
0.0,0.0,0.0,1.0,0.0,0
0.0,0.0,0.0,1.0,0.0,0
1.0,1.0,0.0,1.0,0.0,0
0.0,0.0,0.0,1.0,0.0,0
1.0,1.0,0.0,0.883113,0.0,0
0.0,0.0,0.0,0.8750822,0.0,0
0.0,0.0,0.0,1.0,0.0,0
0.0,0.0,0.0,1.0,0.0,0
0.0,0.0,0.0,1.0,0.0,0
0.0,0.0,0.0,1.0,0.0,0
0.0,0.0,0.0,1.0,0.0,0
1.0,1.0,0.0,1.0,0.0,0
0.0,0.0,0.0,1.0,0.0,0
1.0,1.0,0.0,1.0,0.0,0
0.0,0.0,0.0,1.0,0.0,0
0.0,0.0,0.0,1.0,0.0,0
0.0,0.0,0.0,1.0,0.0,0
0.0,0.0,0.0,1.0,0.0,0
0.0,0.0,0.0,1.0,0.0,0
0.0,0.0,0.0,1.0,0.0,0
1.0,1.0,0.0,1.0,0.0,0
0.0,0.0,0.0,0.8385759,0.0,0
1.0,1.0,0.0,1.0,0.0,0
0.0,0.0,0.0,1.0,0.0,0
0.0,0.0,0.0,0.6969283,0.0,0
0.0,0.0,0.0,1.0,0.0,0
0.0,0.0,0.0,1.0,0.0,0
0.0,0.0,0.0,1.0,0.0,0
0.0,0.0,0.0,1.0,0.0,0
1.0,1.0,0.0,1.0,0.0,0
0.0,0.0,0.0,1.0,0.0,0
1.0,1.0,0.0,1.0,0.0,0
0.0,0.0,0.0,1.0,0.0,0
0.0,0.0,0.0,1.0,0.0,0
0.0,0.0,0.0,1.0,0.0,0
0.0,0.0,0.0,1.0,0.0,0
0.0,0.0,0.0,1.0,0.0,0
0.0,0.0,0.0,1.0,0.0,0
1.0,1.0,0.0,1.0,0.0,0
0.0,0.0,0.0,1.0,0.0,0
1.0,1.0,0.0,0.35118377,0.0,1
0.0,0.0,0.0,0.7225898,0.0,0
0.0,0.0,0.0,1.0,0.0,0
0.0,0.0,0.0,1.0,0.0,0
0.0,0.0,0.0,1.0,0.0,0
0.0,0.0,0.0,1.0,0.0,0
0.0,0.0,0.0,1.0,0.0,0
0.0,0.0,0.0,1.0,0.0,0
1.0,1.0,0.0,1.0,0.0,0
0.0,0.0,0.0,1.0,0.0,0
0.0,0.0,0.0,1.0,0.0,0
0.0,0.0,0.0,1.0,0.0,0
0.0,0.0,0.0,1.0,0.0,0
0.0,0.0,0.0,1.0,0.0,0
0.0,0.0,0.0,0.8385759,0.0,0
0.0,0.0,0.0,1.0,0.0,0
1.0,1.0,0.0,1.0,0.0,0
0.0,0.0,0.0,1.0,0.0,0
0.0,0.0,0.0,0.7118584,0.0,0
0.0,0.0,0.0,1.0,0.0,0
0.0,0.0,0.0,1.0,0.0,0
0.0,0.0,0.0,0.883113,0.0,0
0.0,0.0,0.0,1.0,0.0,0
0.0,0.0,0.0,1.0,0.0,0
0.0,0.0,0.0,1.0,0.0,0
1.0,1.0,0.0,0.35118377,0.0,1
0.0,0.0,0.0,1.0,0.0,0
1.0,1.0,0.0,0.7118584,0.0,0
0.0,0.0,0.0,1.0,0.0,0
0.0,0.0,0.0,1.0,0.0,0
0.0,0.0,0.0,0.8750822,0.0,0
0.0,0.0,0.0,1.0,0.0,0
0.0,0.0,0.0,1.0,0.0,0
0.0,0.0,0.0,1.0,0.0,0
1.0,1.0,0.0,0.7225898,0.0,0
0.0,0.0,0.0,1.0,0.0,0
1.0,1.0,0.0,1.0,0.0,0
0.0,0.0,0.0,1.0,0.0,0
0.0,0.0,0.0,1.0,0.0,0
0.0,0.0,0.0,1.0,0.0,0
0.0,0.0,0.0,1.0,0.0,0
0.0,0.0,0.0,0.6969283,0.0,0
0.0,0.0,0.0,1.0,0.0,0
1.0,1.0,0.0,1.0,0.0,0
0.0,0.0,0.0,1.0,0.0,0
1.0,1.0,0.0,1.0,0.0,0
0.0,0.0,0.0,1.0,0.0,0
0.0,0.0,0.0,1.0,0.0,0
0.0,0.0,0.0,1.0,0.0,0
0.0,0.0,0.0,1.0,0.0,0
0.0,0.0,0.0,1.0,0.0,0
0.0,0.0,0.0,1.0,0.0,0
1.0,1.0,0.0,1.0,0.0,0
0.0,0.0,0.0,1.0,0.0,0
1.0,1.0,0.0,0.883113,0.0,0
0.0,0.0,0.0,0.8750822,0.0,0
0.0,0.0,0.0,1.0,0.0,0
0.0,0.0,0.0,1.0,0.0,0
0.0,0.0,0.0,1.0,0.0,0
0.0,0.0,0.0,1.0,0.0,0
0.0,0.0,0.0,1.0,0.0,0
1.0,1.0,0.0,1.0,0.0,0
0.0,0.0,0.0,1.0,0.0,0
1.0,1.0,0.0,1.0,0.0,0
0.0,0.0,0.0,1.0,0.0,0
0.0,0.0,0.0,1.0,0.0,0
0.0,0.0,0.0,1.0,0.0,0
0.0,0.0,0.0,1.0,0.0,0
0.0,0.0,0.0,1.0,0.0,0
0.0,0.0,0.0,1.0,0.0,0
1.0,1.0,0.0,1.0,0.0,0
0.0,0.0,0.0,0.8385759,0.0,0
1.0,1.0,0.0,1.0,0.0,0
0.0,0.0,0.0,1.0,0.0,0
0.0,0.0,0.0,0.6969283,0.0,0
0.0,0.0,0.0,1.0,0.0,0
0.0,0.0,0.0,1.0,0.0,0
0.0,0.0,0.0,1.0,0.0,0
0.0,0.0,0.0,1.0,0.0,0
1.0,1.0,0.0,1.0,0.0,0
0.0,0.0,0.0,1.0,0.0,0
1.0,1.0,0.0,1.0,0.0,0
0.0,0.0,0.0,1.0,0.0,0
0.0,0.0,0.0,1.0,0.0,0
0.0,0.0,0.0,1.0,0.0,0
0.0,0.0,0.0,1.0,0.0,0
0.0,0.0,0.0,1.0,0.0,0
0.0,0.0,0.0,1.0,0.0,0
1.0,1.0,0.0,1.0,0.0,0
0.0,0.0,0.0,1.0,0.0,0
1.0,1.0,0.0,0.35118377,0.0,1
0.0,0.0,0.0,0.7225898,0.0,0
0.0,0.0,0.0,1.0,0.0,0
0.0,0.0,0.0,1.0,0.0,0
0.0,0.0,0.0,1.0,0.0,0
0.0,0.0,0.0,1.0,0.0,0
0.0,0.0,0.0,1.0,0.0,0
0.0,0.0,0.0,1.0,0.0,0
1.0,1.0,0.0,1.0,0.0,0
0.0,0.0,0.0,1.0,0.0,0
0.0,0.0,0.0,1.0,0.0,0
0.0,0.0,0.0,1.0,0.0,0
0.0,0.0,0.0,1.0,0.0,0
0.0,0.0,0.0,1.0,0.0,0
0.0,0.0,0.0,0.8385759,0.0,0
0.0,0.0,0.0,1.0,0.0,0
1.0,1.0,0.0,1.0,0.0,0
0.0,0.0,0.0,1.0,0.0,0
0.0,0.0,0.0,0.7118584,0.0,0
0.0,0.0,0.0,1.0,0.0,0
0.0,0.0,0.0,1.0,0.0,0
0.0,0.0,0.0,0.883113,0.0,0
0.0,0.0,0.0,1.0,0.0,0
0.0,0.0,0.0,1.0,0.0,0
0.0,0.0,0.0,1.0,0.0,0
1.0,1.0,0.0,0.35118377,0.0,1
0.0,0.0,0.0,1.0,0.0,0
1.0,1.0,0.0,0.7118584,0.0,0
0.0,0.0,0.0,1.0,0.0,0
0.0,0.0,0.0,1.0,0.0,0
0.0,0.0,0.0,0.8750822,0.0,0
0.0,0.0,0.0,1.0,0.0,0
0.0,0.0,0.0,1.0,0.0,0
0.0,0.0,0.0,1.0,0.0,0
1.0,1.0,0.0,0.7225898,0.0,0
0.0,0.0,0.0,1.0,0.0,0
1.0,1.0,0.0,1.0,0.0,0
0.0,0.0,0.0,1.0,0.0,0
0.0,0.0,0.0,1.0,0.0,0
0.0,0.0,0.0,1.0,0.0,0
0.0,0.0,0.0,1.0,0.0,0
0.0,0.0,0.0,0.6969283,0.0,0
0.0,0.0,0.0,1.0,0.0,0
1.0,1.0,0.0,1.0,0.0,0
0.0,0.0,0.0,1.0,0.0,0
1.0,1.0,0.0,1.0,0.0,0
0.0,0.0,0.0,1.0,0.0,0
0.0,0.0,0.0,1.0,0.0,0
0.0,0.0,0.0,1.0,0.0,0
0.0,0.0,0.0,1.0,0.0,0
0.0,0.0,0.0,1.0,0.0,0
0.0,0.0,0.0,1.0,0.0,0
1.0,1.0,0.0,1.0,0.0,0
0.0,0.0,0.0,1.0,0.0,0
1.0,1.0,0.0,0.883113,0.0,0
0.0,0.0,0.0,0.8750822,0.0,0
0.0,0.0,0.0,1.0,0.0,0
0.0,0.0,0.0,1.0,0.0,0
0.0,0.0,0.0,1.0,0.0,0
0.0,0.0,0.0,1.0,0.0,0
0.0,0.0,0.0,1.0,0.0,0
1.0,1.0,0.0,1.0,0.0,0
0.0,0.0,0.0,1.0,0.0,0
1.0,1.0,0.0,1.0,0.0,0
0.0,0.0,0.0,1.0,0.0,0
0.0,0.0,0.0,1.0,0.0,0
0.0,0.0,0.0,1.0,0.0,0
0.0,0.0,0.0,1.0,0.0,0
0.0,0.0,0.0,1.0,0.0,0
0.0,0.0,0.0,1.0,0.0,0
1.0,1.0,0.0,1.0,0.0,0
0.0,0.0,0.0,0.8385759,0.0,0
1.0,1.0,0.0,1.0,0.0,0
0.0,0.0,0.0,1.0,0.0,0
0.0,0.0,0.0,0.6969283,0.0,0
0.0,0.0,0.0,1.0,0.0,0
0.0,0.0,0.0,1.0,0.0,0
0.0,0.0,0.0,1.0,0.0,0
0.0,0.0,0.0,1.0,0.0,0
1.0,1.0,0.0,1.0,0.0,0
0.0,0.0,0.0,1.0,0.0,0
1.0,1.0,0.0,1.0,0.0,0
0.0,0.0,0.0,1.0,0.0,0
0.0,0.0,0.0,1.0,0.0,0
0.0,0.0,0.0,1.0,0.0,0
0.0,0.0,0.0,1.0,0.0,0
0.0,0.0,0.0,1.0,0.0,0
0.0,0.0,0.0,1.0,0.0,0
1.0,1.0,0.0,1.0,0.0,0
0.0,0.0,0.0,1.0,0.0,0
1.0,1.0,0.0,0.35118377,0.0,1
0.0,0.0,0.0,0.7225898,0.0,0
0.0,0.0,0.0,1.0,0.0,0
0.0,0.0,0.0,1.0,0.0,0
0.0,0.0,0.0,1.0,0.0,0
0.0,0.0,0.0,1.0,0.0,0
0.0,0.0,0.0,1.0,0.0,0
0.0,0.0,0.0,1.0,0.0,0
1.0,1.0,0.0,1.0,0.0,0
0.0,0.0,0.0,1.0,0.0,0
0.0,0.0,0.0,1.0,0.0,0
0.0,0.0,0.0,1.0,0.0,0
0.0,0.0,0.0,1.0,0.0,0
0.0,0.0,0.0,1.0,0.0,0
0.0,0.0,0.0,0.8385759,0.0,0
0.0,0.0,0.0,1.0,0.0,0
1.0,1.0,0.0,1.0,0.0,0
0.0,0.0,0.0,1.0,0.0,0
0.0,0.0,0.0,0.7118584,0.0,0
0.0,0.0,0.0,1.0,0.0,0
0.0,0.0,0.0,1.0,0.0,0
0.0,0.0,0.0,0.883113,0.0,0
0.0,0.0,0.0,1.0,0.0,0
0.0,0.0,0.0,1.0,0.0,0
0.0,0.0,0.0,1.0,0.0,0
1.0,1.0,0.0,0.35118377,0.0,1
0.0,0.0,0.0,1.0,0.0,0
1.0,1.0,0.0,0.7118584,0.0,0
0.0,0.0,0.0,1.0,0.0,0
0.0,0.0,0.0,1.0,0.0,0
0.0,0.0,0.0,0.8750822,0.0,0
0.0,0.0,0.0,1.0,0.0,0
0.0,0.0,0.0,1.0,0.0,0
0.0,0.0,0.0,1.0,0.0,0
1.0,1.0,0.0,0.7225898,0.0,0
0.0,0.0,0.0,1.0,0.0,0
1.0,1.0,0.0,1.0,0.0,0
0.0,0.0,0.0,1.0,0.0,0
0.0,0.0,0.0,1.0,0.0,0
0.0,0.0,0.0,1.0,0.0,0
0.0,0.0,0.0,1.0,0.0,0
0.0,0.0,0.0,0.6969283,0.0,0
0.0,0.0,0.0,1.0,0.0,0
1.0,1.0,0.0,1.0,0.0,0
0.0,0.0,0.0,1.0,0.0,0
1.0,1.0,0.0,1.0,0.0,0
0.0,0.0,0.0,1.0,0.0,0
0.0,0.0,0.0,1.0,0.0,0
0.0,0.0,0.0,1.0,0.0,0
0.0,0.0,0.0,1.0,0.0,0
0.0,0.0,0.0,1.0,0.0,0
0.0,0.0,0.0,1.0,0.0,0
1.0,1.0,0.0,1.0,0.0,0
0.0,0.0,0.0,1.0,0.0,0
1.0,1.0,0.0,0.883113,0.0,0
0.0,0.0,0.0,0.8750822,0.0,0
0.0,0.0,0.0,1.0,0.0,0
0.0,0.0,0.0,1.0,0.0,0
0.0,0.0,0.0,1.0,0.0,0
0.0,0.0,0.0,1.0,0.0,0
0.0,0.0,0.0,1.0,0.0,0
1.0,1.0,0.0,1.0,0.0,0
0.0,0.0,0.0,1.0,0.0,0
1.0,1.0,0.0,1.0,0.0,0
0.0,0.0,0.0,1.0,0.0,0
0.0,0.0,0.0,1.0,0.0,0
0.0,0.0,0.0,1.0,0.0,0
0.0,0.0,0.0,1.0,0.0,0
0.0,0.0,0.0,1.0,0.0,0
0.0,0.0,0.0,1.0,0.0,0
1.0,1.0,0.0,1.0,0.0,0
0.0,0.0,0.0,0.8385759,0.0,0
1.0,1.0,0.0,1.0,0.0,0
0.0,0.0,0.0,1.0,0.0,0
0.0,0.0,0.0,0.6969283,0.0,0
0.0,0.0,0.0,1.0,0.0,0
0.0,0.0,0.0,1.0,0.0,0
0.0,0.0,0.0,1.0,0.0,0
0.0,0.0,0.0,1.0,0.0,0
1.0,1.0,0.0,1.0,0.0,0
0.0,0.0,0.0,1.0,0.0,0
1.0,1.0,0.0,1.0,0.0,0
0.0,0.0,0.0,1.0,0.0,0
0.0,0.0,0.0,1.0,0.0,0
0.0,0.0,0.0,1.0,0.0,0
0.0,0.0,0.0,1.0,0.0,0
0.0,0.0,0.0,1.0,0.0,0
0.0,0.0,0.0,1.0,0.0,0
1.0,1.0,0.0,1.0,0.0,0
0.0,0.0,0.0,1.0,0.0,0
1.0,1.0,0.0,0.35118377,0.0,1
0.0,0.0,0.0,0.7225898,0.0,0
0.0,0.0,0.0,1.0,0.0,0
0.0,0.0,0.0,1.0,0.0,0
0.0,0.0,0.0,1.0,0.0,0
0.0,0.0,0.0,1.0,0.0,0
0.0,0.0,0.0,1.0,0.0,0
0.0,0.0,0.0,1.0,0.0,0
1.0,1.0,0.0,1.0,0.0,0
0.0,0.0,0.0,1.0,0.0,0
0.0,0.0,0.0,1.0,0.0,0
0.0,0.0,0.0,1.0,0.0,0
0.0,0.0,0.0,1.0,0.0,0
0.0,0.0,0.0,1.0,0.0,0
0.0,0.0,0.0,0.8385759,0.0,0
0.0,0.0,0.0,1.0,0.0,0
1.0,1.0,0.0,1.0,0.0,0
0.0,0.0,0.0,1.0,0.0,0
0.0,0.0,0.0,0.7118584,0.0,0
0.0,0.0,0.0,1.0,0.0,0
0.0,0.0,0.0,1.0,0.0,0
0.0,0.0,0.0,0.883113,0.0,0
0.0,0.0,0.0,1.0,0.0,0
0.0,0.0,0.0,1.0,0.0,0
0.0,0.0,0.0,1.0,0.0,0
1.0,1.0,0.0,0.35118377,0.0,1
0.0,0.0,0.0,1.0,0.0,0
1.0,1.0,0.0,0.7118584,0.0,0
0.0,0.0,0.0,1.0,0.0,0
0.0,0.0,0.0,1.0,0.0,0
0.0,0.0,0.0,0.8750822,0.0,0
0.0,0.0,0.0,1.0,0.0,0
0.0,0.0,0.0,1.0,0.0,0
0.0,0.0,0.0,1.0,0.0,0
1.0,1.0,0.0,0.7225898,0.0,0
0.0,0.0,0.0,1.0,0.0,0
1.0,1.0,0.0,1.0,0.0,0
0.0,0.0,0.0,1.0,0.0,0
0.0,0.0,0.0,1.0,0.0,0
0.0,0.0,0.0,1.0,0.0,0
0.0,0.0,0.0,1.0,0.0,0
0.0,0.0,0.0,0.6969283,0.0,0
0.0,0.0,0.0,1.0,0.0,0
1.0,1.0,0.0,1.0,0.0,0
0.0,0.0,0.0,1.0,0.0,0
1.0,1.0,0.0,1.0,0.0,0
0.0,0.0,0.0,1.0,0.0,0
0.0,0.0,0.0,1.0,0.0,0
0.0,0.0,0.0,1.0,0.0,0
0.0,0.0,0.0,1.0,0.0,0
0.0,0.0,0.0,1.0,0.0,0
0.0,0.0,0.0,1.0,0.0,0
1.0,1.0,0.0,1.0,0.0,0
0.0,0.0,0.0,1.0,0.0,0
1.0,1.0,0.0,0.883113,0.0,0
0.0,0.0,0.0,0.8750822,0.0,0
0.0,0.0,0.0,1.0,0.0,0
0.0,0.0,0.0,1.0,0.0,0
0.0,0.0,0.0,1.0,0.0,0
0.0,0.0,0.0,1.0,0.0,0
0.0,0.0,0.0,1.0,0.0,0
1.0,1.0,0.0,1.0,0.0,0
0.0,0.0,0.0,1.0,0.0,0
1.0,1.0,0.0,1.0,0.0,0
0.0,0.0,0.0,1.0,0.0,0
0.0,0.0,0.0,1.0,0.0,0
0.0,0.0,0.0,1.0,0.0,0
0.0,0.0,0.0,1.0,0.0,0
0.0,0.0,0.0,1.0,0.0,0
0.0,0.0,0.0,1.0,0.0,0
1.0,1.0,0.0,1.0,0.0,0
0.0,0.0,0.0,0.8385759,0.0,0
1.0,1.0,0.0,1.0,0.0,0
0.0,0.0,0.0,1.0,0.0,0
0.0,0.0,0.0,0.6969283,0.0,0
0.0,0.0,0.0,1.0,0.0,0
0.0,0.0,0.0,1.0,0.0,0
0.0,0.0,0.0,1.0,0.0,0
0.0,0.0,0.0,1.0,0.0,0
1.0,1.0,0.0,1.0,0.0,0
0.0,0.0,0.0,1.0,0.0,0
1.0,1.0,0.0,1.0,0.0,0
0.0,0.0,0.0,1.0,0.0,0
0.0,0.0,0.0,1.0,0.0,0
0.0,0.0,0.0,1.0,0.0,0
0.0,0.0,0.0,1.0,0.0,0
0.0,0.0,0.0,1.0,0.0,0
0.0,0.0,0.0,1.0,0.0,0
1.0,1.0,0.0,1.0,0.0,0
0.0,0.0,0.0,1.0,0.0,0
1.0,1.0,0.0,0.35118377,0.0,1
0.0,0.0,0.0,0.7225898,0.0,0
0.0,0.0,0.0,1.0,0.0,0
0.0,0.0,0.0,1.0,0.0,0
0.0,0.0,0.0,1.0,0.0,0
0.0,0.0,0.0,1.0,0.0,0
0.0,0.0,0.0,1.0,0.0,0
0.0,0.0,0.0,1.0,0.0,0
1.0,1.0,0.0,1.0,0.0,0
0.0,0.0,0.0,1.0,0.0,0
0.0,0.0,0.0,1.0,0.0,0
0.0,0.0,0.0,1.0,0.0,0
0.0,0.0,0.0,1.0,0.0,0
0.0,0.0,0.0,1.0,0.0,0
0.0,0.0,0.0,0.8385759,0.0,0
0.0,0.0,0.0,1.0,0.0,0
1.0,1.0,0.0,1.0,0.0,0
0.0,0.0,0.0,1.0,0.0,0
0.0,0.0,0.0,0.7118584,0.0,0
0.0,0.0,0.0,1.0,0.0,0
0.0,0.0,0.0,1.0,0.0,0
0.0,0.0,0.0,0.883113,0.0,0
0.0,0.0,0.0,1.0,0.0,0
0.0,0.0,0.0,1.0,0.0,0
0.0,0.0,0.0,1.0,0.0,0
1.0,1.0,0.0,0.35118377,0.0,1
0.0,0.0,0.0,1.0,0.0,0
1.0,1.0,0.0,0.7118584,0.0,0
0.0,0.0,0.0,1.0,0.0,0
0.0,0.0,0.0,1.0,0.0,0
0.0,0.0,0.0,0.8750822,0.0,0
0.0,0.0,0.0,1.0,0.0,0
0.0,0.0,0.0,1.0,0.0,0
0.0,0.0,0.0,1.0,0.0,0
1.0,1.0,0.0,0.7225898,0.0,0
0.0,0.0,0.0,1.0,0.0,0
1.0,1.0,0.0,1.0,0.0,0
0.0,0.0,0.0,1.0,0.0,0
0.0,0.0,0.0,1.0,0.0,0
0.0,0.0,0.0,1.0,0.0,0
0.0,0.0,0.0,1.0,0.0,0
0.0,0.0,0.0,0.6969283,0.0,0
0.0,0.0,0.0,1.0,0.0,0
1.0,1.0,0.0,1.0,0.0,0
0.0,0.0,0.0,1.0,0.0,0
1.0,1.0,0.0,1.0,0.0,0
0.0,0.0,0.0,1.0,0.0,0
0.0,0.0,0.0,1.0,0.0,0
0.0,0.0,0.0,1.0,0.0,0
0.0,0.0,0.0,1.0,0.0,0
0.0,0.0,0.0,1.0,0.0,0
0.0,0.0,0.0,1.0,0.0,0
1.0,1.0,0.0,1.0,0.0,0
0.0,0.0,0.0,1.0,0.0,0
1.0,1.0,0.0,0.883113,0.0,0
0.0,0.0,0.0,0.8750822,0.0,0
0.0,0.0,0.0,1.0,0.0,0
0.0,0.0,0.0,1.0,0.0,0
0.0,0.0,0.0,1.0,0.0,0
0.0,0.0,0.0,1.0,0.0,0
0.0,0.0,0.0,1.0,0.0,0
1.0,1.0,0.0,1.0,0.0,0
0.0,0.0,0.0,1.0,0.0,0
1.0,1.0,0.0,1.0,0.0,0
0.0,0.0,0.0,1.0,0.0,0
0.0,0.0,0.0,1.0,0.0,0
0.0,0.0,0.0,1.0,0.0,0
0.0,0.0,0.0,1.0,0.0,0
0.0,0.0,0.0,1.0,0.0,0
0.0,0.0,0.0,1.0,0.0,0
1.0,1.0,0.0,1.0,0.0,0
0.0,0.0,0.0,0.8385759,0.0,0
1.0,1.0,0.0,1.0,0.0,0
0.0,0.0,0.0,1.0,0.0,0
0.0,0.0,0.0,0.6969283,0.0,0
0.0,0.0,0.0,1.0,0.0,0
0.0,0.0,0.0,1.0,0.0,0
0.0,0.0,0.0,1.0,0.0,0
0.0,0.0,0.0,1.0,0.0,0
1.0,1.0,0.0,1.0,0.0,0
0.0,0.0,0.0,1.0,0.0,0
1.0,1.0,0.0,1.0,0.0,0
0.0,0.0,0.0,1.0,0.0,0
0.0,0.0,0.0,1.0,0.0,0
0.0,0.0,0.0,1.0,0.0,0
0.0,0.0,0.0,1.0,0.0,0
0.0,0.0,0.0,1.0,0.0,0
0.0,0.0,0.0,1.0,0.0,0
1.0,1.0,0.0,1.0,0.0,0
0.0,0.0,0.0,1.0,0.0,0
1.0,1.0,0.0,0.35118377,0.0,1
0.0,0.0,0.0,0.7225898,0.0,0
0.0,0.0,0.0,1.0,0.0,0
0.0,0.0,0.0,1.0,0.0,0
0.0,0.0,0.0,1.0,0.0,0
0.0,0.0,0.0,1.0,0.0,0
0.0,0.0,0.0,1.0,0.0,0
0.0,0.0,0.0,1.0,0.0,0
1.0,1.0,0.0,1.0,0.0,0
0.0,0.0,0.0,1.0,0.0,0
0.0,0.0,0.0,1.0,0.0,0
0.0,0.0,0.0,1.0,0.0,0
0.0,0.0,0.0,1.0,0.0,0
0.0,0.0,0.0,1.0,0.0,0
0.0,0.0,0.0,0.8385759,0.0,0
0.0,0.0,0.0,1.0,0.0,0
1.0,1.0,0.0,1.0,0.0,0
0.0,0.0,0.0,1.0,0.0,0
0.0,0.0,0.0,0.7118584,0.0,0
0.0,0.0,0.0,1.0,0.0,0
0.0,0.0,0.0,1.0,0.0,0
0.0,0.0,0.0,0.883113,0.0,0
0.0,0.0,0.0,1.0,0.0,0
0.0,0.0,0.0,1.0,0.0,0
0.0,0.0,0.0,1.0,0.0,0
1.0,1.0,0.0,0.35118377,0.0,1
0.0,0.0,0.0,1.0,0.0,0
1.0,1.0,0.0,0.7118584,0.0,0
0.0,0.0,0.0,1.0,0.0,0
0.0,0.0,0.0,1.0,0.0,0
0.0,0.0,0.0,0.8750822,0.0,0
0.0,0.0,0.0,1.0,0.0,0
0.0,0.0,0.0,1.0,0.0,0
0.0,0.0,0.0,1.0,0.0,0
1.0,1.0,0.0,0.7225898,0.0,0
0.0,0.0,0.0,1.0,0.0,0
1.0,1.0,0.0,1.0,0.0,0
0.0,0.0,0.0,1.0,0.0,0
0.0,0.0,0.0,1.0,0.0,0
0.0,0.0,0.0,1.0,0.0,0
0.0,0.0,0.0,1.0,0.0,0
0.0,0.0,0.0,0.6969283,0.0,0
0.0,0.0,0.0,1.0,0.0,0
1.0,1.0,0.0,1.0,0.0,0
0.0,0.0,0.0,1.0,0.0,0
1.0,1.0,0.0,1.0,0.0,0
0.0,0.0,0.0,1.0,0.0,0
0.0,0.0,0.0,1.0,0.0,0
0.0,0.0,0.0,1.0,0.0,0
0.0,0.0,0.0,1.0,0.0,0
0.0,0.0,0.0,1.0,0.0,0
0.0,0.0,0.0,1.0,0.0,0
1.0,1.0,0.0,1.0,0.0,0
0.0,0.0,0.0,1.0,0.0,0
1.0,1.0,0.0,0.883113,0.0,0
0.0,0.0,0.0,0.8750822,0.0,0
0.0,0.0,0.0,1.0,0.0,0
0.0,0.0,0.0,1.0,0.0,0
0.0,0.0,0.0,1.0,0.0,0
0.0,0.0,0.0,1.0,0.0,0
0.0,0.0,0.0,1.0,0.0,0
1.0,1.0,0.0,1.0,0.0,0
0.0,0.0,0.0,1.0,0.0,0
1.0,1.0,0.0,1.0,0.0,0
0.0,0.0,0.0,1.0,0.0,0
0.0,0.0,0.0,1.0,0.0,0
0.0,0.0,0.0,1.0,0.0,0
0.0,0.0,0.0,1.0,0.0,0
0.0,0.0,0.0,1.0,0.0,0
0.0,0.0,0.0,1.0,0.0,0
1.0,1.0,0.0,1.0,0.0,0
0.0,0.0,0.0,0.8385759,0.0,0
1.0,1.0,0.0,1.0,0.0,0
0.0,0.0,0.0,1.0,0.0,0
0.0,0.0,0.0,0.6969283,0.0,0
0.0,0.0,0.0,1.0,0.0,0
0.0,0.0,0.0,1.0,0.0,0
0.0,0.0,0.0,1.0,0.0,0
0.0,0.0,0.0,1.0,0.0,0
1.0,1.0,0.0,1.0,0.0,0
0.0,0.0,0.0,1.0,0.0,0
1.0,1.0,0.0,1.0,0.0,0
0.0,0.0,0.0,1.0,0.0,0
0.0,0.0,0.0,1.0,0.0,0
0.0,0.0,0.0,1.0,0.0,0
0.0,0.0,0.0,1.0,0.0,0
0.0,0.0,0.0,1.0,0.0,0
0.0,0.0,0.0,1.0,0.0,0
1.0,1.0,0.0,1.0,0.0,0
0.0,0.0,0.0,1.0,0.0,0
1.0,1.0,0.0,0.35118377,0.0,1
0.0,0.0,0.0,0.7225898,0.0,0
0.0,0.0,0.0,1.0,0.0,0
0.0,0.0,0.0,1.0,0.0,0
0.0,0.0,0.0,1.0,0.0,0
0.0,0.0,0.0,1.0,0.0,0
0.0,0.0,0.0,1.0,0.0,0
0.0,0.0,0.0,1.0,0.0,0
1.0,1.0,0.0,1.0,0.0,0
0.0,0.0,0.0,1.0,0.0,0
0.0,0.0,0.0,1.0,0.0,0
0.0,0.0,0.0,1.0,0.0,0
0.0,0.0,0.0,1.0,0.0,0
0.0,0.0,0.0,1.0,0.0,0
0.0,0.0,0.0,0.8385759,0.0,0
0.0,0.0,0.0,1.0,0.0,0
1.0,1.0,0.0,1.0,0.0,0
0.0,0.0,0.0,1.0,0.0,0
0.0,0.0,0.0,0.7118584,0.0,0
0.0,0.0,0.0,1.0,0.0,0
0.0,0.0,0.0,1.0,0.0,0
0.0,0.0,0.0,0.883113,0.0,0
0.0,0.0,0.0,1.0,0.0,0
0.0,0.0,0.0,1.0,0.0,0
0.0,0.0,0.0,1.0,0.0,0
1.0,1.0,0.0,0.35118377,0.0,1
0.0,0.0,0.0,1.0,0.0,0
1.0,1.0,0.0,0.7118584,0.0,0
0.0,0.0,0.0,1.0,0.0,0
0.0,0.0,0.0,1.0,0.0,0
0.0,0.0,0.0,0.8750822,0.0,0
0.0,0.0,0.0,1.0,0.0,0
0.0,0.0,0.0,1.0,0.0,0
0.0,0.0,0.0,1.0,0.0,0
1.0,1.0,0.0,0.7225898,0.0,0
0.0,0.0,0.0,1.0,0.0,0
1.0,1.0,0.0,1.0,0.0,0
0.0,0.0,0.0,1.0,0.0,0
0.0,0.0,0.0,1.0,0.0,0
0.0,0.0,0.0,1.0,0.0,0
0.0,0.0,0.0,1.0,0.0,0
0.0,0.0,0.0,0.6969283,0.0,0
0.0,0.0,0.0,1.0,0.0,0
1.0,1.0,0.0,1.0,0.0,0
0.0,0.0,0.0,1.0,0.0,0
1.0,1.0,0.0,1.0,0.0,0
0.0,0.0,0.0,1.0,0.0,0
0.0,0.0,0.0,1.0,0.0,0
0.0,0.0,0.0,1.0,0.0,0
0.0,0.0,0.0,1.0,0.0,0
0.0,0.0,0.0,1.0,0.0,0
0.0,0.0,0.0,1.0,0.0,0
1.0,1.0,0.0,1.0,0.0,0
0.0,0.0,0.0,1.0,0.0,0
1.0,1.0,0.0,0.883113,0.0,0
0.0,0.0,0.0,0.8750822,0.0,0
0.0,0.0,0.0,1.0,0.0,0
0.0,0.0,0.0,1.0,0.0,0
0.0,0.0,0.0,1.0,0.0,0
0.0,0.0,0.0,1.0,0.0,0
0.0,0.0,0.0,1.0,0.0,0
1.0,1.0,0.0,1.0,0.0,0
0.0,0.0,0.0,1.0,0.0,0
1.0,1.0,0.0,1.0,0.0,0
0.0,0.0,0.0,1.0,0.0,0
0.0,0.0,0.0,1.0,0.0,0
0.0,0.0,0.0,1.0,0.0,0
0.0,0.0,0.0,1.0,0.0,0
0.0,0.0,0.0,1.0,0.0,0
0.0,0.0,0.0,1.0,0.0,0
1.0,1.0,0.0,1.0,0.0,0
0.0,0.0,0.0,0.8385759,0.0,0
1.0,1.0,0.0,1.0,0.0,0
0.0,0.0,0.0,1.0,0.0,0
0.0,0.0,0.0,0.6969283,0.0,0
0.0,0.0,0.0,1.0,0.0,0
0.0,0.0,0.0,1.0,0.0,0
0.0,0.0,0.0,1.0,0.0,0
0.0,0.0,0.0,1.0,0.0,0
1.0,1.0,0.0,1.0,0.0,0
0.0,0.0,0.0,1.0,0.0,0
1.0,1.0,0.0,1.0,0.0,0
0.0,0.0,0.0,1.0,0.0,0
0.0,0.0,0.0,1.0,0.0,0
0.0,0.0,0.0,1.0,0.0,0
0.0,0.0,0.0,1.0,0.0,0
0.0,0.0,0.0,1.0,0.0,0
0.0,0.0,0.0,1.0,0.0,0
1.0,1.0,0.0,1.0,0.0,0
0.0,0.0,0.0,1.0,0.0,0
1.0,1.0,0.0,0.35118377,0.0,1
0.0,0.0,0.0,0.7225898,0.0,0
0.0,0.0,0.0,1.0,0.0,0
0.0,0.0,0.0,1.0,0.0,0
0.0,0.0,0.0,1.0,0.0,0
0.0,0.0,0.0,1.0,0.0,0
0.0,0.0,0.0,1.0,0.0,0
0.0,0.0,0.0,1.0,0.0,0
1.0,1.0,0.0,1.0,0.0,0
0.0,0.0,0.0,1.0,0.0,0
0.0,0.0,0.0,1.0,0.0,0
0.0,0.0,0.0,1.0,0.0,0
0.0,0.0,0.0,1.0,0.0,0
0.0,0.0,0.0,1.0,0.0,0
0.0,0.0,0.0,0.8385759,0.0,0
0.0,0.0,0.0,1.0,0.0,0
1.0,1.0,0.0,1.0,0.0,0
0.0,0.0,0.0,1.0,0.0,0
0.0,0.0,0.0,0.7118584,0.0,0
0.0,0.0,0.0,1.0,0.0,0
0.0,0.0,0.0,1.0,0.0,0
0.0,0.0,0.0,0.883113,0.0,0
0.0,0.0,0.0,1.0,0.0,0
0.0,0.0,0.0,1.0,0.0,0
0.0,0.0,0.0,1.0,0.0,0
1.0,1.0,0.0,0.35118377,0.0,1
0.0,0.0,0.0,1.0,0.0,0
1.0,1.0,0.0,0.7118584,0.0,0
0.0,0.0,0.0,1.0,0.0,0
0.0,0.0,0.0,1.0,0.0,0
0.0,0.0,0.0,0.8750822,0.0,0
0.0,0.0,0.0,1.0,0.0,0
0.0,0.0,0.0,1.0,0.0,0
0.0,0.0,0.0,1.0,0.0,0
1.0,1.0,0.0,0.7225898,0.0,0
0.0,0.0,0.0,1.0,0.0,0
1.0,1.0,0.0,1.0,0.0,0
0.0,0.0,0.0,1.0,0.0,0
0.0,0.0,0.0,1.0,0.0,0
0.0,0.0,0.0,1.0,0.0,0
0.0,0.0,0.0,1.0,0.0,0
0.0,0.0,0.0,0.6969283,0.0,0
0.0,0.0,0.0,1.0,0.0,0
1.0,1.0,0.0,1.0,0.0,0
0.0,0.0,0.0,1.0,0.0,0
1.0,1.0,0.0,1.0,0.0,0
0.0,0.0,0.0,1.0,0.0,0
0.0,0.0,0.0,1.0,0.0,0
0.0,0.0,0.0,1.0,0.0,0
0.0,0.0,0.0,1.0,0.0,0
0.0,0.0,0.0,1.0,0.0,0
0.0,0.0,0.0,1.0,0.0,0
1.0,1.0,0.0,1.0,0.0,0
0.0,0.0,0.0,1.0,0.0,0
1.0,1.0,0.0,0.883113,0.0,0
0.0,0.0,0.0,0.8750822,0.0,0
0.0,0.0,0.0,1.0,0.0,0
0.0,0.0,0.0,1.0,0.0,0
0.0,0.0,0.0,1.0,0.0,0
0.0,0.0,0.0,1.0,0.0,0
0.0,0.0,0.0,1.0,0.0,0
1.0,1.0,0.0,1.0,0.0,0
0.0,0.0,0.0,1.0,0.0,0
1.0,1.0,0.0,1.0,0.0,0
0.0,0.0,0.0,1.0,0.0,0
0.0,0.0,0.0,1.0,0.0,0
0.0,0.0,0.0,1.0,0.0,0
0.0,0.0,0.0,1.0,0.0,0
0.0,0.0,0.0,1.0,0.0,0
0.0,0.0,0.0,1.0,0.0,0
1.0,1.0,0.0,1.0,0.0,0
0.0,0.0,0.0,0.8385759,0.0,0
1.0,1.0,0.0,1.0,0.0,0
0.0,0.0,0.0,1.0,0.0,0
0.0,0.0,0.0,0.6969283,0.0,0
0.0,0.0,0.0,1.0,0.0,0
0.0,0.0,0.0,1.0,0.0,0
0.0,0.0,0.0,1.0,0.0,0
0.0,0.0,0.0,1.0,0.0,0
1.0,1.0,0.0,1.0,0.0,0
0.0,0.0,0.0,1.0,0.0,0
1.0,1.0,0.0,1.0,0.0,0
0.0,0.0,0.0,1.0,0.0,0
0.0,0.0,0.0,1.0,0.0,0
0.0,0.0,0.0,1.0,0.0,0
0.0,0.0,0.0,1.0,0.0,0
0.0,0.0,0.0,1.0,0.0,0
0.0,0.0,0.0,1.0,0.0,0
1.0,1.0,0.0,1.0,0.0,0
0.0,0.0,0.0,1.0,0.0,0
1.0,1.0,0.0,0.35118377,0.0,1
0.0,0.0,0.0,0.7225898,0.0,0
0.0,0.0,0.0,1.0,0.0,0
0.0,0.0,0.0,1.0,0.0,0
0.0,0.0,0.0,1.0,0.0,0
0.0,0.0,0.0,1.0,0.0,0
0.0,0.0,0.0,1.0,0.0,0
0.0,0.0,0.0,1.0,0.0,0
1.0,1.0,0.0,1.0,0.0,0
0.0,0.0,0.0,1.0,0.0,0
0.0,0.0,0.0,1.0,0.0,0
0.0,0.0,0.0,1.0,0.0,0
0.0,0.0,0.0,1.0,0.0,0
0.0,0.0,0.0,1.0,0.0,0
0.0,0.0,0.0,0.8385759,0.0,0
0.0,0.0,0.0,1.0,0.0,0
1.0,1.0,0.0,1.0,0.0,0
0.0,0.0,0.0,1.0,0.0,0
0.0,0.0,0.0,0.7118584,0.0,0
0.0,0.0,0.0,1.0,0.0,0
0.0,0.0,0.0,1.0,0.0,0
0.0,0.0,0.0,0.883113,0.0,0
0.0,0.0,0.0,1.0,0.0,0
0.0,0.0,0.0,1.0,0.0,0
0.0,0.0,0.0,1.0,0.0,0
1.0,1.0,0.0,0.35118377,0.0,1
0.0,0.0,0.0,1.0,0.0,0
1.0,1.0,0.0,0.7118584,0.0,0
0.0,0.0,0.0,1.0,0.0,0
0.0,0.0,0.0,1.0,0.0,0
0.0,0.0,0.0,0.8750822,0.0,0
0.0,0.0,0.0,1.0,0.0,0
0.0,0.0,0.0,1.0,0.0,0
0.0,0.0,0.0,1.0,0.0,0
1.0,1.0,0.0,0.7225898,0.0,0
0.0,0.0,0.0,1.0,0.0,0
1.0,1.0,0.0,1.0,0.0,0
0.0,0.0,0.0,1.0,0.0,0
0.0,0.0,0.0,1.0,0.0,0
0.0,0.0,0.0,1.0,0.0,0
0.0,0.0,0.0,1.0,0.0,0
0.0,0.0,0.0,0.6969283,0.0,0
0.0,0.0,0.0,1.0,0.0,0
1.0,1.0,0.0,1.0,0.0,0
0.0,0.0,0.0,1.0,0.0,0
1.0,1.0,0.0,1.0,0.0,0
0.0,0.0,0.0,1.0,0.0,0
0.0,0.0,0.0,1.0,0.0,0
0.0,0.0,0.0,1.0,0.0,0
0.0,0.0,0.0,1.0,0.0,0
0.0,0.0,0.0,1.0,0.0,0
0.0,0.0,0.0,1.0,0.0,0
1.0,1.0,0.0,1.0,0.0,0
0.0,0.0,0.0,1.0,0.0,0
1.0,1.0,0.0,0.883113,0.0,0
0.0,0.0,0.0,0.8750822,0.0,0
0.0,0.0,0.0,1.0,0.0,0
0.0,0.0,0.0,1.0,0.0,0
0.0,0.0,0.0,1.0,0.0,0
0.0,0.0,0.0,1.0,0.0,0
0.0,0.0,0.0,1.0,0.0,0
1.0,1.0,0.0,1.0,0.0,0
0.0,0.0,0.0,1.0,0.0,0
1.0,1.0,0.0,1.0,0.0,0
0.0,0.0,0.0,1.0,0.0,0
0.0,0.0,0.0,1.0,0.0,0
0.0,0.0,0.0,1.0,0.0,0
0.0,0.0,0.0,1.0,0.0,0
0.0,0.0,0.0,1.0,0.0,0
0.0,0.0,0.0,1.0,0.0,0
1.0,1.0,0.0,1.0,0.0,0
0.0,0.0,0.0,0.8385759,0.0,0
1.0,1.0,0.0,1.0,0.0,0
0.0,0.0,0.0,1.0,0.0,0
0.0,0.0,0.0,0.6969283,0.0,0
0.0,0.0,0.0,1.0,0.0,0
0.0,0.0,0.0,1.0,0.0,0
0.0,0.0,0.0,1.0,0.0,0
0.0,0.0,0.0,1.0,0.0,0
1.0,1.0,0.0,1.0,0.0,0
0.0,0.0,0.0,1.0,0.0,0
1.0,1.0,0.0,1.0,0.0,0
0.0,0.0,0.0,1.0,0.0,0
0.0,0.0,0.0,1.0,0.0,0
0.0,0.0,0.0,1.0,0.0,0
0.0,0.0,0.0,1.0,0.0,0
0.0,0.0,0.0,1.0,0.0,0
0.0,0.0,0.0,1.0,0.0,0
1.0,1.0,0.0,1.0,0.0,0
0.0,0.0,0.0,1.0,0.0,0
1.0,1.0,0.0,0.35118377,0.0,1
0.0,0.0,0.0,0.7225898,0.0,0
0.0,0.0,0.0,1.0,0.0,0
0.0,0.0,0.0,1.0,0.0,0
0.0,0.0,0.0,1.0,0.0,0
0.0,0.0,0.0,1.0,0.0,0
0.0,0.0,0.0,1.0,0.0,0
0.0,0.0,0.0,1.0,0.0,0
1.0,1.0,0.0,1.0,0.0,0
0.0,0.0,0.0,1.0,0.0,0
0.0,0.0,0.0,1.0,0.0,0
0.0,0.0,0.0,1.0,0.0,0
0.0,0.0,0.0,1.0,0.0,0
0.0,0.0,0.0,1.0,0.0,0
0.0,0.0,0.0,0.8385759,0.0,0
0.0,0.0,0.0,1.0,0.0,0
1.0,1.0,0.0,1.0,0.0,0
0.0,0.0,0.0,1.0,0.0,0
0.0,0.0,0.0,0.7118584,0.0,0
0.0,0.0,0.0,1.0,0.0,0
0.0,0.0,0.0,1.0,0.0,0
0.0,0.0,0.0,0.883113,0.0,0
0.0,0.0,0.0,1.0,0.0,0
0.0,0.0,0.0,1.0,0.0,0
0.0,0.0,0.0,1.0,0.0,0
1.0,1.0,0.0,0.35118377,0.0,1
0.0,0.0,0.0,1.0,0.0,0
1.0,1.0,0.0,0.7118584,0.0,0
0.0,0.0,0.0,1.0,0.0,0
0.0,0.0,0.0,1.0,0.0,0
0.0,0.0,0.0,0.8750822,0.0,0
0.0,0.0,0.0,1.0,0.0,0
0.0,0.0,0.0,1.0,0.0,0
0.0,0.0,0.0,1.0,0.0,0
1.0,1.0,0.0,0.7225898,0.0,0
0.0,0.0,0.0,1.0,0.0,0
1.0,1.0,0.0,1.0,0.0,0
0.0,0.0,0.0,1.0,0.0,0
0.0,0.0,0.0,1.0,0.0,0
0.0,0.0,0.0,1.0,0.0,0
0.0,0.0,0.0,1.0,0.0,0
0.0,0.0,0.0,0.6969283,0.0,0
0.0,0.0,0.0,1.0,0.0,0
1.0,1.0,0.0,1.0,0.0,0
0.0,0.0,0.0,1.0,0.0,0
1.0,1.0,0.0,1.0,0.0,0
0.0,0.0,0.0,1.0,0.0,0
0.0,0.0,0.0,1.0,0.0,0
0.0,0.0,0.0,1.0,0.0,0
0.0,0.0,0.0,1.0,0.0,0
0.0,0.0,0.0,1.0,0.0,0
0.0,0.0,0.0,1.0,0.0,0
1.0,1.0,0.0,1.0,0.0,0
0.0,0.0,0.0,1.0,0.0,0
1.0,1.0,0.0,0.883113,0.0,0
0.0,0.0,0.0,0.8750822,0.0,0
0.0,0.0,0.0,1.0,0.0,0
0.0,0.0,0.0,1.0,0.0,0
0.0,0.0,0.0,1.0,0.0,0
0.0,0.0,0.0,1.0,0.0,0
0.0,0.0,0.0,1.0,0.0,0
1.0,1.0,0.0,1.0,0.0,0
0.0,0.0,0.0,1.0,0.0,0
1.0,1.0,0.0,1.0,0.0,0
0.0,0.0,0.0,1.0,0.0,0
0.0,0.0,0.0,1.0,0.0,0
0.0,0.0,0.0,1.0,0.0,0
0.0,0.0,0.0,1.0,0.0,0
0.0,0.0,0.0,1.0,0.0,0
0.0,0.0,0.0,1.0,0.0,0
1.0,1.0,0.0,1.0,0.0,0
0.0,0.0,0.0,0.8385759,0.0,0
1.0,1.0,0.0,1.0,0.0,0
0.0,0.0,0.0,1.0,0.0,0
0.0,0.0,0.0,0.6969283,0.0,0
0.0,0.0,0.0,1.0,0.0,0
0.0,0.0,0.0,1.0,0.0,0
0.0,0.0,0.0,1.0,0.0,0
0.0,0.0,0.0,1.0,0.0,0
1.0,1.0,0.0,1.0,0.0,0
0.0,0.0,0.0,1.0,0.0,0
1.0,1.0,0.0,1.0,0.0,0
0.0,0.0,0.0,1.0,0.0,0
0.0,0.0,0.0,1.0,0.0,0
0.0,0.0,0.0,1.0,0.0,0
0.0,0.0,0.0,1.0,0.0,0
0.0,0.0,0.0,1.0,0.0,0
0.0,0.0,0.0,1.0,0.0,0
1.0,1.0,0.0,1.0,0.0,0
0.0,0.0,0.0,1.0,0.0,0
1.0,1.0,0.0,0.35118377,0.0,1
0.0,0.0,0.0,0.7225898,0.0,0
0.0,0.0,0.0,1.0,0.0,0
0.0,0.0,0.0,1.0,0.0,0
0.0,0.0,0.0,1.0,0.0,0
0.0,0.0,0.0,1.0,0.0,0
0.0,0.0,0.0,1.0,0.0,0
0.0,0.0,0.0,1.0,0.0,0
1.0,1.0,0.0,1.0,0.0,0
0.0,0.0,0.0,1.0,0.0,0
0.0,0.0,0.0,1.0,0.0,0
0.0,0.0,0.0,1.0,0.0,0
0.0,0.0,0.0,1.0,0.0,0
0.0,0.0,0.0,1.0,0.0,0
0.0,0.0,0.0,0.8385759,0.0,0
0.0,0.0,0.0,1.0,0.0,0
1.0,1.0,0.0,1.0,0.0,0
0.0,0.0,0.0,1.0,0.0,0
0.0,0.0,0.0,0.7118584,0.0,0
0.0,0.0,0.0,1.0,0.0,0
0.0,0.0,0.0,1.0,0.0,0
0.0,0.0,0.0,0.883113,0.0,0
0.0,0.0,0.0,1.0,0.0,0
0.0,0.0,0.0,1.0,0.0,0
0.0,0.0,0.0,1.0,0.0,0
1.0,1.0,0.0,0.35118377,0.0,1
0.0,0.0,0.0,1.0,0.0,0
1.0,1.0,0.0,0.7118584,0.0,0
0.0,0.0,0.0,1.0,0.0,0
0.0,0.0,0.0,1.0,0.0,0
0.0,0.0,0.0,0.8750822,0.0,0
0.0,0.0,0.0,1.0,0.0,0
0.0,0.0,0.0,1.0,0.0,0
0.0,0.0,0.0,1.0,0.0,0
1.0,1.0,0.0,0.7225898,0.0,0
0.0,0.0,0.0,1.0,0.0,0
1.0,1.0,0.0,1.0,0.0,0
0.0,0.0,0.0,1.0,0.0,0
0.0,0.0,0.0,1.0,0.0,0
0.0,0.0,0.0,1.0,0.0,0
0.0,0.0,0.0,1.0,0.0,0
0.0,0.0,0.0,0.6969283,0.0,0
0.0,0.0,0.0,1.0,0.0,0
1.0,1.0,0.0,1.0,0.0,0
0.0,0.0,0.0,1.0,0.0,0
1.0,1.0,0.0,1.0,0.0,0
0.0,0.0,0.0,1.0,0.0,0
0.0,0.0,0.0,1.0,0.0,0
0.0,0.0,0.0,1.0,0.0,0
0.0,0.0,0.0,1.0,0.0,0
0.0,0.0,0.0,1.0,0.0,0
0.0,0.0,0.0,1.0,0.0,0
1.0,1.0,0.0,1.0,0.0,0
0.0,0.0,0.0,1.0,0.0,0
1.0,1.0,0.0,0.883113,0.0,0
0.0,0.0,0.0,0.8750822,0.0,0
0.0,0.0,0.0,1.0,0.0,0
0.0,0.0,0.0,1.0,0.0,0
0.0,0.0,0.0,1.0,0.0,0
0.0,0.0,0.0,1.0,0.0,0
0.0,0.0,0.0,1.0,0.0,0
1.0,1.0,0.0,1.0,0.0,0
0.0,0.0,0.0,1.0,0.0,0
1.0,1.0,0.0,1.0,0.0,0
0.0,0.0,0.0,1.0,0.0,0
0.0,0.0,0.0,1.0,0.0,0
0.0,0.0,0.0,1.0,0.0,0
0.0,0.0,0.0,1.0,0.0,0
0.0,0.0,0.0,1.0,0.0,0
0.0,0.0,0.0,1.0,0.0,0
1.0,1.0,0.0,1.0,0.0,0
0.0,0.0,0.0,0.8385759,0.0,0
1.0,1.0,0.0,1.0,0.0,0
0.0,0.0,0.0,1.0,0.0,0
0.0,0.0,0.0,0.6969283,0.0,0
0.0,0.0,0.0,1.0,0.0,0
0.0,0.0,0.0,1.0,0.0,0
0.0,0.0,0.0,1.0,0.0,0
0.0,0.0,0.0,1.0,0.0,0
1.0,1.0,0.0,1.0,0.0,0
0.0,0.0,0.0,1.0,0.0,0
1.0,1.0,0.0,1.0,0.0,0
0.0,0.0,0.0,1.0,0.0,0
0.0,0.0,0.0,1.0,0.0,0
0.0,0.0,0.0,1.0,0.0,0
0.0,0.0,0.0,1.0,0.0,0
0.0,0.0,0.0,1.0,0.0,0
0.0,0.0,0.0,1.0,0.0,0
1.0,1.0,0.0,1.0,0.0,0
0.0,0.0,0.0,1.0,0.0,0
1.0,1.0,0.0,0.35118377,0.0,1
0.0,0.0,0.0,0.7225898,0.0,0
0.0,0.0,0.0,1.0,0.0,0
0.0,0.0,0.0,1.0,0.0,0
0.0,0.0,0.0,1.0,0.0,0
0.0,0.0,0.0,1.0,0.0,0
0.0,0.0,0.0,1.0,0.0,0
0.0,0.0,0.0,1.0,0.0,0
1.0,1.0,0.0,1.0,0.0,0
0.0,0.0,0.0,1.0,0.0,0
0.0,0.0,0.0,1.0,0.0,0
0.0,0.0,0.0,1.0,0.0,0
0.0,0.0,0.0,1.0,0.0,0
0.0,0.0,0.0,1.0,0.0,0
0.0,0.0,0.0,0.8385759,0.0,0
0.0,0.0,0.0,1.0,0.0,0
1.0,1.0,0.0,1.0,0.0,0
0.0,0.0,0.0,1.0,0.0,0
0.0,0.0,0.0,0.7118584,0.0,0
0.0,0.0,0.0,1.0,0.0,0
0.0,0.0,0.0,1.0,0.0,0
0.0,0.0,0.0,0.883113,0.0,0
0.0,0.0,0.0,1.0,0.0,0
0.0,0.0,0.0,1.0,0.0,0
0.0,0.0,0.0,1.0,0.0,0
1.0,1.0,0.0,0.35118377,0.0,1
0.0,0.0,0.0,1.0,0.0,0
1.0,1.0,0.0,0.7118584,0.0,0
0.0,0.0,0.0,1.0,0.0,0
0.0,0.0,0.0,1.0,0.0,0
0.0,0.0,0.0,0.8750822,0.0,0
0.0,0.0,0.0,1.0,0.0,0
0.0,0.0,0.0,1.0,0.0,0
0.0,0.0,0.0,1.0,0.0,0
1.0,1.0,0.0,0.7225898,0.0,0
0.0,0.0,0.0,1.0,0.0,0
1.0,1.0,0.0,1.0,0.0,0
0.0,0.0,0.0,1.0,0.0,0
0.0,0.0,0.0,1.0,0.0,0
0.0,0.0,0.0,1.0,0.0,0
0.0,0.0,0.0,1.0,0.0,0
0.0,0.0,0.0,0.6969283,0.0,0
0.0,0.0,0.0,1.0,0.0,0
1.0,1.0,0.0,1.0,0.0,0
0.0,0.0,0.0,1.0,0.0,0
1.0,1.0,0.0,1.0,0.0,0
0.0,0.0,0.0,1.0,0.0,0
0.0,0.0,0.0,1.0,0.0,0
0.0,0.0,0.0,1.0,0.0,0
0.0,0.0,0.0,1.0,0.0,0
0.0,0.0,0.0,1.0,0.0,0
0.0,0.0,0.0,1.0,0.0,0
1.0,1.0,0.0,1.0,0.0,0
0.0,0.0,0.0,1.0,0.0,0
1.0,1.0,0.0,0.883113,0.0,0
0.0,0.0,0.0,0.8750822,0.0,0
0.0,0.0,0.0,1.0,0.0,0
0.0,0.0,0.0,1.0,0.0,0
0.0,0.0,0.0,1.0,0.0,0
0.0,0.0,0.0,1.0,0.0,0
0.0,0.0,0.0,1.0,0.0,0
1.0,1.0,0.0,1.0,0.0,0
0.0,0.0,0.0,1.0,0.0,0
1.0,1.0,0.0,1.0,0.0,0
0.0,0.0,0.0,1.0,0.0,0
0.0,0.0,0.0,1.0,0.0,0
0.0,0.0,0.0,1.0,0.0,0
0.0,0.0,0.0,1.0,0.0,0
0.0,0.0,0.0,1.0,0.0,0
0.0,0.0,0.0,1.0,0.0,0
1.0,1.0,0.0,1.0,0.0,0
0.0,0.0,0.0,0.8385759,0.0,0
1.0,1.0,0.0,1.0,0.0,0
0.0,0.0,0.0,1.0,0.0,0
0.0,0.0,0.0,0.6969283,0.0,0
0.0,0.0,0.0,1.0,0.0,0
0.0,0.0,0.0,1.0,0.0,0
0.0,0.0,0.0,1.0,0.0,0
0.0,0.0,0.0,1.0,0.0,0
1.0,1.0,0.0,1.0,0.0,0
0.0,0.0,0.0,1.0,0.0,0
1.0,1.0,0.0,1.0,0.0,0
0.0,0.0,0.0,1.0,0.0,0
0.0,0.0,0.0,1.0,0.0,0
0.0,0.0,0.0,1.0,0.0,0
0.0,0.0,0.0,1.0,0.0,0
0.0,0.0,0.0,1.0,0.0,0
0.0,0.0,0.0,1.0,0.0,0
1.0,1.0,0.0,1.0,0.0,0
0.0,0.0,0.0,1.0,0.0,0
1.0,1.0,0.0,0.35118377,0.0,1
0.0,0.0,0.0,0.7225898,0.0,0
0.0,0.0,0.0,1.0,0.0,0
0.0,0.0,0.0,1.0,0.0,0
0.0,0.0,0.0,1.0,0.0,0
0.0,0.0,0.0,1.0,0.0,0
0.0,0.0,0.0,1.0,0.0,0
0.0,0.0,0.0,1.0,0.0,0
1.0,1.0,0.0,1.0,0.0,0
0.0,0.0,0.0,1.0,0.0,0
0.0,0.0,0.0,1.0,0.0,0
0.0,0.0,0.0,1.0,0.0,0
0.0,0.0,0.0,1.0,0.0,0
0.0,0.0,0.0,1.0,0.0,0
0.0,0.0,0.0,0.8385759,0.0,0
0.0,0.0,0.0,1.0,0.0,0
1.0,1.0,0.0,1.0,0.0,0
0.0,0.0,0.0,1.0,0.0,0
0.0,0.0,0.0,0.7118584,0.0,0
0.0,0.0,0.0,1.0,0.0,0
0.0,0.0,0.0,1.0,0.0,0
0.0,0.0,0.0,0.883113,0.0,0
0.0,0.0,0.0,1.0,0.0,0
0.0,0.0,0.0,1.0,0.0,0
0.0,0.0,0.0,1.0,0.0,0
1.0,1.0,0.0,0.35118377,0.0,1
0.0,0.0,0.0,1.0,0.0,0
1.0,1.0,0.0,0.7118584,0.0,0
0.0,0.0,0.0,1.0,0.0,0
0.0,0.0,0.0,1.0,0.0,0
0.0,0.0,0.0,0.8750822,0.0,0
0.0,0.0,0.0,1.0,0.0,0
0.0,0.0,0.0,1.0,0.0,0
0.0,0.0,0.0,1.0,0.0,0
1.0,1.0,0.0,0.7225898,0.0,0
0.0,0.0,0.0,1.0,0.0,0
1.0,1.0,0.0,1.0,0.0,0
0.0,0.0,0.0,1.0,0.0,0
0.0,0.0,0.0,1.0,0.0,0
0.0,0.0,0.0,1.0,0.0,0
0.0,0.0,0.0,1.0,0.0,0
0.0,0.0,0.0,0.6969283,0.0,0
0.0,0.0,0.0,1.0,0.0,0
1.0,1.0,0.0,1.0,0.0,0
0.0,0.0,0.0,1.0,0.0,0
1.0,1.0,0.0,1.0,0.0,0
0.0,0.0,0.0,1.0,0.0,0
0.0,0.0,0.0,1.0,0.0,0
0.0,0.0,0.0,1.0,0.0,0
0.0,0.0,0.0,1.0,0.0,0
0.0,0.0,0.0,1.0,0.0,0
0.0,0.0,0.0,1.0,0.0,0
1.0,1.0,0.0,1.0,0.0,0
0.0,0.0,0.0,1.0,0.0,0
1.0,1.0,0.0,0.883113,0.0,0
0.0,0.0,0.0,0.8750822,0.0,0
0.0,0.0,0.0,1.0,0.0,0
0.0,0.0,0.0,1.0,0.0,0
0.0,0.0,0.0,1.0,0.0,0
0.0,0.0,0.0,1.0,0.0,0
0.0,0.0,0.0,1.0,0.0,0
1.0,1.0,0.0,1.0,0.0,0
0.0,0.0,0.0,1.0,0.0,0
1.0,1.0,0.0,1.0,0.0,0
0.0,0.0,0.0,1.0,0.0,0
0.0,0.0,0.0,1.0,0.0,0
0.0,0.0,0.0,1.0,0.0,0
0.0,0.0,0.0,1.0,0.0,0
0.0,0.0,0.0,1.0,0.0,0
0.0,0.0,0.0,1.0,0.0,0
1.0,1.0,0.0,1.0,0.0,0
0.0,0.0,0.0,0.8385759,0.0,0
1.0,1.0,0.0,1.0,0.0,0
0.0,0.0,0.0,1.0,0.0,0
0.0,0.0,0.0,0.6969283,0.0,0
0.0,0.0,0.0,1.0,0.0,0
0.0,0.0,0.0,1.0,0.0,0
0.0,0.0,0.0,1.0,0.0,0
0.0,0.0,0.0,1.0,0.0,0
1.0,1.0,0.0,1.0,0.0,0
0.0,0.0,0.0,1.0,0.0,0
1.0,1.0,0.0,1.0,0.0,0
0.0,0.0,0.0,1.0,0.0,0
0.0,0.0,0.0,1.0,0.0,0
0.0,0.0,0.0,1.0,0.0,0
0.0,0.0,0.0,1.0,0.0,0
0.0,0.0,0.0,1.0,0.0,0
0.0,0.0,0.0,1.0,0.0,0
1.0,1.0,0.0,1.0,0.0,0
0.0,0.0,0.0,1.0,0.0,0
1.0,1.0,0.0,0.35118377,0.0,1
0.0,0.0,0.0,0.7225898,0.0,0
0.0,0.0,0.0,1.0,0.0,0
0.0,0.0,0.0,1.0,0.0,0
0.0,0.0,0.0,1.0,0.0,0
0.0,0.0,0.0,1.0,0.0,0
0.0,0.0,0.0,1.0,0.0,0
0.0,0.0,0.0,1.0,0.0,0
1.0,1.0,0.0,1.0,0.0,0
0.0,0.0,0.0,1.0,0.0,0
0.0,0.0,0.0,1.0,0.0,0
0.0,0.0,0.0,1.0,0.0,0
0.0,0.0,0.0,1.0,0.0,0
0.0,0.0,0.0,1.0,0.0,0
0.0,0.0,0.0,0.8385759,0.0,0
0.0,0.0,0.0,1.0,0.0,0
1.0,1.0,0.0,1.0,0.0,0
0.0,0.0,0.0,1.0,0.0,0
0.0,0.0,0.0,0.7118584,0.0,0
0.0,0.0,0.0,1.0,0.0,0
0.0,0.0,0.0,1.0,0.0,0
0.0,0.0,0.0,0.883113,0.0,0
0.0,0.0,0.0,1.0,0.0,0
0.0,0.0,0.0,1.0,0.0,0
0.0,0.0,0.0,1.0,0.0,0
1.0,1.0,0.0,0.35118377,0.0,1
0.0,0.0,0.0,1.0,0.0,0
1.0,1.0,0.0,0.7118584,0.0,0
0.0,0.0,0.0,1.0,0.0,0
0.0,0.0,0.0,1.0,0.0,0
0.0,0.0,0.0,0.8750822,0.0,0
0.0,0.0,0.0,1.0,0.0,0
0.0,0.0,0.0,1.0,0.0,0
0.0,0.0,0.0,1.0,0.0,0
1.0,1.0,0.0,0.7225898,0.0,0
0.0,0.0,0.0,1.0,0.0,0
1.0,1.0,0.0,1.0,0.0,0
0.0,0.0,0.0,1.0,0.0,0
0.0,0.0,0.0,1.0,0.0,0
0.0,0.0,0.0,1.0,0.0,0
0.0,0.0,0.0,1.0,0.0,0
0.0,0.0,0.0,0.6969283,0.0,0
0.0,0.0,0.0,1.0,0.0,0
1.0,1.0,0.0,1.0,0.0,0
0.0,0.0,0.0,1.0,0.0,0
1.0,1.0,0.0,1.0,0.0,0
0.0,0.0,0.0,1.0,0.0,0
0.0,0.0,0.0,1.0,0.0,0
0.0,0.0,0.0,1.0,0.0,0
0.0,0.0,0.0,1.0,0.0,0
0.0,0.0,0.0,1.0,0.0,0
0.0,0.0,0.0,1.0,0.0,0
1.0,1.0,0.0,1.0,0.0,0
0.0,0.0,0.0,1.0,0.0,0
1.0,1.0,0.0,0.883113,0.0,0
0.0,0.0,0.0,0.8750822,0.0,0
0.0,0.0,0.0,1.0,0.0,0
0.0,0.0,0.0,1.0,0.0,0
0.0,0.0,0.0,1.0,0.0,0
0.0,0.0,0.0,1.0,0.0,0
0.0,0.0,0.0,1.0,0.0,0
1.0,1.0,0.0,1.0,0.0,0
0.0,0.0,0.0,1.0,0.0,0
1.0,1.0,0.0,1.0,0.0,0
0.0,0.0,0.0,1.0,0.0,0
0.0,0.0,0.0,1.0,0.0,0
0.0,0.0,0.0,1.0,0.0,0
0.0,0.0,0.0,1.0,0.0,0
0.0,0.0,0.0,1.0,0.0,0
0.0,0.0,0.0,1.0,0.0,0
1.0,1.0,0.0,1.0,0.0,0
0.0,0.0,0.0,0.8385759,0.0,0
1.0,1.0,0.0,1.0,0.0,0
0.0,0.0,0.0,1.0,0.0,0
0.0,0.0,0.0,0.6969283,0.0,0
0.0,0.0,0.0,1.0,0.0,0
0.0,0.0,0.0,1.0,0.0,0
0.0,0.0,0.0,1.0,0.0,0
0.0,0.0,0.0,1.0,0.0,0
1.0,1.0,0.0,1.0,0.0,0
0.0,0.0,0.0,1.0,0.0,0
1.0,1.0,0.0,1.0,0.0,0
0.0,0.0,0.0,1.0,0.0,0
0.0,0.0,0.0,1.0,0.0,0
0.0,0.0,0.0,1.0,0.0,0
0.0,0.0,0.0,1.0,0.0,0
0.0,0.0,0.0,1.0,0.0,0
0.0,0.0,0.0,1.0,0.0,0
1.0,1.0,0.0,1.0,0.0,0
0.0,0.0,0.0,1.0,0.0,0
1.0,1.0,0.0,0.35118377,0.0,1
0.0,0.0,0.0,0.7225898,0.0,0
0.0,0.0,0.0,1.0,0.0,0
0.0,0.0,0.0,1.0,0.0,0
0.0,0.0,0.0,1.0,0.0,0
0.0,0.0,0.0,1.0,0.0,0
0.0,0.0,0.0,1.0,0.0,0
0.0,0.0,0.0,1.0,0.0,0
1.0,1.0,0.0,1.0,0.0,0
0.0,0.0,0.0,1.0,0.0,0
0.0,0.0,0.0,1.0,0.0,0
0.0,0.0,0.0,1.0,0.0,0
0.0,0.0,0.0,1.0,0.0,0
0.0,0.0,0.0,1.0,0.0,0
0.0,0.0,0.0,0.8385759,0.0,0
0.0,0.0,0.0,1.0,0.0,0
1.0,1.0,0.0,1.0,0.0,0
0.0,0.0,0.0,1.0,0.0,0
0.0,0.0,0.0,0.7118584,0.0,0
0.0,0.0,0.0,1.0,0.0,0
0.0,0.0,0.0,1.0,0.0,0
0.0,0.0,0.0,0.883113,0.0,0
0.0,0.0,0.0,1.0,0.0,0
0.0,0.0,0.0,1.0,0.0,0
0.0,0.0,0.0,1.0,0.0,0
1.0,1.0,0.0,0.35118377,0.0,1
0.0,0.0,0.0,1.0,0.0,0
1.0,1.0,0.0,0.7118584,0.0,0
0.0,0.0,0.0,1.0,0.0,0
0.0,0.0,0.0,1.0,0.0,0
0.0,0.0,0.0,0.8750822,0.0,0
0.0,0.0,0.0,1.0,0.0,0
0.0,0.0,0.0,1.0,0.0,0
0.0,0.0,0.0,1.0,0.0,0
1.0,1.0,0.0,0.7225898,0.0,0
0.0,0.0,0.0,1.0,0.0,0
1.0,1.0,0.0,1.0,0.0,0
0.0,0.0,0.0,1.0,0.0,0
0.0,0.0,0.0,1.0,0.0,0
0.0,0.0,0.0,1.0,0.0,0
0.0,0.0,0.0,1.0,0.0,0
0.0,0.0,0.0,0.6969283,0.0,0
0.0,0.0,0.0,1.0,0.0,0
1.0,1.0,0.0,1.0,0.0,0
0.0,0.0,0.0,1.0,0.0,0
1.0,1.0,0.0,1.0,0.0,0
0.0,0.0,0.0,1.0,0.0,0
0.0,0.0,0.0,1.0,0.0,0
0.0,0.0,0.0,1.0,0.0,0
0.0,0.0,0.0,1.0,0.0,0
0.0,0.0,0.0,1.0,0.0,0
0.0,0.0,0.0,1.0,0.0,0
1.0,1.0,0.0,1.0,0.0,0
0.0,0.0,0.0,1.0,0.0,0
1.0,1.0,0.0,0.883113,0.0,0
0.0,0.0,0.0,0.8750822,0.0,0
0.0,0.0,0.0,1.0,0.0,0
0.0,0.0,0.0,1.0,0.0,0
0.0,0.0,0.0,1.0,0.0,0
0.0,0.0,0.0,1.0,0.0,0
0.0,0.0,0.0,1.0,0.0,0
1.0,1.0,0.0,1.0,0.0,0
0.0,0.0,0.0,1.0,0.0,0
1.0,1.0,0.0,1.0,0.0,0
0.0,0.0,0.0,1.0,0.0,0
0.0,0.0,0.0,1.0,0.0,0
0.0,0.0,0.0,1.0,0.0,0
0.0,0.0,0.0,1.0,0.0,0
0.0,0.0,0.0,1.0,0.0,0
0.0,0.0,0.0,1.0,0.0,0
1.0,1.0,0.0,1.0,0.0,0
0.0,0.0,0.0,0.8385759,0.0,0
1.0,1.0,0.0,1.0,0.0,0
0.0,0.0,0.0,1.0,0.0,0
0.0,0.0,0.0,0.6969283,0.0,0
0.0,0.0,0.0,1.0,0.0,0
0.0,0.0,0.0,1.0,0.0,0
0.0,0.0,0.0,1.0,0.0,0
0.0,0.0,0.0,1.0,0.0,0
1.0,1.0,0.0,1.0,0.0,0
0.0,0.0,0.0,1.0,0.0,0
1.0,1.0,0.0,1.0,0.0,0
0.0,0.0,0.0,1.0,0.0,0
0.0,0.0,0.0,1.0,0.0,0
0.0,0.0,0.0,1.0,0.0,0
0.0,0.0,0.0,1.0,0.0,0
0.0,0.0,0.0,1.0,0.0,0
0.0,0.0,0.0,1.0,0.0,0
1.0,1.0,0.0,1.0,0.0,0
0.0,0.0,0.0,1.0,0.0,0
1.0,1.0,0.0,0.35118377,0.0,1
0.0,0.0,0.0,0.7225898,0.0,0
0.0,0.0,0.0,1.0,0.0,0
0.0,0.0,0.0,1.0,0.0,0
0.0,0.0,0.0,1.0,0.0,0
0.0,0.0,0.0,1.0,0.0,0
0.0,0.0,0.0,1.0,0.0,0
0.0,0.0,0.0,1.0,0.0,0
1.0,1.0,0.0,1.0,0.0,0
0.0,0.0,0.0,1.0,0.0,0
0.0,0.0,0.0,1.0,0.0,0
0.0,0.0,0.0,1.0,0.0,0
0.0,0.0,0.0,1.0,0.0,0
0.0,0.0,0.0,1.0,0.0,0
0.0,0.0,0.0,0.8385759,0.0,0
0.0,0.0,0.0,1.0,0.0,0
1.0,1.0,0.0,1.0,0.0,0
0.0,0.0,0.0,1.0,0.0,0
0.0,0.0,0.0,0.7118584,0.0,0
0.0,0.0,0.0,1.0,0.0,0
0.0,0.0,0.0,1.0,0.0,0
0.0,0.0,0.0,0.883113,0.0,0
0.0,0.0,0.0,1.0,0.0,0
0.0,0.0,0.0,1.0,0.0,0
0.0,0.0,0.0,1.0,0.0,0
1.0,1.0,0.0,0.35118377,0.0,1
0.0,0.0,0.0,1.0,0.0,0
1.0,1.0,0.0,0.7118584,0.0,0
0.0,0.0,0.0,1.0,0.0,0
0.0,0.0,0.0,1.0,0.0,0
0.0,0.0,0.0,0.8750822,0.0,0
0.0,0.0,0.0,1.0,0.0,0
0.0,0.0,0.0,1.0,0.0,0
0.0,0.0,0.0,1.0,0.0,0
1.0,1.0,0.0,0.7225898,0.0,0
0.0,0.0,0.0,1.0,0.0,0
1.0,1.0,0.0,1.0,0.0,0
0.0,0.0,0.0,1.0,0.0,0
0.0,0.0,0.0,1.0,0.0,0
0.0,0.0,0.0,1.0,0.0,0
0.0,0.0,0.0,1.0,0.0,0
0.0,0.0,0.0,0.6969283,0.0,0
0.0,0.0,0.0,1.0,0.0,0
1.0,1.0,0.0,1.0,0.0,0
0.0,0.0,0.0,1.0,0.0,0
1.0,1.0,0.0,1.0,0.0,0
0.0,0.0,0.0,1.0,0.0,0
0.0,0.0,0.0,1.0,0.0,0
0.0,0.0,0.0,1.0,0.0,0
0.0,0.0,0.0,1.0,0.0,0
0.0,0.0,0.0,1.0,0.0,0
0.0,0.0,0.0,1.0,0.0,0
1.0,1.0,0.0,1.0,0.0,0
0.0,0.0,0.0,1.0,0.0,0
1.0,1.0,0.0,0.883113,0.0,0
0.0,0.0,0.0,0.8750822,0.0,0
0.0,0.0,0.0,1.0,0.0,0
0.0,0.0,0.0,1.0,0.0,0
0.0,0.0,0.0,1.0,0.0,0
0.0,0.0,0.0,1.0,0.0,0
0.0,0.0,0.0,1.0,0.0,0
1.0,1.0,0.0,1.0,0.0,0
0.0,0.0,0.0,1.0,0.0,0
1.0,1.0,0.0,1.0,0.0,0
0.0,0.0,0.0,1.0,0.0,0
0.0,0.0,0.0,1.0,0.0,0
0.0,0.0,0.0,1.0,0.0,0
0.0,0.0,0.0,1.0,0.0,0
0.0,0.0,0.0,1.0,0.0,0
0.0,0.0,0.0,1.0,0.0,0
1.0,1.0,0.0,1.0,0.0,0
0.0,0.0,0.0,0.8385759,0.0,0
1.0,1.0,0.0,1.0,0.0,0
0.0,0.0,0.0,1.0,0.0,0
0.0,0.0,0.0,0.6969283,0.0,0
0.0,0.0,0.0,1.0,0.0,0
0.0,0.0,0.0,1.0,0.0,0
0.0,0.0,0.0,1.0,0.0,0
0.0,0.0,0.0,1.0,0.0,0
1.0,1.0,0.0,1.0,0.0,0
0.0,0.0,0.0,1.0,0.0,0
1.0,1.0,0.0,1.0,0.0,0
0.0,0.0,0.0,1.0,0.0,0
0.0,0.0,0.0,1.0,0.0,0
0.0,0.0,0.0,1.0,0.0,0
0.0,0.0,0.0,1.0,0.0,0
0.0,0.0,0.0,1.0,0.0,0
0.0,0.0,0.0,1.0,0.0,0
1.0,1.0,0.0,1.0,0.0,0
0.0,0.0,0.0,1.0,0.0,0
1.0,1.0,0.0,0.35118377,0.0,1
0.0,0.0,0.0,0.7225898,0.0,0
0.0,0.0,0.0,1.0,0.0,0
0.0,0.0,0.0,1.0,0.0,0
0.0,0.0,0.0,1.0,0.0,0
0.0,0.0,0.0,1.0,0.0,0
0.0,0.0,0.0,1.0,0.0,0
0.0,0.0,0.0,1.0,0.0,0
1.0,1.0,0.0,1.0,0.0,0
0.0,0.0,0.0,1.0,0.0,0
0.0,0.0,0.0,1.0,0.0,0
0.0,0.0,0.0,1.0,0.0,0
0.0,0.0,0.0,1.0,0.0,0
0.0,0.0,0.0,1.0,0.0,0
0.0,0.0,0.0,0.8385759,0.0,0
0.0,0.0,0.0,1.0,0.0,0
1.0,1.0,0.0,1.0,0.0,0
0.0,0.0,0.0,1.0,0.0,0
0.0,0.0,0.0,0.7118584,0.0,0
0.0,0.0,0.0,1.0,0.0,0
0.0,0.0,0.0,1.0,0.0,0
0.0,0.0,0.0,0.883113,0.0,0
0.0,0.0,0.0,1.0,0.0,0
0.0,0.0,0.0,1.0,0.0,0
0.0,0.0,0.0,1.0,0.0,0
1.0,1.0,0.0,0.35118377,0.0,1
0.0,0.0,0.0,1.0,0.0,0
1.0,1.0,0.0,0.7118584,0.0,0
0.0,0.0,0.0,1.0,0.0,0
0.0,0.0,0.0,1.0,0.0,0
0.0,0.0,0.0,0.8750822,0.0,0
0.0,0.0,0.0,1.0,0.0,0
0.0,0.0,0.0,1.0,0.0,0
0.0,0.0,0.0,1.0,0.0,0
1.0,1.0,0.0,0.7225898,0.0,0
0.0,0.0,0.0,1.0,0.0,0
1.0,1.0,0.0,1.0,0.0,0
0.0,0.0,0.0,1.0,0.0,0
0.0,0.0,0.0,1.0,0.0,0
0.0,0.0,0.0,1.0,0.0,0
0.0,0.0,0.0,1.0,0.0,0
0.0,0.0,0.0,0.6969283,0.0,0
0.0,0.0,0.0,1.0,0.0,0
1.0,1.0,0.0,1.0,0.0,0
0.0,0.0,0.0,1.0,0.0,0
1.0,1.0,0.0,1.0,0.0,0
0.0,0.0,0.0,1.0,0.0,0
0.0,0.0,0.0,1.0,0.0,0
0.0,0.0,0.0,1.0,0.0,0
0.0,0.0,0.0,1.0,0.0,0
0.0,0.0,0.0,1.0,0.0,0
0.0,0.0,0.0,1.0,0.0,0
1.0,1.0,0.0,1.0,0.0,0
0.0,0.0,0.0,1.0,0.0,0
1.0,1.0,0.0,0.883113,0.0,0
0.0,0.0,0.0,0.8750822,0.0,0
0.0,0.0,0.0,1.0,0.0,0
0.0,0.0,0.0,1.0,0.0,0
0.0,0.0,0.0,1.0,0.0,0
0.0,0.0,0.0,1.0,0.0,0
0.0,0.0,0.0,1.0,0.0,0
1.0,1.0,0.0,1.0,0.0,0
0.0,0.0,0.0,1.0,0.0,0
1.0,1.0,0.0,1.0,0.0,0
0.0,0.0,0.0,1.0,0.0,0
0.0,0.0,0.0,1.0,0.0,0
0.0,0.0,0.0,1.0,0.0,0
0.0,0.0,0.0,1.0,0.0,0
0.0,0.0,0.0,1.0,0.0,0
0.0,0.0,0.0,1.0,0.0,0
1.0,1.0,0.0,1.0,0.0,0
0.0,0.0,0.0,0.8385759,0.0,0
1.0,1.0,0.0,1.0,0.0,0
0.0,0.0,0.0,1.0,0.0,0
0.0,0.0,0.0,0.6969283,0.0,0
0.0,0.0,0.0,1.0,0.0,0
0.0,0.0,0.0,1.0,0.0,0
0.0,0.0,0.0,1.0,0.0,0
0.0,0.0,0.0,1.0,0.0,0
1.0,1.0,0.0,1.0,0.0,0
0.0,0.0,0.0,1.0,0.0,0
1.0,1.0,0.0,1.0,0.0,0
0.0,0.0,0.0,1.0,0.0,0
0.0,0.0,0.0,1.0,0.0,0
0.0,0.0,0.0,1.0,0.0,0
0.0,0.0,0.0,1.0,0.0,0
0.0,0.0,0.0,1.0,0.0,0
0.0,0.0,0.0,1.0,0.0,0
1.0,1.0,0.0,1.0,0.0,0
0.0,0.0,0.0,1.0,0.0,0
1.0,1.0,0.0,0.35118377,0.0,1
0.0,0.0,0.0,0.7225898,0.0,0
0.0,0.0,0.0,1.0,0.0,0
0.0,0.0,0.0,1.0,0.0,0
0.0,0.0,0.0,1.0,0.0,0
0.0,0.0,0.0,1.0,0.0,0
0.0,0.0,0.0,1.0,0.0,0
0.0,0.0,0.0,1.0,0.0,0
1.0,1.0,0.0,1.0,0.08215059,0
0.0,0.0,0.0,1.0,0.12820561,0
0.0,0.0,0.0,1.0,0.074807614,0
0.0,0.0,0.0,1.0,0.22115098,0
0.0,0.0,0.0,1.0,0.17430377,0
0.0,0.0,0.0,1.0,0.15340509,0
0.0,0.0,0.0,0.8385759,0.06185884,0
0.0,0.0,0.0,1.0,0.13512823,0
1.0,1.0,0.0,1.0,0.043116983,0
0.0,0.0,0.0,1.0,0.08215059,0
0.0,0.0,0.0,0.7118584,0.06953007,0
0.0,0.0,0.0,1.0,0.1558732,0
0.0,0.0,0.0,1.0,0.18179382,0
0.0,0.0,0.0,0.883113,0.092756756,0
0.0,0.0,0.0,1.0,0.23132564,0
0.0,0.0,0.0,1.0,0.10391843,0
0.0,0.0,0.0,1.0,0.06030022,0
1.0,1.0,0.0,0.35118377,0.05746601,1
0.0,0.0,0.0,1.0,0.12820561,0
1.0,1.0,0.0,0.7118584,0.06953007,0
0.0,0.0,0.0,1.0,0.20119618,0
0.0,0.0,0.0,1.0,0.113193505,0
0.0,0.0,0.0,0.8750822,0.07809352,0
0.0,0.0,0.0,1.0,0.28115156,0
0.0,0.0,0.0,1.0,0.16838267,0
0.0,0.0,0.0,1.0,0.101218395,0
1.0,1.0,0.0,0.7225898,0.08651998,0
0.0,0.0,0.0,1.0,0.074807614,0
1.0,1.0,0.0,1.0,0.1558732,0
0.0,0.0,0.0,1.0,0.20119618,0
0.0,0.0,0.0,1.0,0.2838443,0
0.0,0.0,0.0,1.0,0.24854434,0
0.0,0.0,0.0,1.0,0.080508195,0
0.0,0.0,0.0,0.6969283,0.08405388,0
0.0,0.0,0.0,1.0,0.20372179,0
1.0,1.0,0.0,1.0,0.11467671,0
0.0,0.0,0.0,1.0,0.22115098,0
1.0,1.0,0.0,1.0,0.18179382,0
0.0,0.0,0.0,1.0,0.113193505,0
0.0,0.0,0.0,1.0,0.2838443,0
0.0,0.0,0.0,1.0,0.1618197,0
0.0,0.0,0.0,1.0,0.36326477,0
0.0,0.0,0.0,1.0,0.27298972,0
0.0,0.0,0.0,1.0,0.2098577,0
1.0,1.0,0.0,1.0,0.17884913,0
0.0,0.0,0.0,1.0,0.17430377,0
1.0,1.0,0.0,0.883113,0.092756756,0
0.0,0.0,0.0,0.8750822,0.07809352,0
0.0,0.0,0.0,1.0,0.24854434,0
0.0,0.0,0.0,1.0,0.1618197,0
0.0,0.0,0.0,1.0,0.32379153,0
0.0,0.0,0.0,1.0,0.19126639,0
0.0,0.0,0.0,1.0,0.06779732,0
1.0,1.0,0.0,1.0,0.14194843,0
0.0,0.0,0.0,1.0,0.15340509,0
1.0,1.0,0.0,1.0,0.23132564,0
0.0,0.0,0.0,1.0,0.28115156,0
0.0,0.0,0.0,1.0,0.080508195,0
0.0,0.0,0.0,1.0,0.36326477,0
0.0,0.0,0.0,1.0,0.32379153,0
0.0,0.0,0.0,1.0,0.14004195,0
0.0,0.0,0.0,1.0,0.27243176,0
1.0,1.0,0.0,1.0,0.19474271,0
0.0,0.0,0.0,0.8385759,0.06185884,0
1.0,1.0,0.0,1.0,0.10391843,0
0.0,0.0,0.0,1.0,0.16838267,0
0.0,0.0,0.0,0.6969283,0.08405388,0
0.0,0.0,0.0,1.0,0.27298972,0
0.0,0.0,0.0,1.0,0.19126639,0
0.0,0.0,0.0,1.0,0.14004195,0
0.0,0.0,0.0,1.0,0.13384561,0
1.0,1.0,0.0,1.0,0.09647579,0
0.0,0.0,0.0,1.0,0.13512823,0
1.0,1.0,0.0,1.0,0.06030022,0
0.0,0.0,0.0,1.0,0.101218395,0
0.0,0.0,0.0,1.0,0.20372179,0
0.0,0.0,0.0,1.0,0.2098577,0
0.0,0.0,0.0,1.0,0.06779732,0
0.0,0.0,0.0,1.0,0.27243176,0
0.0,0.0,0.0,1.0,0.13384561,0
1.0,1.0,0.0,1.0,0.117511205,0
0.0,0.0,0.0,1.0,0.043116983,0
1.0,1.0,0.0,0.35118377,0.05746601,1
0.0,0.0,0.0,0.7225898,0.08651998,0
0.0,0.0,0.0,1.0,0.11467671,0
0.0,0.0,0.0,1.0,0.17884913,0
0.0,0.0,0.0,1.0,0.14194843,0
0.0,0.0,0.0,1.0,0.19474271,0
0.0,0.0,0.0,1.0,0.09647579,0
0.0,0.0,0.0,1.0,0.117511205,0
1.0,1.0,0.0,1.0,0.08215059,0
0.0,0.0,0.0,1.0,0.12820561,0
0.0,0.0,0.0,1.0,0.074807614,0
0.0,0.0,0.0,1.0,0.22115098,0
0.0,0.0,0.0,1.0,0.17430377,0
0.0,0.0,0.0,1.0,0.15340509,0
0.0,0.0,0.0,0.83861494,0.06185884,0
0.0,0.0,0.0,1.0,0.13512823,0
1.0,1.0,0.0,1.0,0.043116983,0
0.0,0.0,0.0,1.0,0.08215059,0
0.0,0.0,0.0,0.7111796,0.06953007,0
0.0,0.0,0.0,1.0,0.1558732,0
0.0,0.0,0.0,1.0,0.18179382,0
0.0,0.0,0.0,0.88218623,0.092756756,0
0.0,0.0,0.0,1.0,0.23132564,0
0.0,0.0,0.0,1.0,0.10391843,0
0.0,0.0,0.0,1.0,0.06030022,0
1.0,1.0,0.0,0.35061106,0.05746601,1
0.0,0.0,0.0,1.0,0.12820561,0
1.0,1.0,0.0,0.7111796,0.06953007,0
0.0,0.0,0.0,1.0,0.20119618,0
0.0,0.0,0.0,1.0,0.113193505,0
0.0,0.0,0.0,0.87430155,0.07809352,0
0.0,0.0,0.0,1.0,0.28115156,0
0.0,0.0,0.0,1.0,0.16838267,0
0.0,0.0,0.0,1.0,0.101218395,0
1.0,1.0,0.0,0.7218099,0.08651998,0
0.0,0.0,0.0,1.0,0.074807614,0
1.0,1.0,0.0,1.0,0.1558732,0
0.0,0.0,0.0,1.0,0.20119618,0
0.0,0.0,0.0,1.0,0.2838443,0
0.0,0.0,0.0,1.0,0.24854434,0
0.0,0.0,0.0,1.0,0.080508195,0
0.0,0.0,0.0,0.6961432,0.08405388,0
0.0,0.0,0.0,1.0,0.20372179,0
1.0,1.0,0.0,1.0,0.11467671,0
0.0,0.0,0.0,1.0,0.22115098,0
1.0,1.0,0.0,1.0,0.18179382,0
0.0,0.0,0.0,1.0,0.113193505,0
0.0,0.0,0.0,1.0,0.2838443,0
0.0,0.0,0.0,1.0,0.1618197,0
0.0,0.0,0.0,1.0,0.36326477,0
0.0,0.0,0.0,1.0,0.27298972,0
0.0,0.0,0.0,1.0,0.2098577,0
1.0,1.0,0.0,1.0,0.17884913,0
0.0,0.0,0.0,1.0,0.17430377,0
1.0,1.0,0.0,0.88218623,0.092756756,0
0.0,0.0,0.0,0.87430155,0.07809352,0
0.0,0.0,0.0,1.0,0.24854434,0
0.0,0.0,0.0,1.0,0.1618197,0
0.0,0.0,0.0,1.0,0.32379153,0
0.0,0.0,0.0,1.0,0.19126639,0
0.0,0.0,0.0,1.0,0.06779732,0
1.0,1.0,0.0,1.0,0.14194843,0
0.0,0.0,0.0,1.0,0.15340509,0
1.0,1.0,0.0,1.0,0.23132564,0
0.0,0.0,0.0,1.0,0.28115156,0
0.0,0.0,0.0,1.0,0.080508195,0
0.0,0.0,0.0,1.0,0.36326477,0
0.0,0.0,0.0,1.0,0.32379153,0
0.0,0.0,0.0,1.0,0.14004195,0
0.0,0.0,0.0,1.0,0.27243176,0
1.0,1.0,0.0,1.0,0.19474271,0
0.0,0.0,0.0,0.83861494,0.06185884,0
1.0,1.0,0.0,1.0,0.10391843,0
0.0,0.0,0.0,1.0,0.16838267,0
0.0,0.0,0.0,0.6961432,0.08405388,0
0.0,0.0,0.0,1.0,0.27298972,0
0.0,0.0,0.0,1.0,0.19126639,0
0.0,0.0,0.0,1.0,0.14004195,0
0.0,0.0,0.0,1.0,0.13384561,0
1.0,1.0,0.0,1.0,0.09647579,0
0.0,0.0,0.0,1.0,0.13512823,0
1.0,1.0,0.0,1.0,0.06030022,0
0.0,0.0,0.0,1.0,0.101218395,0
0.0,0.0,0.0,1.0,0.20372179,0
0.0,0.0,0.0,1.0,0.2098577,0
0.0,0.0,0.0,1.0,0.06779732,0
0.0,0.0,0.0,1.0,0.27243176,0
0.0,0.0,0.0,1.0,0.13384561,0
1.0,1.0,0.0,1.0,0.117511205,0
0.0,0.0,0.0,1.0,0.043116983,0
1.0,1.0,0.0,0.35061106,0.05746601,1
0.0,0.0,0.0,0.7218099,0.08651998,0
0.0,0.0,0.0,1.0,0.11467671,0
0.0,0.0,0.0,1.0,0.17884913,0
0.0,0.0,0.0,1.0,0.14194843,0
0.0,0.0,0.0,1.0,0.19474271,0
0.0,0.0,0.0,1.0,0.09647579,0
0.0,0.0,0.0,1.0,0.117511205,0
1.0,1.0,0.0,1.0,0.08215059,0
0.0,0.0,0.0,1.0,0.12820561,0
0.0,0.0,0.0,1.0,0.074807614,0
0.0,0.0,0.0,1.0,0.22115098,0
0.0,0.0,0.0,1.0,0.17430377,0
0.0,0.0,0.0,1.0,0.15340509,0
0.0,0.0,0.0,0.83865446,0.06185884,0
0.0,0.0,0.0,1.0,0.13512823,0
1.0,1.0,0.0,1.0,0.043116983,0
0.0,0.0,0.0,1.0,0.08215059,0
0.0,0.0,0.0,0.7105009,0.06953007,0
0.0,0.0,0.0,1.0,0.1558732,0
0.0,0.0,0.0,1.0,0.18179382,0
0.0,0.0,0.0,0.88125944,0.092756756,0
0.0,0.0,0.0,1.0,0.23132564,0
0.0,0.0,0.0,1.0,0.10391843,0
0.0,0.0,0.0,1.0,0.06030022,0
1.0,1.0,0.0,0.35003838,0.05746601,1
0.0,0.0,0.0,1.0,0.12820561,0
1.0,1.0,0.0,0.7105009,0.06953007,0
0.0,0.0,0.0,1.0,0.20119618,0
0.0,0.0,0.0,1.0,0.113193505,0
0.0,0.0,0.0,0.8735209,0.07809352,0
0.0,0.0,0.0,1.0,0.28115156,0
0.0,0.0,0.0,1.0,0.16838267,0
0.0,0.0,0.0,1.0,0.101218395,0
1.0,1.0,0.0,0.7210302,0.08651998,0
0.0,0.0,0.0,1.0,0.074807614,0
1.0,1.0,0.0,1.0,0.1558732,0
0.0,0.0,0.0,1.0,0.20119618,0
0.0,0.0,0.0,1.0,0.2838443,0
0.0,0.0,0.0,1.0,0.24854434,0
0.0,0.0,0.0,1.0,0.080508195,0
0.0,0.0,0.0,0.6953582,0.08405388,0
0.0,0.0,0.0,1.0,0.20372179,0
1.0,1.0,0.0,1.0,0.11467671,0
0.0,0.0,0.0,1.0,0.22115098,0
1.0,1.0,0.0,1.0,0.18179382,0
0.0,0.0,0.0,1.0,0.113193505,0
0.0,0.0,0.0,1.0,0.2838443,0
0.0,0.0,0.0,1.0,0.1618197,0
0.0,0.0,0.0,1.0,0.36326477,0
0.0,0.0,0.0,1.0,0.27298972,0
0.0,0.0,0.0,1.0,0.2098577,0
1.0,1.0,0.0,1.0,0.17884913,0
0.0,0.0,0.0,1.0,0.17430377,0
1.0,1.0,0.0,0.88125944,0.092756756,0
0.0,0.0,0.0,0.8735209,0.07809352,0
0.0,0.0,0.0,1.0,0.24854434,0
0.0,0.0,0.0,1.0,0.1618197,0
0.0,0.0,0.0,1.0,0.32379153,0
0.0,0.0,0.0,1.0,0.19126639,0
0.0,0.0,0.0,1.0,0.06779732,0
1.0,1.0,0.0,1.0,0.14194843,0
0.0,0.0,0.0,1.0,0.15340509,0
1.0,1.0,0.0,1.0,0.23132564,0
0.0,0.0,0.0,1.0,0.28115156,0
0.0,0.0,0.0,1.0,0.080508195,0
0.0,0.0,0.0,1.0,0.36326477,0
0.0,0.0,0.0,1.0,0.32379153,0
0.0,0.0,0.0,1.0,0.14004195,0
0.0,0.0,0.0,1.0,0.27243176,0
1.0,1.0,0.0,1.0,0.19474271,0
0.0,0.0,0.0,0.83865446,0.06185884,0
1.0,1.0,0.0,1.0,0.10391843,0
0.0,0.0,0.0,1.0,0.16838267,0
0.0,0.0,0.0,0.6953582,0.08405388,0
0.0,0.0,0.0,1.0,0.27298972,0
0.0,0.0,0.0,1.0,0.19126639,0
0.0,0.0,0.0,1.0,0.14004195,0
0.0,0.0,0.0,1.0,0.13384561,0
1.0,1.0,0.0,1.0,0.09647579,0
0.0,0.0,0.0,1.0,0.13512823,0
1.0,1.0,0.0,1.0,0.06030022,0
0.0,0.0,0.0,1.0,0.101218395,0
0.0,0.0,0.0,1.0,0.20372179,0
0.0,0.0,0.0,1.0,0.2098577,0
0.0,0.0,0.0,1.0,0.06779732,0
0.0,0.0,0.0,1.0,0.27243176,0
0.0,0.0,0.0,1.0,0.13384561,0
1.0,1.0,0.0,1.0,0.117511205,0
0.0,0.0,0.0,1.0,0.043116983,0
1.0,1.0,0.0,0.35003838,0.05746601,1
0.0,0.0,0.0,0.7210302,0.08651998,0
0.0,0.0,0.0,1.0,0.11467671,0
0.0,0.0,0.0,1.0,0.17884913,0
0.0,0.0,0.0,1.0,0.14194843,0
0.0,0.0,0.0,1.0,0.19474271,0
0.0,0.0,0.0,1.0,0.09647579,0
0.0,0.0,0.0,1.0,0.117511205,0
1.0,1.0,0.0,1.0,0.08215059,0
0.0,0.0,0.0,1.0,0.12820561,0
0.0,0.0,0.0,1.0,0.074807614,0
0.0,0.0,0.0,1.0,0.22115098,0
0.0,0.0,0.0,1.0,0.17430377,0
0.0,0.0,0.0,1.0,0.15340509,0
0.0,0.0,0.0,0.83869433,0.06185884,0
0.0,0.0,0.0,1.0,0.13512823,0
1.0,1.0,0.0,1.0,0.043116983,0
0.0,0.0,0.0,1.0,0.08215059,0
0.0,0.0,0.0,0.7098222,0.06953007,0
0.0,0.0,0.0,1.0,0.1558732,0
0.0,0.0,0.0,1.0,0.18179382,0
0.0,0.0,0.0,0.8803326,0.092756756,0
0.0,0.0,0.0,1.0,0.23132564,0
0.0,0.0,0.0,1.0,0.10391843,0
0.0,0.0,0.0,1.0,0.06030022,0
1.0,1.0,0.0,0.34946567,0.05746601,1
0.0,0.0,0.0,1.0,0.12820561,0
1.0,1.0,0.0,0.7098222,0.06953007,0
0.0,0.0,0.0,1.0,0.20119618,0
0.0,0.0,0.0,1.0,0.113193505,0
0.0,0.0,0.0,0.87274027,0.07809352,0
0.0,0.0,0.0,1.0,0.28115156,0
0.0,0.0,0.0,1.0,0.16838267,0
0.0,0.0,0.0,1.0,0.101218395,0
1.0,1.0,0.0,0.72025067,0.08651998,0
0.0,0.0,0.0,1.0,0.074807614,0
1.0,1.0,0.0,1.0,0.1558732,0
0.0,0.0,0.0,1.0,0.20119618,0
0.0,0.0,0.0,1.0,0.2838443,0
0.0,0.0,0.0,1.0,0.24854434,0
0.0,0.0,0.0,1.0,0.080508195,0
0.0,0.0,0.0,0.6945734,0.08405388,0
0.0,0.0,0.0,1.0,0.20372179,0
1.0,1.0,0.0,1.0,0.11467671,0
0.0,0.0,0.0,1.0,0.22115098,0
1.0,1.0,0.0,1.0,0.18179382,0
0.0,0.0,0.0,1.0,0.113193505,0
0.0,0.0,0.0,1.0,0.2838443,0
0.0,0.0,0.0,1.0,0.1618197,0
0.0,0.0,0.0,1.0,0.36326477,0
0.0,0.0,0.0,1.0,0.27298972,0
0.0,0.0,0.0,1.0,0.2098577,0
1.0,1.0,0.0,1.0,0.17884913,0
0.0,0.0,0.0,1.0,0.17430377,0
1.0,1.0,0.0,0.8803326,0.092756756,0
0.0,0.0,0.0,0.87274027,0.07809352,0
0.0,0.0,0.0,1.0,0.24854434,0
0.0,0.0,0.0,1.0,0.1618197,0
0.0,0.0,0.0,1.0,0.32379153,0
0.0,0.0,0.0,1.0,0.19126639,0
0.0,0.0,0.0,1.0,0.06779732,0
1.0,1.0,0.0,1.0,0.14194843,0
0.0,0.0,0.0,1.0,0.15340509,0
1.0,1.0,0.0,1.0,0.23132564,0
0.0,0.0,0.0,1.0,0.28115156,0
0.0,0.0,0.0,1.0,0.080508195,0
0.0,0.0,0.0,1.0,0.36326477,0
0.0,0.0,0.0,1.0,0.32379153,0
0.0,0.0,0.0,1.0,0.14004195,0
0.0,0.0,0.0,1.0,0.27243176,0
1.0,1.0,0.0,1.0,0.19474271,0
0.0,0.0,0.0,0.83869433,0.06185884,0
1.0,1.0,0.0,1.0,0.10391843,0
0.0,0.0,0.0,1.0,0.16838267,0
0.0,0.0,0.0,0.6945734,0.08405388,0
0.0,0.0,0.0,1.0,0.27298972,0
0.0,0.0,0.0,1.0,0.19126639,0
0.0,0.0,0.0,1.0,0.14004195,0
0.0,0.0,0.0,1.0,0.13384561,0
1.0,1.0,0.0,1.0,0.09647579,0
0.0,0.0,0.0,1.0,0.13512823,0
1.0,1.0,0.0,1.0,0.06030022,0
0.0,0.0,0.0,1.0,0.101218395,0
0.0,0.0,0.0,1.0,0.20372179,0
0.0,0.0,0.0,1.0,0.2098577,0
0.0,0.0,0.0,1.0,0.06779732,0
0.0,0.0,0.0,1.0,0.27243176,0
0.0,0.0,0.0,1.0,0.13384561,0
1.0,1.0,0.0,1.0,0.117511205,0
0.0,0.0,0.0,1.0,0.043116983,0
1.0,1.0,0.0,0.34946567,0.05746601,1
0.0,0.0,0.0,0.72025067,0.08651998,0
0.0,0.0,0.0,1.0,0.11467671,0
0.0,0.0,0.0,1.0,0.17884913,0
0.0,0.0,0.0,1.0,0.14194843,0
0.0,0.0,0.0,1.0,0.19474271,0
0.0,0.0,0.0,1.0,0.09647579,0
0.0,0.0,0.0,1.0,0.117511205,0
1.0,1.0,0.0,1.0,0.08215059,0
0.0,0.0,0.0,1.0,0.12820561,0
0.0,0.0,0.0,1.0,0.074807614,0
0.0,0.0,0.0,1.0,0.22115098,0
0.0,0.0,0.0,1.0,0.17430377,0
0.0,0.0,0.0,1.0,0.15340509,0
0.0,0.0,0.0,0.83873475,0.06185884,0
0.0,0.0,0.0,1.0,0.13512823,0
1.0,1.0,0.0,1.0,0.043116983,0
0.0,0.0,0.0,1.0,0.08215059,0
0.0,0.0,0.0,0.7091435,0.06953007,0
0.0,0.0,0.0,1.0,0.1558732,0
0.0,0.0,0.0,1.0,0.18179382,0
0.0,0.0,0.0,0.8794058,0.092756756,0
0.0,0.0,0.0,1.0,0.23132564,0
0.0,0.0,0.0,1.0,0.10391843,0
0.0,0.0,0.0,1.0,0.06030022,0
1.0,1.0,0.0,0.348893,0.05746601,1
0.0,0.0,0.0,1.0,0.12820561,0
1.0,1.0,0.0,0.7091435,0.06953007,0
0.0,0.0,0.0,1.0,0.20119618,0
0.0,0.0,0.0,1.0,0.113193505,0
0.0,0.0,0.0,0.8719597,0.07809352,0
0.0,0.0,0.0,1.0,0.28115156,0
0.0,0.0,0.0,1.0,0.16838267,0
0.0,0.0,0.0,1.0,0.101218395,0
1.0,1.0,0.0,0.71947134,0.08651998,0
0.0,0.0,0.0,1.0,0.074807614,0
1.0,1.0,0.0,1.0,0.1558732,0
0.0,0.0,0.0,1.0,0.20119618,0
0.0,0.0,0.0,1.0,0.2838443,0
0.0,0.0,0.0,1.0,0.24854434,0
0.0,0.0,0.0,1.0,0.080508195,0
0.0,0.0,0.0,0.69378865,0.08405388,0
0.0,0.0,0.0,1.0,0.20372179,0
1.0,1.0,0.0,1.0,0.11467671,0
0.0,0.0,0.0,1.0,0.22115098,0
1.0,1.0,0.0,1.0,0.18179382,0
0.0,0.0,0.0,1.0,0.113193505,0
0.0,0.0,0.0,1.0,0.2838443,0
0.0,0.0,0.0,1.0,0.1618197,0
0.0,0.0,0.0,1.0,0.36326477,0
0.0,0.0,0.0,1.0,0.27298972,0
0.0,0.0,0.0,1.0,0.2098577,0
1.0,1.0,0.0,1.0,0.17884913,0
0.0,0.0,0.0,1.0,0.17430377,0
1.0,1.0,0.0,0.8794058,0.092756756,0
0.0,0.0,0.0,0.8719597,0.07809352,0
0.0,0.0,0.0,1.0,0.24854434,0
0.0,0.0,0.0,1.0,0.1618197,0
0.0,0.0,0.0,1.0,0.32379153,0
0.0,0.0,0.0,1.0,0.19126639,0
0.0,0.0,0.0,1.0,0.06779732,0
1.0,1.0,0.0,1.0,0.14194843,0
0.0,0.0,0.0,1.0,0.15340509,0
1.0,1.0,0.0,1.0,0.23132564,0
0.0,0.0,0.0,1.0,0.28115156,0
0.0,0.0,0.0,1.0,0.080508195,0
0.0,0.0,0.0,1.0,0.36326477,0
0.0,0.0,0.0,1.0,0.32379153,0
0.0,0.0,0.0,1.0,0.14004195,0
0.0,0.0,0.0,1.0,0.27243176,0
1.0,1.0,0.0,1.0,0.19474271,0
0.0,0.0,0.0,0.83873475,0.06185884,0
1.0,1.0,0.0,1.0,0.10391843,0
0.0,0.0,0.0,1.0,0.16838267,0
0.0,0.0,0.0,0.69378865,0.08405388,0
0.0,0.0,0.0,1.0,0.27298972,0
0.0,0.0,0.0,1.0,0.19126639,0
0.0,0.0,0.0,1.0,0.14004195,0
0.0,0.0,0.0,1.0,0.13384561,0
1.0,1.0,0.0,1.0,0.09647579,0
0.0,0.0,0.0,1.0,0.13512823,0
1.0,1.0,0.0,1.0,0.06030022,0
0.0,0.0,0.0,1.0,0.101218395,0
0.0,0.0,0.0,1.0,0.20372179,0
0.0,0.0,0.0,1.0,0.2098577,0
0.0,0.0,0.0,1.0,0.06779732,0
0.0,0.0,0.0,1.0,0.27243176,0
0.0,0.0,0.0,1.0,0.13384561,0
1.0,1.0,0.0,1.0,0.117511205,0
0.0,0.0,0.0,1.0,0.043116983,0
1.0,1.0,0.0,0.348893,0.05746601,1
0.0,0.0,0.0,0.71947134,0.08651998,0
0.0,0.0,0.0,1.0,0.11467671,0
0.0,0.0,0.0,1.0,0.17884913,0
0.0,0.0,0.0,1.0,0.14194843,0
0.0,0.0,0.0,1.0,0.19474271,0
0.0,0.0,0.0,1.0,0.09647579,0
0.0,0.0,0.0,1.0,0.117511205,0
1.0,1.0,0.0,1.0,0.08215059,0
0.0,0.0,0.0,1.0,0.12820561,0
0.0,0.0,0.0,1.0,0.074807614,0
0.0,0.0,0.0,1.0,0.22115098,0
0.0,0.0,0.0,1.0,0.17430377,0
0.0,0.0,0.0,1.0,0.15340509,0
0.0,0.0,0.0,0.8387756,0.06185884,0
0.0,0.0,0.0,1.0,0.13512823,0
1.0,1.0,0.0,1.0,0.043116983,0
0.0,0.0,0.0,1.0,0.08215059,0
0.0,0.0,0.0,0.7084649,0.06953007,0
0.0,0.0,0.0,1.0,0.1558732,0
0.0,0.0,0.0,1.0,0.18179382,0
0.0,0.0,0.0,0.878479,0.092756756,0
0.0,0.0,0.0,1.0,0.23132564,0
0.0,0.0,0.0,1.0,0.10391843,0
0.0,0.0,0.0,1.0,0.06030022,0
1.0,1.0,0.0,0.3483203,0.05746601,1
0.0,0.0,0.0,1.0,0.12820561,0
1.0,1.0,0.0,0.7084649,0.06953007,0
0.0,0.0,0.0,1.0,0.20119618,0
0.0,0.0,0.0,1.0,0.113193505,0
0.0,0.0,0.0,0.87117904,0.07809352,0
0.0,0.0,0.0,1.0,0.28115156,0
0.0,0.0,0.0,1.0,0.16838267,0
0.0,0.0,0.0,1.0,0.101218395,0
1.0,1.0,0.0,0.7186922,0.08651998,0
0.0,0.0,0.0,1.0,0.074807614,0
1.0,1.0,0.0,1.0,0.1558732,0
0.0,0.0,0.0,1.0,0.20119618,0
0.0,0.0,0.0,1.0,0.2838443,0
0.0,0.0,0.0,1.0,0.24854434,0
0.0,0.0,0.0,1.0,0.080508195,0
0.0,0.0,0.0,0.6930041,0.08405388,0
0.0,0.0,0.0,1.0,0.20372179,0
1.0,1.0,0.0,1.0,0.11467671,0
0.0,0.0,0.0,1.0,0.22115098,0
1.0,1.0,0.0,1.0,0.18179382,0
0.0,0.0,0.0,1.0,0.113193505,0
0.0,0.0,0.0,1.0,0.2838443,0
0.0,0.0,0.0,1.0,0.1618197,0
0.0,0.0,0.0,1.0,0.36326477,0
0.0,0.0,0.0,1.0,0.27298972,0
0.0,0.0,0.0,1.0,0.2098577,0
1.0,1.0,0.0,1.0,0.17884913,0
0.0,0.0,0.0,1.0,0.17430377,0
1.0,1.0,0.0,0.878479,0.092756756,0
0.0,0.0,0.0,0.87117904,0.07809352,0
0.0,0.0,0.0,1.0,0.24854434,0
0.0,0.0,0.0,1.0,0.1618197,0
0.0,0.0,0.0,1.0,0.32379153,0
0.0,0.0,0.0,1.0,0.19126639,0
0.0,0.0,0.0,1.0,0.06779732,0
1.0,1.0,0.0,1.0,0.14194843,0
0.0,0.0,0.0,1.0,0.15340509,0
1.0,1.0,0.0,1.0,0.23132564,0
0.0,0.0,0.0,1.0,0.28115156,0
0.0,0.0,0.0,1.0,0.080508195,0
0.0,0.0,0.0,1.0,0.36326477,0
0.0,0.0,0.0,1.0,0.32379153,0
0.0,0.0,0.0,1.0,0.14004195,0
0.0,0.0,0.0,1.0,0.27243176,0
1.0,1.0,0.0,1.0,0.19474271,0
0.0,0.0,0.0,0.8387756,0.06185884,0
1.0,1.0,0.0,1.0,0.10391843,0
0.0,0.0,0.0,1.0,0.16838267,0
0.0,0.0,0.0,0.6930041,0.08405388,0
0.0,0.0,0.0,1.0,0.27298972,0
0.0,0.0,0.0,1.0,0.19126639,0
0.0,0.0,0.0,1.0,0.14004195,0
0.0,0.0,0.0,1.0,0.13384561,0
1.0,1.0,0.0,1.0,0.09647579,0
0.0,0.0,0.0,1.0,0.13512823,0
1.0,1.0,0.0,1.0,0.06030022,0
0.0,0.0,0.0,1.0,0.101218395,0
0.0,0.0,0.0,1.0,0.20372179,0
0.0,0.0,0.0,1.0,0.2098577,0
0.0,0.0,0.0,1.0,0.06779732,0
0.0,0.0,0.0,1.0,0.27243176,0
0.0,0.0,0.0,1.0,0.13384561,0
1.0,1.0,0.0,1.0,0.117511205,0
0.0,0.0,0.0,1.0,0.043116983,0
1.0,1.0,0.0,0.3483203,0.05746601,1
0.0,0.0,0.0,0.7186922,0.08651998,0
0.0,0.0,0.0,1.0,0.11467671,0
0.0,0.0,0.0,1.0,0.17884913,0
0.0,0.0,0.0,1.0,0.14194843,0
0.0,0.0,0.0,1.0,0.19474271,0
0.0,0.0,0.0,1.0,0.09647579,0
0.0,0.0,0.0,1.0,0.117511205,0
1.0,1.0,0.0,1.0,0.08215059,0
0.0,0.0,0.0,1.0,0.12820561,0
0.0,0.0,0.0,1.0,0.074807614,0
0.0,0.0,0.0,1.0,0.22115098,0
0.0,0.0,0.0,1.0,0.17430377,0
0.0,0.0,0.0,1.0,0.15340509,0
0.0,0.0,0.0,0.8388169,0.06185884,0
0.0,0.0,0.0,1.0,0.13512823,0
1.0,1.0,0.0,1.0,0.043116983,0
0.0,0.0,0.0,1.0,0.08215059,0
0.0,0.0,0.0,0.7077863,0.06953007,0
0.0,0.0,0.0,1.0,0.1558732,0
0.0,0.0,0.0,1.0,0.18179382,0
0.0,0.0,0.0,0.8775522,0.092756756,0
0.0,0.0,0.0,1.0,0.23132564,0
0.0,0.0,0.0,1.0,0.10391843,0
0.0,0.0,0.0,1.0,0.06030022,0
1.0,1.0,0.0,0.34774765,0.05746601,1
0.0,0.0,0.0,1.0,0.12820561,0
1.0,1.0,0.0,0.7077863,0.06953007,0
0.0,0.0,0.0,1.0,0.20119618,0
0.0,0.0,0.0,1.0,0.113193505,0
0.0,0.0,0.0,0.8703984,0.07809352,0
0.0,0.0,0.0,1.0,0.28115156,0
0.0,0.0,0.0,1.0,0.16838267,0
0.0,0.0,0.0,1.0,0.101218395,0
1.0,1.0,0.0,0.7179132,0.08651998,0
0.0,0.0,0.0,1.0,0.074807614,0
1.0,1.0,0.0,1.0,0.1558732,0
0.0,0.0,0.0,1.0,0.20119618,0
0.0,0.0,0.0,1.0,0.2838443,0
0.0,0.0,0.0,1.0,0.24854434,0
0.0,0.0,0.0,1.0,0.080508195,0
0.0,0.0,0.0,0.6922196,0.08405388,0
0.0,0.0,0.0,1.0,0.20372179,0
1.0,1.0,0.0,1.0,0.11467671,0
0.0,0.0,0.0,1.0,0.22115098,0
1.0,1.0,0.0,1.0,0.18179382,0
0.0,0.0,0.0,1.0,0.113193505,0
0.0,0.0,0.0,1.0,0.2838443,0
0.0,0.0,0.0,1.0,0.1618197,0
0.0,0.0,0.0,1.0,0.36326477,0
0.0,0.0,0.0,1.0,0.27298972,0
0.0,0.0,0.0,1.0,0.2098577,0
1.0,1.0,0.0,1.0,0.17884913,0
0.0,0.0,0.0,1.0,0.17430377,0
1.0,1.0,0.0,0.8775522,0.092756756,0
0.0,0.0,0.0,0.8703984,0.07809352,0
0.0,0.0,0.0,1.0,0.24854434,0
0.0,0.0,0.0,1.0,0.1618197,0
0.0,0.0,0.0,1.0,0.32379153,0
0.0,0.0,0.0,1.0,0.19126639,0
0.0,0.0,0.0,1.0,0.06779732,0
1.0,1.0,0.0,1.0,0.14194843,0
0.0,0.0,0.0,1.0,0.15340509,0
1.0,1.0,0.0,1.0,0.23132564,0
0.0,0.0,0.0,1.0,0.28115156,0
0.0,0.0,0.0,1.0,0.080508195,0
0.0,0.0,0.0,1.0,0.36326477,0
0.0,0.0,0.0,1.0,0.32379153,0
0.0,0.0,0.0,1.0,0.14004195,0
0.0,0.0,0.0,1.0,0.27243176,0
1.0,1.0,0.0,1.0,0.19474271,0
0.0,0.0,0.0,0.8388169,0.06185884,0
1.0,1.0,0.0,1.0,0.10391843,0
0.0,0.0,0.0,1.0,0.16838267,0
0.0,0.0,0.0,0.6922196,0.08405388,0
0.0,0.0,0.0,1.0,0.27298972,0
0.0,0.0,0.0,1.0,0.19126639,0
0.0,0.0,0.0,1.0,0.14004195,0
0.0,0.0,0.0,1.0,0.13384561,0
1.0,1.0,0.0,1.0,0.09647579,0
0.0,0.0,0.0,1.0,0.13512823,0
1.0,1.0,0.0,1.0,0.06030022,0
0.0,0.0,0.0,1.0,0.101218395,0
0.0,0.0,0.0,1.0,0.20372179,0
0.0,0.0,0.0,1.0,0.2098577,0
0.0,0.0,0.0,1.0,0.06779732,0
0.0,0.0,0.0,1.0,0.27243176,0
0.0,0.0,0.0,1.0,0.13384561,0
1.0,1.0,0.0,1.0,0.117511205,0
0.0,0.0,0.0,1.0,0.043116983,0
1.0,1.0,0.0,0.34774765,0.05746601,1
0.0,0.0,0.0,0.7179132,0.08651998,0
0.0,0.0,0.0,1.0,0.11467671,0
0.0,0.0,0.0,1.0,0.17884913,0
0.0,0.0,0.0,1.0,0.14194843,0
0.0,0.0,0.0,1.0,0.19474271,0
0.0,0.0,0.0,1.0,0.09647579,0
0.0,0.0,0.0,1.0,0.117511205,0
1.0,1.0,0.0,1.0,0.08215059,0
0.0,0.0,0.0,1.0,0.12820561,0
0.0,0.0,0.0,1.0,0.074807614,0
0.0,0.0,0.0,1.0,0.22115098,0
0.0,0.0,0.0,1.0,0.17430377,0
0.0,0.0,0.0,1.0,0.15340509,0
0.0,0.0,0.0,0.83885866,0.06185884,0
0.0,0.0,0.0,1.0,0.13512823,0
1.0,1.0,0.0,1.0,0.043116983,0
0.0,0.0,0.0,1.0,0.08215059,0
0.0,0.0,0.0,0.7071077,0.06953007,0
0.0,0.0,0.0,1.0,0.1558732,0
0.0,0.0,0.0,1.0,0.18179382,0
0.0,0.0,0.0,0.87662536,0.092756756,0
0.0,0.0,0.0,1.0,0.23132564,0
0.0,0.0,0.0,1.0,0.10391843,0
0.0,0.0,0.0,1.0,0.06030022,0
1.0,1.0,0.0,0.34717497,0.05746601,1
0.0,0.0,0.0,1.0,0.12820561,0
1.0,1.0,0.0,0.7071077,0.06953007,0
0.0,0.0,0.0,1.0,0.20119618,0
0.0,0.0,0.0,1.0,0.113193505,0
0.0,0.0,0.0,0.8696178,0.07809352,0
0.0,0.0,0.0,1.0,0.28115156,0
0.0,0.0,0.0,1.0,0.16838267,0
0.0,0.0,0.0,1.0,0.101218395,0
1.0,1.0,0.0,0.7171345,0.08651998,0
0.0,0.0,0.0,1.0,0.074807614,0
1.0,1.0,0.0,1.0,0.1558732,0
0.0,0.0,0.0,1.0,0.20119618,0
0.0,0.0,0.0,1.0,0.2838443,0
0.0,0.0,0.0,1.0,0.24854434,0
0.0,0.0,0.0,1.0,0.080508195,0
0.0,0.0,0.0,0.6914353,0.08405388,0
0.0,0.0,0.0,1.0,0.20372179,0
1.0,1.0,0.0,1.0,0.11467671,0
0.0,0.0,0.0,1.0,0.22115098,0
1.0,1.0,0.0,1.0,0.18179382,0
0.0,0.0,0.0,1.0,0.113193505,0
0.0,0.0,0.0,1.0,0.2838443,0
0.0,0.0,0.0,1.0,0.1618197,0
0.0,0.0,0.0,1.0,0.36326477,0
0.0,0.0,0.0,1.0,0.27298972,0
0.0,0.0,0.0,1.0,0.2098577,0
1.0,1.0,0.0,1.0,0.17884913,0
0.0,0.0,0.0,1.0,0.17430377,0
1.0,1.0,0.0,0.87662536,0.092756756,0
0.0,0.0,0.0,0.8696178,0.07809352,0
0.0,0.0,0.0,1.0,0.24854434,0
0.0,0.0,0.0,1.0,0.1618197,0
0.0,0.0,0.0,1.0,0.32379153,0
0.0,0.0,0.0,1.0,0.19126639,0
0.0,0.0,0.0,1.0,0.06779732,0
1.0,1.0,0.0,1.0,0.14194843,0
0.0,0.0,0.0,1.0,0.15340509,0
1.0,1.0,0.0,1.0,0.23132564,0
0.0,0.0,0.0,1.0,0.28115156,0
0.0,0.0,0.0,1.0,0.080508195,0
0.0,0.0,0.0,1.0,0.36326477,0
0.0,0.0,0.0,1.0,0.32379153,0
0.0,0.0,0.0,1.0,0.14004195,0
0.0,0.0,0.0,1.0,0.27243176,0
1.0,1.0,0.0,1.0,0.19474271,0
0.0,0.0,0.0,0.83885866,0.06185884,0
1.0,1.0,0.0,1.0,0.10391843,0
0.0,0.0,0.0,1.0,0.16838267,0
0.0,0.0,0.0,0.6914353,0.08405388,0
0.0,0.0,0.0,1.0,0.27298972,0
0.0,0.0,0.0,1.0,0.19126639,0
0.0,0.0,0.0,1.0,0.14004195,0
0.0,0.0,0.0,1.0,0.13384561,0
1.0,1.0,0.0,1.0,0.09647579,0
0.0,0.0,0.0,1.0,0.13512823,0
1.0,1.0,0.0,1.0,0.06030022,0
0.0,0.0,0.0,1.0,0.101218395,0
0.0,0.0,0.0,1.0,0.20372179,0
0.0,0.0,0.0,1.0,0.2098577,0
0.0,0.0,0.0,1.0,0.06779732,0
0.0,0.0,0.0,1.0,0.27243176,0
0.0,0.0,0.0,1.0,0.13384561,0
1.0,1.0,0.0,1.0,0.117511205,0
0.0,0.0,0.0,1.0,0.043116983,0
1.0,1.0,0.0,0.34717497,0.05746601,1
0.0,0.0,0.0,0.7171345,0.08651998,0
0.0,0.0,0.0,1.0,0.11467671,0
0.0,0.0,0.0,1.0,0.17884913,0
0.0,0.0,0.0,1.0,0.14194843,0
0.0,0.0,0.0,1.0,0.19474271,0
0.0,0.0,0.0,1.0,0.09647579,0
0.0,0.0,0.0,1.0,0.117511205,0
1.0,1.0,0.0,1.0,0.08215059,0
0.0,0.0,0.0,1.0,0.12820561,0
0.0,0.0,0.0,1.0,0.074807614,0
0.0,0.0,0.0,1.0,0.22115098,0
0.0,0.0,0.0,1.0,0.17430377,0
0.0,0.0,0.0,1.0,0.15340509,0
0.0,0.0,0.0,0.83890086,0.06185884,0
0.0,0.0,0.0,1.0,0.13512823,0
1.0,1.0,0.0,1.0,0.043116983,0
0.0,0.0,0.0,1.0,0.08215059,0
0.0,0.0,0.0,0.7064292,0.06953007,0
0.0,0.0,0.0,1.0,0.1558732,0
0.0,0.0,0.0,1.0,0.18179382,0
0.0,0.0,0.0,0.87569857,0.092756756,0
0.0,0.0,0.0,1.0,0.23132564,0
0.0,0.0,0.0,1.0,0.10391843,0
0.0,0.0,0.0,1.0,0.06030022,0
1.0,1.0,0.0,0.34660232,0.05746601,1
0.0,0.0,0.0,1.0,0.12820561,0
1.0,1.0,0.0,0.7064292,0.06953007,0
0.0,0.0,0.0,1.0,0.20119618,0
0.0,0.0,0.0,1.0,0.113193505,0
0.0,0.0,0.0,0.8688372,0.07809352,0
0.0,0.0,0.0,1.0,0.28115156,0
0.0,0.0,0.0,1.0,0.16838267,0
0.0,0.0,0.0,1.0,0.101218395,0
1.0,1.0,0.0,0.716356,0.08651998,0
0.0,0.0,0.0,1.0,0.074807614,0
1.0,1.0,0.0,1.0,0.1558732,0
0.0,0.0,0.0,1.0,0.20119618,0
0.0,0.0,0.0,1.0,0.2838443,0
0.0,0.0,0.0,1.0,0.24854434,0
0.0,0.0,0.0,1.0,0.080508195,0
0.0,0.0,0.0,0.6906511,0.08405388,0
0.0,0.0,0.0,1.0,0.20372179,0
1.0,1.0,0.0,1.0,0.11467671,0
0.0,0.0,0.0,1.0,0.22115098,0
1.0,1.0,0.0,1.0,0.18179382,0
0.0,0.0,0.0,1.0,0.113193505,0
0.0,0.0,0.0,1.0,0.2838443,0
0.0,0.0,0.0,1.0,0.1618197,0
0.0,0.0,0.0,1.0,0.36326477,0
0.0,0.0,0.0,1.0,0.27298972,0
0.0,0.0,0.0,1.0,0.2098577,0
1.0,1.0,0.0,1.0,0.17884913,0
0.0,0.0,0.0,1.0,0.17430377,0
1.0,1.0,0.0,0.87569857,0.092756756,0
0.0,0.0,0.0,0.8688372,0.07809352,0
0.0,0.0,0.0,1.0,0.24854434,0
0.0,0.0,0.0,1.0,0.1618197,0
0.0,0.0,0.0,1.0,0.32379153,0
0.0,0.0,0.0,1.0,0.19126639,0
0.0,0.0,0.0,1.0,0.06779732,0
1.0,1.0,0.0,1.0,0.14194843,0
0.0,0.0,0.0,1.0,0.15340509,0
1.0,1.0,0.0,1.0,0.23132564,0
0.0,0.0,0.0,1.0,0.28115156,0
0.0,0.0,0.0,1.0,0.080508195,0
0.0,0.0,0.0,1.0,0.36326477,0
0.0,0.0,0.0,1.0,0.32379153,0
0.0,0.0,0.0,1.0,0.14004195,0
0.0,0.0,0.0,1.0,0.27243176,0
1.0,1.0,0.0,1.0,0.19474271,0
0.0,0.0,0.0,0.83890086,0.06185884,0
1.0,1.0,0.0,1.0,0.10391843,0
0.0,0.0,0.0,1.0,0.16838267,0
0.0,0.0,0.0,0.6906511,0.08405388,0
0.0,0.0,0.0,1.0,0.27298972,0
0.0,0.0,0.0,1.0,0.19126639,0
0.0,0.0,0.0,1.0,0.14004195,0
0.0,0.0,0.0,1.0,0.13384561,0
1.0,1.0,0.0,1.0,0.09647579,0
0.0,0.0,0.0,1.0,0.13512823,0
1.0,1.0,0.0,1.0,0.06030022,0
0.0,0.0,0.0,1.0,0.101218395,0
0.0,0.0,0.0,1.0,0.20372179,0
0.0,0.0,0.0,1.0,0.2098577,0
0.0,0.0,0.0,1.0,0.06779732,0
0.0,0.0,0.0,1.0,0.27243176,0
0.0,0.0,0.0,1.0,0.13384561,0
1.0,1.0,0.0,1.0,0.117511205,0
0.0,0.0,0.0,1.0,0.043116983,0
1.0,1.0,0.0,0.34660232,0.05746601,1
0.0,0.0,0.0,0.716356,0.08651998,0
0.0,0.0,0.0,1.0,0.11467671,0
0.0,0.0,0.0,1.0,0.17884913,0
0.0,0.0,0.0,1.0,0.14194843,0
0.0,0.0,0.0,1.0,0.19474271,0
0.0,0.0,0.0,1.0,0.09647579,0
0.0,0.0,0.0,1.0,0.117511205,0
1.0,1.0,0.0,1.0,0.08215059,0
0.0,0.0,0.0,1.0,0.12820561,0
0.0,0.0,0.0,1.0,0.074807614,0
0.0,0.0,0.0,1.0,0.22115098,0
0.0,0.0,0.0,1.0,0.17430377,0
0.0,0.0,0.0,1.0,0.15340509,0
0.0,0.0,0.0,0.8389435,0.06185884,0
0.0,0.0,0.0,1.0,0.13512823,0
1.0,1.0,0.0,1.0,0.043116983,0
0.0,0.0,0.0,1.0,0.08215059,0
0.0,0.0,0.0,0.7057507,0.06953007,0
0.0,0.0,0.0,1.0,0.1558732,0
0.0,0.0,0.0,1.0,0.18179382,0
0.0,0.0,0.0,0.8747718,0.092756756,0
0.0,0.0,0.0,1.0,0.23132564,0
0.0,0.0,0.0,1.0,0.10391843,0
0.0,0.0,0.0,1.0,0.06030022,0
1.0,1.0,0.0,0.34602967,0.05746601,1
0.0,0.0,0.0,1.0,0.12820561,0
1.0,1.0,0.0,0.7057507,0.06953007,0
0.0,0.0,0.0,1.0,0.20119618,0
0.0,0.0,0.0,1.0,0.113193505,0
0.0,0.0,0.0,0.86805654,0.07809352,0
0.0,0.0,0.0,1.0,0.28115156,0
0.0,0.0,0.0,1.0,0.16838267,0
0.0,0.0,0.0,1.0,0.101218395,0
1.0,1.0,0.0,0.7155776,0.08651998,0
0.0,0.0,0.0,1.0,0.074807614,0
1.0,1.0,0.0,1.0,0.1558732,0
0.0,0.0,0.0,1.0,0.20119618,0
0.0,0.0,0.0,1.0,0.2838443,0
0.0,0.0,0.0,1.0,0.24854434,0
0.0,0.0,0.0,1.0,0.080508195,0
0.0,0.0,0.0,0.689867,0.08405388,0
0.0,0.0,0.0,1.0,0.20372179,0
1.0,1.0,0.0,1.0,0.11467671,0
0.0,0.0,0.0,1.0,0.22115098,0
1.0,1.0,0.0,1.0,0.18179382,0
0.0,0.0,0.0,1.0,0.113193505,0
0.0,0.0,0.0,1.0,0.2838443,0
0.0,0.0,0.0,1.0,0.1618197,0
0.0,0.0,0.0,1.0,0.36326477,0
0.0,0.0,0.0,1.0,0.27298972,0
0.0,0.0,0.0,1.0,0.2098577,0
1.0,1.0,0.0,1.0,0.17884913,0
0.0,0.0,0.0,1.0,0.17430377,0
1.0,1.0,0.0,0.8747718,0.092756756,0
0.0,0.0,0.0,0.86805654,0.07809352,0
0.0,0.0,0.0,1.0,0.24854434,0
0.0,0.0,0.0,1.0,0.1618197,0
0.0,0.0,0.0,1.0,0.32379153,0
0.0,0.0,0.0,1.0,0.19126639,0
0.0,0.0,0.0,1.0,0.06779732,0
1.0,1.0,0.0,1.0,0.14194843,0
0.0,0.0,0.0,1.0,0.15340509,0
1.0,1.0,0.0,1.0,0.23132564,0
0.0,0.0,0.0,1.0,0.28115156,0
0.0,0.0,0.0,1.0,0.080508195,0
0.0,0.0,0.0,1.0,0.36326477,0
0.0,0.0,0.0,1.0,0.32379153,0
0.0,0.0,0.0,1.0,0.14004195,0
0.0,0.0,0.0,1.0,0.27243176,0
1.0,1.0,0.0,1.0,0.19474271,0
0.0,0.0,0.0,0.8389435,0.06185884,0
1.0,1.0,0.0,1.0,0.10391843,0
0.0,0.0,0.0,1.0,0.16838267,0
0.0,0.0,0.0,0.689867,0.08405388,0
0.0,0.0,0.0,1.0,0.27298972,0
0.0,0.0,0.0,1.0,0.19126639,0
0.0,0.0,0.0,1.0,0.14004195,0
0.0,0.0,0.0,1.0,0.13384561,0
1.0,1.0,0.0,1.0,0.09647579,0
0.0,0.0,0.0,1.0,0.13512823,0
1.0,1.0,0.0,1.0,0.06030022,0
0.0,0.0,0.0,1.0,0.101218395,0
0.0,0.0,0.0,1.0,0.20372179,0
0.0,0.0,0.0,1.0,0.2098577,0
0.0,0.0,0.0,1.0,0.06779732,0
0.0,0.0,0.0,1.0,0.27243176,0
0.0,0.0,0.0,1.0,0.13384561,0
1.0,1.0,0.0,1.0,0.117511205,0
0.0,0.0,0.0,1.0,0.043116983,0
1.0,1.0,0.0,0.34602967,0.05746601,1
0.0,0.0,0.0,0.7155776,0.08651998,0
0.0,0.0,0.0,1.0,0.11467671,0
0.0,0.0,0.0,1.0,0.17884913,0
0.0,0.0,0.0,1.0,0.14194843,0
0.0,0.0,0.0,1.0,0.19474271,0
0.0,0.0,0.0,1.0,0.09647579,0
0.0,0.0,0.0,1.0,0.117511205,0
1.0,1.0,0.0,1.0,0.08215059,0
0.0,0.0,0.0,1.0,0.12820561,0
0.0,0.0,0.0,1.0,0.074807614,0
0.0,0.0,0.0,1.0,0.22115098,0
0.0,0.0,0.0,1.0,0.17430377,0
0.0,0.0,0.0,1.0,0.15340509,0
0.0,0.0,0.0,0.83898664,0.06185884,0
0.0,0.0,0.0,1.0,0.13512823,0
1.0,1.0,0.0,1.0,0.043116983,0
0.0,0.0,0.0,1.0,0.08215059,0
0.0,0.0,0.0,0.7050722,0.06953007,0
0.0,0.0,0.0,1.0,0.1558732,0
0.0,0.0,0.0,1.0,0.18179382,0
0.0,0.0,0.0,0.873845,0.092756756,0
0.0,0.0,0.0,1.0,0.23132564,0
0.0,0.0,0.0,1.0,0.10391843,0
0.0,0.0,0.0,1.0,0.06030022,0
1.0,1.0,0.0,0.34545702,0.05746601,1
0.0,0.0,0.0,1.0,0.12820561,0
1.0,1.0,0.0,0.7050722,0.06953007,0
0.0,0.0,0.0,1.0,0.20119618,0
0.0,0.0,0.0,1.0,0.113193505,0
0.0,0.0,0.0,0.86727595,0.07809352,0
0.0,0.0,0.0,1.0,0.28115156,0
0.0,0.0,0.0,1.0,0.16838267,0
0.0,0.0,0.0,1.0,0.101218395,0
1.0,1.0,0.0,0.71479946,0.08651998,0
0.0,0.0,0.0,1.0,0.074807614,0
1.0,1.0,0.0,1.0,0.1558732,0
0.0,0.0,0.0,1.0,0.20119618,0
0.0,0.0,0.0,1.0,0.2838443,0
0.0,0.0,0.0,1.0,0.24854434,0
0.0,0.0,0.0,1.0,0.080508195,0
0.0,0.0,0.0,0.6890831,0.08405388,0
0.0,0.0,0.0,1.0,0.20372179,0
1.0,1.0,0.0,1.0,0.11467671,0
0.0,0.0,0.0,1.0,0.22115098,0
1.0,1.0,0.0,1.0,0.18179382,0
0.0,0.0,0.0,1.0,0.113193505,0
0.0,0.0,0.0,1.0,0.2838443,0
0.0,0.0,0.0,1.0,0.1618197,0
0.0,0.0,0.0,1.0,0.36326477,0
0.0,0.0,0.0,1.0,0.27298972,0
0.0,0.0,0.0,1.0,0.2098577,0
1.0,1.0,0.0,1.0,0.17884913,0
0.0,0.0,0.0,1.0,0.17430377,0
1.0,1.0,0.0,0.873845,0.092756756,0
0.0,0.0,0.0,0.86727595,0.07809352,0
0.0,0.0,0.0,1.0,0.24854434,0
0.0,0.0,0.0,1.0,0.1618197,0
0.0,0.0,0.0,1.0,0.32379153,0
0.0,0.0,0.0,1.0,0.19126639,0
0.0,0.0,0.0,1.0,0.06779732,0
1.0,1.0,0.0,1.0,0.14194843,0
0.0,0.0,0.0,1.0,0.15340509,0
1.0,1.0,0.0,1.0,0.23132564,0
0.0,0.0,0.0,1.0,0.28115156,0
0.0,0.0,0.0,1.0,0.080508195,0
0.0,0.0,0.0,1.0,0.36326477,0
0.0,0.0,0.0,1.0,0.32379153,0
0.0,0.0,0.0,1.0,0.14004195,0
0.0,0.0,0.0,1.0,0.27243176,0
1.0,1.0,0.0,1.0,0.19474271,0
0.0,0.0,0.0,0.83898664,0.06185884,0
1.0,1.0,0.0,1.0,0.10391843,0
0.0,0.0,0.0,1.0,0.16838267,0
0.0,0.0,0.0,0.6890831,0.08405388,0
0.0,0.0,0.0,1.0,0.27298972,0
0.0,0.0,0.0,1.0,0.19126639,0
0.0,0.0,0.0,1.0,0.14004195,0
0.0,0.0,0.0,1.0,0.13384561,0
1.0,1.0,0.0,1.0,0.09647579,0
0.0,0.0,0.0,1.0,0.13512823,0
1.0,1.0,0.0,1.0,0.06030022,0
0.0,0.0,0.0,1.0,0.101218395,0
0.0,0.0,0.0,1.0,0.20372179,0
0.0,0.0,0.0,1.0,0.2098577,0
0.0,0.0,0.0,1.0,0.06779732,0
0.0,0.0,0.0,1.0,0.27243176,0
0.0,0.0,0.0,1.0,0.13384561,0
1.0,1.0,0.0,1.0,0.117511205,0
0.0,0.0,0.0,1.0,0.043116983,0
1.0,1.0,0.0,0.34545702,0.05746601,1
0.0,0.0,0.0,0.71479946,0.08651998,0
0.0,0.0,0.0,1.0,0.11467671,0
0.0,0.0,0.0,1.0,0.17884913,0
0.0,0.0,0.0,1.0,0.14194843,0
0.0,0.0,0.0,1.0,0.19474271,0
0.0,0.0,0.0,1.0,0.09647579,0
0.0,0.0,0.0,1.0,0.117511205,0
1.0,1.0,0.0,1.0,0.08215059,0
0.0,0.0,0.0,1.0,0.12820561,0
0.0,0.0,0.0,1.0,0.074807614,0
0.0,0.0,0.0,1.0,0.22115098,0
0.0,0.0,0.0,1.0,0.17430377,0
0.0,0.0,0.0,1.0,0.15340509,0
0.0,0.0,0.0,0.8390302,0.06185884,0
0.0,0.0,0.0,1.0,0.13512823,0
1.0,1.0,0.0,1.0,0.043116983,0
0.0,0.0,0.0,1.0,0.08215059,0
0.0,0.0,0.0,0.7043938,0.06953007,0
0.0,0.0,0.0,1.0,0.1558732,0
0.0,0.0,0.0,1.0,0.18179382,0
0.0,0.0,0.0,0.8729182,0.092756756,0
0.0,0.0,0.0,1.0,0.23132564,0
0.0,0.0,0.0,1.0,0.10391843,0
0.0,0.0,0.0,1.0,0.06030022,0
1.0,1.0,0.0,0.34488437,0.05746601,1
0.0,0.0,0.0,1.0,0.12820561,0
1.0,1.0,0.0,0.7043938,0.06953007,0
0.0,0.0,0.0,1.0,0.20119618,0
0.0,0.0,0.0,1.0,0.113193505,0
0.0,0.0,0.0,0.8664953,0.07809352,0
0.0,0.0,0.0,1.0,0.28115156,0
0.0,0.0,0.0,1.0,0.16838267,0
0.0,0.0,0.0,1.0,0.101218395,0
1.0,1.0,0.0,0.7140215,0.08651998,0
0.0,0.0,0.0,1.0,0.074807614,0
1.0,1.0,0.0,1.0,0.1558732,0
0.0,0.0,0.0,1.0,0.20119618,0
0.0,0.0,0.0,1.0,0.2838443,0
0.0,0.0,0.0,1.0,0.24854434,0
0.0,0.0,0.0,1.0,0.080508195,0
0.0,0.0,0.0,0.6882993,0.08405388,0
0.0,0.0,0.0,1.0,0.20372179,0
1.0,1.0,0.0,1.0,0.11467671,0
0.0,0.0,0.0,1.0,0.22115098,0
1.0,1.0,0.0,1.0,0.18179382,0
0.0,0.0,0.0,1.0,0.113193505,0
0.0,0.0,0.0,1.0,0.2838443,0
0.0,0.0,0.0,1.0,0.1618197,0
0.0,0.0,0.0,1.0,0.36326477,0
0.0,0.0,0.0,1.0,0.27298972,0
0.0,0.0,0.0,1.0,0.2098577,0
1.0,1.0,0.0,1.0,0.17884913,0
0.0,0.0,0.0,1.0,0.17430377,0
1.0,1.0,0.0,0.8729182,0.092756756,0
0.0,0.0,0.0,0.8664953,0.07809352,0
0.0,0.0,0.0,1.0,0.24854434,0
0.0,0.0,0.0,1.0,0.1618197,0
0.0,0.0,0.0,1.0,0.32379153,0
0.0,0.0,0.0,1.0,0.19126639,0
0.0,0.0,0.0,1.0,0.06779732,0
1.0,1.0,0.0,1.0,0.14194843,0
0.0,0.0,0.0,1.0,0.15340509,0
1.0,1.0,0.0,1.0,0.23132564,0
0.0,0.0,0.0,1.0,0.28115156,0
0.0,0.0,0.0,1.0,0.080508195,0
0.0,0.0,0.0,1.0,0.36326477,0
0.0,0.0,0.0,1.0,0.32379153,0
0.0,0.0,0.0,1.0,0.14004195,0
0.0,0.0,0.0,1.0,0.27243176,0
1.0,1.0,0.0,1.0,0.19474271,0
0.0,0.0,0.0,0.8390302,0.06185884,0
1.0,1.0,0.0,1.0,0.10391843,0
0.0,0.0,0.0,1.0,0.16838267,0
0.0,0.0,0.0,0.6882993,0.08405388,0
0.0,0.0,0.0,1.0,0.27298972,0
0.0,0.0,0.0,1.0,0.19126639,0
0.0,0.0,0.0,1.0,0.14004195,0
0.0,0.0,0.0,1.0,0.13384561,0
1.0,1.0,0.0,1.0,0.09647579,0
0.0,0.0,0.0,1.0,0.13512823,0
1.0,1.0,0.0,1.0,0.06030022,0
0.0,0.0,0.0,1.0,0.101218395,0
0.0,0.0,0.0,1.0,0.20372179,0
0.0,0.0,0.0,1.0,0.2098577,0
0.0,0.0,0.0,1.0,0.06779732,0
0.0,0.0,0.0,1.0,0.27243176,0
0.0,0.0,0.0,1.0,0.13384561,0
1.0,1.0,0.0,1.0,0.117511205,0
0.0,0.0,0.0,1.0,0.043116983,0
1.0,1.0,0.0,0.34488437,0.05746601,1
0.0,0.0,0.0,0.7140215,0.08651998,0
0.0,0.0,0.0,1.0,0.11467671,0
0.0,0.0,0.0,1.0,0.17884913,0
0.0,0.0,0.0,1.0,0.14194843,0
0.0,0.0,0.0,1.0,0.19474271,0
0.0,0.0,0.0,1.0,0.09647579,0
0.0,0.0,0.0,1.0,0.117511205,0
1.0,1.0,0.0,1.0,0.08215059,0
0.0,0.0,0.0,1.0,0.12820561,0
0.0,0.0,0.0,1.0,0.074807614,0
0.0,0.0,0.0,1.0,0.22115098,0
0.0,0.0,0.0,1.0,0.17430377,0
0.0,0.0,0.0,1.0,0.15340509,0
0.0,0.0,0.0,0.8390742,0.06185884,0
0.0,0.0,0.0,1.0,0.13512823,0
1.0,1.0,0.0,1.0,0.043116983,0
0.0,0.0,0.0,1.0,0.08215059,0
0.0,0.0,0.0,0.7037154,0.06953007,0
0.0,0.0,0.0,1.0,0.1558732,0
0.0,0.0,0.0,1.0,0.18179382,0
0.0,0.0,0.0,0.8719914,0.092756756,0
0.0,0.0,0.0,1.0,0.23132564,0
0.0,0.0,0.0,1.0,0.10391843,0
0.0,0.0,0.0,1.0,0.06030022,0
1.0,1.0,0.0,0.34431174,0.05746601,1
0.0,0.0,0.0,1.0,0.12820561,0
1.0,1.0,0.0,0.7037154,0.06953007,0
0.0,0.0,0.0,1.0,0.20119618,0
0.0,0.0,0.0,1.0,0.113193505,0
0.0,0.0,0.0,0.86571467,0.07809352,0
0.0,0.0,0.0,1.0,0.28115156,0
0.0,0.0,0.0,1.0,0.16838267,0
0.0,0.0,0.0,1.0,0.101218395,0
1.0,1.0,0.0,0.7132438,0.08651998,0
0.0,0.0,0.0,1.0,0.074807614,0
1.0,1.0,0.0,1.0,0.1558732,0
0.0,0.0,0.0,1.0,0.20119618,0
0.0,0.0,0.0,1.0,0.2838443,0
0.0,0.0,0.0,1.0,0.24854434,0
0.0,0.0,0.0,1.0,0.080508195,0
0.0,0.0,0.0,0.6875156,0.08405388,0
0.0,0.0,0.0,1.0,0.20372179,0
1.0,1.0,0.0,1.0,0.11467671,0
0.0,0.0,0.0,1.0,0.22115098,0
1.0,1.0,0.0,1.0,0.18179382,0
0.0,0.0,0.0,1.0,0.113193505,0
0.0,0.0,0.0,1.0,0.2838443,0
0.0,0.0,0.0,1.0,0.1618197,0
0.0,0.0,0.0,1.0,0.36326477,0
0.0,0.0,0.0,1.0,0.27298972,0
0.0,0.0,0.0,1.0,0.2098577,0
1.0,1.0,0.0,1.0,0.17884913,0
0.0,0.0,0.0,1.0,0.17430377,0
1.0,1.0,0.0,0.8719914,0.092756756,0
0.0,0.0,0.0,0.86571467,0.07809352,0
0.0,0.0,0.0,1.0,0.24854434,0
0.0,0.0,0.0,1.0,0.1618197,0
0.0,0.0,0.0,1.0,0.32379153,0
0.0,0.0,0.0,1.0,0.19126639,0
0.0,0.0,0.0,1.0,0.06779732,0
1.0,1.0,0.0,1.0,0.14194843,0
0.0,0.0,0.0,1.0,0.15340509,0
1.0,1.0,0.0,1.0,0.23132564,0
0.0,0.0,0.0,1.0,0.28115156,0
0.0,0.0,0.0,1.0,0.080508195,0
0.0,0.0,0.0,1.0,0.36326477,0
0.0,0.0,0.0,1.0,0.32379153,0
0.0,0.0,0.0,1.0,0.14004195,0
0.0,0.0,0.0,1.0,0.27243176,0
1.0,1.0,0.0,1.0,0.19474271,0
0.0,0.0,0.0,0.8390742,0.06185884,0
1.0,1.0,0.0,1.0,0.10391843,0
0.0,0.0,0.0,1.0,0.16838267,0
0.0,0.0,0.0,0.6875156,0.08405388,0
0.0,0.0,0.0,1.0,0.27298972,0
0.0,0.0,0.0,1.0,0.19126639,0
0.0,0.0,0.0,1.0,0.14004195,0
0.0,0.0,0.0,1.0,0.13384561,0
1.0,1.0,0.0,1.0,0.09647579,0
0.0,0.0,0.0,1.0,0.13512823,0
1.0,1.0,0.0,1.0,0.06030022,0
0.0,0.0,0.0,1.0,0.101218395,0
0.0,0.0,0.0,1.0,0.20372179,0
0.0,0.0,0.0,1.0,0.2098577,0
0.0,0.0,0.0,1.0,0.06779732,0
0.0,0.0,0.0,1.0,0.27243176,0
0.0,0.0,0.0,1.0,0.13384561,0
1.0,1.0,0.0,1.0,0.117511205,0
0.0,0.0,0.0,1.0,0.043116983,0
1.0,1.0,0.0,0.34431174,0.05746601,1
0.0,0.0,0.0,0.7132438,0.08651998,0
0.0,0.0,0.0,1.0,0.11467671,0
0.0,0.0,0.0,1.0,0.17884913,0
0.0,0.0,0.0,1.0,0.14194843,0
0.0,0.0,0.0,1.0,0.19474271,0
0.0,0.0,0.0,1.0,0.09647579,0
0.0,0.0,0.0,1.0,0.117511205,0
1.0,1.0,0.0,1.0,0.08215059,0
0.0,0.0,0.0,1.0,0.12820561,0
0.0,0.0,0.0,1.0,0.074807614,0
0.0,0.0,0.0,1.0,0.22115098,0
0.0,0.0,0.0,1.0,0.17430377,0
0.0,0.0,0.0,1.0,0.15340509,0
0.0,0.0,0.0,0.83911866,0.06185884,0
0.0,0.0,0.0,1.0,0.13512823,0
1.0,1.0,0.0,1.0,0.043116983,0
0.0,0.0,0.0,1.0,0.08215059,0
0.0,0.0,0.0,0.703037,0.06953007,0
0.0,0.0,0.0,1.0,0.1558732,0
0.0,0.0,0.0,1.0,0.18179382,0
0.0,0.0,0.0,0.8710646,0.092756756,0
0.0,0.0,0.0,1.0,0.23132564,0
0.0,0.0,0.0,1.0,0.10391843,0
0.0,0.0,0.0,1.0,0.06030022,0
1.0,1.0,0.0,0.34373912,0.05746601,1
0.0,0.0,0.0,1.0,0.12820561,0
1.0,1.0,0.0,0.703037,0.06953007,0
0.0,0.0,0.0,1.0,0.20119618,0
0.0,0.0,0.0,1.0,0.113193505,0
0.0,0.0,0.0,0.8649341,0.07809352,0
0.0,0.0,0.0,1.0,0.28115156,0
0.0,0.0,0.0,1.0,0.16838267,0
0.0,0.0,0.0,1.0,0.101218395,0
1.0,1.0,0.0,0.71246624,0.08651998,0
0.0,0.0,0.0,1.0,0.074807614,0
1.0,1.0,0.0,1.0,0.1558732,0
0.0,0.0,0.0,1.0,0.20119618,0
0.0,0.0,0.0,1.0,0.2838443,0
0.0,0.0,0.0,1.0,0.24854434,0
0.0,0.0,0.0,1.0,0.080508195,0
0.0,0.0,0.0,0.6867321,0.08405388,0
0.0,0.0,0.0,1.0,0.20372179,0
1.0,1.0,0.0,1.0,0.11467671,0
0.0,0.0,0.0,1.0,0.22115098,0
1.0,1.0,0.0,1.0,0.18179382,0
0.0,0.0,0.0,1.0,0.113193505,0
0.0,0.0,0.0,1.0,0.2838443,0
0.0,0.0,0.0,1.0,0.1618197,0
0.0,0.0,0.0,1.0,0.36326477,0
0.0,0.0,0.0,1.0,0.27298972,0
0.0,0.0,0.0,1.0,0.2098577,0
1.0,1.0,0.0,1.0,0.17884913,0
0.0,0.0,0.0,1.0,0.17430377,0
1.0,1.0,0.0,0.8710646,0.092756756,0
0.0,0.0,0.0,0.8649341,0.07809352,0
0.0,0.0,0.0,1.0,0.24854434,0
0.0,0.0,0.0,1.0,0.1618197,0
0.0,0.0,0.0,1.0,0.32379153,0
0.0,0.0,0.0,1.0,0.19126639,0
0.0,0.0,0.0,1.0,0.06779732,0
1.0,1.0,0.0,1.0,0.14194843,0
0.0,0.0,0.0,1.0,0.15340509,0
1.0,1.0,0.0,1.0,0.23132564,0
0.0,0.0,0.0,1.0,0.28115156,0
0.0,0.0,0.0,1.0,0.080508195,0
0.0,0.0,0.0,1.0,0.36326477,0
0.0,0.0,0.0,1.0,0.32379153,0
0.0,0.0,0.0,1.0,0.14004195,0
0.0,0.0,0.0,1.0,0.27243176,0
1.0,1.0,0.0,1.0,0.19474271,0
0.0,0.0,0.0,0.83911866,0.06185884,0
1.0,1.0,0.0,1.0,0.10391843,0
0.0,0.0,0.0,1.0,0.16838267,0
0.0,0.0,0.0,0.6867321,0.08405388,0
0.0,0.0,0.0,1.0,0.27298972,0
0.0,0.0,0.0,1.0,0.19126639,0
0.0,0.0,0.0,1.0,0.14004195,0
0.0,0.0,0.0,1.0,0.13384561,0
1.0,1.0,0.0,1.0,0.09647579,0
0.0,0.0,0.0,1.0,0.13512823,0
1.0,1.0,0.0,1.0,0.06030022,0
0.0,0.0,0.0,1.0,0.101218395,0
0.0,0.0,0.0,1.0,0.20372179,0
0.0,0.0,0.0,1.0,0.2098577,0
0.0,0.0,0.0,1.0,0.06779732,0
0.0,0.0,0.0,1.0,0.27243176,0
0.0,0.0,0.0,1.0,0.13384561,0
1.0,1.0,0.0,1.0,0.117511205,0
0.0,0.0,0.0,1.0,0.043116983,0
1.0,1.0,0.0,0.34373912,0.05746601,1
0.0,0.0,0.0,0.71246624,0.08651998,0
0.0,0.0,0.0,1.0,0.11467671,0
0.0,0.0,0.0,1.0,0.17884913,0
0.0,0.0,0.0,1.0,0.14194843,0
0.0,0.0,0.0,1.0,0.19474271,0
0.0,0.0,0.0,1.0,0.09647579,0
0.0,0.0,0.0,1.0,0.117511205,0
1.0,1.0,0.0,1.0,0.08215059,0
0.0,0.0,0.0,1.0,0.12820561,0
0.0,0.0,0.0,1.0,0.074807614,0
0.0,0.0,0.0,1.0,0.22115098,0
0.0,0.0,0.0,1.0,0.17430377,0
0.0,0.0,0.0,1.0,0.15340509,0
0.0,0.0,0.0,0.8391636,0.06185884,0
0.0,0.0,0.0,1.0,0.13512823,0
1.0,1.0,0.0,1.0,0.043116983,0
0.0,0.0,0.0,1.0,0.08215059,0
0.0,0.0,0.0,0.7023587,0.06953007,0
0.0,0.0,0.0,1.0,0.1558732,0
0.0,0.0,0.0,1.0,0.18179382,0
0.0,0.0,0.0,0.8701378,0.092756756,0
0.0,0.0,0.0,1.0,0.23132564,0
0.0,0.0,0.0,1.0,0.10391843,0
0.0,0.0,0.0,1.0,0.06030022,0
1.0,1.0,0.0,0.3431665,0.05746601,1
0.0,0.0,0.0,1.0,0.12820561,0
1.0,1.0,0.0,0.7023587,0.06953007,0
0.0,0.0,0.0,1.0,0.20119618,0
0.0,0.0,0.0,1.0,0.113193505,0
0.0,0.0,0.0,0.86415344,0.07809352,0
0.0,0.0,0.0,1.0,0.28115156,0
0.0,0.0,0.0,1.0,0.16838267,0
0.0,0.0,0.0,1.0,0.101218395,0
1.0,1.0,0.0,0.7116889,0.08651998,0
0.0,0.0,0.0,1.0,0.074807614,0
1.0,1.0,0.0,1.0,0.1558732,0
0.0,0.0,0.0,1.0,0.20119618,0
0.0,0.0,0.0,1.0,0.2838443,0
0.0,0.0,0.0,1.0,0.24854434,0
0.0,0.0,0.0,1.0,0.080508195,0
0.0,0.0,0.0,0.6859487,0.08405388,0
0.0,0.0,0.0,1.0,0.20372179,0
1.0,1.0,0.0,1.0,0.11467671,0
0.0,0.0,0.0,1.0,0.22115098,0
1.0,1.0,0.0,1.0,0.18179382,0
0.0,0.0,0.0,1.0,0.113193505,0
0.0,0.0,0.0,1.0,0.2838443,0
0.0,0.0,0.0,1.0,0.1618197,0
0.0,0.0,0.0,1.0,0.36326477,0
0.0,0.0,0.0,1.0,0.27298972,0
0.0,0.0,0.0,1.0,0.2098577,0
1.0,1.0,0.0,1.0,0.17884913,0
0.0,0.0,0.0,1.0,0.17430377,0
1.0,1.0,0.0,0.8701378,0.092756756,0
0.0,0.0,0.0,0.86415344,0.07809352,0
0.0,0.0,0.0,1.0,0.24854434,0
0.0,0.0,0.0,1.0,0.1618197,0
0.0,0.0,0.0,1.0,0.32379153,0
0.0,0.0,0.0,1.0,0.19126639,0
0.0,0.0,0.0,1.0,0.06779732,0
1.0,1.0,0.0,1.0,0.14194843,0
0.0,0.0,0.0,1.0,0.15340509,0
1.0,1.0,0.0,1.0,0.23132564,0
0.0,0.0,0.0,1.0,0.28115156,0
0.0,0.0,0.0,1.0,0.080508195,0
0.0,0.0,0.0,1.0,0.36326477,0
0.0,0.0,0.0,1.0,0.32379153,0
0.0,0.0,0.0,1.0,0.14004195,0
0.0,0.0,0.0,1.0,0.27243176,0
1.0,1.0,0.0,1.0,0.19474271,0
0.0,0.0,0.0,0.8391636,0.06185884,0
1.0,1.0,0.0,1.0,0.10391843,0
0.0,0.0,0.0,1.0,0.16838267,0
0.0,0.0,0.0,0.6859487,0.08405388,0
0.0,0.0,0.0,1.0,0.27298972,0
0.0,0.0,0.0,1.0,0.19126639,0
0.0,0.0,0.0,1.0,0.14004195,0
0.0,0.0,0.0,1.0,0.13384561,0
1.0,1.0,0.0,1.0,0.09647579,0
0.0,0.0,0.0,1.0,0.13512823,0
1.0,1.0,0.0,1.0,0.06030022,0
0.0,0.0,0.0,1.0,0.101218395,0
0.0,0.0,0.0,1.0,0.20372179,0
0.0,0.0,0.0,1.0,0.2098577,0
0.0,0.0,0.0,1.0,0.06779732,0
0.0,0.0,0.0,1.0,0.27243176,0
0.0,0.0,0.0,1.0,0.13384561,0
1.0,1.0,0.0,1.0,0.117511205,0
0.0,0.0,0.0,1.0,0.043116983,0
1.0,1.0,0.0,0.3431665,0.05746601,1
0.0,0.0,0.0,0.7116889,0.08651998,0
0.0,0.0,0.0,1.0,0.11467671,0
0.0,0.0,0.0,1.0,0.17884913,0
0.0,0.0,0.0,1.0,0.14194843,0
0.0,0.0,0.0,1.0,0.19474271,0
0.0,0.0,0.0,1.0,0.09647579,0
0.0,0.0,0.0,1.0,0.117511205,0
1.0,1.0,0.0,1.0,0.08215059,0
0.0,0.0,0.0,1.0,0.12820561,0
0.0,0.0,0.0,1.0,0.074807614,0
0.0,0.0,0.0,1.0,0.22115098,0
0.0,0.0,0.0,1.0,0.17430377,0
0.0,0.0,0.0,1.0,0.15340509,0
0.0,0.0,0.0,0.83920896,0.06185884,0
0.0,0.0,0.0,1.0,0.13512823,0
1.0,1.0,0.0,1.0,0.043116983,0
0.0,0.0,0.0,1.0,0.08215059,0
0.0,0.0,0.0,0.7016804,0.06953007,0
0.0,0.0,0.0,1.0,0.1558732,0
0.0,0.0,0.0,1.0,0.18179382,0
0.0,0.0,0.0,0.869211,0.092756756,0
0.0,0.0,0.0,1.0,0.23132564,0
0.0,0.0,0.0,1.0,0.10391843,0
0.0,0.0,0.0,1.0,0.06030022,0
1.0,1.0,0.0,0.34259388,0.05746601,1
0.0,0.0,0.0,1.0,0.12820561,0
1.0,1.0,0.0,0.7016804,0.06953007,0
0.0,0.0,0.0,1.0,0.20119618,0
0.0,0.0,0.0,1.0,0.113193505,0
0.0,0.0,0.0,0.86337286,0.07809352,0
0.0,0.0,0.0,1.0,0.28115156,0
0.0,0.0,0.0,1.0,0.16838267,0
0.0,0.0,0.0,1.0,0.101218395,0
1.0,1.0,0.0,0.71091175,0.08651998,0
0.0,0.0,0.0,1.0,0.074807614,0
1.0,1.0,0.0,1.0,0.1558732,0
0.0,0.0,0.0,1.0,0.20119618,0
0.0,0.0,0.0,1.0,0.2838443,0
0.0,0.0,0.0,1.0,0.24854434,0
0.0,0.0,0.0,1.0,0.080508195,0
0.0,0.0,0.0,0.68516546,0.08405388,0
0.0,0.0,0.0,1.0,0.20372179,0
1.0,1.0,0.0,1.0,0.11467671,0
0.0,0.0,0.0,1.0,0.22115098,0
1.0,1.0,0.0,1.0,0.18179382,0
0.0,0.0,0.0,1.0,0.113193505,0
0.0,0.0,0.0,1.0,0.2838443,0
0.0,0.0,0.0,1.0,0.1618197,0
0.0,0.0,0.0,1.0,0.36326477,0
0.0,0.0,0.0,1.0,0.27298972,0
0.0,0.0,0.0,1.0,0.2098577,0
1.0,1.0,0.0,1.0,0.17884913,0
0.0,0.0,0.0,1.0,0.17430377,0
1.0,1.0,0.0,0.869211,0.092756756,0
0.0,0.0,0.0,0.86337286,0.07809352,0
0.0,0.0,0.0,1.0,0.24854434,0
0.0,0.0,0.0,1.0,0.1618197,0
0.0,0.0,0.0,1.0,0.32379153,0
0.0,0.0,0.0,1.0,0.19126639,0
0.0,0.0,0.0,1.0,0.06779732,0
1.0,1.0,0.0,1.0,0.14194843,0
0.0,0.0,0.0,1.0,0.15340509,0
1.0,1.0,0.0,1.0,0.23132564,0
0.0,0.0,0.0,1.0,0.28115156,0
0.0,0.0,0.0,1.0,0.080508195,0
0.0,0.0,0.0,1.0,0.36326477,0
0.0,0.0,0.0,1.0,0.32379153,0
0.0,0.0,0.0,1.0,0.14004195,0
0.0,0.0,0.0,1.0,0.27243176,0
1.0,1.0,0.0,1.0,0.19474271,0
0.0,0.0,0.0,0.83920896,0.06185884,0
1.0,1.0,0.0,1.0,0.10391843,0
0.0,0.0,0.0,1.0,0.16838267,0
0.0,0.0,0.0,0.68516546,0.08405388,0
0.0,0.0,0.0,1.0,0.27298972,0
0.0,0.0,0.0,1.0,0.19126639,0
0.0,0.0,0.0,1.0,0.14004195,0
0.0,0.0,0.0,1.0,0.13384561,0
1.0,1.0,0.0,1.0,0.09647579,0
0.0,0.0,0.0,1.0,0.13512823,0
1.0,1.0,0.0,1.0,0.06030022,0
0.0,0.0,0.0,1.0,0.101218395,0
0.0,0.0,0.0,1.0,0.20372179,0
0.0,0.0,0.0,1.0,0.2098577,0
0.0,0.0,0.0,1.0,0.06779732,0
0.0,0.0,0.0,1.0,0.27243176,0
0.0,0.0,0.0,1.0,0.13384561,0
1.0,1.0,0.0,1.0,0.117511205,0
0.0,0.0,0.0,1.0,0.043116983,0
1.0,1.0,0.0,0.34259388,0.05746601,1
0.0,0.0,0.0,0.71091175,0.08651998,0
0.0,0.0,0.0,1.0,0.11467671,0
0.0,0.0,0.0,1.0,0.17884913,0
0.0,0.0,0.0,1.0,0.14194843,0
0.0,0.0,0.0,1.0,0.19474271,0
0.0,0.0,0.0,1.0,0.09647579,0
0.0,0.0,0.0,1.0,0.117511205,0
1.0,1.0,0.0,1.0,0.08215059,0
0.0,0.0,0.0,1.0,0.12820561,0
0.0,0.0,0.0,1.0,0.074807614,0
0.0,0.0,0.0,1.0,0.22115098,0
0.0,0.0,0.0,1.0,0.17430377,0
0.0,0.0,0.0,1.0,0.15340509,0
0.0,0.0,0.0,0.8392548,0.06185884,0
0.0,0.0,0.0,1.0,0.13512823,0
1.0,1.0,0.0,1.0,0.043116983,0
0.0,0.0,0.0,1.0,0.08215059,0
0.0,0.0,0.0,0.7010021,0.06953007,0
0.0,0.0,0.0,1.0,0.1558732,0
0.0,0.0,0.0,1.0,0.18179382,0
0.0,0.0,0.0,0.8682842,0.092756756,0
0.0,0.0,0.0,1.0,0.23132564,0
0.0,0.0,0.0,1.0,0.10391843,0
0.0,0.0,0.0,1.0,0.06030022,0
1.0,1.0,0.0,0.3420213,0.05746601,1
0.0,0.0,0.0,1.0,0.12820561,0
1.0,1.0,0.0,0.7010021,0.06953007,0
0.0,0.0,0.0,1.0,0.20119618,0
0.0,0.0,0.0,1.0,0.113193505,0
0.0,0.0,0.0,0.8625922,0.07809352,0
0.0,0.0,0.0,1.0,0.28115156,0
0.0,0.0,0.0,1.0,0.16838267,0
0.0,0.0,0.0,1.0,0.101218395,0
1.0,1.0,0.0,0.7101348,0.08651998,0
0.0,0.0,0.0,1.0,0.074807614,0
1.0,1.0,0.0,1.0,0.1558732,0
0.0,0.0,0.0,1.0,0.20119618,0
0.0,0.0,0.0,1.0,0.2838443,0
0.0,0.0,0.0,1.0,0.24854434,0
0.0,0.0,0.0,1.0,0.080508195,0
0.0,0.0,0.0,0.6843824,0.08405388,0
0.0,0.0,0.0,1.0,0.20372179,0
1.0,1.0,0.0,1.0,0.11467671,0
0.0,0.0,0.0,1.0,0.22115098,0
1.0,1.0,0.0,1.0,0.18179382,0
0.0,0.0,0.0,1.0,0.113193505,0
0.0,0.0,0.0,1.0,0.2838443,0
0.0,0.0,0.0,1.0,0.1618197,0
0.0,0.0,0.0,1.0,0.36326477,0
0.0,0.0,0.0,1.0,0.27298972,0
0.0,0.0,0.0,1.0,0.2098577,0
1.0,1.0,0.0,1.0,0.17884913,0
0.0,0.0,0.0,1.0,0.17430377,0
1.0,1.0,0.0,0.8682842,0.092756756,0
0.0,0.0,0.0,0.8625922,0.07809352,0
0.0,0.0,0.0,1.0,0.24854434,0
0.0,0.0,0.0,1.0,0.1618197,0
0.0,0.0,0.0,1.0,0.32379153,0
0.0,0.0,0.0,1.0,0.19126639,0
0.0,0.0,0.0,1.0,0.06779732,0
1.0,1.0,0.0,1.0,0.14194843,0
0.0,0.0,0.0,1.0,0.15340509,0
1.0,1.0,0.0,1.0,0.23132564,0
0.0,0.0,0.0,1.0,0.28115156,0
0.0,0.0,0.0,1.0,0.080508195,0
0.0,0.0,0.0,1.0,0.36326477,0
0.0,0.0,0.0,1.0,0.32379153,0
0.0,0.0,0.0,1.0,0.14004195,0
0.0,0.0,0.0,1.0,0.27243176,0
1.0,1.0,0.0,1.0,0.19474271,0
0.0,0.0,0.0,0.8392548,0.06185884,0
1.0,1.0,0.0,1.0,0.10391843,0
0.0,0.0,0.0,1.0,0.16838267,0
0.0,0.0,0.0,0.6843824,0.08405388,0
0.0,0.0,0.0,1.0,0.27298972,0
0.0,0.0,0.0,1.0,0.19126639,0
0.0,0.0,0.0,1.0,0.14004195,0
0.0,0.0,0.0,1.0,0.13384561,0
1.0,1.0,0.0,1.0,0.09647579,0
0.0,0.0,0.0,1.0,0.13512823,0
1.0,1.0,0.0,1.0,0.06030022,0
0.0,0.0,0.0,1.0,0.101218395,0
0.0,0.0,0.0,1.0,0.20372179,0
0.0,0.0,0.0,1.0,0.2098577,0
0.0,0.0,0.0,1.0,0.06779732,0
0.0,0.0,0.0,1.0,0.27243176,0
0.0,0.0,0.0,1.0,0.13384561,0
1.0,1.0,0.0,1.0,0.117511205,0
0.0,0.0,0.0,1.0,0.043116983,0
1.0,1.0,0.0,0.3420213,0.05746601,1
0.0,0.0,0.0,0.7101348,0.08651998,0
0.0,0.0,0.0,1.0,0.11467671,0
0.0,0.0,0.0,1.0,0.17884913,0
0.0,0.0,0.0,1.0,0.14194843,0
0.0,0.0,0.0,1.0,0.19474271,0
0.0,0.0,0.0,1.0,0.09647579,0
0.0,0.0,0.0,1.0,0.117511205,0
1.0,1.0,0.0,1.0,0.08215059,0
0.0,0.0,0.0,1.0,0.12820561,0
0.0,0.0,0.0,1.0,0.074807614,0
0.0,0.0,0.0,1.0,0.22115098,0
0.0,0.0,0.0,1.0,0.17430377,0
0.0,0.0,0.0,1.0,0.15340509,0
0.0,0.0,0.0,0.8393011,0.06185884,0
0.0,0.0,0.0,1.0,0.13512823,0
1.0,1.0,0.0,1.0,0.043116983,0
0.0,0.0,0.0,1.0,0.08215059,0
0.0,0.0,0.0,0.7003239,0.06953007,0
0.0,0.0,0.0,1.0,0.1558732,0
0.0,0.0,0.0,1.0,0.18179382,0
0.0,0.0,0.0,0.86735743,0.092756756,0
0.0,0.0,0.0,1.0,0.23132564,0
0.0,0.0,0.0,1.0,0.10391843,0
0.0,0.0,0.0,1.0,0.06030022,0
1.0,1.0,0.0,0.34144866,0.05746601,1
0.0,0.0,0.0,1.0,0.12820561,0
1.0,1.0,0.0,0.7003239,0.06953007,0
0.0,0.0,0.0,1.0,0.20119618,0
0.0,0.0,0.0,1.0,0.113193505,0
0.0,0.0,0.0,0.8618116,0.07809352,0
0.0,0.0,0.0,1.0,0.28115156,0
0.0,0.0,0.0,1.0,0.16838267,0
0.0,0.0,0.0,1.0,0.101218395,0
1.0,1.0,0.0,0.7093581,0.08651998,0
0.0,0.0,0.0,1.0,0.074807614,0
1.0,1.0,0.0,1.0,0.1558732,0
0.0,0.0,0.0,1.0,0.20119618,0
0.0,0.0,0.0,1.0,0.2838443,0
0.0,0.0,0.0,1.0,0.24854434,0
0.0,0.0,0.0,1.0,0.080508195,0
0.0,0.0,0.0,0.68359935,0.08405388,0
0.0,0.0,0.0,1.0,0.20372179,0
1.0,1.0,0.0,1.0,0.11467671,0
0.0,0.0,0.0,1.0,0.22115098,0
1.0,1.0,0.0,1.0,0.18179382,0
0.0,0.0,0.0,1.0,0.113193505,0
0.0,0.0,0.0,1.0,0.2838443,0
0.0,0.0,0.0,1.0,0.1618197,0
0.0,0.0,0.0,1.0,0.36326477,0
0.0,0.0,0.0,1.0,0.27298972,0
0.0,0.0,0.0,1.0,0.2098577,0
1.0,1.0,0.0,1.0,0.17884913,0
0.0,0.0,0.0,1.0,0.17430377,0
1.0,1.0,0.0,0.86735743,0.092756756,0
0.0,0.0,0.0,0.8618116,0.07809352,0
0.0,0.0,0.0,1.0,0.24854434,0
0.0,0.0,0.0,1.0,0.1618197,0
0.0,0.0,0.0,1.0,0.32379153,0
0.0,0.0,0.0,1.0,0.19126639,0
0.0,0.0,0.0,1.0,0.06779732,0
1.0,1.0,0.0,1.0,0.14194843,0
0.0,0.0,0.0,1.0,0.15340509,0
1.0,1.0,0.0,1.0,0.23132564,0
0.0,0.0,0.0,1.0,0.28115156,0
0.0,0.0,0.0,1.0,0.080508195,0
0.0,0.0,0.0,1.0,0.36326477,0
0.0,0.0,0.0,1.0,0.32379153,0
0.0,0.0,0.0,1.0,0.14004195,0
0.0,0.0,0.0,1.0,0.27243176,0
1.0,1.0,0.0,1.0,0.19474271,0
0.0,0.0,0.0,0.8393011,0.06185884,0
1.0,1.0,0.0,1.0,0.10391843,0
0.0,0.0,0.0,1.0,0.16838267,0
0.0,0.0,0.0,0.68359935,0.08405388,0
0.0,0.0,0.0,1.0,0.27298972,0
0.0,0.0,0.0,1.0,0.19126639,0
0.0,0.0,0.0,1.0,0.14004195,0
0.0,0.0,0.0,1.0,0.13384561,0
1.0,1.0,0.0,1.0,0.09647579,0
0.0,0.0,0.0,1.0,0.13512823,0
1.0,1.0,0.0,1.0,0.06030022,0
0.0,0.0,0.0,1.0,0.101218395,0
0.0,0.0,0.0,1.0,0.20372179,0
0.0,0.0,0.0,1.0,0.2098577,0
0.0,0.0,0.0,1.0,0.06779732,0
0.0,0.0,0.0,1.0,0.27243176,0
0.0,0.0,0.0,1.0,0.13384561,0
1.0,1.0,0.0,1.0,0.117511205,0
0.0,0.0,0.0,1.0,0.043116983,0
1.0,1.0,0.0,0.34144866,0.05746601,1
0.0,0.0,0.0,0.7093581,0.08651998,0
0.0,0.0,0.0,1.0,0.11467671,0
0.0,0.0,0.0,1.0,0.17884913,0
0.0,0.0,0.0,1.0,0.14194843,0
0.0,0.0,0.0,1.0,0.19474271,0
0.0,0.0,0.0,1.0,0.09647579,0
0.0,0.0,0.0,1.0,0.117511205,0
1.0,1.0,0.0,1.0,0.08215059,0
0.0,0.0,0.0,1.0,0.12820561,0
0.0,0.0,0.0,1.0,0.074807614,0
0.0,0.0,0.0,1.0,0.22115098,0
0.0,0.0,0.0,1.0,0.17430377,0
0.0,0.0,0.0,1.0,0.15340509,0
0.0,0.0,0.0,0.83934784,0.06185884,0
0.0,0.0,0.0,1.0,0.13512823,0
1.0,1.0,0.0,1.0,0.043116983,0
0.0,0.0,0.0,1.0,0.08215059,0
0.0,0.0,0.0,0.6996457,0.06953007,0
0.0,0.0,0.0,1.0,0.1558732,0
0.0,0.0,0.0,1.0,0.18179382,0
0.0,0.0,0.0,0.86643064,0.092756756,0
0.0,0.0,0.0,1.0,0.23132564,0
0.0,0.0,0.0,1.0,0.10391843,0
0.0,0.0,0.0,1.0,0.06030022,0
1.0,1.0,0.0,0.34087607,0.05746601,1
0.0,0.0,0.0,1.0,0.12820561,0
1.0,1.0,0.0,0.6996457,0.06953007,0
0.0,0.0,0.0,1.0,0.20119618,0
0.0,0.0,0.0,1.0,0.113193505,0
0.0,0.0,0.0,0.861031,0.07809352,0
0.0,0.0,0.0,1.0,0.28115156,0
0.0,0.0,0.0,1.0,0.16838267,0
0.0,0.0,0.0,1.0,0.101218395,0
1.0,1.0,0.0,0.70858157,0.08651998,0
0.0,0.0,0.0,1.0,0.074807614,0
1.0,1.0,0.0,1.0,0.1558732,0
0.0,0.0,0.0,1.0,0.20119618,0
0.0,0.0,0.0,1.0,0.2838443,0
0.0,0.0,0.0,1.0,0.24854434,0
0.0,0.0,0.0,1.0,0.080508195,0
0.0,0.0,0.0,0.6828165,0.08405388,0
0.0,0.0,0.0,1.0,0.20372179,0
1.0,1.0,0.0,1.0,0.11467671,0
0.0,0.0,0.0,1.0,0.22115098,0
1.0,1.0,0.0,1.0,0.18179382,0
0.0,0.0,0.0,1.0,0.113193505,0
0.0,0.0,0.0,1.0,0.2838443,0
0.0,0.0,0.0,1.0,0.1618197,0
0.0,0.0,0.0,1.0,0.36326477,0
0.0,0.0,0.0,1.0,0.27298972,0
0.0,0.0,0.0,1.0,0.2098577,0
1.0,1.0,0.0,1.0,0.17884913,0
0.0,0.0,0.0,1.0,0.17430377,0
1.0,1.0,0.0,0.86643064,0.092756756,0
0.0,0.0,0.0,0.861031,0.07809352,0
0.0,0.0,0.0,1.0,0.24854434,0
0.0,0.0,0.0,1.0,0.1618197,0
0.0,0.0,0.0,1.0,0.32379153,0
0.0,0.0,0.0,1.0,0.19126639,0
0.0,0.0,0.0,1.0,0.06779732,0
1.0,1.0,0.0,1.0,0.14194843,0
0.0,0.0,0.0,1.0,0.15340509,0
1.0,1.0,0.0,1.0,0.23132564,0
0.0,0.0,0.0,1.0,0.28115156,0
0.0,0.0,0.0,1.0,0.080508195,0
0.0,0.0,0.0,1.0,0.36326477,0
0.0,0.0,0.0,1.0,0.32379153,0
0.0,0.0,0.0,1.0,0.14004195,0
0.0,0.0,0.0,1.0,0.27243176,0
1.0,1.0,0.0,1.0,0.19474271,0
0.0,0.0,0.0,0.83934784,0.06185884,0
1.0,1.0,0.0,1.0,0.10391843,0
0.0,0.0,0.0,1.0,0.16838267,0
0.0,0.0,0.0,0.6828165,0.08405388,0
0.0,0.0,0.0,1.0,0.27298972,0
0.0,0.0,0.0,1.0,0.19126639,0
0.0,0.0,0.0,1.0,0.14004195,0
0.0,0.0,0.0,1.0,0.13384561,0
1.0,1.0,0.0,1.0,0.09647579,0
0.0,0.0,0.0,1.0,0.13512823,0
1.0,1.0,0.0,1.0,0.06030022,0
0.0,0.0,0.0,1.0,0.101218395,0
0.0,0.0,0.0,1.0,0.20372179,0
0.0,0.0,0.0,1.0,0.2098577,0
0.0,0.0,0.0,1.0,0.06779732,0
0.0,0.0,0.0,1.0,0.27243176,0
0.0,0.0,0.0,1.0,0.13384561,0
1.0,1.0,0.0,1.0,0.117511205,0
0.0,0.0,0.0,1.0,0.043116983,0
1.0,1.0,0.0,0.34087607,0.05746601,1
0.0,0.0,0.0,0.70858157,0.08651998,0
0.0,0.0,0.0,1.0,0.11467671,0
0.0,0.0,0.0,1.0,0.17884913,0
0.0,0.0,0.0,1.0,0.14194843,0
0.0,0.0,0.0,1.0,0.19474271,0
0.0,0.0,0.0,1.0,0.09647579,0
0.0,0.0,0.0,1.0,0.117511205,0
1.0,1.0,0.0,1.0,0.08215059,0
0.0,0.0,0.0,1.0,0.12820561,0
0.0,0.0,0.0,1.0,0.074807614,0
0.0,0.0,0.0,1.0,0.22115098,0
0.0,0.0,0.0,1.0,0.17430377,0
0.0,0.0,0.0,1.0,0.15340509,0
0.0,0.0,0.0,0.83939505,0.06185884,0
0.0,0.0,0.0,1.0,0.13512823,0
1.0,1.0,0.0,1.0,0.043116983,0
0.0,0.0,0.0,1.0,0.08215059,0
0.0,0.0,0.0,0.6989675,0.06953007,0
0.0,0.0,0.0,1.0,0.1558732,0
0.0,0.0,0.0,1.0,0.18179382,0
0.0,0.0,0.0,0.86550385,0.092756756,0
0.0,0.0,0.0,1.0,0.23132564,0
0.0,0.0,0.0,1.0,0.10391843,0
0.0,0.0,0.0,1.0,0.06030022,0
1.0,1.0,0.0,0.3403035,0.05746601,1
0.0,0.0,0.0,1.0,0.12820561,0
1.0,1.0,0.0,0.6989675,0.06953007,0
0.0,0.0,0.0,1.0,0.20119618,0
0.0,0.0,0.0,1.0,0.113193505,0
0.0,0.0,0.0,0.86025035,0.07809352,0
0.0,0.0,0.0,1.0,0.28115156,0
0.0,0.0,0.0,1.0,0.16838267,0
0.0,0.0,0.0,1.0,0.101218395,0
1.0,1.0,0.0,0.7078053,0.08651998,0
0.0,0.0,0.0,1.0,0.074807614,0
1.0,1.0,0.0,1.0,0.1558732,0
0.0,0.0,0.0,1.0,0.20119618,0
0.0,0.0,0.0,1.0,0.2838443,0
0.0,0.0,0.0,1.0,0.24854434,0
0.0,0.0,0.0,1.0,0.080508195,0
0.0,0.0,0.0,0.68203384,0.08405388,0
0.0,0.0,0.0,1.0,0.20372179,0
1.0,1.0,0.0,1.0,0.11467671,0
0.0,0.0,0.0,1.0,0.22115098,0
1.0,1.0,0.0,1.0,0.18179382,0
0.0,0.0,0.0,1.0,0.113193505,0
0.0,0.0,0.0,1.0,0.2838443,0
0.0,0.0,0.0,1.0,0.1618197,0
0.0,0.0,0.0,1.0,0.36326477,0
0.0,0.0,0.0,1.0,0.27298972,0
0.0,0.0,0.0,1.0,0.2098577,0
1.0,1.0,0.0,1.0,0.17884913,0
0.0,0.0,0.0,1.0,0.17430377,0
1.0,1.0,0.0,0.86550385,0.092756756,0
0.0,0.0,0.0,0.86025035,0.07809352,0
0.0,0.0,0.0,1.0,0.24854434,0
0.0,0.0,0.0,1.0,0.1618197,0
0.0,0.0,0.0,1.0,0.32379153,0
0.0,0.0,0.0,1.0,0.19126639,0
0.0,0.0,0.0,1.0,0.06779732,0
1.0,1.0,0.0,1.0,0.14194843,0
0.0,0.0,0.0,1.0,0.15340509,0
1.0,1.0,0.0,1.0,0.23132564,0
0.0,0.0,0.0,1.0,0.28115156,0
0.0,0.0,0.0,1.0,0.080508195,0
0.0,0.0,0.0,1.0,0.36326477,0
0.0,0.0,0.0,1.0,0.32379153,0
0.0,0.0,0.0,1.0,0.14004195,0
0.0,0.0,0.0,1.0,0.27243176,0
1.0,1.0,0.0,1.0,0.19474271,0
0.0,0.0,0.0,0.83939505,0.06185884,0
1.0,1.0,0.0,1.0,0.10391843,0
0.0,0.0,0.0,1.0,0.16838267,0
0.0,0.0,0.0,0.68203384,0.08405388,0
0.0,0.0,0.0,1.0,0.27298972,0
0.0,0.0,0.0,1.0,0.19126639,0
0.0,0.0,0.0,1.0,0.14004195,0
0.0,0.0,0.0,1.0,0.13384561,0
1.0,1.0,0.0,1.0,0.09647579,0
0.0,0.0,0.0,1.0,0.13512823,0
1.0,1.0,0.0,1.0,0.06030022,0
0.0,0.0,0.0,1.0,0.101218395,0
0.0,0.0,0.0,1.0,0.20372179,0
0.0,0.0,0.0,1.0,0.2098577,0
0.0,0.0,0.0,1.0,0.06779732,0
0.0,0.0,0.0,1.0,0.27243176,0
0.0,0.0,0.0,1.0,0.13384561,0
1.0,1.0,0.0,1.0,0.117511205,0
0.0,0.0,0.0,1.0,0.043116983,0
1.0,1.0,0.0,0.3403035,0.05746601,1
0.0,0.0,0.0,0.7078053,0.08651998,0
0.0,0.0,0.0,1.0,0.11467671,0
0.0,0.0,0.0,1.0,0.17884913,0
0.0,0.0,0.0,1.0,0.14194843,0
0.0,0.0,0.0,1.0,0.19474271,0
0.0,0.0,0.0,1.0,0.09647579,0
0.0,0.0,0.0,1.0,0.117511205,0
1.0,1.0,0.0,1.0,0.08215059,0
0.0,0.0,0.0,1.0,0.12820561,0
0.0,0.0,0.0,1.0,0.074807614,0
0.0,0.0,0.0,1.0,0.22115098,0
0.0,0.0,0.0,1.0,0.17430377,0
0.0,0.0,0.0,1.0,0.15340509,0
0.0,0.0,0.0,0.8394427,0.06185884,0
0.0,0.0,0.0,1.0,0.13512823,0
1.0,1.0,0.0,1.0,0.043116983,0
0.0,0.0,0.0,1.0,0.08215059,0
0.0,0.0,0.0,0.6982894,0.06953007,0
0.0,0.0,0.0,1.0,0.1558732,0
0.0,0.0,0.0,1.0,0.18179382,0
0.0,0.0,0.0,0.86457705,0.092756756,0
0.0,0.0,0.0,1.0,0.23132564,0
0.0,0.0,0.0,1.0,0.10391843,0
0.0,0.0,0.0,1.0,0.06030022,0
1.0,1.0,0.0,0.33973092,0.05746601,1
0.0,0.0,0.0,1.0,0.12820561,0
1.0,1.0,0.0,0.6982894,0.06953007,0
0.0,0.0,0.0,1.0,0.20119618,0
0.0,0.0,0.0,1.0,0.113193505,0
0.0,0.0,0.0,0.8594698,0.07809352,0
0.0,0.0,0.0,1.0,0.28115156,0
0.0,0.0,0.0,1.0,0.16838267,0
0.0,0.0,0.0,1.0,0.101218395,0
1.0,1.0,0.0,0.70702916,0.08651998,0
0.0,0.0,0.0,1.0,0.074807614,0
1.0,1.0,0.0,1.0,0.1558732,0
0.0,0.0,0.0,1.0,0.20119618,0
0.0,0.0,0.0,1.0,0.2838443,0
0.0,0.0,0.0,1.0,0.24854434,0
0.0,0.0,0.0,1.0,0.080508195,0
0.0,0.0,0.0,0.6812512,0.08405388,0
0.0,0.0,0.0,1.0,0.20372179,0
1.0,1.0,0.0,1.0,0.11467671,0
0.0,0.0,0.0,1.0,0.22115098,0
1.0,1.0,0.0,1.0,0.18179382,0
0.0,0.0,0.0,1.0,0.113193505,0
0.0,0.0,0.0,1.0,0.2838443,0
0.0,0.0,0.0,1.0,0.1618197,0
0.0,0.0,0.0,1.0,0.36326477,0
0.0,0.0,0.0,1.0,0.27298972,0
0.0,0.0,0.0,1.0,0.2098577,0
1.0,1.0,0.0,1.0,0.17884913,0
0.0,0.0,0.0,1.0,0.17430377,0
1.0,1.0,0.0,0.86457705,0.092756756,0
0.0,0.0,0.0,0.8594698,0.07809352,0
0.0,0.0,0.0,1.0,0.24854434,0
0.0,0.0,0.0,1.0,0.1618197,0
0.0,0.0,0.0,1.0,0.32379153,0
0.0,0.0,0.0,1.0,0.19126639,0
0.0,0.0,0.0,1.0,0.06779732,0
1.0,1.0,0.0,1.0,0.14194843,0
0.0,0.0,0.0,1.0,0.15340509,0
1.0,1.0,0.0,1.0,0.23132564,0
0.0,0.0,0.0,1.0,0.28115156,0
0.0,0.0,0.0,1.0,0.080508195,0
0.0,0.0,0.0,1.0,0.36326477,0
0.0,0.0,0.0,1.0,0.32379153,0
0.0,0.0,0.0,1.0,0.14004195,0
0.0,0.0,0.0,1.0,0.27243176,0
1.0,1.0,0.0,1.0,0.19474271,0
0.0,0.0,0.0,0.8394427,0.06185884,0
1.0,1.0,0.0,1.0,0.10391843,0
0.0,0.0,0.0,1.0,0.16838267,0
0.0,0.0,0.0,0.6812512,0.08405388,0
0.0,0.0,0.0,1.0,0.27298972,0
0.0,0.0,0.0,1.0,0.19126639,0
0.0,0.0,0.0,1.0,0.14004195,0
0.0,0.0,0.0,1.0,0.13384561,0
1.0,1.0,0.0,1.0,0.09647579,0
0.0,0.0,0.0,1.0,0.13512823,0
1.0,1.0,0.0,1.0,0.06030022,0
0.0,0.0,0.0,1.0,0.101218395,0
0.0,0.0,0.0,1.0,0.20372179,0
0.0,0.0,0.0,1.0,0.2098577,0
0.0,0.0,0.0,1.0,0.06779732,0
0.0,0.0,0.0,1.0,0.27243176,0
0.0,0.0,0.0,1.0,0.13384561,0
1.0,1.0,0.0,1.0,0.117511205,0
0.0,0.0,0.0,1.0,0.043116983,0
1.0,1.0,0.0,0.33973092,0.05746601,1
0.0,0.0,0.0,0.70702916,0.08651998,0
0.0,0.0,0.0,1.0,0.11467671,0
0.0,0.0,0.0,1.0,0.17884913,0
0.0,0.0,0.0,1.0,0.14194843,0
0.0,0.0,0.0,1.0,0.19474271,0
0.0,0.0,0.0,1.0,0.09647579,0
0.0,0.0,0.0,1.0,0.117511205,0
1.0,1.0,0.0,1.0,0.08215059,0
0.0,0.0,0.0,1.0,0.12820561,0
0.0,0.0,0.0,1.0,0.074807614,0
0.0,0.0,0.0,1.0,0.22115098,0
0.0,0.0,0.0,1.0,0.17430377,0
0.0,0.0,0.0,1.0,0.15340509,0
0.0,0.0,0.0,0.8394908,0.06185884,0
0.0,0.0,0.0,1.0,0.13512823,0
1.0,1.0,0.0,1.0,0.043116983,0
0.0,0.0,0.0,1.0,0.08215059,0
0.0,0.0,0.0,0.6976113,0.06953007,0
0.0,0.0,0.0,1.0,0.1558732,0
0.0,0.0,0.0,1.0,0.18179382,0
0.0,0.0,0.0,0.86365026,0.092756756,0
0.0,0.0,0.0,1.0,0.23132564,0
0.0,0.0,0.0,1.0,0.10391843,0
0.0,0.0,0.0,1.0,0.06030022,0
1.0,1.0,0.0,0.33915836,0.05746601,1
0.0,0.0,0.0,1.0,0.12820561,0
1.0,1.0,0.0,0.6976113,0.06953007,0
0.0,0.0,0.0,1.0,0.20119618,0
0.0,0.0,0.0,1.0,0.113193505,0
0.0,0.0,0.0,0.8586891,0.07809352,0
0.0,0.0,0.0,1.0,0.28115156,0
0.0,0.0,0.0,1.0,0.16838267,0
0.0,0.0,0.0,1.0,0.101218395,0
1.0,1.0,0.0,0.70625323,0.08651998,0
0.0,0.0,0.0,1.0,0.074807614,0
1.0,1.0,0.0,1.0,0.1558732,0
0.0,0.0,0.0,1.0,0.20119618,0
0.0,0.0,0.0,1.0,0.2838443,0
0.0,0.0,0.0,1.0,0.24854434,0
0.0,0.0,0.0,1.0,0.080508195,0
0.0,0.0,0.0,0.6804688,0.08405388,0
0.0,0.0,0.0,1.0,0.20372179,0
1.0,1.0,0.0,1.0,0.11467671,0
0.0,0.0,0.0,1.0,0.22115098,0
1.0,1.0,0.0,1.0,0.18179382,0
0.0,0.0,0.0,1.0,0.113193505,0
0.0,0.0,0.0,1.0,0.2838443,0
0.0,0.0,0.0,1.0,0.1618197,0
0.0,0.0,0.0,1.0,0.36326477,0
0.0,0.0,0.0,1.0,0.27298972,0
0.0,0.0,0.0,1.0,0.2098577,0
1.0,1.0,0.0,1.0,0.17884913,0
0.0,0.0,0.0,1.0,0.17430377,0
1.0,1.0,0.0,0.86365026,0.092756756,0
0.0,0.0,0.0,0.8586891,0.07809352,0
0.0,0.0,0.0,1.0,0.24854434,0
0.0,0.0,0.0,1.0,0.1618197,0
0.0,0.0,0.0,1.0,0.32379153,0
0.0,0.0,0.0,1.0,0.19126639,0
0.0,0.0,0.0,1.0,0.06779732,0
1.0,1.0,0.0,1.0,0.14194843,0
0.0,0.0,0.0,1.0,0.15340509,0
1.0,1.0,0.0,1.0,0.23132564,0
0.0,0.0,0.0,1.0,0.28115156,0
0.0,0.0,0.0,1.0,0.080508195,0
0.0,0.0,0.0,1.0,0.36326477,0
0.0,0.0,0.0,1.0,0.32379153,0
0.0,0.0,0.0,1.0,0.14004195,0
0.0,0.0,0.0,1.0,0.27243176,0
1.0,1.0,0.0,1.0,0.19474271,0
0.0,0.0,0.0,0.8394908,0.06185884,0
1.0,1.0,0.0,1.0,0.10391843,0
0.0,0.0,0.0,1.0,0.16838267,0
0.0,0.0,0.0,0.6804688,0.08405388,0
0.0,0.0,0.0,1.0,0.27298972,0
0.0,0.0,0.0,1.0,0.19126639,0
0.0,0.0,0.0,1.0,0.14004195,0
0.0,0.0,0.0,1.0,0.13384561,0
1.0,1.0,0.0,1.0,0.09647579,0
0.0,0.0,0.0,1.0,0.13512823,0
1.0,1.0,0.0,1.0,0.06030022,0
0.0,0.0,0.0,1.0,0.101218395,0
0.0,0.0,0.0,1.0,0.20372179,0
0.0,0.0,0.0,1.0,0.2098577,0
0.0,0.0,0.0,1.0,0.06779732,0
0.0,0.0,0.0,1.0,0.27243176,0
0.0,0.0,0.0,1.0,0.13384561,0
1.0,1.0,0.0,1.0,0.117511205,0
0.0,0.0,0.0,1.0,0.043116983,0
1.0,1.0,0.0,0.33915836,0.05746601,1
0.0,0.0,0.0,0.70625323,0.08651998,0
0.0,0.0,0.0,1.0,0.11467671,0
0.0,0.0,0.0,1.0,0.17884913,0
0.0,0.0,0.0,1.0,0.14194843,0
0.0,0.0,0.0,1.0,0.19474271,0
0.0,0.0,0.0,1.0,0.09647579,0
0.0,0.0,0.0,1.0,0.117511205,0
1.0,1.0,0.0,1.0,0.08215059,0
0.0,0.0,0.0,1.0,0.12820561,0
0.0,0.0,0.0,1.0,0.074807614,0
0.0,0.0,0.0,1.0,0.22115098,0
0.0,0.0,0.0,1.0,0.17430377,0
0.0,0.0,0.0,1.0,0.15340509,0
0.0,0.0,0.0,0.83953935,0.06185884,0
0.0,0.0,0.0,1.0,0.13512823,0
1.0,1.0,0.0,1.0,0.043116983,0
0.0,0.0,0.0,1.0,0.08215059,0
0.0,0.0,0.0,0.6969332,0.06953007,0
0.0,0.0,0.0,1.0,0.1558732,0
0.0,0.0,0.0,1.0,0.18179382,0
0.0,0.0,0.0,0.8627235,0.092756756,0
0.0,0.0,0.0,1.0,0.23132564,0
0.0,0.0,0.0,1.0,0.10391843,0
0.0,0.0,0.0,1.0,0.06030022,0
1.0,1.0,0.0,0.3385858,0.05746601,1
0.0,0.0,0.0,1.0,0.12820561,0
1.0,1.0,0.0,0.6969332,0.06953007,0
0.0,0.0,0.0,1.0,0.20119618,0
0.0,0.0,0.0,1.0,0.113193505,0
0.0,0.0,0.0,0.85790855,0.07809352,0
0.0,0.0,0.0,1.0,0.28115156,0
0.0,0.0,0.0,1.0,0.16838267,0
0.0,0.0,0.0,1.0,0.101218395,0
1.0,1.0,0.0,0.70547754,0.08651998,0
0.0,0.0,0.0,1.0,0.074807614,0
1.0,1.0,0.0,1.0,0.1558732,0
0.0,0.0,0.0,1.0,0.20119618,0
0.0,0.0,0.0,1.0,0.2838443,0
0.0,0.0,0.0,1.0,0.24854434,0
0.0,0.0,0.0,1.0,0.080508195,0
0.0,0.0,0.0,0.6796865,0.08405388,0
0.0,0.0,0.0,1.0,0.20372179,0
1.0,1.0,0.0,1.0,0.11467671,0
0.0,0.0,0.0,1.0,0.22115098,0
1.0,1.0,0.0,1.0,0.18179382,0
0.0,0.0,0.0,1.0,0.113193505,0
0.0,0.0,0.0,1.0,0.2838443,0
0.0,0.0,0.0,1.0,0.1618197,0
0.0,0.0,0.0,1.0,0.36326477,0
0.0,0.0,0.0,1.0,0.27298972,0
0.0,0.0,0.0,1.0,0.2098577,0
1.0,1.0,0.0,1.0,0.17884913,0
0.0,0.0,0.0,1.0,0.17430377,0
1.0,1.0,0.0,0.8627235,0.092756756,0
0.0,0.0,0.0,0.85790855,0.07809352,0
0.0,0.0,0.0,1.0,0.24854434,0
0.0,0.0,0.0,1.0,0.1618197,0
0.0,0.0,0.0,1.0,0.32379153,0
0.0,0.0,0.0,1.0,0.19126639,0
0.0,0.0,0.0,1.0,0.06779732,0
1.0,1.0,0.0,1.0,0.14194843,0
0.0,0.0,0.0,1.0,0.15340509,0
1.0,1.0,0.0,1.0,0.23132564,0
0.0,0.0,0.0,1.0,0.28115156,0
0.0,0.0,0.0,1.0,0.080508195,0
0.0,0.0,0.0,1.0,0.36326477,0
0.0,0.0,0.0,1.0,0.32379153,0
0.0,0.0,0.0,1.0,0.14004195,0
0.0,0.0,0.0,1.0,0.27243176,0
1.0,1.0,0.0,1.0,0.19474271,0
0.0,0.0,0.0,0.83953935,0.06185884,0
1.0,1.0,0.0,1.0,0.10391843,0
0.0,0.0,0.0,1.0,0.16838267,0
0.0,0.0,0.0,0.6796865,0.08405388,0
0.0,0.0,0.0,1.0,0.27298972,0
0.0,0.0,0.0,1.0,0.19126639,0
0.0,0.0,0.0,1.0,0.14004195,0
0.0,0.0,0.0,1.0,0.13384561,0
1.0,1.0,0.0,1.0,0.09647579,0
0.0,0.0,0.0,1.0,0.13512823,0
1.0,1.0,0.0,1.0,0.06030022,0
0.0,0.0,0.0,1.0,0.101218395,0
0.0,0.0,0.0,1.0,0.20372179,0
0.0,0.0,0.0,1.0,0.2098577,0
0.0,0.0,0.0,1.0,0.06779732,0
0.0,0.0,0.0,1.0,0.27243176,0
0.0,0.0,0.0,1.0,0.13384561,0
1.0,1.0,0.0,1.0,0.117511205,0
0.0,0.0,0.0,1.0,0.043116983,0
1.0,1.0,0.0,0.3385858,0.05746601,1
0.0,0.0,0.0,0.70547754,0.08651998,0
0.0,0.0,0.0,1.0,0.11467671,0
0.0,0.0,0.0,1.0,0.17884913,0
0.0,0.0,0.0,1.0,0.14194843,0
0.0,0.0,0.0,1.0,0.19474271,0
0.0,0.0,0.0,1.0,0.09647579,0
0.0,0.0,0.0,1.0,0.117511205,0
1.0,1.0,0.0,1.0,0.08215059,0
0.0,0.0,0.0,1.0,0.12820561,0
0.0,0.0,0.0,1.0,0.074807614,0
0.0,0.0,0.0,1.0,0.22115098,0
0.0,0.0,0.0,1.0,0.17430377,0
0.0,0.0,0.0,1.0,0.15340509,0
0.0,0.0,0.0,0.83958834,0.06185884,0
0.0,0.0,0.0,1.0,0.13512823,0
1.0,1.0,0.0,1.0,0.043116983,0
0.0,0.0,0.0,1.0,0.08215059,0
0.0,0.0,0.0,0.69625515,0.06953007,0
0.0,0.0,0.0,1.0,0.1558732,0
0.0,0.0,0.0,1.0,0.18179382,0
0.0,0.0,0.0,0.86179674,0.092756756,0
0.0,0.0,0.0,1.0,0.23132564,0
0.0,0.0,0.0,1.0,0.10391843,0
0.0,0.0,0.0,1.0,0.06030022,0
1.0,1.0,0.0,0.33801323,0.05746601,1
0.0,0.0,0.0,1.0,0.12820561,0
1.0,1.0,0.0,0.69625515,0.06953007,0
0.0,0.0,0.0,1.0,0.20119618,0
0.0,0.0,0.0,1.0,0.113193505,0
0.0,0.0,0.0,0.8571279,0.07809352,0
0.0,0.0,0.0,1.0,0.28115156,0
0.0,0.0,0.0,1.0,0.16838267,0
0.0,0.0,0.0,1.0,0.101218395,0
1.0,1.0,0.0,0.7047021,0.08651998,0
0.0,0.0,0.0,1.0,0.074807614,0
1.0,1.0,0.0,1.0,0.1558732,0
0.0,0.0,0.0,1.0,0.20119618,0
0.0,0.0,0.0,1.0,0.2838443,0
0.0,0.0,0.0,1.0,0.24854434,0
0.0,0.0,0.0,1.0,0.080508195,0
0.0,0.0,0.0,0.67890435,0.08405388,0
0.0,0.0,0.0,1.0,0.20372179,0
1.0,1.0,0.0,1.0,0.11467671,0
0.0,0.0,0.0,1.0,0.22115098,0
1.0,1.0,0.0,1.0,0.18179382,0
0.0,0.0,0.0,1.0,0.113193505,0
0.0,0.0,0.0,1.0,0.2838443,0
0.0,0.0,0.0,1.0,0.1618197,0
0.0,0.0,0.0,1.0,0.36326477,0
0.0,0.0,0.0,1.0,0.27298972,0
0.0,0.0,0.0,1.0,0.2098577,0
1.0,1.0,0.0,1.0,0.17884913,0
0.0,0.0,0.0,1.0,0.17430377,0
1.0,1.0,0.0,0.86179674,0.092756756,0
0.0,0.0,0.0,0.8571279,0.07809352,0
0.0,0.0,0.0,1.0,0.24854434,0
0.0,0.0,0.0,1.0,0.1618197,0
0.0,0.0,0.0,1.0,0.32379153,0
0.0,0.0,0.0,1.0,0.19126639,0
0.0,0.0,0.0,1.0,0.06779732,0
1.0,1.0,0.0,1.0,0.14194843,0
0.0,0.0,0.0,1.0,0.15340509,0
1.0,1.0,0.0,1.0,0.23132564,0
0.0,0.0,0.0,1.0,0.28115156,0
0.0,0.0,0.0,1.0,0.080508195,0
0.0,0.0,0.0,1.0,0.36326477,0
0.0,0.0,0.0,1.0,0.32379153,0
0.0,0.0,0.0,1.0,0.14004195,0
0.0,0.0,0.0,1.0,0.27243176,0
1.0,1.0,0.0,1.0,0.19474271,0
0.0,0.0,0.0,0.83958834,0.06185884,0
1.0,1.0,0.0,1.0,0.10391843,0
0.0,0.0,0.0,1.0,0.16838267,0
0.0,0.0,0.0,0.67890435,0.08405388,0
0.0,0.0,0.0,1.0,0.27298972,0
0.0,0.0,0.0,1.0,0.19126639,0
0.0,0.0,0.0,1.0,0.14004195,0
0.0,0.0,0.0,1.0,0.13384561,0
1.0,1.0,0.0,1.0,0.09647579,0
0.0,0.0,0.0,1.0,0.13512823,0
1.0,1.0,0.0,1.0,0.06030022,0
0.0,0.0,0.0,1.0,0.101218395,0
0.0,0.0,0.0,1.0,0.20372179,0
0.0,0.0,0.0,1.0,0.2098577,0
0.0,0.0,0.0,1.0,0.06779732,0
0.0,0.0,0.0,1.0,0.27243176,0
0.0,0.0,0.0,1.0,0.13384561,0
1.0,1.0,0.0,1.0,0.117511205,0
0.0,0.0,0.0,1.0,0.043116983,0
1.0,1.0,0.0,0.33801323,0.05746601,1
0.0,0.0,0.0,0.7047021,0.08651998,0
0.0,0.0,0.0,1.0,0.11467671,0
0.0,0.0,0.0,1.0,0.17884913,0
0.0,0.0,0.0,1.0,0.14194843,0
0.0,0.0,0.0,1.0,0.19474271,0
0.0,0.0,0.0,1.0,0.09647579,0
0.0,0.0,0.0,1.0,0.117511205,0
1.0,1.0,0.0,1.0,0.08215059,0
0.0,0.0,0.0,1.0,0.12820561,0
0.0,0.0,0.0,1.0,0.074807614,0
0.0,0.0,0.0,1.0,0.22115098,0
0.0,0.0,0.0,1.0,0.17430377,0
0.0,0.0,0.0,1.0,0.15340509,0
0.0,0.0,0.0,0.8396378,0.06185884,0
0.0,0.0,0.0,1.0,0.13512823,0
1.0,1.0,0.0,1.0,0.043116983,0
0.0,0.0,0.0,1.0,0.08215059,0
0.0,0.0,0.0,0.69557714,0.06953007,0
0.0,0.0,0.0,1.0,0.1558732,0
0.0,0.0,0.0,1.0,0.18179382,0
0.0,0.0,0.0,0.86086994,0.092756756,0
0.0,0.0,0.0,1.0,0.23132564,0
0.0,0.0,0.0,1.0,0.10391843,0
0.0,0.0,0.0,1.0,0.06030022,0
1.0,1.0,0.0,0.33744067,0.05746601,1
0.0,0.0,0.0,1.0,0.12820561,0
1.0,1.0,0.0,0.69557714,0.06953007,0
0.0,0.0,0.0,1.0,0.20119618,0
0.0,0.0,0.0,1.0,0.113193505,0
0.0,0.0,0.0,0.8563473,0.07809352,0
0.0,0.0,0.0,1.0,0.28115156,0
0.0,0.0,0.0,1.0,0.16838267,0
0.0,0.0,0.0,1.0,0.101218395,0
1.0,1.0,0.0,0.7039268,0.08651998,0
0.0,0.0,0.0,1.0,0.074807614,0
1.0,1.0,0.0,1.0,0.1558732,0
0.0,0.0,0.0,1.0,0.20119618,0
0.0,0.0,0.0,1.0,0.2838443,0
0.0,0.0,0.0,1.0,0.24854434,0
0.0,0.0,0.0,1.0,0.080508195,0
0.0,0.0,0.0,0.67812234,0.08405388,0
0.0,0.0,0.0,1.0,0.20372179,0
1.0,1.0,0.0,1.0,0.11467671,0
0.0,0.0,0.0,1.0,0.22115098,0
1.0,1.0,0.0,1.0,0.18179382,0
0.0,0.0,0.0,1.0,0.113193505,0
0.0,0.0,0.0,1.0,0.2838443,0
0.0,0.0,0.0,1.0,0.1618197,0
0.0,0.0,0.0,1.0,0.36326477,0
0.0,0.0,0.0,1.0,0.27298972,0
0.0,0.0,0.0,1.0,0.2098577,0
1.0,1.0,0.0,1.0,0.17884913,0
0.0,0.0,0.0,1.0,0.17430377,0
1.0,1.0,0.0,0.86086994,0.092756756,0
0.0,0.0,0.0,0.8563473,0.07809352,0
0.0,0.0,0.0,1.0,0.24854434,0
0.0,0.0,0.0,1.0,0.1618197,0
0.0,0.0,0.0,1.0,0.32379153,0
0.0,0.0,0.0,1.0,0.19126639,0
0.0,0.0,0.0,1.0,0.06779732,0
1.0,1.0,0.0,1.0,0.14194843,0
0.0,0.0,0.0,1.0,0.15340509,0
1.0,1.0,0.0,1.0,0.23132564,0
0.0,0.0,0.0,1.0,0.28115156,0
0.0,0.0,0.0,1.0,0.080508195,0
0.0,0.0,0.0,1.0,0.36326477,0
0.0,0.0,0.0,1.0,0.32379153,0
0.0,0.0,0.0,1.0,0.14004195,0
0.0,0.0,0.0,1.0,0.27243176,0
1.0,1.0,0.0,1.0,0.19474271,0
0.0,0.0,0.0,0.8396378,0.06185884,0
1.0,1.0,0.0,1.0,0.10391843,0
0.0,0.0,0.0,1.0,0.16838267,0
0.0,0.0,0.0,0.67812234,0.08405388,0
0.0,0.0,0.0,1.0,0.27298972,0
0.0,0.0,0.0,1.0,0.19126639,0
0.0,0.0,0.0,1.0,0.14004195,0
0.0,0.0,0.0,1.0,0.13384561,0
1.0,1.0,0.0,1.0,0.09647579,0
0.0,0.0,0.0,1.0,0.13512823,0
1.0,1.0,0.0,1.0,0.06030022,0
0.0,0.0,0.0,1.0,0.101218395,0
0.0,0.0,0.0,1.0,0.20372179,0
0.0,0.0,0.0,1.0,0.2098577,0
0.0,0.0,0.0,1.0,0.06779732,0
0.0,0.0,0.0,1.0,0.27243176,0
0.0,0.0,0.0,1.0,0.13384561,0
1.0,1.0,0.0,1.0,0.117511205,0
0.0,0.0,0.0,1.0,0.043116983,0
1.0,1.0,0.0,0.33744067,0.05746601,1
0.0,0.0,0.0,0.7039268,0.08651998,0
0.0,0.0,0.0,1.0,0.11467671,0
0.0,0.0,0.0,1.0,0.17884913,0
0.0,0.0,0.0,1.0,0.14194843,0
0.0,0.0,0.0,1.0,0.19474271,0
0.0,0.0,0.0,1.0,0.09647579,0
0.0,0.0,0.0,1.0,0.117511205,0
1.0,1.0,0.0,1.0,0.08215059,0
0.0,0.0,0.0,1.0,0.12820561,0
0.0,0.0,0.0,1.0,0.074807614,0
0.0,0.0,0.0,1.0,0.22115098,0
0.0,0.0,0.0,1.0,0.17430377,0
0.0,0.0,0.0,1.0,0.15340509,0
0.0,0.0,0.0,0.8396877,0.06185884,0
0.0,0.0,0.0,1.0,0.13512823,0
1.0,1.0,0.0,1.0,0.043116983,0
0.0,0.0,0.0,1.0,0.08215059,0
0.0,0.0,0.0,0.6948992,0.06953007,0
0.0,0.0,0.0,1.0,0.1558732,0
0.0,0.0,0.0,1.0,0.18179382,0
0.0,0.0,0.0,0.85994315,0.092756756,0
0.0,0.0,0.0,1.0,0.23132564,0
0.0,0.0,0.0,1.0,0.10391843,0
0.0,0.0,0.0,1.0,0.06030022,0
1.0,1.0,0.0,0.33686814,0.05746601,1
0.0,0.0,0.0,1.0,0.12820561,0
1.0,1.0,0.0,0.6948992,0.06953007,0
0.0,0.0,0.0,1.0,0.20119618,0
0.0,0.0,0.0,1.0,0.113193505,0
0.0,0.0,0.0,0.8555667,0.07809352,0
0.0,0.0,0.0,1.0,0.28115156,0
0.0,0.0,0.0,1.0,0.16838267,0
0.0,0.0,0.0,1.0,0.101218395,0
1.0,1.0,0.0,0.7031517,0.08651998,0
0.0,0.0,0.0,1.0,0.074807614,0
1.0,1.0,0.0,1.0,0.1558732,0
0.0,0.0,0.0,1.0,0.20119618,0
0.0,0.0,0.0,1.0,0.2838443,0
0.0,0.0,0.0,1.0,0.24854434,0
0.0,0.0,0.0,1.0,0.080508195,0
0.0,0.0,0.0,0.67734045,0.08405388,0
0.0,0.0,0.0,1.0,0.20372179,0
1.0,1.0,0.0,1.0,0.11467671,0
0.0,0.0,0.0,1.0,0.22115098,0
1.0,1.0,0.0,1.0,0.18179382,0
0.0,0.0,0.0,1.0,0.113193505,0
0.0,0.0,0.0,1.0,0.2838443,0
0.0,0.0,0.0,1.0,0.1618197,0
0.0,0.0,0.0,1.0,0.36326477,0
0.0,0.0,0.0,1.0,0.27298972,0
0.0,0.0,0.0,1.0,0.2098577,0
1.0,1.0,0.0,1.0,0.17884913,0
0.0,0.0,0.0,1.0,0.17430377,0
1.0,1.0,0.0,0.85994315,0.092756756,0
0.0,0.0,0.0,0.8555667,0.07809352,0
0.0,0.0,0.0,1.0,0.24854434,0
0.0,0.0,0.0,1.0,0.1618197,0
0.0,0.0,0.0,1.0,0.32379153,0
0.0,0.0,0.0,1.0,0.19126639,0
0.0,0.0,0.0,1.0,0.06779732,0
1.0,1.0,0.0,1.0,0.14194843,0
0.0,0.0,0.0,1.0,0.15340509,0
1.0,1.0,0.0,1.0,0.23132564,0
0.0,0.0,0.0,1.0,0.28115156,0
0.0,0.0,0.0,1.0,0.080508195,0
0.0,0.0,0.0,1.0,0.36326477,0
0.0,0.0,0.0,1.0,0.32379153,0
0.0,0.0,0.0,1.0,0.14004195,0
0.0,0.0,0.0,1.0,0.27243176,0
1.0,1.0,0.0,1.0,0.19474271,0
0.0,0.0,0.0,0.8396877,0.06185884,0
1.0,1.0,0.0,1.0,0.10391843,0
0.0,0.0,0.0,1.0,0.16838267,0
0.0,0.0,0.0,0.67734045,0.08405388,0
0.0,0.0,0.0,1.0,0.27298972,0
0.0,0.0,0.0,1.0,0.19126639,0
0.0,0.0,0.0,1.0,0.14004195,0
0.0,0.0,0.0,1.0,0.13384561,0
1.0,1.0,0.0,1.0,0.09647579,0
0.0,0.0,0.0,1.0,0.13512823,0
1.0,1.0,0.0,1.0,0.06030022,0
0.0,0.0,0.0,1.0,0.101218395,0
0.0,0.0,0.0,1.0,0.20372179,0
0.0,0.0,0.0,1.0,0.2098577,0
0.0,0.0,0.0,1.0,0.06779732,0
0.0,0.0,0.0,1.0,0.27243176,0
0.0,0.0,0.0,1.0,0.13384561,0
1.0,1.0,0.0,1.0,0.117511205,0
0.0,0.0,0.0,1.0,0.043116983,0
1.0,1.0,0.0,0.33686814,0.05746601,1
0.0,0.0,0.0,0.7031517,0.08651998,0
0.0,0.0,0.0,1.0,0.11467671,0
0.0,0.0,0.0,1.0,0.17884913,0
0.0,0.0,0.0,1.0,0.14194843,0
0.0,0.0,0.0,1.0,0.19474271,0
0.0,0.0,0.0,1.0,0.09647579,0
0.0,0.0,0.0,1.0,0.117511205,0
1.0,1.0,0.0,1.0,0.08215059,0
0.0,0.0,0.0,1.0,0.12820561,0
0.0,0.0,0.0,1.0,0.074807614,0
0.0,0.0,0.0,1.0,0.22115098,0
0.0,0.0,0.0,1.0,0.17430377,0
0.0,0.0,0.0,1.0,0.15340509,0
0.0,0.0,0.0,0.8397381,0.06185884,0
0.0,0.0,0.0,1.0,0.13512823,0
1.0,1.0,0.0,1.0,0.043116983,0
0.0,0.0,0.0,1.0,0.08215059,0
0.0,0.0,0.0,0.69422126,0.06953007,0
0.0,0.0,0.0,1.0,0.1558732,0
0.0,0.0,0.0,1.0,0.18179382,0
0.0,0.0,0.0,0.8590164,0.092756756,0
0.0,0.0,0.0,1.0,0.23132564,0
0.0,0.0,0.0,1.0,0.10391843,0
0.0,0.0,0.0,1.0,0.06030022,0
1.0,1.0,0.0,0.3362956,0.05746601,1
0.0,0.0,0.0,1.0,0.12820561,0
1.0,1.0,0.0,0.69422126,0.06953007,0
0.0,0.0,0.0,1.0,0.20119618,0
0.0,0.0,0.0,1.0,0.113193505,0
0.0,0.0,0.0,0.8547861,0.07809352,0
0.0,0.0,0.0,1.0,0.28115156,0
0.0,0.0,0.0,1.0,0.16838267,0
0.0,0.0,0.0,1.0,0.101218395,0
1.0,1.0,0.0,0.70237684,0.08651998,0
0.0,0.0,0.0,1.0,0.074807614,0
1.0,1.0,0.0,1.0,0.1558732,0
0.0,0.0,0.0,1.0,0.20119618,0
0.0,0.0,0.0,1.0,0.2838443,0
0.0,0.0,0.0,1.0,0.24854434,0
0.0,0.0,0.0,1.0,0.080508195,0
0.0,0.0,0.0,0.67655873,0.08405388,0
0.0,0.0,0.0,1.0,0.20372179,0
1.0,1.0,0.0,1.0,0.11467671,0
0.0,0.0,0.0,1.0,0.22115098,0
1.0,1.0,0.0,1.0,0.18179382,0
0.0,0.0,0.0,1.0,0.113193505,0
0.0,0.0,0.0,1.0,0.2838443,0
0.0,0.0,0.0,1.0,0.1618197,0
0.0,0.0,0.0,1.0,0.36326477,0
0.0,0.0,0.0,1.0,0.27298972,0
0.0,0.0,0.0,1.0,0.2098577,0
1.0,1.0,0.0,1.0,0.17884913,0
0.0,0.0,0.0,1.0,0.17430377,0
1.0,1.0,0.0,0.8590164,0.092756756,0
0.0,0.0,0.0,0.8547861,0.07809352,0
0.0,0.0,0.0,1.0,0.24854434,0
0.0,0.0,0.0,1.0,0.1618197,0
0.0,0.0,0.0,1.0,0.32379153,0
0.0,0.0,0.0,1.0,0.19126639,0
0.0,0.0,0.0,1.0,0.06779732,0
1.0,1.0,0.0,1.0,0.14194843,0
0.0,0.0,0.0,1.0,0.15340509,0
1.0,1.0,0.0,1.0,0.23132564,0
0.0,0.0,0.0,1.0,0.28115156,0
0.0,0.0,0.0,1.0,0.080508195,0
0.0,0.0,0.0,1.0,0.36326477,0
0.0,0.0,0.0,1.0,0.32379153,0
0.0,0.0,0.0,1.0,0.14004195,0
0.0,0.0,0.0,1.0,0.27243176,0
1.0,1.0,0.0,1.0,0.19474271,0
0.0,0.0,0.0,0.8397381,0.06185884,0
1.0,1.0,0.0,1.0,0.10391843,0
0.0,0.0,0.0,1.0,0.16838267,0
0.0,0.0,0.0,0.67655873,0.08405388,0
0.0,0.0,0.0,1.0,0.27298972,0
0.0,0.0,0.0,1.0,0.19126639,0
0.0,0.0,0.0,1.0,0.14004195,0
0.0,0.0,0.0,1.0,0.13384561,0
1.0,1.0,0.0,1.0,0.09647579,0
0.0,0.0,0.0,1.0,0.13512823,0
1.0,1.0,0.0,1.0,0.06030022,0
0.0,0.0,0.0,1.0,0.101218395,0
0.0,0.0,0.0,1.0,0.20372179,0
0.0,0.0,0.0,1.0,0.2098577,0
0.0,0.0,0.0,1.0,0.06779732,0
0.0,0.0,0.0,1.0,0.27243176,0
0.0,0.0,0.0,1.0,0.13384561,0
1.0,1.0,0.0,1.0,0.117511205,0
0.0,0.0,0.0,1.0,0.043116983,0
1.0,1.0,0.0,0.3362956,0.05746601,1
0.0,0.0,0.0,0.70237684,0.08651998,0
0.0,0.0,0.0,1.0,0.11467671,0
0.0,0.0,0.0,1.0,0.17884913,0
0.0,0.0,0.0,1.0,0.14194843,0
0.0,0.0,0.0,1.0,0.19474271,0
0.0,0.0,0.0,1.0,0.09647579,0
0.0,0.0,0.0,1.0,0.117511205,0
1.0,1.0,0.0,1.0,0.08215059,0
0.0,0.0,0.0,1.0,0.12820561,0
0.0,0.0,0.0,1.0,0.074807614,0
0.0,0.0,0.0,1.0,0.22115098,0
0.0,0.0,0.0,1.0,0.17430377,0
0.0,0.0,0.0,1.0,0.15340509,0
0.0,0.0,0.0,0.8397889,0.06185884,0
0.0,0.0,0.0,1.0,0.13512823,0
1.0,1.0,0.0,1.0,0.043116983,0
0.0,0.0,0.0,1.0,0.08215059,0
0.0,0.0,0.0,0.6935434,0.06953007,0
0.0,0.0,0.0,1.0,0.1558732,0
0.0,0.0,0.0,1.0,0.18179382,0
0.0,0.0,0.0,0.8580896,0.092756756,0
0.0,0.0,0.0,1.0,0.23132564,0
0.0,0.0,0.0,1.0,0.10391843,0
0.0,0.0,0.0,1.0,0.06030022,0
1.0,1.0,0.0,0.33572307,0.05746601,1
0.0,0.0,0.0,1.0,0.12820561,0
1.0,1.0,0.0,0.6935434,0.06953007,0
0.0,0.0,0.0,1.0,0.20119618,0
0.0,0.0,0.0,1.0,0.113193505,0
0.0,0.0,0.0,0.85400546,0.07809352,0
0.0,0.0,0.0,1.0,0.28115156,0
0.0,0.0,0.0,1.0,0.16838267,0
0.0,0.0,0.0,1.0,0.101218395,0
1.0,1.0,0.0,0.7016022,0.08651998,0
0.0,0.0,0.0,1.0,0.074807614,0
1.0,1.0,0.0,1.0,0.1558732,0
0.0,0.0,0.0,1.0,0.20119618,0
0.0,0.0,0.0,1.0,0.2838443,0
0.0,0.0,0.0,1.0,0.24854434,0
0.0,0.0,0.0,1.0,0.080508195,0
0.0,0.0,0.0,0.67577714,0.08405388,0
0.0,0.0,0.0,1.0,0.20372179,0
1.0,1.0,0.0,1.0,0.11467671,0
0.0,0.0,0.0,1.0,0.22115098,0
1.0,1.0,0.0,1.0,0.18179382,0
0.0,0.0,0.0,1.0,0.113193505,0
0.0,0.0,0.0,1.0,0.2838443,0
0.0,0.0,0.0,1.0,0.1618197,0
0.0,0.0,0.0,1.0,0.36326477,0
0.0,0.0,0.0,1.0,0.27298972,0
0.0,0.0,0.0,1.0,0.2098577,0
1.0,1.0,0.0,1.0,0.17884913,0
0.0,0.0,0.0,1.0,0.17430377,0
1.0,1.0,0.0,0.8580896,0.092756756,0
0.0,0.0,0.0,0.85400546,0.07809352,0
0.0,0.0,0.0,1.0,0.24854434,0
0.0,0.0,0.0,1.0,0.1618197,0
0.0,0.0,0.0,1.0,0.32379153,0
0.0,0.0,0.0,1.0,0.19126639,0
0.0,0.0,0.0,1.0,0.06779732,0
1.0,1.0,0.0,1.0,0.14194843,0
0.0,0.0,0.0,1.0,0.15340509,0
1.0,1.0,0.0,1.0,0.23132564,0
0.0,0.0,0.0,1.0,0.28115156,0
0.0,0.0,0.0,1.0,0.080508195,0
0.0,0.0,0.0,1.0,0.36326477,0
0.0,0.0,0.0,1.0,0.32379153,0
0.0,0.0,0.0,1.0,0.14004195,0
0.0,0.0,0.0,1.0,0.27243176,0
1.0,1.0,0.0,1.0,0.19474271,0
0.0,0.0,0.0,0.8397889,0.06185884,0
1.0,1.0,0.0,1.0,0.10391843,0
0.0,0.0,0.0,1.0,0.16838267,0
0.0,0.0,0.0,0.67577714,0.08405388,0
0.0,0.0,0.0,1.0,0.27298972,0
0.0,0.0,0.0,1.0,0.19126639,0
0.0,0.0,0.0,1.0,0.14004195,0
0.0,0.0,0.0,1.0,0.13384561,0
1.0,1.0,0.0,1.0,0.09647579,0
0.0,0.0,0.0,1.0,0.13512823,0
1.0,1.0,0.0,1.0,0.06030022,0
0.0,0.0,0.0,1.0,0.101218395,0
0.0,0.0,0.0,1.0,0.20372179,0
0.0,0.0,0.0,1.0,0.2098577,0
0.0,0.0,0.0,1.0,0.06779732,0
0.0,0.0,0.0,1.0,0.27243176,0
0.0,0.0,0.0,1.0,0.13384561,0
1.0,1.0,0.0,1.0,0.117511205,0
0.0,0.0,0.0,1.0,0.043116983,0
1.0,1.0,0.0,0.33572307,0.05746601,1
0.0,0.0,0.0,0.7016022,0.08651998,0
0.0,0.0,0.0,1.0,0.11467671,0
0.0,0.0,0.0,1.0,0.17884913,0
0.0,0.0,0.0,1.0,0.14194843,0
0.0,0.0,0.0,1.0,0.19474271,0
0.0,0.0,0.0,1.0,0.09647579,0
0.0,0.0,0.0,1.0,0.117511205,0
1.0,1.0,0.0,1.0,0.08215059,0
0.0,0.0,0.0,1.0,0.12820561,0
0.0,0.0,0.0,1.0,0.074807614,0
0.0,0.0,0.0,1.0,0.22115098,0
0.0,0.0,0.0,1.0,0.17430377,0
0.0,0.0,0.0,1.0,0.15340509,0
0.0,0.0,0.0,0.8398402,0.06185884,0
0.0,0.0,0.0,1.0,0.13512823,0
1.0,1.0,0.0,1.0,0.043116983,0
0.0,0.0,0.0,1.0,0.08215059,0
0.0,0.0,0.0,0.6928655,0.06953007,0
0.0,0.0,0.0,1.0,0.1558732,0
0.0,0.0,0.0,1.0,0.18179382,0
0.0,0.0,0.0,0.85716283,0.092756756,0
0.0,0.0,0.0,1.0,0.23132564,0
0.0,0.0,0.0,1.0,0.10391843,0
0.0,0.0,0.0,1.0,0.06030022,0
1.0,1.0,0.0,0.33515054,0.05746601,1
0.0,0.0,0.0,1.0,0.12820561,0
1.0,1.0,0.0,0.6928655,0.06953007,0
0.0,0.0,0.0,1.0,0.20119618,0
0.0,0.0,0.0,1.0,0.113193505,0
0.0,0.0,0.0,0.8532249,0.07809352,0
0.0,0.0,0.0,1.0,0.28115156,0
0.0,0.0,0.0,1.0,0.16838267,0
0.0,0.0,0.0,1.0,0.101218395,0
1.0,1.0,0.0,0.7008278,0.08651998,0
0.0,0.0,0.0,1.0,0.074807614,0
1.0,1.0,0.0,1.0,0.1558732,0
0.0,0.0,0.0,1.0,0.20119618,0
0.0,0.0,0.0,1.0,0.2838443,0
0.0,0.0,0.0,1.0,0.24854434,0
0.0,0.0,0.0,1.0,0.080508195,0
0.0,0.0,0.0,0.67499566,0.08405388,0
0.0,0.0,0.0,1.0,0.20372179,0
1.0,1.0,0.0,1.0,0.11467671,0
0.0,0.0,0.0,1.0,0.22115098,0
1.0,1.0,0.0,1.0,0.18179382,0
0.0,0.0,0.0,1.0,0.113193505,0
0.0,0.0,0.0,1.0,0.2838443,0
0.0,0.0,0.0,1.0,0.1618197,0
0.0,0.0,0.0,1.0,0.36326477,0
0.0,0.0,0.0,1.0,0.27298972,0
0.0,0.0,0.0,1.0,0.2098577,0
1.0,1.0,0.0,1.0,0.17884913,0
0.0,0.0,0.0,1.0,0.17430377,0
1.0,1.0,0.0,0.85716283,0.092756756,0
0.0,0.0,0.0,0.8532249,0.07809352,0
0.0,0.0,0.0,1.0,0.24854434,0
0.0,0.0,0.0,1.0,0.1618197,0
0.0,0.0,0.0,1.0,0.32379153,0
0.0,0.0,0.0,1.0,0.19126639,0
0.0,0.0,0.0,1.0,0.06779732,0
1.0,1.0,0.0,1.0,0.14194843,0
0.0,0.0,0.0,1.0,0.15340509,0
1.0,1.0,0.0,1.0,0.23132564,0
0.0,0.0,0.0,1.0,0.28115156,0
0.0,0.0,0.0,1.0,0.080508195,0
0.0,0.0,0.0,1.0,0.36326477,0
0.0,0.0,0.0,1.0,0.32379153,0
0.0,0.0,0.0,1.0,0.14004195,0
0.0,0.0,0.0,1.0,0.27243176,0
1.0,1.0,0.0,1.0,0.19474271,0
0.0,0.0,0.0,0.8398402,0.06185884,0
1.0,1.0,0.0,1.0,0.10391843,0
0.0,0.0,0.0,1.0,0.16838267,0
0.0,0.0,0.0,0.67499566,0.08405388,0
0.0,0.0,0.0,1.0,0.27298972,0
0.0,0.0,0.0,1.0,0.19126639,0
0.0,0.0,0.0,1.0,0.14004195,0
0.0,0.0,0.0,1.0,0.13384561,0
1.0,1.0,0.0,1.0,0.09647579,0
0.0,0.0,0.0,1.0,0.13512823,0
1.0,1.0,0.0,1.0,0.06030022,0
0.0,0.0,0.0,1.0,0.101218395,0
0.0,0.0,0.0,1.0,0.20372179,0
0.0,0.0,0.0,1.0,0.2098577,0
0.0,0.0,0.0,1.0,0.06779732,0
0.0,0.0,0.0,1.0,0.27243176,0
0.0,0.0,0.0,1.0,0.13384561,0
1.0,1.0,0.0,1.0,0.117511205,0
0.0,0.0,0.0,1.0,0.043116983,0
1.0,1.0,0.0,0.33515054,0.05746601,1
0.0,0.0,0.0,0.7008278,0.08651998,0
0.0,0.0,0.0,1.0,0.11467671,0
0.0,0.0,0.0,1.0,0.17884913,0
0.0,0.0,0.0,1.0,0.14194843,0
0.0,0.0,0.0,1.0,0.19474271,0
0.0,0.0,0.0,1.0,0.09647579,0
0.0,0.0,0.0,1.0,0.117511205,0
1.0,1.0,0.0,1.0,0.08215059,0
0.0,0.0,0.0,1.0,0.12820561,0
0.0,0.0,0.0,1.0,0.074807614,0
0.0,0.0,0.0,1.0,0.22115098,0
0.0,0.0,0.0,1.0,0.17430377,0
0.0,0.0,0.0,1.0,0.15340509,0
0.0,0.0,0.0,0.8398919,0.06185884,0
0.0,0.0,0.0,1.0,0.13512823,0
1.0,1.0,0.0,1.0,0.043116983,0
0.0,0.0,0.0,1.0,0.08215059,0
0.0,0.0,0.0,0.69218767,0.06953007,0
0.0,0.0,0.0,1.0,0.1558732,0
0.0,0.0,0.0,1.0,0.18179382,0
0.0,0.0,0.0,0.8562361,0.092756756,0
0.0,0.0,0.0,1.0,0.23132564,0
0.0,0.0,0.0,1.0,0.10391843,0
0.0,0.0,0.0,1.0,0.06030022,0
1.0,1.0,0.0,0.33457804,0.05746601,1
0.0,0.0,0.0,1.0,0.12820561,0
1.0,1.0,0.0,0.69218767,0.06953007,0
0.0,0.0,0.0,1.0,0.20119618,0
0.0,0.0,0.0,1.0,0.113193505,0
0.0,0.0,0.0,0.85244423,0.07809352,0
0.0,0.0,0.0,1.0,0.28115156,0
0.0,0.0,0.0,1.0,0.16838267,0
0.0,0.0,0.0,1.0,0.101218395,0
1.0,1.0,0.0,0.7000536,0.08651998,0
0.0,0.0,0.0,1.0,0.074807614,0
1.0,1.0,0.0,1.0,0.1558732,0
0.0,0.0,0.0,1.0,0.20119618,0
0.0,0.0,0.0,1.0,0.2838443,0
0.0,0.0,0.0,1.0,0.24854434,0
0.0,0.0,0.0,1.0,0.080508195,0
0.0,0.0,0.0,0.67421436,0.08405388,0
0.0,0.0,0.0,1.0,0.20372179,0
1.0,1.0,0.0,1.0,0.11467671,0
0.0,0.0,0.0,1.0,0.22115098,0
1.0,1.0,0.0,1.0,0.18179382,0
0.0,0.0,0.0,1.0,0.113193505,0
0.0,0.0,0.0,1.0,0.2838443,0
0.0,0.0,0.0,1.0,0.1618197,0
0.0,0.0,0.0,1.0,0.36326477,0
0.0,0.0,0.0,1.0,0.27298972,0
0.0,0.0,0.0,1.0,0.2098577,0
1.0,1.0,0.0,1.0,0.17884913,0
0.0,0.0,0.0,1.0,0.17430377,0
1.0,1.0,0.0,0.8562361,0.092756756,0
0.0,0.0,0.0,0.85244423,0.07809352,0
0.0,0.0,0.0,1.0,0.24854434,0
0.0,0.0,0.0,1.0,0.1618197,0
0.0,0.0,0.0,1.0,0.32379153,0
0.0,0.0,0.0,1.0,0.19126639,0
0.0,0.0,0.0,1.0,0.06779732,0
1.0,1.0,0.0,1.0,0.14194843,0
0.0,0.0,0.0,1.0,0.15340509,0
1.0,1.0,0.0,1.0,0.23132564,0
0.0,0.0,0.0,1.0,0.28115156,0
0.0,0.0,0.0,1.0,0.080508195,0
0.0,0.0,0.0,1.0,0.36326477,0
0.0,0.0,0.0,1.0,0.32379153,0
0.0,0.0,0.0,1.0,0.14004195,0
0.0,0.0,0.0,1.0,0.27243176,0
1.0,1.0,0.0,1.0,0.19474271,0
0.0,0.0,0.0,0.8398919,0.06185884,0
1.0,1.0,0.0,1.0,0.10391843,0
0.0,0.0,0.0,1.0,0.16838267,0
0.0,0.0,0.0,0.67421436,0.08405388,0
0.0,0.0,0.0,1.0,0.27298972,0
0.0,0.0,0.0,1.0,0.19126639,0
0.0,0.0,0.0,1.0,0.14004195,0
0.0,0.0,0.0,1.0,0.13384561,0
1.0,1.0,0.0,1.0,0.09647579,0
0.0,0.0,0.0,1.0,0.13512823,0
1.0,1.0,0.0,1.0,0.06030022,0
0.0,0.0,0.0,1.0,0.101218395,0
0.0,0.0,0.0,1.0,0.20372179,0
0.0,0.0,0.0,1.0,0.2098577,0
0.0,0.0,0.0,1.0,0.06779732,0
0.0,0.0,0.0,1.0,0.27243176,0
0.0,0.0,0.0,1.0,0.13384561,0
1.0,1.0,0.0,1.0,0.117511205,0
0.0,0.0,0.0,1.0,0.043116983,0
1.0,1.0,0.0,0.33457804,0.05746601,1
0.0,0.0,0.0,0.7000536,0.08651998,0
0.0,0.0,0.0,1.0,0.11467671,0
0.0,0.0,0.0,1.0,0.17884913,0
0.0,0.0,0.0,1.0,0.14194843,0
0.0,0.0,0.0,1.0,0.19474271,0
0.0,0.0,0.0,1.0,0.09647579,0
0.0,0.0,0.0,1.0,0.117511205,0
1.0,1.0,0.0,1.0,0.08215059,0
0.0,0.0,0.0,1.0,0.12820561,0
0.0,0.0,0.0,1.0,0.074807614,0
0.0,0.0,0.0,1.0,0.22115098,0
0.0,0.0,0.0,1.0,0.17430377,0
0.0,0.0,0.0,1.0,0.15340509,0
0.0,0.0,0.0,0.83994406,0.06185884,0
0.0,0.0,0.0,1.0,0.13512823,0
1.0,1.0,0.0,1.0,0.043116983,0
0.0,0.0,0.0,1.0,0.08215059,0
0.0,0.0,0.0,0.6915099,0.06953007,0
0.0,0.0,0.0,1.0,0.1558732,0
0.0,0.0,0.0,1.0,0.18179382,0
0.0,0.0,0.0,0.8553093,0.092756756,0
0.0,0.0,0.0,1.0,0.23132564,0
0.0,0.0,0.0,1.0,0.10391843,0
0.0,0.0,0.0,1.0,0.06030022,0
1.0,1.0,0.0,0.33400553,0.05746601,1
0.0,0.0,0.0,1.0,0.12820561,0
1.0,1.0,0.0,0.6915099,0.06953007,0
0.0,0.0,0.0,1.0,0.20119618,0
0.0,0.0,0.0,1.0,0.113193505,0
0.0,0.0,0.0,0.85166365,0.07809352,0
0.0,0.0,0.0,1.0,0.28115156,0
0.0,0.0,0.0,1.0,0.16838267,0
0.0,0.0,0.0,1.0,0.101218395,0
1.0,1.0,0.0,0.69927955,0.08651998,0
0.0,0.0,0.0,1.0,0.074807614,0
1.0,1.0,0.0,1.0,0.1558732,0
0.0,0.0,0.0,1.0,0.20119618,0
0.0,0.0,0.0,1.0,0.2838443,0
0.0,0.0,0.0,1.0,0.24854434,0
0.0,0.0,0.0,1.0,0.080508195,0
0.0,0.0,0.0,0.6734332,0.08405388,0
0.0,0.0,0.0,1.0,0.20372179,0
1.0,1.0,0.0,1.0,0.11467671,0
0.0,0.0,0.0,1.0,0.22115098,0
1.0,1.0,0.0,1.0,0.18179382,0
0.0,0.0,0.0,1.0,0.113193505,0
0.0,0.0,0.0,1.0,0.2838443,0
0.0,0.0,0.0,1.0,0.1618197,0
0.0,0.0,0.0,1.0,0.36326477,0
0.0,0.0,0.0,1.0,0.27298972,0
0.0,0.0,0.0,1.0,0.2098577,0
1.0,1.0,0.0,1.0,0.17884913,0
0.0,0.0,0.0,1.0,0.17430377,0
1.0,1.0,0.0,0.8553093,0.092756756,0
0.0,0.0,0.0,0.85166365,0.07809352,0
0.0,0.0,0.0,1.0,0.24854434,0
0.0,0.0,0.0,1.0,0.1618197,0
0.0,0.0,0.0,1.0,0.32379153,0
0.0,0.0,0.0,1.0,0.19126639,0
0.0,0.0,0.0,1.0,0.06779732,0
1.0,1.0,0.0,1.0,0.14194843,0
0.0,0.0,0.0,1.0,0.15340509,0
1.0,1.0,0.0,1.0,0.23132564,0
0.0,0.0,0.0,1.0,0.28115156,0
0.0,0.0,0.0,1.0,0.080508195,0
0.0,0.0,0.0,1.0,0.36326477,0
0.0,0.0,0.0,1.0,0.32379153,0
0.0,0.0,0.0,1.0,0.14004195,0
0.0,0.0,0.0,1.0,0.27243176,0
1.0,1.0,0.0,1.0,0.19474271,0
0.0,0.0,0.0,0.83994406,0.06185884,0
1.0,1.0,0.0,1.0,0.10391843,0
0.0,0.0,0.0,1.0,0.16838267,0
0.0,0.0,0.0,0.6734332,0.08405388,0
0.0,0.0,0.0,1.0,0.27298972,0
0.0,0.0,0.0,1.0,0.19126639,0
0.0,0.0,0.0,1.0,0.14004195,0
0.0,0.0,0.0,1.0,0.13384561,0
1.0,1.0,0.0,1.0,0.09647579,0
0.0,0.0,0.0,1.0,0.13512823,0
1.0,1.0,0.0,1.0,0.06030022,0
0.0,0.0,0.0,1.0,0.101218395,0
0.0,0.0,0.0,1.0,0.20372179,0
0.0,0.0,0.0,1.0,0.2098577,0
0.0,0.0,0.0,1.0,0.06779732,0
0.0,0.0,0.0,1.0,0.27243176,0
0.0,0.0,0.0,1.0,0.13384561,0
1.0,1.0,0.0,1.0,0.117511205,0
0.0,0.0,0.0,1.0,0.043116983,0
1.0,1.0,0.0,0.33400553,0.05746601,1
0.0,0.0,0.0,0.69927955,0.08651998,0
0.0,0.0,0.0,1.0,0.11467671,0
0.0,0.0,0.0,1.0,0.17884913,0
0.0,0.0,0.0,1.0,0.14194843,0
0.0,0.0,0.0,1.0,0.19474271,0
0.0,0.0,0.0,1.0,0.09647579,0
0.0,0.0,0.0,1.0,0.117511205,0
1.0,1.0,0.0,1.0,0.08215059,0
0.0,0.0,0.0,1.0,0.12820561,0
0.0,0.0,0.0,1.0,0.074807614,0
0.0,0.0,0.0,1.0,0.22115098,0
0.0,0.0,0.0,1.0,0.17430377,0
0.0,0.0,0.0,1.0,0.15340509,0
0.31418842,0.29504353,0.0,0.8399967,0.06185884,0
0.0,0.0,0.0,1.0,0.13512823,0
1.0,1.0,0.0,1.0,0.043116983,0
0.0,0.0,0.0,1.0,0.08215059,0
0.0,0.0,0.0,0.69083214,0.06953007,0
0.0,0.0,0.0,1.0,0.1558732,0
0.0,0.0,0.0,1.0,0.18179382,0
0.0,0.0,0.0,0.8543826,0.092756756,0
0.0,0.0,0.0,1.0,0.23132564,0
0.31418842,0.29504353,0.0,1.0,0.10391843,0
0.0,0.0,0.0,1.0,0.06030022,0
1.0,1.0,0.0,0.33343303,0.05746601,1
0.0,0.0,0.0,1.0,0.12820561,0
1.0,1.0,0.0,0.69083214,0.06953007,0
0.0,0.0,0.0,1.0,0.20119618,0
0.0,0.0,0.0,1.0,0.113193505,0
0.0,0.0,0.0,0.850883,0.07809352,0
0.0,0.0,0.0,1.0,0.28115156,0
0.31418842,0.29504353,0.0,1.0,0.16838267,0
0.0,0.0,0.0,1.0,0.101218395,0
1.0,1.0,0.0,0.69850576,0.08651998,0
0.0,0.0,0.0,1.0,0.074807614,0
1.0,1.0,0.0,1.0,0.1558732,0
0.0,0.0,0.0,1.0,0.20119618,0
0.0,0.0,0.0,1.0,0.2838443,0
0.0,0.0,0.0,1.0,0.24854434,0
0.0,0.0,0.0,1.0,0.080508195,0
0.31418842,0.29504353,0.0,0.6726522,0.08405388,0
0.0,0.0,0.0,1.0,0.20372179,0
1.0,1.0,0.0,1.0,0.11467671,0
0.0,0.0,0.0,1.0,0.22115098,0
1.0,1.0,0.0,1.0,0.18179382,0
0.0,0.0,0.0,1.0,0.113193505,0
0.0,0.0,0.0,1.0,0.2838443,0
0.0,0.0,0.0,1.0,0.1618197,0
0.0,0.0,0.0,1.0,0.36326477,0
0.31418842,0.29504353,0.0,1.0,0.27298972,0
0.0,0.0,0.0,1.0,0.2098577,0
1.0,1.0,0.0,1.0,0.17884913,0
0.0,0.0,0.0,1.0,0.17430377,0
1.0,1.0,0.0,0.8543826,0.092756756,0
0.0,0.0,0.0,0.850883,0.07809352,0
0.0,0.0,0.0,1.0,0.24854434,0
0.0,0.0,0.0,1.0,0.1618197,0
0.0,0.0,0.0,1.0,0.32379153,0
0.31418842,0.29504353,0.0,1.0,0.19126639,0
0.0,0.0,0.0,1.0,0.06779732,0
1.0,1.0,0.0,1.0,0.14194843,0
0.0,0.0,0.0,1.0,0.15340509,0
1.0,1.0,0.0,1.0,0.23132564,0
0.0,0.0,0.0,1.0,0.28115156,0
0.0,0.0,0.0,1.0,0.080508195,0
0.0,0.0,0.0,1.0,0.36326477,0
0.0,0.0,0.0,1.0,0.32379153,0
0.31418842,0.29504353,0.0,1.0,0.14004195,0
0.0,0.0,0.0,1.0,0.27243176,0
1.0,1.0,0.0,1.0,0.19474271,0
0.0,0.0,0.0,0.8399967,0.06185884,0
1.0,1.0,0.0,1.0,0.10391843,0
0.0,0.0,0.0,1.0,0.16838267,0
0.0,0.0,0.0,0.6726522,0.08405388,0
0.0,0.0,0.0,1.0,0.27298972,0
0.0,0.0,0.0,1.0,0.19126639,0
0.0,0.0,0.0,1.0,0.14004195,0
0.0,0.0,0.0,1.0,0.13384561,0
1.0,1.0,0.0,1.0,0.09647579,0
0.0,0.0,0.0,1.0,0.13512823,0
1.0,1.0,0.0,1.0,0.06030022,0
0.0,0.0,0.0,1.0,0.101218395,0
0.0,0.0,0.0,1.0,0.20372179,0
0.0,0.0,0.0,1.0,0.2098577,0
0.0,0.0,0.0,1.0,0.06779732,0
0.0,0.0,0.0,1.0,0.27243176,0
0.31418842,0.29504353,0.0,1.0,0.13384561,0
1.0,1.0,0.0,1.0,0.117511205,0
0.0,0.0,0.0,1.0,0.043116983,0
1.0,1.0,0.0,0.33343303,0.05746601,1
0.0,0.0,0.0,0.69850576,0.08651998,0
0.0,0.0,0.0,1.0,0.11467671,0
0.0,0.0,0.0,1.0,0.17884913,0
0.0,0.0,0.0,1.0,0.14194843,0
0.0,0.0,0.0,1.0,0.19474271,0
0.31418842,0.29504353,0.0,1.0,0.09647579,0
0.0,0.0,0.0,1.0,0.117511205,0
1.0,1.0,0.0,1.0,0.08215059,0
0.0,0.0,0.0,1.0,0.12820561,0
0.4350977,0.5368621,0.0,1.0,0.074807614,0
0.0,0.0,0.0,1.0,0.22115098,0
0.0,0.0,0.0,1.0,0.17430377,0
0.0,0.0,0.0,1.0,0.15340509,0
0.31418842,0.29504353,0.0,0.84004974,0.06185884,0
0.0,0.0,0.0,1.0,0.13512823,0
1.0,1.0,0.0,1.0,0.043116983,0
0.0,0.0,0.0,1.0,0.08215059,0
0.0,0.0,0.0,0.69015443,0.06953007,0
0.4350977,0.5368621,0.0,1.0,0.1558732,0
0.0,0.0,0.0,1.0,0.18179382,0
0.0,0.0,0.0,0.8534558,0.092756756,0
0.0,0.0,0.0,1.0,0.23132564,0
0.31418842,0.29504353,0.0,1.0,0.10391843,0
0.0,0.0,0.0,1.0,0.06030022,0
1.0,1.0,0.0,0.33286053,0.05746601,1
0.0,0.0,0.0,1.0,0.12820561,0
1.0,1.0,0.0,0.69015443,0.06953007,0
0.4350977,0.5368621,0.0,1.0,0.20119618,0
0.0,0.0,0.0,1.0,0.113193505,0
0.0,0.0,0.0,0.8501024,0.07809352,0
0.0,0.0,0.0,1.0,0.28115156,0
0.31418842,0.29504353,0.0,1.0,0.16838267,0
0.0,0.0,0.0,1.0,0.101218395,0
1.0,1.0,0.0,0.69773215,0.08651998,0
0.0,0.0,0.0,1.0,0.074807614,0
1.0,1.0,0.0,1.0,0.1558732,0
0.0,0.0,0.0,1.0,0.20119618,0
0.0,0.0,0.0,1.0,0.2838443,0
0.0,0.0,0.0,1.0,0.24854434,0
0.0,0.0,0.0,1.0,0.080508195,0
0.31418842,0.29504353,0.0,0.6718713,0.08405388,0
0.0,0.0,0.0,1.0,0.20372179,0
1.0,1.0,0.0,1.0,0.11467671,0
0.0,0.0,0.0,1.0,0.22115098,0
1.0,1.0,0.0,1.0,0.18179382,0
0.0,0.0,0.0,1.0,0.113193505,0
0.4350977,0.5368621,0.0,1.0,0.2838443,0
0.0,0.0,0.0,1.0,0.1618197,0
0.0,0.0,0.0,1.0,0.36326477,0
0.31418842,0.29504353,0.0,1.0,0.27298972,0
0.0,0.0,0.0,1.0,0.2098577,0
1.0,1.0,0.0,1.0,0.17884913,0
0.0,0.0,0.0,1.0,0.17430377,0
1.0,1.0,0.0,0.8534558,0.092756756,0
0.0,0.0,0.0,0.8501024,0.07809352,0
0.4350977,0.5368621,0.0,1.0,0.24854434,0
0.0,0.0,0.0,1.0,0.1618197,0
0.0,0.0,0.0,1.0,0.32379153,0
0.31418842,0.29504353,0.0,1.0,0.19126639,0
0.0,0.0,0.0,1.0,0.06779732,0
1.0,1.0,0.0,1.0,0.14194843,0
0.0,0.0,0.0,1.0,0.15340509,0
1.0,1.0,0.0,1.0,0.23132564,0
0.0,0.0,0.0,1.0,0.28115156,0
0.4350977,0.5368621,0.0,1.0,0.080508195,0
0.0,0.0,0.0,1.0,0.36326477,0
0.0,0.0,0.0,1.0,0.32379153,0
0.31418842,0.29504353,0.0,1.0,0.14004195,0
0.0,0.0,0.0,1.0,0.27243176,0
1.0,1.0,0.0,1.0,0.19474271,0
0.0,0.0,0.0,0.84004974,0.06185884,0
1.0,1.0,0.0,1.0,0.10391843,0
0.0,0.0,0.0,1.0,0.16838267,0
0.4350977,0.5368621,0.0,0.6718713,0.08405388,0
0.0,0.0,0.0,1.0,0.27298972,0
0.0,0.0,0.0,1.0,0.19126639,0
0.0,0.0,0.0,1.0,0.14004195,0
0.0,0.0,0.0,1.0,0.13384561,0
1.0,1.0,0.0,1.0,0.09647579,0
0.0,0.0,0.0,1.0,0.13512823,0
1.0,1.0,0.0,1.0,0.06030022,0
0.0,0.0,0.0,1.0,0.101218395,0
0.4350977,0.5368621,0.0,1.0,0.20372179,0
0.0,0.0,0.0,1.0,0.2098577,0
0.0,0.0,0.0,1.0,0.06779732,0
0.0,0.0,0.0,1.0,0.27243176,0
0.31418842,0.29504353,0.0,1.0,0.13384561,0
1.0,1.0,0.0,1.0,0.117511205,0
0.0,0.0,0.0,1.0,0.043116983,0
1.0,1.0,0.0,0.33286053,0.05746601,1
0.0,0.0,0.0,0.69773215,0.08651998,0
0.4350977,0.5368621,0.0,1.0,0.11467671,0
0.0,0.0,0.0,1.0,0.17884913,0
0.0,0.0,0.0,1.0,0.14194843,0
0.0,0.0,0.0,1.0,0.19474271,0
0.31418842,0.29504353,0.0,1.0,0.09647579,0
0.0,0.0,0.0,1.0,0.117511205,0
1.0,1.0,0.0,1.0,0.08215059,0
0.0,0.0,0.0,1.0,0.12820561,0
0.4350977,0.5368621,0.0,1.0,0.074807614,0
0.0,0.0,0.0,1.0,0.22115098,0
0.0,0.0,0.0,1.0,0.17430377,0
0.0,0.0,0.0,1.0,0.15340509,0
0.31418842,0.29504353,0.0,0.8401033,0.06185884,0
0.0,0.0,0.0,1.0,0.13512823,0
1.0,1.0,0.0,1.0,0.043116983,0
0.0,0.0,0.0,1.0,0.08215059,0
0.0,0.0,0.0,0.6894767,0.06953007,0
0.4350977,0.5368621,0.0,1.0,0.1558732,0
0.0,0.0,0.0,1.0,0.18179382,0
0.0,0.0,0.0,0.85252905,0.092756756,0
0.0,0.0,0.0,1.0,0.23132564,0
0.31418842,0.29504353,0.0,1.0,0.10391843,0
0.0,0.0,0.0,1.0,0.06030022,0
1.0,1.0,0.0,0.33228806,0.05746601,1
0.0,0.0,0.0,1.0,0.12820561,0
1.0,1.0,0.0,0.6894767,0.06953007,0
0.4350977,0.5368621,0.0,1.0,0.20119618,0
0.0,0.0,0.0,1.0,0.113193505,0
0.0,0.0,0.0,0.8493218,0.07809352,0
0.0,0.0,0.0,1.0,0.28115156,0
0.31418842,0.29504353,0.0,1.0,0.16838267,0
0.0,0.0,0.0,1.0,0.101218395,0
1.0,1.0,0.0,0.6969588,0.08651998,0
0.0,0.0,0.0,1.0,0.074807614,0
1.0,1.0,0.0,1.0,0.1558732,0
0.0,0.0,0.0,1.0,0.20119618,0
0.0,0.0,0.0,1.0,0.2838443,0
0.0,0.0,0.0,1.0,0.24854434,0
0.0,0.0,0.0,1.0,0.080508195,0
0.31418842,0.29504353,0.0,0.67109054,0.08405388,0
0.0,0.0,0.0,1.0,0.20372179,0
1.0,1.0,0.0,1.0,0.11467671,0
0.0,0.0,0.0,1.0,0.22115098,0
1.0,1.0,0.0,1.0,0.18179382,0
0.0,0.0,0.0,1.0,0.113193505,0
0.4350977,0.5368621,0.0,1.0,0.2838443,0
0.0,0.0,0.0,1.0,0.1618197,0
0.0,0.0,0.0,1.0,0.36326477,0
0.31418842,0.29504353,0.0,1.0,0.27298972,0
0.0,0.0,0.0,1.0,0.2098577,0
1.0,1.0,0.0,1.0,0.17884913,0
0.0,0.0,0.0,1.0,0.17430377,0
1.0,1.0,0.0,0.85252905,0.092756756,0
0.0,0.0,0.0,0.8493218,0.07809352,0
0.4350977,0.5368621,0.0,1.0,0.24854434,0
0.0,0.0,0.0,1.0,0.1618197,0
0.0,0.0,0.0,1.0,0.32379153,0
0.31418842,0.29504353,0.0,1.0,0.19126639,0
0.0,0.0,0.0,1.0,0.06779732,0
1.0,1.0,0.0,1.0,0.14194843,0
0.0,0.0,0.0,1.0,0.15340509,0
1.0,1.0,0.0,1.0,0.23132564,0
0.0,0.0,0.0,1.0,0.28115156,0
0.4350977,0.5368621,0.0,1.0,0.080508195,0
0.0,0.0,0.0,1.0,0.36326477,0
0.0,0.0,0.0,1.0,0.32379153,0
0.31418842,0.29504353,0.0,1.0,0.14004195,0
0.0,0.0,0.0,1.0,0.27243176,0
1.0,1.0,0.0,1.0,0.19474271,0
0.0,0.0,0.0,0.8401033,0.06185884,0
1.0,1.0,0.0,1.0,0.10391843,0
0.0,0.0,0.0,1.0,0.16838267,0
0.4350977,0.5368621,0.0,0.67109054,0.08405388,0
0.0,0.0,0.0,1.0,0.27298972,0
0.0,0.0,0.0,1.0,0.19126639,0
0.0,0.0,0.0,1.0,0.14004195,0
0.0,0.0,0.0,1.0,0.13384561,0
1.0,1.0,0.0,1.0,0.09647579,0
0.0,0.0,0.0,1.0,0.13512823,0
1.0,1.0,0.0,1.0,0.06030022,0
0.0,0.0,0.0,1.0,0.101218395,0
0.4350977,0.5368621,0.0,1.0,0.20372179,0
0.0,0.0,0.0,1.0,0.2098577,0
0.0,0.0,0.0,1.0,0.06779732,0
0.0,0.0,0.0,1.0,0.27243176,0
0.31418842,0.29504353,0.0,1.0,0.13384561,0
1.0,1.0,0.0,1.0,0.117511205,0
0.0,0.0,0.0,1.0,0.043116983,0
1.0,1.0,0.0,0.33228806,0.05746601,1
0.0,0.0,0.0,0.6969588,0.08651998,0
0.4350977,0.5368621,0.0,1.0,0.11467671,0
0.0,0.0,0.0,1.0,0.17884913,0
0.0,0.0,0.0,1.0,0.14194843,0
0.0,0.0,0.0,1.0,0.19474271,0
0.31418842,0.29504353,0.0,1.0,0.09647579,0
0.0,0.0,0.0,1.0,0.117511205,0
1.0,1.0,0.0,1.0,0.08215059,0
0.0,0.0,0.0,1.0,0.12820561,0
0.4350977,0.5368621,0.0,1.0,0.074807614,0
0.0,0.0,0.0,1.0,0.22115098,0
0.0,0.0,0.0,1.0,0.17430377,0
0.0,0.0,0.0,1.0,0.15340509,0
0.31418842,0.29504353,0.0,0.8401573,0.06185884,0
0.0,0.0,0.0,1.0,0.13512823,0
1.0,1.0,0.0,1.0,0.043116983,0
0.0,0.0,0.0,1.0,0.08215059,0
0.0,0.0,0.0,0.6887991,0.06953007,0
0.4350977,0.5368621,0.0,1.0,0.1558732,0
0.0,0.0,0.0,1.0,0.18179382,0
0.0,0.0,0.0,0.85160226,0.092756756,0
0.0,0.0,0.0,1.0,0.23132564,0
0.31418842,0.29504353,0.0,1.0,0.10391843,0
0.0,0.0,0.0,1.0,0.06030022,0
1.0,1.0,0.0,0.33171558,0.05746601,1
0.0,0.0,0.0,1.0,0.12820561,0
1.0,1.0,0.0,0.6887991,0.06953007,0
0.4350977,0.5368621,0.0,1.0,0.20119618,0
0.0,0.0,0.0,1.0,0.113193505,0
0.0,0.0,0.0,0.8485412,0.07809352,0
0.0,0.0,0.0,1.0,0.28115156,0
0.31418842,0.29504353,0.0,1.0,0.16838267,0
0.0,0.0,0.0,1.0,0.101218395,0
1.0,1.0,0.0,0.69618565,0.08651998,0
0.0,0.0,0.0,1.0,0.074807614,0
1.0,1.0,0.0,1.0,0.1558732,0
0.0,0.0,0.0,1.0,0.20119618,0
0.0,0.0,0.0,1.0,0.2838443,0
0.0,0.0,0.0,1.0,0.24854434,0
0.0,0.0,0.0,1.0,0.080508195,0
0.31418842,0.29504353,0.0,0.67030996,0.08405388,0
0.0,0.0,0.0,1.0,0.20372179,0
1.0,1.0,0.0,1.0,0.11467671,0
0.0,0.0,0.0,1.0,0.22115098,0
1.0,1.0,0.0,1.0,0.18179382,0
0.0,0.0,0.0,1.0,0.113193505,0
0.4350977,0.5368621,0.0,1.0,0.2838443,0
0.0,0.0,0.0,1.0,0.1618197,0
0.0,0.0,0.0,1.0,0.36326477,0
0.31418842,0.29504353,0.0,1.0,0.27298972,0
0.0,0.0,0.0,1.0,0.2098577,0
1.0,1.0,0.0,1.0,0.17884913,0
0.0,0.0,0.0,1.0,0.17430377,0
1.0,1.0,0.0,0.85160226,0.092756756,0
0.0,0.0,0.0,0.8485412,0.07809352,0
0.4350977,0.5368621,0.0,1.0,0.24854434,0
0.0,0.0,0.0,1.0,0.1618197,0
0.0,0.0,0.0,1.0,0.32379153,0
0.31418842,0.29504353,0.0,1.0,0.19126639,0
0.0,0.0,0.0,1.0,0.06779732,0
1.0,1.0,0.0,1.0,0.14194843,0
0.0,0.0,0.0,1.0,0.15340509,0
1.0,1.0,0.0,1.0,0.23132564,0
0.0,0.0,0.0,1.0,0.28115156,0
0.4350977,0.5368621,0.0,1.0,0.080508195,0
0.0,0.0,0.0,1.0,0.36326477,0
0.0,0.0,0.0,1.0,0.32379153,0
0.31418842,0.29504353,0.0,1.0,0.14004195,0
0.0,0.0,0.0,1.0,0.27243176,0
1.0,1.0,0.0,1.0,0.19474271,0
0.0,0.0,0.0,0.8401573,0.06185884,0
1.0,1.0,0.0,1.0,0.10391843,0
0.0,0.0,0.0,1.0,0.16838267,0
0.4350977,0.5368621,0.0,0.67030996,0.08405388,0
0.0,0.0,0.0,1.0,0.27298972,0
0.0,0.0,0.0,1.0,0.19126639,0
0.0,0.0,0.0,1.0,0.14004195,0
0.0,0.0,0.0,1.0,0.13384561,0
1.0,1.0,0.0,1.0,0.09647579,0
0.0,0.0,0.0,1.0,0.13512823,0
1.0,1.0,0.0,1.0,0.06030022,0
0.0,0.0,0.0,1.0,0.101218395,0
0.4350977,0.5368621,0.0,1.0,0.20372179,0
0.0,0.0,0.0,1.0,0.2098577,0
0.0,0.0,0.0,1.0,0.06779732,0
0.0,0.0,0.0,1.0,0.27243176,0
0.31418842,0.29504353,0.0,1.0,0.13384561,0
1.0,1.0,0.0,1.0,0.117511205,0
0.0,0.0,0.0,1.0,0.043116983,0
1.0,1.0,0.0,0.33171558,0.05746601,1
0.0,0.0,0.0,0.69618565,0.08651998,0
0.4350977,0.5368621,0.0,1.0,0.11467671,0
0.0,0.0,0.0,1.0,0.17884913,0
0.0,0.0,0.0,1.0,0.14194843,0
0.0,0.0,0.0,1.0,0.19474271,0
0.31418842,0.29504353,0.0,1.0,0.09647579,0
0.0,0.0,0.0,1.0,0.117511205,0
1.0,1.0,0.0,1.0,0.08215059,0
0.0,0.0,0.0,1.0,0.12820561,0
0.4350977,0.5368621,0.0,1.0,0.074807614,0
0.0,0.0,0.0,1.0,0.22115098,0
0.0,0.0,0.0,1.0,0.17430377,0
0.0,0.0,0.0,1.0,0.15340509,0
0.31418842,0.29504353,0.0,0.84021175,0.06185884,0
0.0,0.0,0.0,1.0,0.13512823,0
1.0,1.0,0.0,1.0,0.043116983,0
0.0,0.0,0.0,1.0,0.08215059,0
0.0,0.0,0.0,0.68812144,0.06953007,0
0.4350977,0.5368621,0.0,1.0,0.1558732,0
0.0,0.0,0.0,1.0,0.18179382,0
0.0,0.0,0.0,0.8506755,0.092756756,0
0.0,0.0,0.0,1.0,0.23132564,0
0.31418842,0.29504353,0.0,1.0,0.10391843,0
0.0,0.0,0.0,1.0,0.06030022,0
1.0,1.0,0.0,0.3311431,0.05746601,1
0.0,0.0,0.0,1.0,0.12820561,0
1.0,1.0,0.0,0.68812144,0.06953007,0
0.4350977,0.5368621,0.0,1.0,0.20119618,0
0.0,0.0,0.0,1.0,0.113193505,0
0.0,0.0,0.0,0.84776056,0.07809352,0
0.0,0.0,0.0,1.0,0.28115156,0
0.31418842,0.29504353,0.0,1.0,0.16838267,0
0.0,0.0,0.0,1.0,0.101218395,0
1.0,1.0,0.0,0.6954127,0.08651998,0
0.0,0.0,0.0,1.0,0.074807614,0
1.0,1.0,0.0,1.0,0.1558732,0
0.0,0.0,0.0,1.0,0.20119618,0
0.0,0.0,0.0,1.0,0.2838443,0
0.0,0.0,0.0,1.0,0.24854434,0
0.0,0.0,0.0,1.0,0.080508195,0
0.31418842,0.29504353,0.0,0.6695295,0.08405388,0
0.0,0.0,0.0,1.0,0.20372179,0
1.0,1.0,0.0,1.0,0.11467671,0
0.0,0.0,0.0,1.0,0.22115098,0
1.0,1.0,0.0,1.0,0.18179382,0
0.0,0.0,0.0,1.0,0.113193505,0
0.4350977,0.5368621,0.0,1.0,0.2838443,0
0.0,0.0,0.0,1.0,0.1618197,0
0.0,0.0,0.0,1.0,0.36326477,0
0.31418842,0.29504353,0.0,1.0,0.27298972,0
0.0,0.0,0.0,1.0,0.2098577,0
1.0,1.0,0.0,1.0,0.17884913,0
0.0,0.0,0.0,1.0,0.17430377,0
1.0,1.0,0.0,0.8506755,0.092756756,0
0.0,0.0,0.0,0.84776056,0.07809352,0
0.4350977,0.5368621,0.0,1.0,0.24854434,0
0.0,0.0,0.0,1.0,0.1618197,0
0.0,0.0,0.0,1.0,0.32379153,0
0.31418842,0.29504353,0.0,1.0,0.19126639,0
0.0,0.0,0.0,1.0,0.06779732,0
1.0,1.0,0.0,1.0,0.14194843,0
0.0,0.0,0.0,1.0,0.15340509,0
1.0,1.0,0.0,1.0,0.23132564,0
0.0,0.0,0.0,1.0,0.28115156,0
0.4350977,0.5368621,0.0,1.0,0.080508195,0
0.0,0.0,0.0,1.0,0.36326477,0
0.0,0.0,0.0,1.0,0.32379153,0
0.31418842,0.29504353,0.0,1.0,0.14004195,0
0.0,0.0,0.0,1.0,0.27243176,0
1.0,1.0,0.0,1.0,0.19474271,0
0.0,0.0,0.0,0.84021175,0.06185884,0
1.0,1.0,0.0,1.0,0.10391843,0
0.0,0.0,0.0,1.0,0.16838267,0
0.4350977,0.5368621,0.0,0.6695295,0.08405388,0
0.0,0.0,0.0,1.0,0.27298972,0
0.0,0.0,0.0,1.0,0.19126639,0
0.0,0.0,0.0,1.0,0.14004195,0
0.0,0.0,0.0,1.0,0.13384561,0
1.0,1.0,0.0,1.0,0.09647579,0
0.0,0.0,0.0,1.0,0.13512823,0
1.0,1.0,0.0,1.0,0.06030022,0
0.0,0.0,0.0,1.0,0.101218395,0
0.4350977,0.5368621,0.0,1.0,0.20372179,0
0.0,0.0,0.0,1.0,0.2098577,0
0.0,0.0,0.0,1.0,0.06779732,0
0.0,0.0,0.0,1.0,0.27243176,0
0.31418842,0.29504353,0.0,1.0,0.13384561,0
1.0,1.0,0.0,1.0,0.117511205,0
0.0,0.0,0.0,1.0,0.043116983,0
1.0,1.0,0.0,0.3311431,0.05746601,1
0.0,0.0,0.0,0.6954127,0.08651998,0
0.4350977,0.5368621,0.0,1.0,0.11467671,0
0.0,0.0,0.0,1.0,0.17884913,0
0.0,0.0,0.0,1.0,0.14194843,0
0.0,0.0,0.0,1.0,0.19474271,0
0.31418842,0.29504353,0.0,1.0,0.09647579,0
0.0,0.0,0.0,1.0,0.117511205,0
1.0,1.0,0.0,1.0,0.08215059,0
0.0,0.0,0.0,1.0,0.12820561,0
0.4350977,0.5368621,0.0,1.0,0.074807614,0
0.0,0.0,0.0,1.0,0.22115098,0
0.0,0.0,0.0,1.0,0.17430377,0
0.0,0.0,0.0,1.0,0.15340509,0
0.31418842,0.29504353,0.0,0.8402666,0.06185884,0
0.0,0.0,0.0,1.0,0.13512823,0
1.0,1.0,0.0,1.0,0.043116983,0
0.0,0.0,0.0,1.0,0.08215059,0
0.0,0.0,0.0,0.68744385,0.06953007,0
0.4350977,0.5368621,0.0,1.0,0.1558732,0
0.0,0.0,0.0,1.0,0.18179382,0
0.0,0.0,0.0,0.8497488,0.092756756,0
0.0,0.0,0.0,1.0,0.23132564,0
0.31418842,0.29504353,0.0,1.0,0.10391843,0
0.0,0.0,0.0,1.0,0.06030022,0
1.0,1.0,0.0,0.33057064,0.05746601,1
0.0,0.0,0.0,1.0,0.12820561,0
1.0,1.0,0.0,0.68744385,0.06953007,0
0.4350977,0.5368621,0.0,1.0,0.20119618,0
0.0,0.0,0.0,1.0,0.113193505,0
0.0,0.0,0.0,0.84698,0.07809352,0
0.0,0.0,0.0,1.0,0.28115156,0
0.31418842,0.29504353,0.0,1.0,0.16838267,0
0.0,0.0,0.0,1.0,0.101218395,0
1.0,1.0,0.0,0.69464,0.08651998,0
0.0,0.0,0.0,1.0,0.074807614,0
1.0,1.0,0.0,1.0,0.1558732,0
0.0,0.0,0.0,1.0,0.20119618,0
0.0,0.0,0.0,1.0,0.2838443,0
0.0,0.0,0.0,1.0,0.24854434,0
0.0,0.0,0.0,1.0,0.080508195,0
0.31418842,0.29504353,0.0,0.6687492,0.08405388,0
0.0,0.0,0.0,1.0,0.20372179,0
1.0,1.0,0.0,1.0,0.11467671,0
0.0,0.0,0.0,1.0,0.22115098,0
1.0,1.0,0.0,1.0,0.18179382,0
0.0,0.0,0.0,1.0,0.113193505,0
0.4350977,0.5368621,0.0,1.0,0.2838443,0
0.0,0.0,0.0,1.0,0.1618197,0
0.0,0.0,0.0,1.0,0.36326477,0
0.31418842,0.29504353,0.0,1.0,0.27298972,0
0.0,0.0,0.0,1.0,0.2098577,0
1.0,1.0,0.0,1.0,0.17884913,0
0.0,0.0,0.0,1.0,0.17430377,0
1.0,1.0,0.0,0.8497488,0.092756756,0
0.0,0.0,0.0,0.84698,0.07809352,0
0.4350977,0.5368621,0.0,1.0,0.24854434,0
0.0,0.0,0.0,1.0,0.1618197,0
0.0,0.0,0.0,1.0,0.32379153,0
0.31418842,0.29504353,0.0,1.0,0.19126639,0
0.0,0.0,0.0,1.0,0.06779732,0
1.0,1.0,0.0,1.0,0.14194843,0
0.0,0.0,0.0,1.0,0.15340509,0
1.0,1.0,0.0,1.0,0.23132564,0
0.0,0.0,0.0,1.0,0.28115156,0
0.4350977,0.5368621,0.0,1.0,0.080508195,0
0.0,0.0,0.0,1.0,0.36326477,0
0.0,0.0,0.0,1.0,0.32379153,0
0.31418842,0.29504353,0.0,1.0,0.14004195,0
0.0,0.0,0.0,1.0,0.27243176,0
1.0,1.0,0.0,1.0,0.19474271,0
0.0,0.0,0.0,0.8402666,0.06185884,0
1.0,1.0,0.0,1.0,0.10391843,0
0.0,0.0,0.0,1.0,0.16838267,0
0.4350977,0.5368621,0.0,0.6687492,0.08405388,0
0.0,0.0,0.0,1.0,0.27298972,0
0.0,0.0,0.0,1.0,0.19126639,0
0.0,0.0,0.0,1.0,0.14004195,0
0.0,0.0,0.0,1.0,0.13384561,0
1.0,1.0,0.0,1.0,0.09647579,0
0.0,0.0,0.0,1.0,0.13512823,0
1.0,1.0,0.0,1.0,0.06030022,0
0.0,0.0,0.0,1.0,0.101218395,0
0.4350977,0.5368621,0.0,1.0,0.20372179,0
0.0,0.0,0.0,1.0,0.2098577,0
0.0,0.0,0.0,1.0,0.06779732,0
0.0,0.0,0.0,1.0,0.27243176,0
0.31418842,0.29504353,0.0,1.0,0.13384561,0
1.0,1.0,0.0,1.0,0.117511205,0
0.0,0.0,0.0,1.0,0.043116983,0
1.0,1.0,0.0,0.33057064,0.05746601,1
0.0,0.0,0.0,0.69464,0.08651998,0
0.4350977,0.5368621,0.0,1.0,0.11467671,0
0.0,0.0,0.0,1.0,0.17884913,0
0.0,0.0,0.0,1.0,0.14194843,0
0.0,0.0,0.0,1.0,0.19474271,0
0.31418842,0.29504353,0.0,1.0,0.09647579,0
0.0,0.0,0.0,1.0,0.117511205,0
1.0,1.0,0.0,1.0,0.08215059,0
0.0,0.0,0.0,1.0,0.12820561,0
0.4350977,0.5368621,0.0,1.0,0.074807614,0
0.0,0.0,0.0,1.0,0.22115098,0
0.0,0.0,0.0,1.0,0.17430377,0
0.0,0.0,0.0,1.0,0.15340509,0
0.31418842,0.29504353,0.0,0.84032196,0.06185884,0
0.0,0.0,0.0,1.0,0.13512823,0
1.0,1.0,0.0,1.0,0.043116983,0
0.0,0.0,0.0,1.0,0.08215059,0
0.0,0.0,0.0,0.6867663,0.06953007,0
0.4350977,0.5368621,0.0,1.0,0.1558732,0
0.0,0.0,0.0,1.0,0.18179382,0
0.0,0.0,0.0,0.848822,0.092756756,0
0.0,0.0,0.0,1.0,0.23132564,0
0.31418842,0.29504353,0.0,1.0,0.10391843,0
0.0,0.0,0.0,1.0,0.06030022,0
1.0,1.0,0.0,0.3299982,0.05746601,1
0.0,0.0,0.0,1.0,0.12820561,0
1.0,1.0,0.0,0.6867663,0.06953007,0
0.4350977,0.5368621,0.0,1.0,0.20119618,0
0.0,0.0,0.0,1.0,0.113193505,0
0.0,0.0,0.0,0.8461994,0.07809352,0
0.0,0.0,0.0,1.0,0.28115156,0
0.31418842,0.29504353,0.0,1.0,0.16838267,0
0.0,0.0,0.0,1.0,0.101218395,0
1.0,1.0,0.0,0.6938675,0.08651998,0
0.0,0.0,0.0,1.0,0.074807614,0
1.0,1.0,0.0,1.0,0.1558732,0
0.0,0.0,0.0,1.0,0.20119618,0
0.0,0.0,0.0,1.0,0.2838443,0
0.0,0.0,0.0,1.0,0.24854434,0
0.0,0.0,0.0,1.0,0.080508195,0
0.31418842,0.29504353,0.0,0.66796905,0.08405388,0
0.0,0.0,0.0,1.0,0.20372179,0
1.0,1.0,0.0,1.0,0.11467671,0
0.0,0.0,0.0,1.0,0.22115098,0
1.0,1.0,0.0,1.0,0.18179382,0
0.0,0.0,0.0,1.0,0.113193505,0
0.4350977,0.5368621,0.0,1.0,0.2838443,0
0.0,0.0,0.0,1.0,0.1618197,0
0.0,0.0,0.0,1.0,0.36326477,0
0.31418842,0.29504353,0.0,1.0,0.27298972,0
0.0,0.0,0.0,1.0,0.2098577,0
1.0,1.0,0.0,1.0,0.17884913,0
0.0,0.0,0.0,1.0,0.17430377,0
1.0,1.0,0.0,0.848822,0.092756756,0
0.0,0.0,0.0,0.8461994,0.07809352,0
0.4350977,0.5368621,0.0,1.0,0.24854434,0
0.0,0.0,0.0,1.0,0.1618197,0
0.0,0.0,0.0,1.0,0.32379153,0
0.31418842,0.29504353,0.0,1.0,0.19126639,0
0.0,0.0,0.0,1.0,0.06779732,0
1.0,1.0,0.0,1.0,0.14194843,0
0.0,0.0,0.0,1.0,0.15340509,0
1.0,1.0,0.0,1.0,0.23132564,0
0.0,0.0,0.0,1.0,0.28115156,0
0.4350977,0.5368621,0.0,1.0,0.080508195,0
0.0,0.0,0.0,1.0,0.36326477,0
0.0,0.0,0.0,1.0,0.32379153,0
0.31418842,0.29504353,0.0,1.0,0.14004195,0
0.0,0.0,0.0,1.0,0.27243176,0
1.0,1.0,0.0,1.0,0.19474271,0
0.0,0.0,0.0,0.84032196,0.06185884,0
1.0,1.0,0.0,1.0,0.10391843,0
0.0,0.0,0.0,1.0,0.16838267,0
0.4350977,0.5368621,0.0,0.66796905,0.08405388,0
0.0,0.0,0.0,1.0,0.27298972,0
0.0,0.0,0.0,1.0,0.19126639,0
0.0,0.0,0.0,1.0,0.14004195,0
0.0,0.0,0.0,1.0,0.13384561,0
1.0,1.0,0.0,1.0,0.09647579,0
0.0,0.0,0.0,1.0,0.13512823,0
1.0,1.0,0.0,1.0,0.06030022,0
0.0,0.0,0.0,1.0,0.101218395,0
0.4350977,0.5368621,0.0,1.0,0.20372179,0
0.0,0.0,0.0,1.0,0.2098577,0
0.0,0.0,0.0,1.0,0.06779732,0
0.0,0.0,0.0,1.0,0.27243176,0
0.31418842,0.29504353,0.0,1.0,0.13384561,0
1.0,1.0,0.0,1.0,0.117511205,0
0.0,0.0,0.0,1.0,0.043116983,0
1.0,1.0,0.0,0.3299982,0.05746601,1
0.0,0.0,0.0,0.6938675,0.08651998,0
0.4350977,0.5368621,0.0,1.0,0.11467671,0
0.0,0.0,0.0,1.0,0.17884913,0
0.0,0.0,0.0,1.0,0.14194843,0
0.0,0.0,0.0,1.0,0.19474271,0
0.31418842,0.29504353,0.0,1.0,0.09647579,0
0.0,0.0,0.0,1.0,0.117511205,0
1.0,1.0,0.0,1.0,0.08215059,0
0.0,0.0,0.0,1.0,0.12820561,0
0.4350977,0.5368621,0.0,1.0,0.074807614,0
0.0,0.0,0.0,1.0,0.22115098,0
0.0,0.0,0.0,1.0,0.17430377,0
0.0,0.0,0.0,1.0,0.15340509,0
0.31418842,0.29504353,0.0,0.84037775,0.06185884,0
0.0,0.0,0.0,1.0,0.13512823,0
1.0,1.0,0.0,1.0,0.043116983,0
0.0,0.0,0.0,1.0,0.08215059,0
0.0,0.0,0.0,0.6860888,0.06953007,0
0.4350977,0.5368621,0.0,1.0,0.1558732,0
0.0,0.0,0.0,1.0,0.18179382,0
0.0,0.0,0.0,0.84789526,0.092756756,0
0.0,0.0,0.0,1.0,0.23132564,0
0.31418842,0.29504353,0.0,1.0,0.10391843,0
0.0,0.0,0.0,1.0,0.06030022,0
1.0,1.0,0.0,0.32942575,0.05746601,1
0.0,0.0,0.0,1.0,0.12820561,0
1.0,1.0,0.0,0.6860888,0.06953007,0
0.4350977,0.5368621,0.0,1.0,0.20119618,0
0.0,0.0,0.0,1.0,0.113193505,0
0.0,0.0,0.0,0.84541875,0.07809352,0
0.0,0.0,0.0,1.0,0.28115156,0
0.31418842,0.29504353,0.0,1.0,0.16838267,0
0.0,0.0,0.0,1.0,0.101218395,0
1.0,1.0,0.0,0.6930952,0.08651998,0
0.0,0.0,0.0,1.0,0.074807614,0
1.0,1.0,0.0,1.0,0.1558732,0
0.0,0.0,0.0,1.0,0.20119618,0
0.0,0.0,0.0,1.0,0.2838443,0
0.0,0.0,0.0,1.0,0.24854434,0
0.0,0.0,0.0,1.0,0.080508195,0
0.31418842,0.29504353,0.0,0.66718906,0.08405388,0
0.0,0.0,0.0,1.0,0.20372179,0
1.0,1.0,0.0,1.0,0.11467671,0
0.0,0.0,0.0,1.0,0.22115098,0
1.0,1.0,0.0,1.0,0.18179382,0
0.0,0.0,0.0,1.0,0.113193505,0
0.4350977,0.5368621,0.0,1.0,0.2838443,0
0.0,0.0,0.0,1.0,0.1618197,0
0.0,0.0,0.0,1.0,0.36326477,0
0.31418842,0.29504353,0.0,1.0,0.27298972,0
0.0,0.0,0.0,1.0,0.2098577,0
1.0,1.0,0.0,1.0,0.17884913,0
0.0,0.0,0.0,1.0,0.17430377,0
1.0,1.0,0.0,0.84789526,0.092756756,0
0.0,0.0,0.0,0.84541875,0.07809352,0
0.4350977,0.5368621,0.0,1.0,0.24854434,0
0.0,0.0,0.0,1.0,0.1618197,0
0.0,0.0,0.0,1.0,0.32379153,0
0.31418842,0.29504353,0.0,1.0,0.19126639,0
0.0,0.0,0.0,1.0,0.06779732,0
1.0,1.0,0.0,1.0,0.14194843,0
0.0,0.0,0.0,1.0,0.15340509,0
1.0,1.0,0.0,1.0,0.23132564,0
0.0,0.0,0.0,1.0,0.28115156,0
0.4350977,0.5368621,0.0,1.0,0.080508195,0
0.0,0.0,0.0,1.0,0.36326477,0
0.0,0.0,0.0,1.0,0.32379153,0
0.31418842,0.29504353,0.0,1.0,0.14004195,0
0.0,0.0,0.0,1.0,0.27243176,0
1.0,1.0,0.0,1.0,0.19474271,0
0.0,0.0,0.0,0.84037775,0.06185884,0
1.0,1.0,0.0,1.0,0.10391843,0
0.0,0.0,0.0,1.0,0.16838267,0
0.4350977,0.5368621,0.0,0.66718906,0.08405388,0
0.0,0.0,0.0,1.0,0.27298972,0
0.0,0.0,0.0,1.0,0.19126639,0
0.0,0.0,0.0,1.0,0.14004195,0
0.0,0.0,0.0,1.0,0.13384561,0
1.0,1.0,0.0,1.0,0.09647579,0
0.0,0.0,0.0,1.0,0.13512823,0
1.0,1.0,0.0,1.0,0.06030022,0
0.0,0.0,0.0,1.0,0.101218395,0
0.4350977,0.5368621,0.0,1.0,0.20372179,0
0.0,0.0,0.0,1.0,0.2098577,0
0.0,0.0,0.0,1.0,0.06779732,0
0.0,0.0,0.0,1.0,0.27243176,0
0.31418842,0.29504353,0.0,1.0,0.13384561,0
1.0,1.0,0.0,1.0,0.117511205,0
0.0,0.0,0.0,1.0,0.043116983,0
1.0,1.0,0.0,0.32942575,0.05746601,1
0.0,0.0,0.0,0.6930952,0.08651998,0
0.4350977,0.5368621,0.0,1.0,0.11467671,0
0.0,0.0,0.0,1.0,0.17884913,0
0.0,0.0,0.0,1.0,0.14194843,0
0.0,0.0,0.0,1.0,0.19474271,0
0.31418842,0.29504353,0.0,1.0,0.09647579,0
0.0,0.0,0.0,1.0,0.117511205,0
1.0,1.0,0.0,1.0,0.08215059,0
0.0,0.0,0.0,1.0,0.12820561,0
0.4350977,0.5368621,0.0,1.0,0.074807614,0
0.0,0.0,0.0,1.0,0.22115098,0
0.0,0.0,0.0,1.0,0.17430377,0
0.0,0.0,0.0,1.0,0.15340509,0
0.31418842,0.29504353,0.0,0.84043396,0.06185884,0
0.0,0.0,0.0,1.0,0.13512823,0
1.0,1.0,0.0,1.0,0.043116983,0
0.0,0.0,0.0,1.0,0.08215059,0
0.0,0.0,0.0,0.68541133,0.06953007,0
0.4350977,0.5368621,0.0,1.0,0.1558732,0
0.0,0.0,0.0,1.0,0.18179382,0
0.0,0.0,0.0,0.84696853,0.092756756,0
0.0,0.0,0.0,1.0,0.23132564,0
0.31418842,0.29504353,0.0,1.0,0.10391843,0
0.0,0.0,0.0,1.0,0.06030022,0
1.0,1.0,0.0,0.3288533,0.05746601,1
0.0,0.0,0.0,1.0,0.12820561,0
1.0,1.0,0.0,0.68541133,0.06953007,0
0.4350977,0.5368621,0.0,1.0,0.20119618,0
0.0,0.0,0.0,1.0,0.113193505,0
0.0,0.0,0.0,0.84463817,0.07809352,0
0.0,0.0,0.0,1.0,0.28115156,0
0.31418842,0.29504353,0.0,1.0,0.16838267,0
0.0,0.0,0.0,1.0,0.101218395,0
1.0,1.0,0.0,0.69232315,0.08651998,0
0.0,0.0,0.0,1.0,0.074807614,0
1.0,1.0,0.0,1.0,0.1558732,0
0.0,0.0,0.0,1.0,0.20119618,0
0.0,0.0,0.0,1.0,0.2838443,0
0.0,0.0,0.0,1.0,0.24854434,0
0.0,0.0,0.0,1.0,0.080508195,0
0.31418842,0.29504353,0.0,0.6664092,0.08405388,0
0.0,0.0,0.0,1.0,0.20372179,0
1.0,1.0,0.0,1.0,0.11467671,0
0.0,0.0,0.0,1.0,0.22115098,0
1.0,1.0,0.0,1.0,0.18179382,0
0.0,0.0,0.0,1.0,0.113193505,0
0.4350977,0.5368621,0.0,1.0,0.2838443,0
0.0,0.0,0.0,1.0,0.1618197,0
0.0,0.0,0.0,1.0,0.36326477,0
0.31418842,0.29504353,0.0,1.0,0.27298972,0
0.0,0.0,0.0,1.0,0.2098577,0
1.0,1.0,0.0,1.0,0.17884913,0
0.0,0.0,0.0,1.0,0.17430377,0
1.0,1.0,0.0,0.84696853,0.092756756,0
0.0,0.0,0.0,0.84463817,0.07809352,0
0.4350977,0.5368621,0.0,1.0,0.24854434,0
0.0,0.0,0.0,1.0,0.1618197,0
0.0,0.0,0.0,1.0,0.32379153,0
0.31418842,0.29504353,0.0,1.0,0.19126639,0
0.0,0.0,0.0,1.0,0.06779732,0
1.0,1.0,0.0,1.0,0.14194843,0
0.0,0.0,0.0,1.0,0.15340509,0
1.0,1.0,0.0,1.0,0.23132564,0
0.0,0.0,0.0,1.0,0.28115156,0
0.4350977,0.5368621,0.0,1.0,0.080508195,0
0.0,0.0,0.0,1.0,0.36326477,0
0.0,0.0,0.0,1.0,0.32379153,0
0.31418842,0.29504353,0.0,1.0,0.14004195,0
0.0,0.0,0.0,1.0,0.27243176,0
1.0,1.0,0.0,1.0,0.19474271,0
0.0,0.0,0.0,0.84043396,0.06185884,0
1.0,1.0,0.0,1.0,0.10391843,0
0.0,0.0,0.0,1.0,0.16838267,0
0.4350977,0.5368621,0.0,0.6664092,0.08405388,0
0.0,0.0,0.0,1.0,0.27298972,0
0.0,0.0,0.0,1.0,0.19126639,0
0.0,0.0,0.0,1.0,0.14004195,0
0.0,0.0,0.0,1.0,0.13384561,0
1.0,1.0,0.0,1.0,0.09647579,0
0.0,0.0,0.0,1.0,0.13512823,0
1.0,1.0,0.0,1.0,0.06030022,0
0.0,0.0,0.0,1.0,0.101218395,0
0.4350977,0.5368621,0.0,1.0,0.20372179,0
0.0,0.0,0.0,1.0,0.2098577,0
0.0,0.0,0.0,1.0,0.06779732,0
0.0,0.0,0.0,1.0,0.27243176,0
0.31418842,0.29504353,0.0,1.0,0.13384561,0
1.0,1.0,0.0,1.0,0.117511205,0
0.0,0.0,0.0,1.0,0.043116983,0
1.0,1.0,0.0,0.3288533,0.05746601,1
0.0,0.0,0.0,0.69232315,0.08651998,0
0.4350977,0.5368621,0.0,1.0,0.11467671,0
0.0,0.0,0.0,1.0,0.17884913,0
0.0,0.0,0.0,1.0,0.14194843,0
0.0,0.0,0.0,1.0,0.19474271,0
0.31418842,0.29504353,0.0,1.0,0.09647579,0
0.0,0.0,0.0,1.0,0.117511205,0
1.0,1.0,0.0,1.0,0.08215059,0
0.0,0.0,0.0,1.0,0.12820561,0
0.4350977,0.5368621,0.0,1.0,0.074807614,0
0.0,0.0,0.0,1.0,0.22115098,0
0.0,0.0,0.0,1.0,0.17430377,0
0.0,0.0,0.0,1.0,0.15340509,0
0.31418842,0.29504353,0.0,0.8404907,0.06185884,0
0.0,0.0,0.0,1.0,0.13512823,0
1.0,1.0,0.0,1.0,0.043116983,0
0.0,0.0,0.0,1.0,0.08215059,0
0.0,0.0,0.0,0.68473387,0.06953007,0
0.4350977,0.5368621,0.0,1.0,0.1558732,0
0.0,0.0,0.0,1.0,0.18179382,0
0.0,0.0,0.0,0.84604174,0.092756756,0
0.0,0.0,0.0,1.0,0.23132564,0
0.31418842,0.29504353,0.0,1.0,0.10391843,0
0.0,0.0,0.0,1.0,0.06030022,0
1.0,1.0,0.0,0.32828087,0.05746601,1
0.0,0.0,0.0,1.0,0.12820561,0
1.0,1.0,0.0,0.68473387,0.06953007,0
0.4350977,0.5368621,0.0,1.0,0.20119618,0
0.0,0.0,0.0,1.0,0.113193505,0
0.0,0.0,0.0,0.8438576,0.07809352,0
0.0,0.0,0.0,1.0,0.28115156,0
0.31418842,0.29504353,0.0,1.0,0.16838267,0
0.0,0.0,0.0,1.0,0.101218395,0
1.0,1.0,0.0,0.6915513,0.08651998,0
0.0,0.0,0.0,1.0,0.074807614,0
1.0,1.0,0.0,1.0,0.1558732,0
0.0,0.0,0.0,1.0,0.20119618,0
0.0,0.0,0.0,1.0,0.2838443,0
0.0,0.0,0.0,1.0,0.24854434,0
0.0,0.0,0.0,1.0,0.080508195,0
0.31418842,0.29504353,0.0,0.6656295,0.08405388,0
0.0,0.0,0.0,1.0,0.20372179,0
1.0,1.0,0.0,1.0,0.11467671,0
0.0,0.0,0.0,1.0,0.22115098,0
1.0,1.0,0.0,1.0,0.18179382,0
0.0,0.0,0.0,1.0,0.113193505,0
0.4350977,0.5368621,0.0,1.0,0.2838443,0
0.0,0.0,0.0,1.0,0.1618197,0
0.0,0.0,0.0,1.0,0.36326477,0
0.31418842,0.29504353,0.0,1.0,0.27298972,0
0.0,0.0,0.0,1.0,0.2098577,0
1.0,1.0,0.0,1.0,0.17884913,0
0.0,0.0,0.0,1.0,0.17430377,0
1.0,1.0,0.0,0.84604174,0.092756756,0
0.0,0.0,0.0,0.8438576,0.07809352,0
0.4350977,0.5368621,0.0,1.0,0.24854434,0
0.0,0.0,0.0,1.0,0.1618197,0
0.0,0.0,0.0,1.0,0.32379153,0
0.31418842,0.29504353,0.0,1.0,0.19126639,0
0.0,0.0,0.0,1.0,0.06779732,0
1.0,1.0,0.0,1.0,0.14194843,0
0.0,0.0,0.0,1.0,0.15340509,0
1.0,1.0,0.0,1.0,0.23132564,0
0.0,0.0,0.0,1.0,0.28115156,0
0.4350977,0.5368621,0.0,1.0,0.080508195,0
0.0,0.0,0.0,1.0,0.36326477,0
0.0,0.0,0.0,1.0,0.32379153,0
0.31418842,0.29504353,0.0,1.0,0.14004195,0
0.0,0.0,0.0,1.0,0.27243176,0
1.0,1.0,0.0,1.0,0.19474271,0
0.0,0.0,0.0,0.8404907,0.06185884,0
1.0,1.0,0.0,1.0,0.10391843,0
0.0,0.0,0.0,1.0,0.16838267,0
0.4350977,0.5368621,0.0,0.6656295,0.08405388,0
0.0,0.0,0.0,1.0,0.27298972,0
0.0,0.0,0.0,1.0,0.19126639,0
0.0,0.0,0.0,1.0,0.14004195,0
0.0,0.0,0.0,1.0,0.13384561,0
1.0,1.0,0.0,1.0,0.09647579,0
0.0,0.0,0.0,1.0,0.13512823,0
1.0,1.0,0.0,1.0,0.06030022,0
0.0,0.0,0.0,1.0,0.101218395,0
0.4350977,0.5368621,0.0,1.0,0.20372179,0
0.0,0.0,0.0,1.0,0.2098577,0
0.0,0.0,0.0,1.0,0.06779732,0
0.0,0.0,0.0,1.0,0.27243176,0
0.31418842,0.29504353,0.0,1.0,0.13384561,0
1.0,1.0,0.0,1.0,0.117511205,0
0.0,0.0,0.0,1.0,0.043116983,0
1.0,1.0,0.0,0.32828087,0.05746601,1
0.0,0.0,0.0,0.6915513,0.08651998,0
0.4350977,0.5368621,0.0,1.0,0.11467671,0
0.0,0.0,0.0,1.0,0.17884913,0
0.0,0.0,0.0,1.0,0.14194843,0
0.0,0.0,0.0,1.0,0.19474271,0
0.31418842,0.29504353,0.0,1.0,0.09647579,0
0.0,0.0,0.0,1.0,0.117511205,0
1.0,1.0,0.0,1.0,0.08215059,0
0.0,0.0,0.0,1.0,0.12820561,0
0.4350977,0.5368621,0.0,1.0,0.074807614,0
0.0,0.0,0.0,1.0,0.22115098,0
0.0,0.0,0.0,1.0,0.17430377,0
0.0,0.0,0.0,1.0,0.15340509,0
0.44320878,0.55308425,0.0,0.8405478,0.06185884,0
0.0,0.0,0.0,1.0,0.13512823,0
1.0,1.0,0.0,1.0,0.043116983,0
0.0,0.0,0.0,1.0,0.08215059,0
0.0,0.0,0.0,0.68405646,0.06953007,0
0.4350977,0.5368621,0.0,1.0,0.1558732,0
0.0,0.0,0.0,1.0,0.18179382,0
0.0,0.0,0.0,0.845115,0.092756756,0
0.0,0.0,0.0,1.0,0.23132564,0
0.44320878,0.55308425,0.0,1.0,0.10391843,0
0.0,0.0,0.0,1.0,0.06030022,0
1.0,1.0,0.0,0.32770845,0.05746601,1
0.0,0.0,0.0,1.0,0.12820561,0
1.0,1.0,0.0,0.68405646,0.06953007,0
0.4350977,0.5368621,0.0,1.0,0.20119618,0
0.0,0.0,0.0,1.0,0.113193505,0
0.0,0.0,0.0,0.84307694,0.07809352,0
0.0,0.0,0.0,1.0,0.28115156,0
0.44320878,0.55308425,0.0,1.0,0.16838267,0
0.0,0.0,0.0,1.0,0.101218395,0
1.0,1.0,0.0,0.6907797,0.08651998,0
0.0,0.0,0.0,1.0,0.074807614,0
1.0,1.0,0.0,1.0,0.1558732,0
0.0,0.0,0.0,1.0,0.20119618,0
0.0,0.0,0.0,1.0,0.2838443,0
0.0,0.0,0.0,1.0,0.24854434,0
0.0,0.0,0.0,1.0,0.080508195,0
0.44320878,0.55308425,0.0,0.66484994,0.08405388,0
0.0,0.0,0.0,1.0,0.20372179,0
1.0,1.0,0.0,1.0,0.11467671,0
0.0,0.0,0.0,1.0,0.22115098,0
1.0,1.0,0.0,1.0,0.18179382,0
0.0,0.0,0.0,1.0,0.113193505,0
0.4350977,0.5368621,0.0,1.0,0.2838443,0
0.0,0.0,0.0,1.0,0.1618197,0
0.0,0.0,0.0,1.0,0.36326477,0
0.44320878,0.55308425,0.0,1.0,0.27298972,0
0.0,0.0,0.0,1.0,0.2098577,0
1.0,1.0,0.0,1.0,0.17884913,0
0.0,0.0,0.0,1.0,0.17430377,0
1.0,1.0,0.0,0.845115,0.092756756,0
0.0,0.0,0.0,0.84307694,0.07809352,0
0.4350977,0.5368621,0.0,1.0,0.24854434,0
0.0,0.0,0.0,1.0,0.1618197,0
0.0,0.0,0.0,1.0,0.32379153,0
0.44320878,0.55308425,0.0,1.0,0.19126639,0
0.0,0.0,0.0,1.0,0.06779732,0
1.0,1.0,0.0,1.0,0.14194843,0
0.0,0.0,0.0,1.0,0.15340509,0
1.0,1.0,0.0,1.0,0.23132564,0
0.0,0.0,0.0,1.0,0.28115156,0
0.4350977,0.5368621,0.0,1.0,0.080508195,0
0.0,0.0,0.0,1.0,0.36326477,0
0.0,0.0,0.0,1.0,0.32379153,0
0.44320878,0.55308425,0.0,1.0,0.14004195,0
0.0,0.0,0.0,1.0,0.27243176,0
1.0,1.0,0.0,1.0,0.19474271,0
0.0,0.0,0.0,0.8405478,0.06185884,0
1.0,1.0,0.0,1.0,0.10391843,0
0.0,0.0,0.0,1.0,0.16838267,0
0.4350977,0.5368621,0.0,0.66484994,0.08405388,0
0.0,0.0,0.0,1.0,0.27298972,0
0.0,0.0,0.0,1.0,0.19126639,0
0.0,0.0,0.0,1.0,0.14004195,0
0.0,0.0,0.0,1.0,0.13384561,0
1.0,1.0,0.0,1.0,0.09647579,0
0.0,0.0,0.0,1.0,0.13512823,0
1.0,1.0,0.0,1.0,0.06030022,0
0.0,0.0,0.0,1.0,0.101218395,0
0.4350977,0.5368621,0.0,1.0,0.20372179,0
0.0,0.0,0.0,1.0,0.2098577,0
0.0,0.0,0.0,1.0,0.06779732,0
0.0,0.0,0.0,1.0,0.27243176,0
0.44320878,0.55308425,0.0,1.0,0.13384561,0
1.0,1.0,0.0,1.0,0.117511205,0
0.0,0.0,0.0,1.0,0.043116983,0
1.0,1.0,0.0,0.32770845,0.05746601,1
0.0,0.0,0.0,0.6907797,0.08651998,0
0.4350977,0.5368621,0.0,1.0,0.11467671,0
0.0,0.0,0.0,1.0,0.17884913,0
0.0,0.0,0.0,1.0,0.14194843,0
0.0,0.0,0.0,1.0,0.19474271,0
0.44320878,0.55308425,0.0,1.0,0.09647579,0
0.0,0.0,0.0,1.0,0.117511205,0
1.0,1.0,0.0,1.0,0.08215059,0
0.0,0.0,0.0,1.0,0.12820561,0
0.44367316,0.554013,0.0,1.0,0.074807614,0
0.0,0.0,0.0,1.0,0.22115098,0
0.0,0.0,0.0,1.0,0.17430377,0
0.0,0.0,0.0,1.0,0.15340509,0
0.44320878,0.55308425,0.0,0.84060544,0.06185884,0
0.0,0.0,0.0,1.0,0.13512823,0
1.0,1.0,0.0,1.0,0.043116983,0
0.0,0.0,0.0,1.0,0.08215059,0
0.0,0.0,0.0,0.6833791,0.06953007,0
0.44367316,0.554013,0.0,1.0,0.1558732,0
0.0,0.0,0.0,1.0,0.18179382,0
0.0,0.0,0.0,0.8441883,0.092756756,0
0.0,0.0,0.0,1.0,0.23132564,0
0.44320878,0.55308425,0.0,1.0,0.10391843,0
0.0,0.0,0.0,1.0,0.06030022,0
1.0,1.0,0.0,0.32713604,0.05746601,1
0.0,0.0,0.0,1.0,0.12820561,0
1.0,1.0,0.0,0.6833791,0.06953007,0
0.44367316,0.554013,0.0,1.0,0.20119618,0
0.0,0.0,0.0,1.0,0.113193505,0
0.0,0.0,0.0,0.84229636,0.07809352,0
0.0,0.0,0.0,1.0,0.28115156,0
0.44320878,0.55308425,0.0,1.0,0.16838267,0
0.0,0.0,0.0,1.0,0.101218395,0
1.0,1.0,0.0,0.69000834,0.08651998,0
0.0,0.0,0.0,1.0,0.074807614,0
1.0,1.0,0.0,1.0,0.1558732,0
0.0,0.0,0.0,1.0,0.20119618,0
0.0,0.0,0.0,1.0,0.2838443,0
0.0,0.0,0.0,1.0,0.24854434,0
0.0,0.0,0.0,1.0,0.080508195,0
0.44320878,0.55308425,0.0,0.6640705,0.08405388,0
0.0,0.0,0.0,1.0,0.20372179,0
1.0,1.0,0.0,1.0,0.11467671,0
0.0,0.0,0.0,1.0,0.22115098,0
1.0,1.0,0.0,1.0,0.18179382,0
0.0,0.0,0.0,1.0,0.113193505,0
0.44367316,0.554013,0.0,1.0,0.2838443,0
0.0,0.0,0.0,1.0,0.1618197,0
0.0,0.0,0.0,1.0,0.36326477,0
0.44320878,0.55308425,0.0,1.0,0.27298972,0
0.0,0.0,0.0,1.0,0.2098577,0
1.0,1.0,0.0,1.0,0.17884913,0
0.0,0.0,0.0,1.0,0.17430377,0
1.0,1.0,0.0,0.8441883,0.092756756,0
0.0,0.0,0.0,0.84229636,0.07809352,0
0.44367316,0.554013,0.0,1.0,0.24854434,0
0.0,0.0,0.0,1.0,0.1618197,0
0.0,0.0,0.0,1.0,0.32379153,0
0.44320878,0.55308425,0.0,1.0,0.19126639,0
0.0,0.0,0.0,1.0,0.06779732,0
1.0,1.0,0.0,1.0,0.14194843,0
0.0,0.0,0.0,1.0,0.15340509,0
1.0,1.0,0.0,1.0,0.23132564,0
0.0,0.0,0.0,1.0,0.28115156,0
0.44367316,0.554013,0.0,1.0,0.080508195,0
0.0,0.0,0.0,1.0,0.36326477,0
0.0,0.0,0.0,1.0,0.32379153,0
0.44320878,0.55308425,0.0,1.0,0.14004195,0
0.0,0.0,0.0,1.0,0.27243176,0
1.0,1.0,0.0,1.0,0.19474271,0
0.0,0.0,0.0,0.84060544,0.06185884,0
1.0,1.0,0.0,1.0,0.10391843,0
0.0,0.0,0.0,1.0,0.16838267,0
0.44367316,0.554013,0.0,0.6640705,0.08405388,0
0.0,0.0,0.0,1.0,0.27298972,0
0.0,0.0,0.0,1.0,0.19126639,0
0.0,0.0,0.0,1.0,0.14004195,0
0.0,0.0,0.0,1.0,0.13384561,0
1.0,1.0,0.0,1.0,0.09647579,0
0.0,0.0,0.0,1.0,0.13512823,0
1.0,1.0,0.0,1.0,0.06030022,0
0.0,0.0,0.0,1.0,0.101218395,0
0.44367316,0.554013,0.0,1.0,0.20372179,0
0.0,0.0,0.0,1.0,0.2098577,0
0.0,0.0,0.0,1.0,0.06779732,0
0.0,0.0,0.0,1.0,0.27243176,0
0.44320878,0.55308425,0.0,1.0,0.13384561,0
1.0,1.0,0.0,1.0,0.117511205,0
0.0,0.0,0.0,1.0,0.043116983,0
1.0,1.0,0.0,0.32713604,0.05746601,1
0.0,0.0,0.0,0.69000834,0.08651998,0
0.44367316,0.554013,0.0,1.0,0.11467671,0
0.0,0.0,0.0,1.0,0.17884913,0
0.0,0.0,0.0,1.0,0.14194843,0
0.0,0.0,0.0,1.0,0.19474271,0
0.44320878,0.55308425,0.0,1.0,0.09647579,0
0.0,0.0,0.0,1.0,0.117511205,0
1.0,1.0,0.0,1.0,0.08215059,0
0.0,0.0,0.0,1.0,0.12820561,0
0.44367316,0.554013,0.0,1.0,0.074807614,0
0.0,0.0,0.0,1.0,0.22115098,0
0.0,0.0,0.0,1.0,0.17430377,0
0.0,0.0,0.0,1.0,0.15340509,0
0.44320878,0.55308425,0.0,0.84066343,0.06185884,0
0.0,0.0,0.0,1.0,0.13512823,0
1.0,1.0,0.0,1.0,0.043116983,0
0.0,0.0,0.0,1.0,0.08215059,0
0.0,0.0,0.0,0.68270177,0.06953007,0
0.44367316,0.554013,0.0,1.0,0.1558732,0
0.0,0.0,0.0,1.0,0.18179382,0
0.0,0.0,0.0,0.84326154,0.092756756,0
0.0,0.0,0.0,1.0,0.23132564,0
0.44320878,0.55308425,0.0,1.0,0.10391843,0
0.0,0.0,0.0,1.0,0.06030022,0
1.0,1.0,0.0,0.32656363,0.05746601,1
0.0,0.0,0.0,1.0,0.12820561,0
1.0,1.0,0.0,0.68270177,0.06953007,0
0.44367316,0.554013,0.0,1.0,0.20119618,0
0.0,0.0,0.0,1.0,0.113193505,0
0.0,0.0,0.0,0.8415158,0.07809352,0
0.0,0.0,0.0,1.0,0.28115156,0
0.44320878,0.55308425,0.0,1.0,0.16838267,0
0.0,0.0,0.0,1.0,0.101218395,0
1.0,1.0,0.0,0.6892372,0.08651998,0
0.0,0.0,0.0,1.0,0.074807614,0
1.0,1.0,0.0,1.0,0.1558732,0
0.0,0.0,0.0,1.0,0.20119618,0
0.0,0.0,0.0,1.0,0.2838443,0
0.0,0.0,0.0,1.0,0.24854434,0
0.0,0.0,0.0,1.0,0.080508195,0
0.44320878,0.55308425,0.0,0.6632912,0.08405388,0
0.0,0.0,0.0,1.0,0.20372179,0
1.0,1.0,0.0,1.0,0.11467671,0
0.0,0.0,0.0,1.0,0.22115098,0
1.0,1.0,0.0,1.0,0.18179382,0
0.0,0.0,0.0,1.0,0.113193505,0
0.44367316,0.554013,0.0,1.0,0.2838443,0
0.0,0.0,0.0,1.0,0.1618197,0
0.0,0.0,0.0,1.0,0.36326477,0
0.44320878,0.55308425,0.0,1.0,0.27298972,0
0.0,0.0,0.0,1.0,0.2098577,0
1.0,1.0,0.0,1.0,0.17884913,0
0.0,0.0,0.0,1.0,0.17430377,0
1.0,1.0,0.0,0.84326154,0.092756756,0
0.0,0.0,0.0,0.8415158,0.07809352,0
0.44367316,0.554013,0.0,1.0,0.24854434,0
0.0,0.0,0.0,1.0,0.1618197,0
0.0,0.0,0.0,1.0,0.32379153,0
0.44320878,0.55308425,0.0,1.0,0.19126639,0
0.0,0.0,0.0,1.0,0.06779732,0
1.0,1.0,0.0,1.0,0.14194843,0
0.0,0.0,0.0,1.0,0.15340509,0
1.0,1.0,0.0,1.0,0.23132564,0
0.0,0.0,0.0,1.0,0.28115156,0
0.44367316,0.554013,0.0,1.0,0.080508195,0
0.0,0.0,0.0,1.0,0.36326477,0
0.0,0.0,0.0,1.0,0.32379153,0
0.44320878,0.55308425,0.0,1.0,0.14004195,0
0.0,0.0,0.0,1.0,0.27243176,0
1.0,1.0,0.0,1.0,0.19474271,0
0.0,0.0,0.0,0.84066343,0.06185884,0
1.0,1.0,0.0,1.0,0.10391843,0
0.0,0.0,0.0,1.0,0.16838267,0
0.44367316,0.554013,0.0,0.6632912,0.08405388,0
0.0,0.0,0.0,1.0,0.27298972,0
0.0,0.0,0.0,1.0,0.19126639,0
0.0,0.0,0.0,1.0,0.14004195,0
0.0,0.0,0.0,1.0,0.13384561,0
1.0,1.0,0.0,1.0,0.09647579,0
0.0,0.0,0.0,1.0,0.13512823,0
1.0,1.0,0.0,1.0,0.06030022,0
0.0,0.0,0.0,1.0,0.101218395,0
0.44367316,0.554013,0.0,1.0,0.20372179,0
0.0,0.0,0.0,1.0,0.2098577,0
0.0,0.0,0.0,1.0,0.06779732,0
0.0,0.0,0.0,1.0,0.27243176,0
0.44320878,0.55308425,0.0,1.0,0.13384561,0
1.0,1.0,0.0,1.0,0.117511205,0
0.0,0.0,0.0,1.0,0.043116983,0
1.0,1.0,0.0,0.32656363,0.05746601,1
0.0,0.0,0.0,0.6892372,0.08651998,0
0.44367316,0.554013,0.0,1.0,0.11467671,0
0.0,0.0,0.0,1.0,0.17884913,0
0.0,0.0,0.0,1.0,0.14194843,0
0.0,0.0,0.0,1.0,0.19474271,0
0.44320878,0.55308425,0.0,1.0,0.09647579,0
0.0,0.0,0.0,1.0,0.117511205,0
1.0,1.0,0.0,1.0,0.08215059,0
0.0,0.0,0.0,1.0,0.12820561,0
0.44367316,0.554013,0.0,1.0,0.074807614,0
0.0,0.0,0.0,1.0,0.22115098,0
0.0,0.0,0.0,1.0,0.17430377,0
0.0,0.0,0.0,1.0,0.15340509,0
0.44320878,0.55308425,0.0,0.84072196,0.06185884,0
0.0,0.0,0.0,1.0,0.13512823,0
1.0,1.0,0.0,1.0,0.043116983,0
0.0,0.0,0.0,1.0,0.08215059,0
0.0,0.0,0.0,0.6820245,0.06953007,0
0.44367316,0.554013,0.0,1.0,0.1558732,0
0.0,0.0,0.0,1.0,0.18179382,0
0.0,0.0,0.0,0.8423348,0.092756756,0
0.0,0.0,0.0,1.0,0.23132564,0
0.44320878,0.55308425,0.0,1.0,0.10391843,0
0.0,0.0,0.0,1.0,0.06030022,0
1.0,1.0,0.0,0.32599124,0.05746601,1
0.0,0.0,0.0,1.0,0.12820561,0
1.0,1.0,0.0,0.6820245,0.06953007,0
0.44367316,0.554013,0.0,1.0,0.20119618,0
0.0,0.0,0.0,1.0,0.113193505,0
0.0,0.0,0.0,0.84073514,0.07809352,0
0.0,0.0,0.0,1.0,0.28115156,0
0.44320878,0.55308425,0.0,1.0,0.16838267,0
0.0,0.0,0.0,1.0,0.101218395,0
1.0,1.0,0.0,0.6884662,0.08651998,0
0.0,0.0,0.0,1.0,0.074807614,0
1.0,1.0,0.0,1.0,0.1558732,0
0.0,0.0,0.0,1.0,0.20119618,0
0.0,0.0,0.0,1.0,0.2838443,0
0.0,0.0,0.0,1.0,0.24854434,0
0.0,0.0,0.0,1.0,0.080508195,0
0.44320878,0.55308425,0.0,0.6625121,0.08405388,0
0.0,0.0,0.0,1.0,0.20372179,0
1.0,1.0,0.0,1.0,0.11467671,0
0.0,0.0,0.0,1.0,0.22115098,0
1.0,1.0,0.0,1.0,0.18179382,0
0.0,0.0,0.0,1.0,0.113193505,0
0.44367316,0.554013,0.0,1.0,0.2838443,0
0.0,0.0,0.0,1.0,0.1618197,0
0.0,0.0,0.0,1.0,0.36326477,0
0.44320878,0.55308425,0.0,1.0,0.27298972,0
0.0,0.0,0.0,1.0,0.2098577,0
1.0,1.0,0.0,1.0,0.17884913,0
0.0,0.0,0.0,1.0,0.17430377,0
1.0,1.0,0.0,0.8423348,0.092756756,0
0.0,0.0,0.0,0.84073514,0.07809352,0
0.44367316,0.554013,0.0,1.0,0.24854434,0
0.0,0.0,0.0,1.0,0.1618197,0
0.0,0.0,0.0,1.0,0.32379153,0
0.44320878,0.55308425,0.0,1.0,0.19126639,0
0.0,0.0,0.0,1.0,0.06779732,0
1.0,1.0,0.0,1.0,0.14194843,0
0.0,0.0,0.0,1.0,0.15340509,0
1.0,1.0,0.0,1.0,0.23132564,0
0.0,0.0,0.0,1.0,0.28115156,0
0.44367316,0.554013,0.0,1.0,0.080508195,0
0.0,0.0,0.0,1.0,0.36326477,0
0.0,0.0,0.0,1.0,0.32379153,0
0.44320878,0.55308425,0.0,1.0,0.14004195,0
0.0,0.0,0.0,1.0,0.27243176,0
1.0,1.0,0.0,1.0,0.19474271,0
0.0,0.0,0.0,0.84072196,0.06185884,0
1.0,1.0,0.0,1.0,0.10391843,0
0.0,0.0,0.0,1.0,0.16838267,0
0.44367316,0.554013,0.0,0.6625121,0.08405388,0
0.0,0.0,0.0,1.0,0.27298972,0
0.0,0.0,0.0,1.0,0.19126639,0
0.0,0.0,0.0,1.0,0.14004195,0
0.0,0.0,0.0,1.0,0.13384561,0
1.0,1.0,0.0,1.0,0.09647579,0
0.0,0.0,0.0,1.0,0.13512823,0
1.0,1.0,0.0,1.0,0.06030022,0
0.0,0.0,0.0,1.0,0.101218395,0
0.44367316,0.554013,0.0,1.0,0.20372179,0
0.0,0.0,0.0,1.0,0.2098577,0
0.0,0.0,0.0,1.0,0.06779732,0
0.0,0.0,0.0,1.0,0.27243176,0
0.44320878,0.55308425,0.0,1.0,0.13384561,0
1.0,1.0,0.0,1.0,0.117511205,0
0.0,0.0,0.0,1.0,0.043116983,0
1.0,1.0,0.0,0.32599124,0.05746601,1
0.0,0.0,0.0,0.6884662,0.08651998,0
0.44367316,0.554013,0.0,1.0,0.11467671,0
0.0,0.0,0.0,1.0,0.17884913,0
0.0,0.0,0.0,1.0,0.14194843,0
0.0,0.0,0.0,1.0,0.19474271,0
0.44320878,0.55308425,0.0,1.0,0.09647579,0
0.0,0.0,0.0,1.0,0.117511205,0
1.0,1.0,0.0,1.0,0.08215059,0
0.0,0.0,0.0,1.0,0.12820561,0
0.44367316,0.554013,0.0,1.0,0.074807614,0
0.0,0.0,0.0,1.0,0.22115098,0
0.0,0.0,0.0,1.0,0.17430377,0
0.0,0.0,0.0,1.0,0.15340509,0
0.44320878,0.55308425,0.0,0.8407809,0.06185884,0
0.0,0.0,0.0,1.0,0.13512823,0
1.0,1.0,0.0,1.0,0.043116983,0
0.0,0.0,0.0,1.0,0.08215059,0
0.0,0.0,0.0,0.68134725,0.06953007,0
0.44367316,0.554013,0.0,1.0,0.1558732,0
0.0,0.0,0.0,1.0,0.18179382,0
0.0,0.0,0.0,0.8414081,0.092756756,0
0.0,0.0,0.0,1.0,0.23132564,0
0.44320878,0.55308425,0.0,1.0,0.10391843,0
0.0,0.0,0.0,1.0,0.06030022,0
1.0,1.0,0.0,0.32541883,0.05746601,1
0.0,0.0,0.0,1.0,0.12820561,0
1.0,1.0,0.0,0.68134725,0.06953007,0
0.44367316,0.554013,0.0,1.0,0.20119618,0
0.0,0.0,0.0,1.0,0.113193505,0
0.0,0.0,0.0,0.83995456,0.07809352,0
0.0,0.0,0.0,1.0,0.28115156,0
0.44320878,0.55308425,0.0,1.0,0.16838267,0
0.0,0.0,0.0,1.0,0.101218395,0
1.0,1.0,0.0,0.6876955,0.08651998,0
0.0,0.0,0.0,1.0,0.074807614,0
1.0,1.0,0.0,1.0,0.1558732,0
0.0,0.0,0.0,1.0,0.20119618,0
0.0,0.0,0.0,1.0,0.2838443,0
0.0,0.0,0.0,1.0,0.24854434,0
0.0,0.0,0.0,1.0,0.080508195,0
0.44320878,0.55308425,0.0,0.66173315,0.08405388,0
0.0,0.0,0.0,1.0,0.20372179,0
1.0,1.0,0.0,1.0,0.11467671,0
0.0,0.0,0.0,1.0,0.22115098,0
1.0,1.0,0.0,1.0,0.18179382,0
0.0,0.0,0.0,1.0,0.113193505,0
0.44367316,0.554013,0.0,1.0,0.2838443,0
0.0,0.0,0.0,1.0,0.1618197,0
0.0,0.0,0.0,1.0,0.36326477,0
0.44320878,0.55308425,0.0,1.0,0.27298972,0
0.0,0.0,0.0,1.0,0.2098577,0
1.0,1.0,0.0,1.0,0.17884913,0
0.0,0.0,0.0,1.0,0.17430377,0
1.0,1.0,0.0,0.8414081,0.092756756,0
0.0,0.0,0.0,0.83995456,0.07809352,0
0.44367316,0.554013,0.0,1.0,0.24854434,0
0.0,0.0,0.0,1.0,0.1618197,0
0.0,0.0,0.0,1.0,0.32379153,0
0.44320878,0.55308425,0.0,1.0,0.19126639,0
0.0,0.0,0.0,1.0,0.06779732,0
1.0,1.0,0.0,1.0,0.14194843,0
0.0,0.0,0.0,1.0,0.15340509,0
1.0,1.0,0.0,1.0,0.23132564,0
0.0,0.0,0.0,1.0,0.28115156,0
0.44367316,0.554013,0.0,1.0,0.080508195,0
0.0,0.0,0.0,1.0,0.36326477,0
0.0,0.0,0.0,1.0,0.32379153,0
0.44320878,0.55308425,0.0,1.0,0.14004195,0
0.0,0.0,0.0,1.0,0.27243176,0
1.0,1.0,0.0,1.0,0.19474271,0
0.0,0.0,0.0,0.8407809,0.06185884,0
1.0,1.0,0.0,1.0,0.10391843,0
0.0,0.0,0.0,1.0,0.16838267,0
0.44367316,0.554013,0.0,0.66173315,0.08405388,0
0.0,0.0,0.0,1.0,0.27298972,0
0.0,0.0,0.0,1.0,0.19126639,0
0.0,0.0,0.0,1.0,0.14004195,0
0.0,0.0,0.0,1.0,0.13384561,0
1.0,1.0,0.0,1.0,0.09647579,0
0.0,0.0,0.0,1.0,0.13512823,0
1.0,1.0,0.0,1.0,0.06030022,0
0.0,0.0,0.0,1.0,0.101218395,0
0.44367316,0.554013,0.0,1.0,0.20372179,0
0.0,0.0,0.0,1.0,0.2098577,0
0.0,0.0,0.0,1.0,0.06779732,0
0.0,0.0,0.0,1.0,0.27243176,0
0.44320878,0.55308425,0.0,1.0,0.13384561,0
1.0,1.0,0.0,1.0,0.117511205,0
0.0,0.0,0.0,1.0,0.043116983,0
1.0,1.0,0.0,0.32541883,0.05746601,1
0.0,0.0,0.0,0.6876955,0.08651998,0
0.44367316,0.554013,0.0,1.0,0.11467671,0
0.0,0.0,0.0,1.0,0.17884913,0
0.0,0.0,0.0,1.0,0.14194843,0
0.0,0.0,0.0,1.0,0.19474271,0
0.44320878,0.55308425,0.0,1.0,0.09647579,0
0.0,0.0,0.0,1.0,0.117511205,0
1.0,1.0,0.0,1.0,0.08215059,0
0.0,0.0,0.0,1.0,0.12820561,0
0.44367316,0.554013,0.0,1.0,0.074807614,0
0.0,0.0,0.0,1.0,0.22115098,0
0.0,0.0,0.0,1.0,0.17430377,0
0.0,0.0,0.0,1.0,0.15340509,0
0.44320878,0.55308425,0.0,0.84084034,0.06185884,0
0.0,0.0,0.0,1.0,0.13512823,0
1.0,1.0,0.0,1.0,0.043116983,0
0.0,0.0,0.0,1.0,0.08215059,0
0.0,0.0,0.0,0.68067,0.06953007,0
0.44367316,0.554013,0.0,1.0,0.1558732,0
0.0,0.0,0.0,1.0,0.18179382,0
0.0,0.0,0.0,0.8404813,0.092756756,0
0.0,0.0,0.0,1.0,0.23132564,0
0.44320878,0.55308425,0.0,1.0,0.10391843,0
0.0,0.0,0.0,1.0,0.06030022,0
1.0,1.0,0.0,0.32484645,0.05746601,1
0.0,0.0,0.0,1.0,0.12820561,0
1.0,1.0,0.0,0.68067,0.06953007,0
0.44367316,0.554013,0.0,1.0,0.20119618,0
0.0,0.0,0.0,1.0,0.113193505,0
0.0,0.0,0.0,0.839174,0.07809352,0
0.0,0.0,0.0,1.0,0.28115156,0
0.44320878,0.55308425,0.0,1.0,0.16838267,0
0.0,0.0,0.0,1.0,0.101218395,0
1.0,1.0,0.0,0.686925,0.08651998,0
0.0,0.0,0.0,1.0,0.074807614,0
1.0,1.0,0.0,1.0,0.1558732,0
0.0,0.0,0.0,1.0,0.20119618,0
0.0,0.0,0.0,1.0,0.2838443,0
0.0,0.0,0.0,1.0,0.24854434,0
0.0,0.0,0.0,1.0,0.080508195,0
0.44320878,0.55308425,0.0,0.66095436,0.08405388,0
0.0,0.0,0.0,1.0,0.20372179,0
1.0,1.0,0.0,1.0,0.11467671,0
0.0,0.0,0.0,1.0,0.22115098,0
1.0,1.0,0.0,1.0,0.18179382,0
0.0,0.0,0.0,1.0,0.113193505,0
0.44367316,0.554013,0.0,1.0,0.2838443,0
0.0,0.0,0.0,1.0,0.1618197,0
0.0,0.0,0.0,1.0,0.36326477,0
0.44320878,0.55308425,0.0,1.0,0.27298972,0
0.0,0.0,0.0,1.0,0.2098577,0
1.0,1.0,0.0,1.0,0.17884913,0
0.0,0.0,0.0,1.0,0.17430377,0
1.0,1.0,0.0,0.8404813,0.092756756,0
0.0,0.0,0.0,0.839174,0.07809352,0
0.44367316,0.554013,0.0,1.0,0.24854434,0
0.0,0.0,0.0,1.0,0.1618197,0
0.0,0.0,0.0,1.0,0.32379153,0
0.44320878,0.55308425,0.0,1.0,0.19126639,0
0.0,0.0,0.0,1.0,0.06779732,0
1.0,1.0,0.0,1.0,0.14194843,0
0.0,0.0,0.0,1.0,0.15340509,0
1.0,1.0,0.0,1.0,0.23132564,0
0.0,0.0,0.0,1.0,0.28115156,0
0.44367316,0.554013,0.0,1.0,0.080508195,0
0.0,0.0,0.0,1.0,0.36326477,0
0.0,0.0,0.0,1.0,0.32379153,0
0.44320878,0.55308425,0.0,1.0,0.14004195,0
0.0,0.0,0.0,1.0,0.27243176,0
1.0,1.0,0.0,1.0,0.19474271,0
0.0,0.0,0.0,0.84084034,0.06185884,0
1.0,1.0,0.0,1.0,0.10391843,0
0.0,0.0,0.0,1.0,0.16838267,0
0.44367316,0.554013,0.0,0.66095436,0.08405388,0
0.0,0.0,0.0,1.0,0.27298972,0
0.0,0.0,0.0,1.0,0.19126639,0
0.0,0.0,0.0,1.0,0.14004195,0
0.0,0.0,0.0,1.0,0.13384561,0
1.0,1.0,0.0,1.0,0.09647579,0
0.0,0.0,0.0,1.0,0.13512823,0
1.0,1.0,0.0,1.0,0.06030022,0
0.0,0.0,0.0,1.0,0.101218395,0
0.44367316,0.554013,0.0,1.0,0.20372179,0
0.0,0.0,0.0,1.0,0.2098577,0
0.0,0.0,0.0,1.0,0.06779732,0
0.0,0.0,0.0,1.0,0.27243176,0
0.44320878,0.55308425,0.0,1.0,0.13384561,0
1.0,1.0,0.0,1.0,0.117511205,0
0.0,0.0,0.0,1.0,0.043116983,0
1.0,1.0,0.0,0.32484645,0.05746601,1
0.0,0.0,0.0,0.686925,0.08651998,0
0.44367316,0.554013,0.0,1.0,0.11467671,0
0.0,0.0,0.0,1.0,0.17884913,0
0.0,0.0,0.0,1.0,0.14194843,0
0.0,0.0,0.0,1.0,0.19474271,0
0.44320878,0.55308425,0.0,1.0,0.09647579,0
0.0,0.0,0.0,1.0,0.117511205,0
1.0,1.0,0.0,1.0,0.08215059,0
0.0,0.0,0.0,1.0,0.12820561,0
0.44367316,0.554013,0.0,1.0,0.074807614,0
0.0,0.0,0.0,1.0,0.22115098,0
0.0,0.0,0.0,1.0,0.17430377,0
0.0,0.0,0.0,1.0,0.15340509,0
0.44320878,0.55308425,0.0,0.8409002,0.06185884,0
0.0,0.0,0.0,1.0,0.13512823,0
1.0,1.0,0.0,1.0,0.043116983,0
0.0,0.0,0.0,1.0,0.08215059,0
0.0,0.0,0.0,0.6799928,0.06953007,0
0.44367316,0.554013,0.0,1.0,0.1558732,0
0.0,0.0,0.0,1.0,0.18179382,0
0.0,0.0,0.0,0.83955455,0.092756756,0
0.0,0.0,0.0,1.0,0.23132564,0
0.44320878,0.55308425,0.0,1.0,0.10391843,0
0.0,0.0,0.0,1.0,0.06030022,0
1.0,1.0,0.0,0.3242741,0.05746601,1
0.0,0.0,0.0,1.0,0.12820561,0
1.0,1.0,0.0,0.6799928,0.06953007,0
0.44367316,0.554013,0.0,1.0,0.20119618,0
0.0,0.0,0.0,1.0,0.113193505,0
0.0,0.0,0.0,0.83839333,0.07809352,0
0.0,0.0,0.0,1.0,0.28115156,0
0.44320878,0.55308425,0.0,1.0,0.16838267,0
0.0,0.0,0.0,1.0,0.101218395,0
1.0,1.0,0.0,0.6861547,0.08651998,0
0.0,0.0,0.0,1.0,0.074807614,0
1.0,1.0,0.0,1.0,0.1558732,0
0.0,0.0,0.0,1.0,0.20119618,0
0.0,0.0,0.0,1.0,0.2838443,0
0.0,0.0,0.0,1.0,0.24854434,0
0.0,0.0,0.0,1.0,0.080508195,0
0.44320878,0.55308425,0.0,0.6601757,0.08405388,0
0.0,0.0,0.0,1.0,0.20372179,0
1.0,1.0,0.0,1.0,0.11467671,0
0.0,0.0,0.0,1.0,0.22115098,0
1.0,1.0,0.0,1.0,0.18179382,0
0.0,0.0,0.0,1.0,0.113193505,0
0.44367316,0.554013,0.0,1.0,0.2838443,0
0.0,0.0,0.0,1.0,0.1618197,0
0.0,0.0,0.0,1.0,0.36326477,0
0.44320878,0.55308425,0.0,1.0,0.27298972,0
0.0,0.0,0.0,1.0,0.2098577,0
1.0,1.0,0.0,1.0,0.17884913,0
0.0,0.0,0.0,1.0,0.17430377,0
1.0,1.0,0.0,0.83955455,0.092756756,0
0.0,0.0,0.0,0.83839333,0.07809352,0
0.44367316,0.554013,0.0,1.0,0.24854434,0
0.0,0.0,0.0,1.0,0.1618197,0
0.0,0.0,0.0,1.0,0.32379153,0
0.44320878,0.55308425,0.0,1.0,0.19126639,0
0.0,0.0,0.0,1.0,0.06779732,0
1.0,1.0,0.0,1.0,0.14194843,0
0.0,0.0,0.0,1.0,0.15340509,0
1.0,1.0,0.0,1.0,0.23132564,0
0.0,0.0,0.0,1.0,0.28115156,0
0.44367316,0.554013,0.0,1.0,0.080508195,0
0.0,0.0,0.0,1.0,0.36326477,0
0.0,0.0,0.0,1.0,0.32379153,0
0.44320878,0.55308425,0.0,1.0,0.14004195,0
0.0,0.0,0.0,1.0,0.27243176,0
1.0,1.0,0.0,1.0,0.19474271,0
0.0,0.0,0.0,0.8409002,0.06185884,0
1.0,1.0,0.0,1.0,0.10391843,0
0.0,0.0,0.0,1.0,0.16838267,0
0.44367316,0.554013,0.0,0.6601757,0.08405388,0
0.0,0.0,0.0,1.0,0.27298972,0
0.0,0.0,0.0,1.0,0.19126639,0
0.0,0.0,0.0,1.0,0.14004195,0
0.0,0.0,0.0,1.0,0.13384561,0
1.0,1.0,0.0,1.0,0.09647579,0
0.0,0.0,0.0,1.0,0.13512823,0
1.0,1.0,0.0,1.0,0.06030022,0
0.0,0.0,0.0,1.0,0.101218395,0
0.44367316,0.554013,0.0,1.0,0.20372179,0
0.0,0.0,0.0,1.0,0.2098577,0
0.0,0.0,0.0,1.0,0.06779732,0
0.0,0.0,0.0,1.0,0.27243176,0
0.44320878,0.55308425,0.0,1.0,0.13384561,0
1.0,1.0,0.0,1.0,0.117511205,0
0.0,0.0,0.0,1.0,0.043116983,0
1.0,1.0,0.0,0.3242741,0.05746601,1
0.0,0.0,0.0,0.6861547,0.08651998,0
0.44367316,0.554013,0.0,1.0,0.11467671,0
0.0,0.0,0.0,1.0,0.17884913,0
0.0,0.0,0.0,1.0,0.14194843,0
0.0,0.0,0.0,1.0,0.19474271,0
0.44320878,0.55308425,0.0,1.0,0.09647579,0
0.0,0.0,0.0,1.0,0.117511205,0
1.0,1.0,0.0,1.0,0.08215059,0
0.0,0.0,0.0,1.0,0.12820561,0
0.44367316,0.554013,0.0,1.0,0.074807614,0
0.0,0.0,0.0,1.0,0.22115098,0
0.0,0.0,0.0,1.0,0.17430377,0
0.0,0.0,0.0,1.0,0.15340509,0
0.44320878,0.55308425,0.0,0.84096044,0.06185884,0
0.0,0.0,0.0,1.0,0.13512823,0
1.0,1.0,0.0,1.0,0.043116983,0
0.0,0.0,0.0,1.0,0.08215059,0
0.0,0.0,0.0,0.6793157,0.06953007,0
0.44367316,0.554013,0.0,1.0,0.1558732,0
0.0,0.0,0.0,1.0,0.18179382,0
0.0,0.0,0.0,0.8386278,0.092756756,0
0.0,0.0,0.0,1.0,0.23132564,0
0.44320878,0.55308425,0.0,1.0,0.10391843,0
0.0,0.0,0.0,1.0,0.06030022,0
1.0,1.0,0.0,0.3237017,0.05746601,1
0.0,0.0,0.0,1.0,0.12820561,0
1.0,1.0,0.0,0.6793157,0.06953007,0
0.44367316,0.554013,0.0,1.0,0.20119618,0
0.0,0.0,0.0,1.0,0.113193505,0
0.0,0.0,0.0,0.83761275,0.07809352,0
0.0,0.0,0.0,1.0,0.28115156,0
0.44320878,0.55308425,0.0,1.0,0.16838267,0
0.0,0.0,0.0,1.0,0.101218395,0
1.0,1.0,0.0,0.6853847,0.08651998,0
0.0,0.0,0.0,1.0,0.074807614,0
1.0,1.0,0.0,1.0,0.1558732,0
0.0,0.0,0.0,1.0,0.20119618,0
0.0,0.0,0.0,1.0,0.2838443,0
0.0,0.0,0.0,1.0,0.24854434,0
0.0,0.0,0.0,1.0,0.080508195,0
0.44320878,0.55308425,0.0,0.6593971,0.08405388,0
0.0,0.0,0.0,1.0,0.20372179,0
1.0,1.0,0.0,1.0,0.11467671,0
0.0,0.0,0.0,1.0,0.22115098,0
1.0,1.0,0.0,1.0,0.18179382,0
0.0,0.0,0.0,1.0,0.113193505,0
0.44367316,0.554013,0.0,1.0,0.2838443,0
0.0,0.0,0.0,1.0,0.1618197,0
0.0,0.0,0.0,1.0,0.36326477,0
0.44320878,0.55308425,0.0,1.0,0.27298972,0
0.0,0.0,0.0,1.0,0.2098577,0
1.0,1.0,0.0,1.0,0.17884913,0
0.0,0.0,0.0,1.0,0.17430377,0
1.0,1.0,0.0,0.8386278,0.092756756,0
0.0,0.0,0.0,0.83761275,0.07809352,0
0.44367316,0.554013,0.0,1.0,0.24854434,0
0.0,0.0,0.0,1.0,0.1618197,0
0.0,0.0,0.0,1.0,0.32379153,0
0.44320878,0.55308425,0.0,1.0,0.19126639,0
0.0,0.0,0.0,1.0,0.06779732,0
1.0,1.0,0.0,1.0,0.14194843,0
0.0,0.0,0.0,1.0,0.15340509,0
1.0,1.0,0.0,1.0,0.23132564,0
0.0,0.0,0.0,1.0,0.28115156,0
0.44367316,0.554013,0.0,1.0,0.080508195,0
0.0,0.0,0.0,1.0,0.36326477,0
0.0,0.0,0.0,1.0,0.32379153,0
0.44320878,0.55308425,0.0,1.0,0.14004195,0
0.0,0.0,0.0,1.0,0.27243176,0
1.0,1.0,0.0,1.0,0.19474271,0
0.0,0.0,0.0,0.84096044,0.06185884,0
1.0,1.0,0.0,1.0,0.10391843,0
0.0,0.0,0.0,1.0,0.16838267,0
0.44367316,0.554013,0.0,0.6593971,0.08405388,0
0.0,0.0,0.0,1.0,0.27298972,0
0.0,0.0,0.0,1.0,0.19126639,0
0.0,0.0,0.0,1.0,0.14004195,0
0.0,0.0,0.0,1.0,0.13384561,0
1.0,1.0,0.0,1.0,0.09647579,0
0.0,0.0,0.0,1.0,0.13512823,0
1.0,1.0,0.0,1.0,0.06030022,0
0.0,0.0,0.0,1.0,0.101218395,0
0.44367316,0.554013,0.0,1.0,0.20372179,0
0.0,0.0,0.0,1.0,0.2098577,0
0.0,0.0,0.0,1.0,0.06779732,0
0.0,0.0,0.0,1.0,0.27243176,0
0.44320878,0.55308425,0.0,1.0,0.13384561,0
1.0,1.0,0.0,1.0,0.117511205,0
0.0,0.0,0.0,1.0,0.043116983,0
1.0,1.0,0.0,0.3237017,0.05746601,1
0.0,0.0,0.0,0.6853847,0.08651998,0
0.44367316,0.554013,0.0,1.0,0.11467671,0
0.0,0.0,0.0,1.0,0.17884913,0
0.0,0.0,0.0,1.0,0.14194843,0
0.0,0.0,0.0,1.0,0.19474271,0
0.44320878,0.55308425,0.0,1.0,0.09647579,0
0.0,0.0,0.0,1.0,0.117511205,0
1.0,1.0,0.0,1.0,0.08215059,0
0.0,0.0,0.0,1.0,0.12820561,0
0.44367316,0.554013,0.0,1.0,0.074807614,0
0.0,0.0,0.0,1.0,0.22115098,0
0.0,0.0,0.0,1.0,0.17430377,0
0.0,0.0,0.0,1.0,0.15340509,0
0.44320878,0.55308425,0.0,0.84102124,0.06185884,0
0.0,0.0,0.0,1.0,0.13512823,0
1.0,1.0,0.0,1.0,0.043116983,0
0.0,0.0,0.0,1.0,0.08215059,0
0.0,0.0,0.0,0.6786386,0.06953007,0
0.44367316,0.554013,0.0,1.0,0.1558732,0
0.0,0.0,0.0,1.0,0.18179382,0
0.0,0.0,0.0,0.8377011,0.092756756,0
0.0,0.0,0.0,1.0,0.23132564,0
0.44320878,0.55308425,0.0,1.0,0.10391843,0
0.0,0.0,0.0,1.0,0.06030022,0
1.0,1.0,0.0,0.32312936,0.05746601,1
0.0,0.0,0.0,1.0,0.12820561,0
1.0,1.0,0.0,0.6786386,0.06953007,0
0.44367316,0.554013,0.0,1.0,0.20119618,0
0.0,0.0,0.0,1.0,0.113193505,0
0.0,0.0,0.0,0.83683217,0.07809352,0
0.0,0.0,0.0,1.0,0.28115156,0
0.44320878,0.55308425,0.0,1.0,0.16838267,0
0.0,0.0,0.0,1.0,0.101218395,0
1.0,1.0,0.0,0.68461484,0.08651998,0
0.0,0.0,0.0,1.0,0.074807614,0
1.0,1.0,0.0,1.0,0.1558732,0
0.0,0.0,0.0,1.0,0.20119618,0
0.0,0.0,0.0,1.0,0.2838443,0
0.0,0.0,0.0,1.0,0.24854434,0
0.0,0.0,0.0,1.0,0.080508195,0
0.44320878,0.55308425,0.0,0.6586188,0.08405388,0
0.0,0.0,0.0,1.0,0.20372179,0
1.0,1.0,0.0,1.0,0.11467671,0
0.0,0.0,0.0,1.0,0.22115098,0
1.0,1.0,0.0,1.0,0.18179382,0
0.0,0.0,0.0,1.0,0.113193505,0
0.44367316,0.554013,0.0,1.0,0.2838443,0
0.0,0.0,0.0,1.0,0.1618197,0
0.0,0.0,0.0,1.0,0.36326477,0
0.44320878,0.55308425,0.0,1.0,0.27298972,0
0.0,0.0,0.0,1.0,0.2098577,0
1.0,1.0,0.0,1.0,0.17884913,0
0.0,0.0,0.0,1.0,0.17430377,0
1.0,1.0,0.0,0.8377011,0.092756756,0
0.0,0.0,0.0,0.83683217,0.07809352,0
0.44367316,0.554013,0.0,1.0,0.24854434,0
0.0,0.0,0.0,1.0,0.1618197,0
0.0,0.0,0.0,1.0,0.32379153,0
0.44320878,0.55308425,0.0,1.0,0.19126639,0
0.0,0.0,0.0,1.0,0.06779732,0
1.0,1.0,0.0,1.0,0.14194843,0
0.0,0.0,0.0,1.0,0.15340509,0
1.0,1.0,0.0,1.0,0.23132564,0
0.0,0.0,0.0,1.0,0.28115156,0
0.44367316,0.554013,0.0,1.0,0.080508195,0
0.0,0.0,0.0,1.0,0.36326477,0
0.0,0.0,0.0,1.0,0.32379153,0
0.44320878,0.55308425,0.0,1.0,0.14004195,0
0.0,0.0,0.0,1.0,0.27243176,0
1.0,1.0,0.0,1.0,0.19474271,0
0.0,0.0,0.0,0.84102124,0.06185884,0
1.0,1.0,0.0,1.0,0.10391843,0
0.0,0.0,0.0,1.0,0.16838267,0
0.44367316,0.554013,0.0,0.6586188,0.08405388,0
0.0,0.0,0.0,1.0,0.27298972,0
0.0,0.0,0.0,1.0,0.19126639,0
0.0,0.0,0.0,1.0,0.14004195,0
0.0,0.0,0.0,1.0,0.13384561,0
1.0,1.0,0.0,1.0,0.09647579,0
0.0,0.0,0.0,1.0,0.13512823,0
1.0,1.0,0.0,1.0,0.06030022,0
0.0,0.0,0.0,1.0,0.101218395,0
0.44367316,0.554013,0.0,1.0,0.20372179,0
0.0,0.0,0.0,1.0,0.2098577,0
0.0,0.0,0.0,1.0,0.06779732,0
0.0,0.0,0.0,1.0,0.27243176,0
0.44320878,0.55308425,0.0,1.0,0.13384561,0
1.0,1.0,0.0,1.0,0.117511205,0
0.0,0.0,0.0,1.0,0.043116983,0
1.0,1.0,0.0,0.32312936,0.05746601,1
0.0,0.0,0.0,0.68461484,0.08651998,0
0.44367316,0.554013,0.0,1.0,0.11467671,0
0.0,0.0,0.0,1.0,0.17884913,0
0.0,0.0,0.0,1.0,0.14194843,0
0.0,0.0,0.0,1.0,0.19474271,0
0.44320878,0.55308425,0.0,1.0,0.09647579,0
0.0,0.0,0.0,1.0,0.117511205,0
1.0,1.0,0.0,1.0,0.08215059,0
0.0,0.0,0.0,1.0,0.12820561,0
0.4508263,0.56831926,0.0,1.0,0.074807614,0
0.0,0.0,0.0,1.0,0.22115098,0
0.0,0.0,0.0,1.0,0.17430377,0
0.0,0.0,0.0,1.0,0.15340509,0
0.45090955,0.5684858,0.0,0.8410824,0.06185884,0
0.0,0.0,0.0,1.0,0.13512823,0
1.0,1.0,0.0,1.0,0.043116983,0
0.0,0.0,0.0,1.0,0.08215059,0
0.0,0.0,0.0,0.67796147,0.06953007,0
0.4508263,0.56831926,0.0,1.0,0.1558732,0
0.0,0.0,0.0,1.0,0.18179382,0
0.0,0.0,0.0,0.83677435,0.092756756,0
0.0,0.0,0.0,1.0,0.23132564,0
0.45090955,0.5684858,0.0,1.0,0.10391843,0
0.0,0.0,0.0,1.0,0.06030022,0
1.0,1.0,0.0,0.322557,0.05746601,1
0.0,0.0,0.0,1.0,0.12820561,0
1.0,1.0,0.0,0.67796147,0.06953007,0
0.4508263,0.56831926,0.0,1.0,0.20119618,0
0.0,0.0,0.0,1.0,0.113193505,0
0.0,0.0,0.0,0.8360516,0.07809352,0
0.0,0.0,0.0,1.0,0.28115156,0
0.45090955,0.5684858,0.0,1.0,0.16838267,0
0.0,0.0,0.0,1.0,0.101218395,0
1.0,1.0,0.0,0.6838452,0.08651998,0
0.0,0.0,0.0,1.0,0.074807614,0
1.0,1.0,0.0,1.0,0.1558732,0
0.0,0.0,0.0,1.0,0.20119618,0
0.0,0.0,0.0,1.0,0.2838443,0
0.0,0.0,0.0,1.0,0.24854434,0
0.0,0.0,0.0,1.0,0.080508195,0
0.45090955,0.5684858,0.0,0.6578406,0.08405388,0
0.0,0.0,0.0,1.0,0.20372179,0
1.0,1.0,0.0,1.0,0.11467671,0
0.0,0.0,0.0,1.0,0.22115098,0
1.0,1.0,0.0,1.0,0.18179382,0
0.0,0.0,0.0,1.0,0.113193505,0
0.4508263,0.56831926,0.0,1.0,0.2838443,0
0.0,0.0,0.0,1.0,0.1618197,0
0.0,0.0,0.0,1.0,0.36326477,0
0.45090955,0.5684858,0.0,1.0,0.27298972,0
0.0,0.0,0.0,1.0,0.2098577,0
1.0,1.0,0.0,1.0,0.17884913,0
0.0,0.0,0.0,1.0,0.17430377,0
1.0,1.0,0.0,0.83677435,0.092756756,0
0.0,0.0,0.0,0.8360516,0.07809352,0
0.4508263,0.56831926,0.0,1.0,0.24854434,0
0.0,0.0,0.0,1.0,0.1618197,0
0.0,0.0,0.0,1.0,0.32379153,0
0.45090955,0.5684858,0.0,1.0,0.19126639,0
0.0,0.0,0.0,1.0,0.06779732,0
1.0,1.0,0.0,1.0,0.14194843,0
0.0,0.0,0.0,1.0,0.15340509,0
1.0,1.0,0.0,1.0,0.23132564,0
0.0,0.0,0.0,1.0,0.28115156,0
0.4508263,0.56831926,0.0,1.0,0.080508195,0
0.0,0.0,0.0,1.0,0.36326477,0
0.0,0.0,0.0,1.0,0.32379153,0
0.45090955,0.5684858,0.0,1.0,0.14004195,0
0.0,0.0,0.0,1.0,0.27243176,0
1.0,1.0,0.0,1.0,0.19474271,0
0.0,0.0,0.0,0.8410824,0.06185884,0
1.0,1.0,0.0,1.0,0.10391843,0
0.0,0.0,0.0,1.0,0.16838267,0
0.4508263,0.56831926,0.0,0.6578406,0.08405388,0
0.0,0.0,0.0,1.0,0.27298972,0
0.0,0.0,0.0,1.0,0.19126639,0
0.0,0.0,0.0,1.0,0.14004195,0
0.0,0.0,0.0,1.0,0.13384561,0
1.0,1.0,0.0,1.0,0.09647579,0
0.0,0.0,0.0,1.0,0.13512823,0
1.0,1.0,0.0,1.0,0.06030022,0
0.0,0.0,0.0,1.0,0.101218395,0
0.4508263,0.56831926,0.0,1.0,0.20372179,0
0.0,0.0,0.0,1.0,0.2098577,0
0.0,0.0,0.0,1.0,0.06779732,0
0.0,0.0,0.0,1.0,0.27243176,0
0.45090955,0.5684858,0.0,1.0,0.13384561,0
1.0,1.0,0.0,1.0,0.117511205,0
0.0,0.0,0.0,1.0,0.043116983,0
1.0,1.0,0.0,0.322557,0.05746601,1
0.0,0.0,0.0,0.6838452,0.08651998,0
0.4508263,0.56831926,0.0,1.0,0.11467671,0
0.0,0.0,0.0,1.0,0.17884913,0
0.0,0.0,0.0,1.0,0.14194843,0
0.0,0.0,0.0,1.0,0.19474271,0
0.45090955,0.5684858,0.0,1.0,0.09647579,0
0.0,0.0,0.0,1.0,0.117511205,0
0.42977965,0.526226,0.0,1.0,0.08215059,0
0.0,0.0,0.0,1.0,0.12820561,0
0.4508263,0.56831926,0.0,1.0,0.074807614,0
0.0,0.0,0.0,1.0,0.22115098,0
0.0,0.0,0.0,1.0,0.17430377,0
0.0,0.0,0.0,1.0,0.15340509,0
0.45090955,0.5684858,0.0,0.8411441,0.06185884,0
0.0,0.0,0.0,1.0,0.13512823,0
1.0,1.0,0.0,1.0,0.043116983,0
0.0,0.0,0.0,1.0,0.08215059,0
0.0,0.0,0.0,0.6772844,0.06953007,0
0.4508263,0.56831926,0.0,1.0,0.1558732,0
0.0,0.0,0.0,1.0,0.18179382,0
0.0,0.0,0.0,0.8358477,0.092756756,0
0.0,0.0,0.0,1.0,0.23132564,0
0.45090955,0.5684858,0.0,1.0,0.10391843,0
0.0,0.0,0.0,1.0,0.06030022,0
1.0,1.0,0.0,0.32198465,0.05746601,1
0.0,0.0,0.0,1.0,0.12820561,0
0.42977965,0.526226,0.0,0.6772844,0.06953007,0
0.4508263,0.56831926,0.0,1.0,0.20119618,0
0.0,0.0,0.0,1.0,0.113193505,0
0.0,0.0,0.0,0.83527094,0.07809352,0
0.0,0.0,0.0,1.0,0.28115156,0
0.45090955,0.5684858,0.0,1.0,0.16838267,0
0.0,0.0,0.0,1.0,0.101218395,0
1.0,1.0,0.0,0.6830759,0.08651998,0
0.0,0.0,0.0,1.0,0.074807614,0
0.42977965,0.526226,0.0,1.0,0.1558732,0
0.0,0.0,0.0,1.0,0.20119618,0
0.0,0.0,0.0,1.0,0.2838443,0
0.0,0.0,0.0,1.0,0.24854434,0
0.0,0.0,0.0,1.0,0.080508195,0
0.45090955,0.5684858,0.0,0.65706253,0.08405388,0
0.0,0.0,0.0,1.0,0.20372179,0
1.0,1.0,0.0,1.0,0.11467671,0
0.0,0.0,0.0,1.0,0.22115098,0
0.42977965,0.526226,0.0,1.0,0.18179382,0
0.0,0.0,0.0,1.0,0.113193505,0
0.4508263,0.56831926,0.0,1.0,0.2838443,0
0.0,0.0,0.0,1.0,0.1618197,0
0.0,0.0,0.0,1.0,0.36326477,0
0.45090955,0.5684858,0.0,1.0,0.27298972,0
0.0,0.0,0.0,1.0,0.2098577,0
1.0,1.0,0.0,1.0,0.17884913,0
0.0,0.0,0.0,1.0,0.17430377,0
0.42977965,0.526226,0.0,0.8358477,0.092756756,0
0.0,0.0,0.0,0.83527094,0.07809352,0
0.4508263,0.56831926,0.0,1.0,0.24854434,0
0.0,0.0,0.0,1.0,0.1618197,0
0.0,0.0,0.0,1.0,0.32379153,0
0.45090955,0.5684858,0.0,1.0,0.19126639,0
0.0,0.0,0.0,1.0,0.06779732,0
1.0,1.0,0.0,1.0,0.14194843,0
0.0,0.0,0.0,1.0,0.15340509,0
0.42977965,0.526226,0.0,1.0,0.23132564,0
0.0,0.0,0.0,1.0,0.28115156,0
0.4508263,0.56831926,0.0,1.0,0.080508195,0
0.0,0.0,0.0,1.0,0.36326477,0
0.0,0.0,0.0,1.0,0.32379153,0
0.45090955,0.5684858,0.0,1.0,0.14004195,0
0.0,0.0,0.0,1.0,0.27243176,0
1.0,1.0,0.0,1.0,0.19474271,0
0.0,0.0,0.0,0.8411441,0.06185884,0
0.42977965,0.526226,0.0,1.0,0.10391843,0
0.0,0.0,0.0,1.0,0.16838267,0
0.4508263,0.56831926,0.0,0.65706253,0.08405388,0
0.0,0.0,0.0,1.0,0.27298972,0
0.0,0.0,0.0,1.0,0.19126639,0
0.0,0.0,0.0,1.0,0.14004195,0
0.0,0.0,0.0,1.0,0.13384561,0
1.0,1.0,0.0,1.0,0.09647579,0
0.0,0.0,0.0,1.0,0.13512823,0
0.42977965,0.526226,0.0,1.0,0.06030022,0
0.0,0.0,0.0,1.0,0.101218395,0
0.4508263,0.56831926,0.0,1.0,0.20372179,0
0.0,0.0,0.0,1.0,0.2098577,0
0.0,0.0,0.0,1.0,0.06779732,0
0.0,0.0,0.0,1.0,0.27243176,0
0.45090955,0.5684858,0.0,1.0,0.13384561,0
1.0,1.0,0.0,1.0,0.117511205,0
0.0,0.0,0.0,1.0,0.043116983,0
0.42977965,0.526226,0.0,0.32198465,0.05746601,1
0.0,0.0,0.0,0.6830759,0.08651998,0
0.4508263,0.56831926,0.0,1.0,0.11467671,0
0.0,0.0,0.0,1.0,0.17884913,0
0.0,0.0,0.0,1.0,0.14194843,0
0.0,0.0,0.0,1.0,0.19474271,0
0.45090955,0.5684858,0.0,1.0,0.09647579,0
0.0,0.0,0.0,1.0,0.117511205,0
0.42977965,0.526226,0.0,1.0,0.08215059,0
0.0,0.0,0.0,1.0,0.12820561,0
0.4508263,0.56831926,0.0,1.0,0.074807614,0
0.0,0.0,0.0,1.0,0.22115098,0
0.0,0.0,0.0,1.0,0.17430377,0
0.0,0.0,0.0,1.0,0.15340509,0
0.45090955,0.5684858,0.0,0.8412062,0.06185884,0
0.0,0.0,0.0,1.0,0.13512823,0
1.0,1.0,0.0,1.0,0.043116983,0
0.0,0.0,0.0,1.0,0.08215059,0
0.0,0.0,0.0,0.67660743,0.06953007,0
0.4508263,0.56831926,0.0,1.0,0.1558732,0
0.0,0.0,0.0,1.0,0.18179382,0
0.0,0.0,0.0,0.83492094,0.092756756,0
0.0,0.0,0.0,1.0,0.23132564,0
0.45090955,0.5684858,0.0,1.0,0.10391843,0
0.0,0.0,0.0,1.0,0.06030022,0
1.0,1.0,0.0,0.32141232,0.05746601,1
0.0,0.0,0.0,1.0,0.12820561,0
0.42977965,0.526226,0.0,0.67660743,0.06953007,0
0.4508263,0.56831926,0.0,1.0,0.20119618,0
0.0,0.0,0.0,1.0,0.113193505,0
0.0,0.0,0.0,0.83449036,0.07809352,0
0.0,0.0,0.0,1.0,0.28115156,0
0.45090955,0.5684858,0.0,1.0,0.16838267,0
0.0,0.0,0.0,1.0,0.101218395,0
1.0,1.0,0.0,0.68230677,0.08651998,0
0.0,0.0,0.0,1.0,0.074807614,0
0.42977965,0.526226,0.0,1.0,0.1558732,0
0.0,0.0,0.0,1.0,0.20119618,0
0.0,0.0,0.0,1.0,0.2838443,0
0.0,0.0,0.0,1.0,0.24854434,0
0.0,0.0,0.0,1.0,0.080508195,0
0.45090955,0.5684858,0.0,0.65628463,0.08405388,0
0.0,0.0,0.0,1.0,0.20372179,0
1.0,1.0,0.0,1.0,0.11467671,0
0.0,0.0,0.0,1.0,0.22115098,0
0.42977965,0.526226,0.0,1.0,0.18179382,0
0.0,0.0,0.0,1.0,0.113193505,0
0.4508263,0.56831926,0.0,1.0,0.2838443,0
0.0,0.0,0.0,1.0,0.1618197,0
0.0,0.0,0.0,1.0,0.36326477,0
0.45090955,0.5684858,0.0,1.0,0.27298972,0
0.0,0.0,0.0,1.0,0.2098577,0
1.0,1.0,0.0,1.0,0.17884913,0
0.0,0.0,0.0,1.0,0.17430377,0
0.42977965,0.526226,0.0,0.83492094,0.092756756,0
0.0,0.0,0.0,0.83449036,0.07809352,0
0.4508263,0.56831926,0.0,1.0,0.24854434,0
0.0,0.0,0.0,1.0,0.1618197,0
0.0,0.0,0.0,1.0,0.32379153,0
0.45090955,0.5684858,0.0,1.0,0.19126639,0
0.0,0.0,0.0,1.0,0.06779732,0
1.0,1.0,0.0,1.0,0.14194843,0
0.0,0.0,0.0,1.0,0.15340509,0
0.42977965,0.526226,0.0,1.0,0.23132564,0
0.0,0.0,0.0,1.0,0.28115156,0
0.4508263,0.56831926,0.0,1.0,0.080508195,0
0.0,0.0,0.0,1.0,0.36326477,0
0.0,0.0,0.0,1.0,0.32379153,0
0.45090955,0.5684858,0.0,1.0,0.14004195,0
0.0,0.0,0.0,1.0,0.27243176,0
1.0,1.0,0.0,1.0,0.19474271,0
0.0,0.0,0.0,0.8412062,0.06185884,0
0.42977965,0.526226,0.0,1.0,0.10391843,0
0.0,0.0,0.0,1.0,0.16838267,0
0.4508263,0.56831926,0.0,0.65628463,0.08405388,0
0.0,0.0,0.0,1.0,0.27298972,0
0.0,0.0,0.0,1.0,0.19126639,0
0.0,0.0,0.0,1.0,0.14004195,0
0.0,0.0,0.0,1.0,0.13384561,0
1.0,1.0,0.0,1.0,0.09647579,0
0.0,0.0,0.0,1.0,0.13512823,0
0.42977965,0.526226,0.0,1.0,0.06030022,0
0.0,0.0,0.0,1.0,0.101218395,0
0.4508263,0.56831926,0.0,1.0,0.20372179,0
0.0,0.0,0.0,1.0,0.2098577,0
0.0,0.0,0.0,1.0,0.06779732,0
0.0,0.0,0.0,1.0,0.27243176,0
0.45090955,0.5684858,0.0,1.0,0.13384561,0
1.0,1.0,0.0,1.0,0.117511205,0
0.0,0.0,0.0,1.0,0.043116983,0
0.42977965,0.526226,0.0,0.32141232,0.05746601,1
0.0,0.0,0.0,0.68230677,0.08651998,0
0.4508263,0.56831926,0.0,1.0,0.11467671,0
0.0,0.0,0.0,1.0,0.17884913,0
0.0,0.0,0.0,1.0,0.14194843,0
0.0,0.0,0.0,1.0,0.19474271,0
0.45090955,0.5684858,0.0,1.0,0.09647579,0
0.0,0.0,0.0,1.0,0.117511205,0
0.42977965,0.526226,0.0,1.0,0.08215059,0
0.0,0.0,0.0,1.0,0.12820561,0
0.4508263,0.56831926,0.0,1.0,0.074807614,0
0.0,0.0,0.0,1.0,0.22115098,0
0.0,0.0,0.0,1.0,0.17430377,0
0.0,0.0,0.0,1.0,0.15340509,0
0.45090955,0.5684858,0.0,0.8412687,0.06185884,0
0.0,0.0,0.0,1.0,0.13512823,0
1.0,1.0,0.0,1.0,0.043116983,0
0.0,0.0,0.0,1.0,0.08215059,0
0.0,0.0,0.0,0.67593044,0.06953007,0
0.4508263,0.56831926,0.0,1.0,0.1558732,0
0.0,0.0,0.0,1.0,0.18179382,0
0.0,0.0,0.0,0.8339942,0.092756756,0
0.0,0.0,0.0,1.0,0.23132564,0
0.45090955,0.5684858,0.0,1.0,0.10391843,0
0.0,0.0,0.0,1.0,0.06030022,0
1.0,1.0,0.0,0.32084,0.05746601,1
0.0,0.0,0.0,1.0,0.12820561,0
0.42977965,0.526226,0.0,0.67593044,0.06953007,0
0.4508263,0.56831926,0.0,1.0,0.20119618,0
0.0,0.0,0.0,1.0,0.113193505,0
0.0,0.0,0.0,0.8337098,0.07809352,0
0.0,0.0,0.0,1.0,0.28115156,0
0.45090955,0.5684858,0.0,1.0,0.16838267,0
0.0,0.0,0.0,1.0,0.101218395,0
1.0,1.0,0.0,0.68153787,0.08651998,0
0.0,0.0,0.0,1.0,0.074807614,0
0.42977965,0.526226,0.0,1.0,0.1558732,0
0.0,0.0,0.0,1.0,0.20119618,0
0.0,0.0,0.0,1.0,0.2838443,0
0.0,0.0,0.0,1.0,0.24854434,0
0.0,0.0,0.0,1.0,0.080508195,0
0.45090955,0.5684858,0.0,0.6555069,0.08405388,0
0.0,0.0,0.0,1.0,0.20372179,0
1.0,1.0,0.0,1.0,0.11467671,0
0.0,0.0,0.0,1.0,0.22115098,0
0.42977965,0.526226,0.0,1.0,0.18179382,0
0.0,0.0,0.0,1.0,0.113193505,0
0.4508263,0.56831926,0.0,1.0,0.2838443,0
0.0,0.0,0.0,1.0,0.1618197,0
0.0,0.0,0.0,1.0,0.36326477,0
0.45090955,0.5684858,0.0,1.0,0.27298972,0
0.0,0.0,0.0,1.0,0.2098577,0
1.0,1.0,0.0,1.0,0.17884913,0
0.0,0.0,0.0,1.0,0.17430377,0
0.42977965,0.526226,0.0,0.8339942,0.092756756,0
0.0,0.0,0.0,0.8337098,0.07809352,0
0.4508263,0.56831926,0.0,1.0,0.24854434,0
0.0,0.0,0.0,1.0,0.1618197,0
0.0,0.0,0.0,1.0,0.32379153,0
0.45090955,0.5684858,0.0,1.0,0.19126639,0
0.0,0.0,0.0,1.0,0.06779732,0
1.0,1.0,0.0,1.0,0.14194843,0
0.0,0.0,0.0,1.0,0.15340509,0
0.42977965,0.526226,0.0,1.0,0.23132564,0
0.0,0.0,0.0,1.0,0.28115156,0
0.4508263,0.56831926,0.0,1.0,0.080508195,0
0.0,0.0,0.0,1.0,0.36326477,0
0.0,0.0,0.0,1.0,0.32379153,0
0.45090955,0.5684858,0.0,1.0,0.14004195,0
0.0,0.0,0.0,1.0,0.27243176,0
1.0,1.0,0.0,1.0,0.19474271,0
0.0,0.0,0.0,0.8412687,0.06185884,0
0.42977965,0.526226,0.0,1.0,0.10391843,0
0.0,0.0,0.0,1.0,0.16838267,0
0.4508263,0.56831926,0.0,0.6555069,0.08405388,0
0.0,0.0,0.0,1.0,0.27298972,0
0.0,0.0,0.0,1.0,0.19126639,0
0.0,0.0,0.0,1.0,0.14004195,0
0.0,0.0,0.0,1.0,0.13384561,0
1.0,1.0,0.0,1.0,0.09647579,0
0.0,0.0,0.0,1.0,0.13512823,0
0.42977965,0.526226,0.0,1.0,0.06030022,0
0.0,0.0,0.0,1.0,0.101218395,0
0.4508263,0.56831926,0.0,1.0,0.20372179,0
0.0,0.0,0.0,1.0,0.2098577,0
0.0,0.0,0.0,1.0,0.06779732,0
0.0,0.0,0.0,1.0,0.27243176,0
0.45090955,0.5684858,0.0,1.0,0.13384561,0
1.0,1.0,0.0,1.0,0.117511205,0
0.0,0.0,0.0,1.0,0.043116983,0
0.42977965,0.526226,0.0,0.32084,0.05746601,1
0.0,0.0,0.0,0.68153787,0.08651998,0
0.4508263,0.56831926,0.0,1.0,0.11467671,0
0.0,0.0,0.0,1.0,0.17884913,0
0.0,0.0,0.0,1.0,0.14194843,0
0.0,0.0,0.0,1.0,0.19474271,0
0.45090955,0.5684858,0.0,1.0,0.09647579,0
0.0,0.0,0.0,1.0,0.117511205,0
0.42977965,0.526226,0.0,1.0,0.08215059,0
0.0,0.0,0.0,1.0,0.12820561,0
0.4508263,0.56831926,0.0,1.0,0.074807614,0
0.0,0.0,0.0,1.0,0.22115098,0
0.0,0.0,0.0,1.0,0.17430377,0
0.0,0.0,0.0,1.0,0.15340509,0
0.45090955,0.5684858,0.0,0.8413317,0.06185884,0
0.0,0.0,0.0,1.0,0.13512823,0
1.0,1.0,0.0,1.0,0.043116983,0
0.0,0.0,0.0,1.0,0.08215059,0
0.0,0.0,0.0,0.6752535,0.06953007,0
0.4508263,0.56831926,0.0,1.0,0.1558732,0
0.0,0.0,0.0,1.0,0.18179382,0
0.0,0.0,0.0,0.8330675,0.092756756,0
0.0,0.0,0.0,1.0,0.23132564,0
0.45090955,0.5684858,0.0,1.0,0.10391843,0
0.0,0.0,0.0,1.0,0.06030022,0
1.0,1.0,0.0,0.32026768,0.05746601,1
0.0,0.0,0.0,1.0,0.12820561,0
0.42977965,0.526226,0.0,0.6752535,0.06953007,0
0.4508263,0.56831926,0.0,1.0,0.20119618,0
0.0,0.0,0.0,1.0,0.113193505,0
0.0,0.0,0.0,0.8329292,0.07809352,0
0.0,0.0,0.0,1.0,0.28115156,0
0.45090955,0.5684858,0.0,1.0,0.16838267,0
0.0,0.0,0.0,1.0,0.101218395,0
1.0,1.0,0.0,0.6807692,0.08651998,0
0.0,0.0,0.0,1.0,0.074807614,0
0.42977965,0.526226,0.0,1.0,0.1558732,0
0.0,0.0,0.0,1.0,0.20119618,0
0.0,0.0,0.0,1.0,0.2838443,0
0.0,0.0,0.0,1.0,0.24854434,0
0.0,0.0,0.0,1.0,0.080508195,0
0.45090955,0.5684858,0.0,0.6547293,0.08405388,0
0.0,0.0,0.0,1.0,0.20372179,0
1.0,1.0,0.0,1.0,0.11467671,0
0.0,0.0,0.0,1.0,0.22115098,0
0.42977965,0.526226,0.0,1.0,0.18179382,0
0.0,0.0,0.0,1.0,0.113193505,0
0.4508263,0.56831926,0.0,1.0,0.2838443,0
0.0,0.0,0.0,1.0,0.1618197,0
0.0,0.0,0.0,1.0,0.36326477,0
0.45090955,0.5684858,0.0,1.0,0.27298972,0
0.0,0.0,0.0,1.0,0.2098577,0
1.0,1.0,0.0,1.0,0.17884913,0
0.0,0.0,0.0,1.0,0.17430377,0
0.42977965,0.526226,0.0,0.8330675,0.092756756,0
0.0,0.0,0.0,0.8329292,0.07809352,0
0.4508263,0.56831926,0.0,1.0,0.24854434,0
0.0,0.0,0.0,1.0,0.1618197,0
0.0,0.0,0.0,1.0,0.32379153,0
0.45090955,0.5684858,0.0,1.0,0.19126639,0
0.0,0.0,0.0,1.0,0.06779732,0
1.0,1.0,0.0,1.0,0.14194843,0
0.0,0.0,0.0,1.0,0.15340509,0
0.42977965,0.526226,0.0,1.0,0.23132564,0
0.0,0.0,0.0,1.0,0.28115156,0
0.4508263,0.56831926,0.0,1.0,0.080508195,0
0.0,0.0,0.0,1.0,0.36326477,0
0.0,0.0,0.0,1.0,0.32379153,0
0.45090955,0.5684858,0.0,1.0,0.14004195,0
0.0,0.0,0.0,1.0,0.27243176,0
1.0,1.0,0.0,1.0,0.19474271,0
0.0,0.0,0.0,0.8413317,0.06185884,0
0.42977965,0.526226,0.0,1.0,0.10391843,0
0.0,0.0,0.0,1.0,0.16838267,0
0.4508263,0.56831926,0.0,0.6547293,0.08405388,0
0.0,0.0,0.0,1.0,0.27298972,0
0.0,0.0,0.0,1.0,0.19126639,0
0.0,0.0,0.0,1.0,0.14004195,0
0.0,0.0,0.0,1.0,0.13384561,0
1.0,1.0,0.0,1.0,0.09647579,0
0.0,0.0,0.0,1.0,0.13512823,0
0.42977965,0.526226,0.0,1.0,0.06030022,0
0.0,0.0,0.0,1.0,0.101218395,0
0.4508263,0.56831926,0.0,1.0,0.20372179,0
0.0,0.0,0.0,1.0,0.2098577,0
0.0,0.0,0.0,1.0,0.06779732,0
0.0,0.0,0.0,1.0,0.27243176,0
0.45090955,0.5684858,0.0,1.0,0.13384561,0
1.0,1.0,0.0,1.0,0.117511205,0
0.0,0.0,0.0,1.0,0.043116983,0
0.42977965,0.526226,0.0,0.32026768,0.05746601,1
0.0,0.0,0.0,0.6807692,0.08651998,0
0.4508263,0.56831926,0.0,1.0,0.11467671,0
0.0,0.0,0.0,1.0,0.17884913,0
0.0,0.0,0.0,1.0,0.14194843,0
0.0,0.0,0.0,1.0,0.19474271,0
0.45090955,0.5684858,0.0,1.0,0.09647579,0
0.0,0.0,0.0,1.0,0.117511205,0
0.42977965,0.526226,0.0,1.0,0.08215059,0
0.0,0.0,0.0,1.0,0.12820561,0
0.4508263,0.56831926,0.0,1.0,0.074807614,0
0.0,0.0,0.0,1.0,0.22115098,0
0.0,0.0,0.0,1.0,0.17430377,0
0.0,0.0,0.0,1.0,0.15340509,0
0.45090955,0.5684858,0.0,0.8413952,0.06185884,0
0.0,0.0,0.0,1.0,0.13512823,0
1.0,1.0,0.0,1.0,0.043116983,0
0.0,0.0,0.0,1.0,0.08215059,0
0.0,0.0,0.0,0.67457664,0.06953007,0
0.4508263,0.56831926,0.0,1.0,0.1558732,0
0.0,0.0,0.0,1.0,0.18179382,0
0.0,0.0,0.0,0.83214074,0.092756756,0
0.0,0.0,0.0,1.0,0.23132564,0
0.45090955,0.5684858,0.0,1.0,0.10391843,0
0.0,0.0,0.0,1.0,0.06030022,0
1.0,1.0,0.0,0.31969538,0.05746601,1
0.0,0.0,0.0,1.0,0.12820561,0
0.42977965,0.526226,0.0,0.67457664,0.06953007,0
0.4508263,0.56831926,0.0,1.0,0.20119618,0
0.0,0.0,0.0,1.0,0.113193505,0
0.0,0.0,0.0,0.83214855,0.07809352,0
0.0,0.0,0.0,1.0,0.28115156,0
0.45090955,0.5684858,0.0,1.0,0.16838267,0
0.0,0.0,0.0,1.0,0.101218395,0
1.0,1.0,0.0,0.6800007,0.08651998,0
0.0,0.0,0.0,1.0,0.074807614,0
0.42977965,0.526226,0.0,1.0,0.1558732,0
0.0,0.0,0.0,1.0,0.20119618,0
0.0,0.0,0.0,1.0,0.2838443,0
0.0,0.0,0.0,1.0,0.24854434,0
0.0,0.0,0.0,1.0,0.080508195,0
0.45090955,0.5684858,0.0,0.6539519,0.08405388,0
0.0,0.0,0.0,1.0,0.20372179,0
1.0,1.0,0.0,1.0,0.11467671,0
0.0,0.0,0.0,1.0,0.22115098,0
0.42977965,0.526226,0.0,1.0,0.18179382,0
0.0,0.0,0.0,1.0,0.113193505,0
0.4508263,0.56831926,0.0,1.0,0.2838443,0
0.0,0.0,0.0,1.0,0.1618197,0
0.0,0.0,0.0,1.0,0.36326477,0
0.45090955,0.5684858,0.0,1.0,0.27298972,0
0.0,0.0,0.0,1.0,0.2098577,0
1.0,1.0,0.0,1.0,0.17884913,0
0.0,0.0,0.0,1.0,0.17430377,0
0.42977965,0.526226,0.0,0.83214074,0.092756756,0
0.0,0.0,0.0,0.83214855,0.07809352,0
0.4508263,0.56831926,0.0,1.0,0.24854434,0
0.0,0.0,0.0,1.0,0.1618197,0
0.0,0.0,0.0,1.0,0.32379153,0
0.45090955,0.5684858,0.0,1.0,0.19126639,0
0.0,0.0,0.0,1.0,0.06779732,0
1.0,1.0,0.0,1.0,0.14194843,0
0.0,0.0,0.0,1.0,0.15340509,0
0.42977965,0.526226,0.0,1.0,0.23132564,0
0.0,0.0,0.0,1.0,0.28115156,0
0.4508263,0.56831926,0.0,1.0,0.080508195,0
0.0,0.0,0.0,1.0,0.36326477,0
0.0,0.0,0.0,1.0,0.32379153,0
0.45090955,0.5684858,0.0,1.0,0.14004195,0
0.0,0.0,0.0,1.0,0.27243176,0
1.0,1.0,0.0,1.0,0.19474271,0
0.0,0.0,0.0,0.8413952,0.06185884,0
0.42977965,0.526226,0.0,1.0,0.10391843,0
0.0,0.0,0.0,1.0,0.16838267,0
0.4508263,0.56831926,0.0,0.6539519,0.08405388,0
0.0,0.0,0.0,1.0,0.27298972,0
0.0,0.0,0.0,1.0,0.19126639,0
0.0,0.0,0.0,1.0,0.14004195,0
0.0,0.0,0.0,1.0,0.13384561,0
1.0,1.0,0.0,1.0,0.09647579,0
0.0,0.0,0.0,1.0,0.13512823,0
0.42977965,0.526226,0.0,1.0,0.06030022,0
0.0,0.0,0.0,1.0,0.101218395,0
0.4508263,0.56831926,0.0,1.0,0.20372179,0
0.0,0.0,0.0,1.0,0.2098577,0
0.0,0.0,0.0,1.0,0.06779732,0
0.0,0.0,0.0,1.0,0.27243176,0
0.45090955,0.5684858,0.0,1.0,0.13384561,0
1.0,1.0,0.0,1.0,0.117511205,0
0.0,0.0,0.0,1.0,0.043116983,0
0.42977965,0.526226,0.0,0.31969538,0.05746601,1
0.0,0.0,0.0,0.6800007,0.08651998,0
0.4508263,0.56831926,0.0,1.0,0.11467671,0
0.0,0.0,0.0,1.0,0.17884913,0
0.0,0.0,0.0,1.0,0.14194843,0
0.0,0.0,0.0,1.0,0.19474271,0
0.45090955,0.5684858,0.0,1.0,0.09647579,0
0.0,0.0,0.0,1.0,0.117511205,0
0.42977965,0.526226,0.0,1.0,0.08215059,0
0.0,0.0,0.0,1.0,0.12820561,0
0.4508263,0.56831926,0.0,1.0,0.074807614,0
0.0,0.0,0.0,1.0,0.22115098,0
0.0,0.0,0.0,1.0,0.17430377,0
0.0,0.0,0.0,1.0,0.15340509,0
0.45090955,0.5684858,0.0,0.8414591,0.06185884,0
0.0,0.0,0.0,1.0,0.13512823,0
1.0,1.0,0.0,1.0,0.043116983,0
0.0,0.0,0.0,1.0,0.08215059,0
0.0,0.0,0.0,0.67389977,0.06953007,0
0.4508263,0.56831926,0.0,1.0,0.1558732,0
0.0,0.0,0.0,1.0,0.18179382,0
0.0,0.0,0.0,0.831214,0.092756756,0
0.0,0.0,0.0,1.0,0.23132564,0
0.45090955,0.5684858,0.0,1.0,0.10391843,0
0.0,0.0,0.0,1.0,0.06030022,0
1.0,1.0,0.0,0.3191231,0.05746601,1
0.0,0.0,0.0,1.0,0.12820561,0
0.42977965,0.526226,0.0,0.67389977,0.06953007,0
0.4508263,0.56831926,0.0,1.0,0.20119618,0
0.0,0.0,0.0,1.0,0.113193505,0
0.0,0.0,0.0,0.83136797,0.07809352,0
0.0,0.0,0.0,1.0,0.28115156,0
0.45090955,0.5684858,0.0,1.0,0.16838267,0
0.0,0.0,0.0,1.0,0.101218395,0
1.0,1.0,0.0,0.67923254,0.08651998,0
0.0,0.0,0.0,1.0,0.074807614,0
0.42977965,0.526226,0.0,1.0,0.1558732,0
0.0,0.0,0.0,1.0,0.20119618,0
0.0,0.0,0.0,1.0,0.2838443,0
0.0,0.0,0.0,1.0,0.24854434,0
0.0,0.0,0.0,1.0,0.080508195,0
0.45090955,0.5684858,0.0,0.6531746,0.08405388,0
0.0,0.0,0.0,1.0,0.20372179,0
1.0,1.0,0.0,1.0,0.11467671,0
0.0,0.0,0.0,1.0,0.22115098,0
0.42977965,0.526226,0.0,1.0,0.18179382,0
0.0,0.0,0.0,1.0,0.113193505,0
0.4508263,0.56831926,0.0,1.0,0.2838443,0
0.0,0.0,0.0,1.0,0.1618197,0
0.0,0.0,0.0,1.0,0.36326477,0
0.45090955,0.5684858,0.0,1.0,0.27298972,0
0.0,0.0,0.0,1.0,0.2098577,0
1.0,1.0,0.0,1.0,0.17884913,0
0.0,0.0,0.0,1.0,0.17430377,0
0.42977965,0.526226,0.0,0.831214,0.092756756,0
0.0,0.0,0.0,0.83136797,0.07809352,0
0.4508263,0.56831926,0.0,1.0,0.24854434,0
0.0,0.0,0.0,1.0,0.1618197,0
0.0,0.0,0.0,1.0,0.32379153,0
0.45090955,0.5684858,0.0,1.0,0.19126639,0
0.0,0.0,0.0,1.0,0.06779732,0
1.0,1.0,0.0,1.0,0.14194843,0
0.0,0.0,0.0,1.0,0.15340509,0
0.42977965,0.526226,0.0,1.0,0.23132564,0
0.0,0.0,0.0,1.0,0.28115156,0
0.4508263,0.56831926,0.0,1.0,0.080508195,0
0.0,0.0,0.0,1.0,0.36326477,0
0.0,0.0,0.0,1.0,0.32379153,0
0.45090955,0.5684858,0.0,1.0,0.14004195,0
0.0,0.0,0.0,1.0,0.27243176,0
1.0,1.0,0.0,1.0,0.19474271,0
0.0,0.0,0.0,0.8414591,0.06185884,0
0.42977965,0.526226,0.0,1.0,0.10391843,0
0.0,0.0,0.0,1.0,0.16838267,0
0.4508263,0.56831926,0.0,0.6531746,0.08405388,0
0.0,0.0,0.0,1.0,0.27298972,0
0.0,0.0,0.0,1.0,0.19126639,0
0.0,0.0,0.0,1.0,0.14004195,0
0.0,0.0,0.0,1.0,0.13384561,0
1.0,1.0,0.0,1.0,0.09647579,0
0.0,0.0,0.0,1.0,0.13512823,0
0.42977965,0.526226,0.0,1.0,0.06030022,0
0.0,0.0,0.0,1.0,0.101218395,0
0.4508263,0.56831926,0.0,1.0,0.20372179,0
0.0,0.0,0.0,1.0,0.2098577,0
0.0,0.0,0.0,1.0,0.06779732,0
0.0,0.0,0.0,1.0,0.27243176,0
0.45090955,0.5684858,0.0,1.0,0.13384561,0
1.0,1.0,0.0,1.0,0.117511205,0
0.0,0.0,0.0,1.0,0.043116983,0
0.42977965,0.526226,0.0,0.3191231,0.05746601,1
0.0,0.0,0.0,0.67923254,0.08651998,0
0.4508263,0.56831926,0.0,1.0,0.11467671,0
0.0,0.0,0.0,1.0,0.17884913,0
0.0,0.0,0.0,1.0,0.14194843,0
0.0,0.0,0.0,1.0,0.19474271,0
0.45090955,0.5684858,0.0,1.0,0.09647579,0
0.0,0.0,0.0,1.0,0.117511205,0
0.42977965,0.526226,0.0,1.0,0.08215059,0
0.0,0.0,0.0,1.0,0.12820561,0
0.4508263,0.56831926,0.0,1.0,0.074807614,0
0.0,0.0,0.0,1.0,0.22115098,0
0.0,0.0,0.0,1.0,0.17430377,0
0.0,0.0,0.0,1.0,0.15340509,0
0.45090955,0.5684858,0.0,0.84152347,0.06185884,0
0.0,0.0,0.0,1.0,0.13512823,0
1.0,1.0,0.0,1.0,0.043116983,0
0.0,0.0,0.0,1.0,0.08215059,0
0.0,0.0,0.0,0.67322296,0.06953007,0
0.4508263,0.56831926,0.0,1.0,0.1558732,0
0.0,0.0,0.0,1.0,0.18179382,0
0.0,0.0,0.0,0.83028734,0.092756756,0
0.0,0.0,0.0,1.0,0.23132564,0
0.45090955,0.5684858,0.0,1.0,0.10391843,0
0.0,0.0,0.0,1.0,0.06030022,0
1.0,1.0,0.0,0.3185508,0.05746601,1
0.0,0.0,0.0,1.0,0.12820561,0
0.42977965,0.526226,0.0,0.67322296,0.06953007,0
0.4508263,0.56831926,0.0,1.0,0.20119618,0
0.0,0.0,0.0,1.0,0.113193505,0
0.0,0.0,0.0,0.8305874,0.07809352,0
0.0,0.0,0.0,1.0,0.28115156,0
0.45090955,0.5684858,0.0,1.0,0.16838267,0
0.0,0.0,0.0,1.0,0.101218395,0
1.0,1.0,0.0,0.6784646,0.08651998,0
0.0,0.0,0.0,1.0,0.074807614,0
0.42977965,0.526226,0.0,1.0,0.1558732,0
0.0,0.0,0.0,1.0,0.20119618,0
0.0,0.0,0.0,1.0,0.2838443,0
0.0,0.0,0.0,1.0,0.24854434,0
0.0,0.0,0.0,1.0,0.080508195,0
0.45090955,0.5684858,0.0,0.65239745,0.08405388,0
0.0,0.0,0.0,1.0,0.20372179,0
1.0,1.0,0.0,1.0,0.11467671,0
0.0,0.0,0.0,1.0,0.22115098,0
0.42977965,0.526226,0.0,1.0,0.18179382,0
0.0,0.0,0.0,1.0,0.113193505,0
0.4508263,0.56831926,0.0,1.0,0.2838443,0
0.0,0.0,0.0,1.0,0.1618197,0
0.0,0.0,0.0,1.0,0.36326477,0
0.45090955,0.5684858,0.0,1.0,0.27298972,0
0.0,0.0,0.0,1.0,0.2098577,0
1.0,1.0,0.0,1.0,0.17884913,0
0.0,0.0,0.0,1.0,0.17430377,0
0.42977965,0.526226,0.0,0.83028734,0.092756756,0
0.0,0.0,0.0,0.8305874,0.07809352,0
0.4508263,0.56831926,0.0,1.0,0.24854434,0
0.0,0.0,0.0,1.0,0.1618197,0
0.0,0.0,0.0,1.0,0.32379153,0
0.45090955,0.5684858,0.0,1.0,0.19126639,0
0.0,0.0,0.0,1.0,0.06779732,0
1.0,1.0,0.0,1.0,0.14194843,0
0.0,0.0,0.0,1.0,0.15340509,0
0.42977965,0.526226,0.0,1.0,0.23132564,0
0.0,0.0,0.0,1.0,0.28115156,0
0.4508263,0.56831926,0.0,1.0,0.080508195,0
0.0,0.0,0.0,1.0,0.36326477,0
0.0,0.0,0.0,1.0,0.32379153,0
0.45090955,0.5684858,0.0,1.0,0.14004195,0
0.0,0.0,0.0,1.0,0.27243176,0
1.0,1.0,0.0,1.0,0.19474271,0
0.0,0.0,0.0,0.84152347,0.06185884,0
0.42977965,0.526226,0.0,1.0,0.10391843,0
0.0,0.0,0.0,1.0,0.16838267,0
0.4508263,0.56831926,0.0,0.65239745,0.08405388,0
0.0,0.0,0.0,1.0,0.27298972,0
0.0,0.0,0.0,1.0,0.19126639,0
0.0,0.0,0.0,1.0,0.14004195,0
0.0,0.0,0.0,1.0,0.13384561,0
1.0,1.0,0.0,1.0,0.09647579,0
0.0,0.0,0.0,1.0,0.13512823,0
0.42977965,0.526226,0.0,1.0,0.06030022,0
0.0,0.0,0.0,1.0,0.101218395,0
0.4508263,0.56831926,0.0,1.0,0.20372179,0
0.0,0.0,0.0,1.0,0.2098577,0
0.0,0.0,0.0,1.0,0.06779732,0
0.0,0.0,0.0,1.0,0.27243176,0
0.45090955,0.5684858,0.0,1.0,0.13384561,0
1.0,1.0,0.0,1.0,0.117511205,0
0.0,0.0,0.0,1.0,0.043116983,0
0.42977965,0.526226,0.0,0.3185508,0.05746601,1
0.0,0.0,0.0,0.6784646,0.08651998,0
0.4508263,0.56831926,0.0,1.0,0.11467671,0
0.0,0.0,0.0,1.0,0.17884913,0
0.0,0.0,0.0,1.0,0.14194843,0
0.0,0.0,0.0,1.0,0.19474271,0
0.45090955,0.5684858,0.0,1.0,0.09647579,0
0.0,0.0,0.0,1.0,0.117511205,0
1.0,1.0,0.0,1.0,0.08215059,0
0.4344075,0.5354817,0.0,1.0,0.12820561,0
0.4508263,0.56831926,0.0,1.0,0.074807614,0
0.0,0.0,0.0,1.0,0.22115098,0
0.0,0.0,0.0,1.0,0.17430377,0
0.0,0.0,0.0,1.0,0.15340509,0
0.45090955,0.5684858,0.0,0.84158826,0.06185884,0
0.0,0.0,0.0,1.0,0.13512823,0
1.0,1.0,0.0,1.0,0.043116983,0
0.0,0.0,0.0,1.0,0.08215059,0
0.4344075,0.5354817,0.0,0.6725462,0.06953007,0
0.4508263,0.56831926,0.0,1.0,0.1558732,0
0.0,0.0,0.0,1.0,0.18179382,0
0.0,0.0,0.0,0.8293606,0.092756756,0
0.0,0.0,0.0,1.0,0.23132564,0
0.45090955,0.5684858,0.0,1.0,0.10391843,0
0.0,0.0,0.0,1.0,0.06030022,0
1.0,1.0,0.0,0.3179785,0.05746601,1
0.0,0.0,0.0,1.0,0.12820561,0
1.0,1.0,0.0,0.6725462,0.06953007,0
0.4508263,0.56831926,0.0,1.0,0.20119618,0
0.0,0.0,0.0,1.0,0.113193505,0
0.0,0.0,0.0,0.8298068,0.07809352,0
0.0,0.0,0.0,1.0,0.28115156,0
0.45090955,0.5684858,0.0,1.0,0.16838267,0
0.0,0.0,0.0,1.0,0.101218395,0
1.0,1.0,0.0,0.6776968,0.08651998,0
0.0,0.0,0.0,1.0,0.074807614,0
1.0,1.0,0.0,1.0,0.1558732,0
0.4344075,0.5354817,0.0,1.0,0.20119618,0
0.0,0.0,0.0,1.0,0.2838443,0
0.0,0.0,0.0,1.0,0.24854434,0
0.0,0.0,0.0,1.0,0.080508195,0
0.45090955,0.5684858,0.0,0.6516205,0.08405388,0
0.0,0.0,0.0,1.0,0.20372179,0
1.0,1.0,0.0,1.0,0.11467671,0
0.0,0.0,0.0,1.0,0.22115098,0
1.0,1.0,0.0,1.0,0.18179382,0
0.4344075,0.5354817,0.0,1.0,0.113193505,0
0.4508263,0.56831926,0.0,1.0,0.2838443,0
0.0,0.0,0.0,1.0,0.1618197,0
0.0,0.0,0.0,1.0,0.36326477,0
0.45090955,0.5684858,0.0,1.0,0.27298972,0
0.0,0.0,0.0,1.0,0.2098577,0
1.0,1.0,0.0,1.0,0.17884913,0
0.0,0.0,0.0,1.0,0.17430377,0
1.0,1.0,0.0,0.8293606,0.092756756,0
0.4344075,0.5354817,0.0,0.8298068,0.07809352,0
0.4508263,0.56831926,0.0,1.0,0.24854434,0
0.0,0.0,0.0,1.0,0.1618197,0
0.0,0.0,0.0,1.0,0.32379153,0
0.45090955,0.5684858,0.0,1.0,0.19126639,0
0.0,0.0,0.0,1.0,0.06779732,0
1.0,1.0,0.0,1.0,0.14194843,0
0.0,0.0,0.0,1.0,0.15340509,0
1.0,1.0,0.0,1.0,0.23132564,0
0.4344075,0.5354817,0.0,1.0,0.28115156,0
0.4508263,0.56831926,0.0,1.0,0.080508195,0
0.0,0.0,0.0,1.0,0.36326477,0
0.0,0.0,0.0,1.0,0.32379153,0
0.45090955,0.5684858,0.0,1.0,0.14004195,0
0.0,0.0,0.0,1.0,0.27243176,0
1.0,1.0,0.0,1.0,0.19474271,0
0.0,0.0,0.0,0.84158826,0.06185884,0
1.0,1.0,0.0,1.0,0.10391843,0
0.4344075,0.5354817,0.0,1.0,0.16838267,0
0.4508263,0.56831926,0.0,0.6516205,0.08405388,0
0.0,0.0,0.0,1.0,0.27298972,0
0.0,0.0,0.0,1.0,0.19126639,0
0.0,0.0,0.0,1.0,0.14004195,0
0.0,0.0,0.0,1.0,0.13384561,0
1.0,1.0,0.0,1.0,0.09647579,0
0.0,0.0,0.0,1.0,0.13512823,0
1.0,1.0,0.0,1.0,0.06030022,0
0.4344075,0.5354817,0.0,1.0,0.101218395,0
0.4508263,0.56831926,0.0,1.0,0.20372179,0
0.0,0.0,0.0,1.0,0.2098577,0
0.0,0.0,0.0,1.0,0.06779732,0
0.0,0.0,0.0,1.0,0.27243176,0
0.45090955,0.5684858,0.0,1.0,0.13384561,0
1.0,1.0,0.0,1.0,0.117511205,0
0.0,0.0,0.0,1.0,0.043116983,0
1.0,1.0,0.0,0.3179785,0.05746601,1
0.4344075,0.5354817,0.0,0.6776968,0.08651998,0
0.4508263,0.56831926,0.0,1.0,0.11467671,0
0.0,0.0,0.0,1.0,0.17884913,0
0.0,0.0,0.0,1.0,0.14194843,0
0.0,0.0,0.0,1.0,0.19474271,0
0.45090955,0.5684858,0.0,1.0,0.09647579,0
0.0,0.0,0.0,1.0,0.117511205,0
1.0,1.0,0.0,1.0,0.08215059,0
0.4344075,0.5354817,0.0,1.0,0.12820561,0
0.4508263,0.56831926,0.0,1.0,0.074807614,0
0.0,0.0,0.0,1.0,0.22115098,0
0.0,0.0,0.0,1.0,0.17430377,0
0.0,0.0,0.0,1.0,0.15340509,0
0.45090955,0.5684858,0.0,0.8416535,0.06185884,0
0.0,0.0,0.0,1.0,0.13512823,0
1.0,1.0,0.0,1.0,0.043116983,0
0.0,0.0,0.0,1.0,0.08215059,0
0.4344075,0.5354817,0.0,0.67186946,0.06953007,0
0.4508263,0.56831926,0.0,1.0,0.1558732,0
0.0,0.0,0.0,1.0,0.18179382,0
0.0,0.0,0.0,0.8284339,0.092756756,0
0.0,0.0,0.0,1.0,0.23132564,0
0.45090955,0.5684858,0.0,1.0,0.10391843,0
0.0,0.0,0.0,1.0,0.06030022,0
1.0,1.0,0.0,0.31740624,0.05746601,1
0.0,0.0,0.0,1.0,0.12820561,0
1.0,1.0,0.0,0.67186946,0.06953007,0
0.4508263,0.56831926,0.0,1.0,0.20119618,0
0.0,0.0,0.0,1.0,0.113193505,0
0.0,0.0,0.0,0.8290262,0.07809352,0
0.0,0.0,0.0,1.0,0.28115156,0
0.45090955,0.5684858,0.0,1.0,0.16838267,0
0.0,0.0,0.0,1.0,0.101218395,0
1.0,1.0,0.0,0.6769293,0.08651998,0
0.0,0.0,0.0,1.0,0.074807614,0
1.0,1.0,0.0,1.0,0.1558732,0
0.4344075,0.5354817,0.0,1.0,0.20119618,0
0.0,0.0,0.0,1.0,0.2838443,0
0.0,0.0,0.0,1.0,0.24854434,0
0.0,0.0,0.0,1.0,0.080508195,0
0.45090955,0.5684858,0.0,0.6508437,0.08405388,0
0.0,0.0,0.0,1.0,0.20372179,0
1.0,1.0,0.0,1.0,0.11467671,0
0.0,0.0,0.0,1.0,0.22115098,0
1.0,1.0,0.0,1.0,0.18179382,0
0.4344075,0.5354817,0.0,1.0,0.113193505,0
0.4508263,0.56831926,0.0,1.0,0.2838443,0
0.0,0.0,0.0,1.0,0.1618197,0
0.0,0.0,0.0,1.0,0.36326477,0
0.45090955,0.5684858,0.0,1.0,0.27298972,0
0.0,0.0,0.0,1.0,0.2098577,0
1.0,1.0,0.0,1.0,0.17884913,0
0.0,0.0,0.0,1.0,0.17430377,0
1.0,1.0,0.0,0.8284339,0.092756756,0
0.4344075,0.5354817,0.0,0.8290262,0.07809352,0
0.4508263,0.56831926,0.0,1.0,0.24854434,0
0.0,0.0,0.0,1.0,0.1618197,0
0.0,0.0,0.0,1.0,0.32379153,0
0.45090955,0.5684858,0.0,1.0,0.19126639,0
0.0,0.0,0.0,1.0,0.06779732,0
1.0,1.0,0.0,1.0,0.14194843,0
0.0,0.0,0.0,1.0,0.15340509,0
1.0,1.0,0.0,1.0,0.23132564,0
0.4344075,0.5354817,0.0,1.0,0.28115156,0
0.4508263,0.56831926,0.0,1.0,0.080508195,0
0.0,0.0,0.0,1.0,0.36326477,0
0.0,0.0,0.0,1.0,0.32379153,0
0.45090955,0.5684858,0.0,1.0,0.14004195,0
0.0,0.0,0.0,1.0,0.27243176,0
1.0,1.0,0.0,1.0,0.19474271,0
0.0,0.0,0.0,0.8416535,0.06185884,0
1.0,1.0,0.0,1.0,0.10391843,0
0.4344075,0.5354817,0.0,1.0,0.16838267,0
0.4508263,0.56831926,0.0,0.6508437,0.08405388,0
0.0,0.0,0.0,1.0,0.27298972,0
0.0,0.0,0.0,1.0,0.19126639,0
0.0,0.0,0.0,1.0,0.14004195,0
0.0,0.0,0.0,1.0,0.13384561,0
1.0,1.0,0.0,1.0,0.09647579,0
0.0,0.0,0.0,1.0,0.13512823,0
1.0,1.0,0.0,1.0,0.06030022,0
0.4344075,0.5354817,0.0,1.0,0.101218395,0
0.4508263,0.56831926,0.0,1.0,0.20372179,0
0.0,0.0,0.0,1.0,0.2098577,0
0.0,0.0,0.0,1.0,0.06779732,0
0.0,0.0,0.0,1.0,0.27243176,0
0.45090955,0.5684858,0.0,1.0,0.13384561,0
1.0,1.0,0.0,1.0,0.117511205,0
0.0,0.0,0.0,1.0,0.043116983,0
1.0,1.0,0.0,0.31740624,0.05746601,1
0.4344075,0.5354817,0.0,0.6769293,0.08651998,0
0.4508263,0.56831926,0.0,1.0,0.11467671,0
0.0,0.0,0.0,1.0,0.17884913,0
0.0,0.0,0.0,1.0,0.14194843,0
0.0,0.0,0.0,1.0,0.19474271,0
0.45090955,0.5684858,0.0,1.0,0.09647579,0
0.0,0.0,0.0,1.0,0.117511205,0
1.0,1.0,0.0,1.0,0.08215059,0
0.4344075,0.5354817,0.0,1.0,0.12820561,0
0.46005008,0.5867668,0.0,1.0,0.074807614,0
0.0,0.0,0.0,1.0,0.22115098,0
0.0,0.0,0.0,1.0,0.17430377,0
0.0,0.0,0.0,1.0,0.15340509,0
0.4601085,0.58688366,0.0,0.8417192,0.06185884,0
0.0,0.0,0.0,1.0,0.13512823,0
1.0,1.0,0.0,1.0,0.043116983,0
0.0,0.0,0.0,1.0,0.08215059,0
0.4344075,0.5354817,0.0,0.67119277,0.06953007,0
0.46005008,0.5867668,0.0,1.0,0.1558732,0
0.0,0.0,0.0,1.0,0.18179382,0
0.0,0.0,0.0,0.8275072,0.092756756,0
0.0,0.0,0.0,1.0,0.23132564,0
0.4601085,0.58688366,0.0,1.0,0.10391843,0
0.0,0.0,0.0,1.0,0.06030022,0
1.0,1.0,0.0,0.31683397,0.05746601,1
0.0,0.0,0.0,1.0,0.12820561,0
1.0,1.0,0.0,0.67119277,0.06953007,0
0.46005008,0.5867668,0.0,1.0,0.20119618,0
0.0,0.0,0.0,1.0,0.113193505,0
0.0,0.0,0.0,0.82824564,0.07809352,0
0.0,0.0,0.0,1.0,0.28115156,0
0.4601085,0.58688366,0.0,1.0,0.16838267,0
0.0,0.0,0.0,1.0,0.101218395,0
1.0,1.0,0.0,0.67616206,0.08651998,0
0.0,0.0,0.0,1.0,0.074807614,0
1.0,1.0,0.0,1.0,0.1558732,0
0.4344075,0.5354817,0.0,1.0,0.20119618,0
0.0,0.0,0.0,1.0,0.2838443,0
0.0,0.0,0.0,1.0,0.24854434,0
0.0,0.0,0.0,1.0,0.080508195,0
0.4601085,0.58688366,0.0,0.65006703,0.08405388,0
0.0,0.0,0.0,1.0,0.20372179,0
1.0,1.0,0.0,1.0,0.11467671,0
0.0,0.0,0.0,1.0,0.22115098,0
1.0,1.0,0.0,1.0,0.18179382,0
0.4344075,0.5354817,0.0,1.0,0.113193505,0
0.46005008,0.5867668,0.0,1.0,0.2838443,0
0.0,0.0,0.0,1.0,0.1618197,0
0.0,0.0,0.0,1.0,0.36326477,0
0.4601085,0.58688366,0.0,1.0,0.27298972,0
0.0,0.0,0.0,1.0,0.2098577,0
1.0,1.0,0.0,1.0,0.17884913,0
0.0,0.0,0.0,1.0,0.17430377,0
1.0,1.0,0.0,0.8275072,0.092756756,0
0.4344075,0.5354817,0.0,0.82824564,0.07809352,0
0.46005008,0.5867668,0.0,1.0,0.24854434,0
0.0,0.0,0.0,1.0,0.1618197,0
0.0,0.0,0.0,1.0,0.32379153,0
0.4601085,0.58688366,0.0,1.0,0.19126639,0
0.0,0.0,0.0,1.0,0.06779732,0
1.0,1.0,0.0,1.0,0.14194843,0
0.0,0.0,0.0,1.0,0.15340509,0
1.0,1.0,0.0,1.0,0.23132564,0
0.4344075,0.5354817,0.0,1.0,0.28115156,0
0.46005008,0.5867668,0.0,1.0,0.080508195,0
0.0,0.0,0.0,1.0,0.36326477,0
0.0,0.0,0.0,1.0,0.32379153,0
0.4601085,0.58688366,0.0,1.0,0.14004195,0
0.0,0.0,0.0,1.0,0.27243176,0
1.0,1.0,0.0,1.0,0.19474271,0
0.0,0.0,0.0,0.8417192,0.06185884,0
1.0,1.0,0.0,1.0,0.10391843,0
0.4344075,0.5354817,0.0,1.0,0.16838267,0
0.46005008,0.5867668,0.0,0.65006703,0.08405388,0
0.0,0.0,0.0,1.0,0.27298972,0
0.0,0.0,0.0,1.0,0.19126639,0
0.0,0.0,0.0,1.0,0.14004195,0
0.0,0.0,0.0,1.0,0.13384561,0
1.0,1.0,0.0,1.0,0.09647579,0
0.0,0.0,0.0,1.0,0.13512823,0
1.0,1.0,0.0,1.0,0.06030022,0
0.4344075,0.5354817,0.0,1.0,0.101218395,0
0.46005008,0.5867668,0.0,1.0,0.20372179,0
0.0,0.0,0.0,1.0,0.2098577,0
0.0,0.0,0.0,1.0,0.06779732,0
0.0,0.0,0.0,1.0,0.27243176,0
0.4601085,0.58688366,0.0,1.0,0.13384561,0
1.0,1.0,0.0,1.0,0.117511205,0
0.0,0.0,0.0,1.0,0.043116983,0
1.0,1.0,0.0,0.31683397,0.05746601,1
0.4344075,0.5354817,0.0,0.67616206,0.08651998,0
0.46005008,0.5867668,0.0,1.0,0.11467671,0
0.0,0.0,0.0,1.0,0.17884913,0
0.0,0.0,0.0,1.0,0.14194843,0
0.0,0.0,0.0,1.0,0.19474271,0
0.4601085,0.58688366,0.0,1.0,0.09647579,0
0.0,0.0,0.0,1.0,0.117511205,0
0.43702567,0.540718,0.0,1.0,0.08215059,0
0.4344075,0.5354817,0.0,1.0,0.12820561,0
0.46005008,0.5867668,0.0,1.0,0.074807614,0
0.0,0.0,0.0,1.0,0.22115098,0
0.0,0.0,0.0,1.0,0.17430377,0
0.0,0.0,0.0,1.0,0.15340509,0
0.4601085,0.58688366,0.0,0.8417854,0.06185884,0
0.0,0.0,0.0,1.0,0.13512823,0
0.43176857,0.5302038,0.0,1.0,0.043116983,0
0.0,0.0,0.0,1.0,0.08215059,0
0.4344075,0.5354817,0.0,0.6705161,0.06953007,0
0.46005008,0.5867668,0.0,1.0,0.1558732,0
0.0,0.0,0.0,1.0,0.18179382,0
0.0,0.0,0.0,0.82658046,0.092756756,0
0.0,0.0,0.0,1.0,0.23132564,0
0.4601085,0.58688366,0.0,1.0,0.10391843,0
0.0,0.0,0.0,1.0,0.06030022,0
0.43176857,0.5302038,0.0,0.3162617,0.05746601,1
0.0,0.0,0.0,1.0,0.12820561,0
0.43702567,0.540718,0.0,0.6705161,0.06953007,0
0.46005008,0.5867668,0.0,1.0,0.20119618,0
0.0,0.0,0.0,1.0,0.113193505,0
0.0,0.0,0.0,0.827465,0.07809352,0
0.0,0.0,0.0,1.0,0.28115156,0
0.4601085,0.58688366,0.0,1.0,0.16838267,0
0.0,0.0,0.0,1.0,0.101218395,0
0.43176857,0.5302038,0.0,0.675395,0.08651998,0
0.0,0.0,0.0,1.0,0.074807614,0
0.43702567,0.540718,0.0,1.0,0.1558732,0
0.4344075,0.5354817,0.0,1.0,0.20119618,0
0.0,0.0,0.0,1.0,0.2838443,0
0.0,0.0,0.0,1.0,0.24854434,0
0.0,0.0,0.0,1.0,0.080508195,0
0.4601085,0.58688366,0.0,0.64929056,0.08405388,0
0.0,0.0,0.0,1.0,0.20372179,0
0.43176857,0.5302038,0.0,1.0,0.11467671,0
0.0,0.0,0.0,1.0,0.22115098,0
0.43702567,0.540718,0.0,1.0,0.18179382,0
0.4344075,0.5354817,0.0,1.0,0.113193505,0
0.46005008,0.5867668,0.0,1.0,0.2838443,0
0.0,0.0,0.0,1.0,0.1618197,0
0.0,0.0,0.0,1.0,0.36326477,0
0.4601085,0.58688366,0.0,1.0,0.27298972,0
0.0,0.0,0.0,1.0,0.2098577,0
0.43176857,0.5302038,0.0,1.0,0.17884913,0
0.0,0.0,0.0,1.0,0.17430377,0
0.43702567,0.540718,0.0,0.82658046,0.092756756,0
0.4344075,0.5354817,0.0,0.827465,0.07809352,0
0.46005008,0.5867668,0.0,1.0,0.24854434,0
0.0,0.0,0.0,1.0,0.1618197,0
0.0,0.0,0.0,1.0,0.32379153,0
0.4601085,0.58688366,0.0,1.0,0.19126639,0
0.0,0.0,0.0,1.0,0.06779732,0
0.43176857,0.5302038,0.0,1.0,0.14194843,0
0.0,0.0,0.0,1.0,0.15340509,0
0.43702567,0.540718,0.0,1.0,0.23132564,0
0.4344075,0.5354817,0.0,1.0,0.28115156,0
0.46005008,0.5867668,0.0,1.0,0.080508195,0
0.0,0.0,0.0,1.0,0.36326477,0
0.0,0.0,0.0,1.0,0.32379153,0
0.4601085,0.58688366,0.0,1.0,0.14004195,0
0.0,0.0,0.0,1.0,0.27243176,0
0.43176857,0.5302038,0.0,1.0,0.19474271,0
0.0,0.0,0.0,0.8417854,0.06185884,0
0.43702567,0.540718,0.0,1.0,0.10391843,0
0.4344075,0.5354817,0.0,1.0,0.16838267,0
0.46005008,0.5867668,0.0,0.64929056,0.08405388,0
0.0,0.0,0.0,1.0,0.27298972,0
0.0,0.0,0.0,1.0,0.19126639,0
0.0,0.0,0.0,1.0,0.14004195,0
0.0,0.0,0.0,1.0,0.13384561,0
0.43176857,0.5302038,0.0,1.0,0.09647579,0
0.0,0.0,0.0,1.0,0.13512823,0
0.43702567,0.540718,0.0,1.0,0.06030022,0
0.4344075,0.5354817,0.0,1.0,0.101218395,0
0.46005008,0.5867668,0.0,1.0,0.20372179,0
0.0,0.0,0.0,1.0,0.2098577,0
0.0,0.0,0.0,1.0,0.06779732,0
0.0,0.0,0.0,1.0,0.27243176,0
0.4601085,0.58688366,0.0,1.0,0.13384561,0
0.43176857,0.5302038,0.0,1.0,0.117511205,0
0.0,0.0,0.0,1.0,0.043116983,0
0.43702567,0.540718,0.0,0.3162617,0.05746601,1
0.4344075,0.5354817,0.0,0.675395,0.08651998,0
0.46005008,0.5867668,0.0,1.0,0.11467671,0
0.0,0.0,0.0,1.0,0.17884913,0
0.0,0.0,0.0,1.0,0.14194843,0
0.0,0.0,0.0,1.0,0.19474271,0
0.4601085,0.58688366,0.0,1.0,0.09647579,0
0.0,0.0,0.0,1.0,0.117511205,0
0.43702567,0.540718,0.0,1.0,0.08215059,0
0.4344075,0.5354817,0.0,1.0,0.12820561,0
0.46005008,0.5867668,0.0,1.0,0.074807614,0
0.0,0.0,0.0,1.0,0.22115098,0
0.0,0.0,0.0,1.0,0.17430377,0
0.0,0.0,0.0,1.0,0.15340509,0
0.4601085,0.58688366,0.0,0.84185195,0.06185884,0
0.0,0.0,0.0,1.0,0.13512823,0
0.43176857,0.5302038,0.0,1.0,0.043116983,0
0.0,0.0,0.0,1.0,0.08215059,0
0.4344075,0.5354817,0.0,0.66983944,0.06953007,0
0.46005008,0.5867668,0.0,1.0,0.1558732,0
0.0,0.0,0.0,1.0,0.18179382,0
0.0,0.0,0.0,0.82565373,0.092756756,0
0.0,0.0,0.0,1.0,0.23132564,0
0.4601085,0.58688366,0.0,1.0,0.10391843,0
0.0,0.0,0.0,1.0,0.06030022,0
0.43176857,0.5302038,0.0,0.31568944,0.05746601,1
0.0,0.0,0.0,1.0,0.12820561,0
0.43702567,0.540718,0.0,0.66983944,0.06953007,0
0.46005008,0.5867668,0.0,1.0,0.20119618,0
0.0,0.0,0.0,1.0,0.113193505,0
0.0,0.0,0.0,0.8266844,0.07809352,0
0.0,0.0,0.0,1.0,0.28115156,0
0.4601085,0.58688366,0.0,1.0,0.16838267,0
0.0,0.0,0.0,1.0,0.101218395,0
0.43176857,0.5302038,0.0,0.67462826,0.08651998,0
0.0,0.0,0.0,1.0,0.074807614,0
0.43702567,0.540718,0.0,1.0,0.1558732,0
0.4344075,0.5354817,0.0,1.0,0.20119618,0
0.0,0.0,0.0,1.0,0.2838443,0
0.0,0.0,0.0,1.0,0.24854434,0
0.0,0.0,0.0,1.0,0.080508195,0
0.4601085,0.58688366,0.0,0.6485142,0.08405388,0
0.0,0.0,0.0,1.0,0.20372179,0
0.43176857,0.5302038,0.0,1.0,0.11467671,0
0.0,0.0,0.0,1.0,0.22115098,0
0.43702567,0.540718,0.0,1.0,0.18179382,0
0.4344075,0.5354817,0.0,1.0,0.113193505,0
0.46005008,0.5867668,0.0,1.0,0.2838443,0
0.0,0.0,0.0,1.0,0.1618197,0
0.0,0.0,0.0,1.0,0.36326477,0
0.4601085,0.58688366,0.0,1.0,0.27298972,0
0.0,0.0,0.0,1.0,0.2098577,0
0.43176857,0.5302038,0.0,1.0,0.17884913,0
0.0,0.0,0.0,1.0,0.17430377,0
0.43702567,0.540718,0.0,0.82565373,0.092756756,0
0.4344075,0.5354817,0.0,0.8266844,0.07809352,0
0.46005008,0.5867668,0.0,1.0,0.24854434,0
0.0,0.0,0.0,1.0,0.1618197,0
0.0,0.0,0.0,1.0,0.32379153,0
0.4601085,0.58688366,0.0,1.0,0.19126639,0
0.0,0.0,0.0,1.0,0.06779732,0
0.43176857,0.5302038,0.0,1.0,0.14194843,0
0.0,0.0,0.0,1.0,0.15340509,0
0.43702567,0.540718,0.0,1.0,0.23132564,0
0.4344075,0.5354817,0.0,1.0,0.28115156,0
0.46005008,0.5867668,0.0,1.0,0.080508195,0
0.0,0.0,0.0,1.0,0.36326477,0
0.0,0.0,0.0,1.0,0.32379153,0
0.4601085,0.58688366,0.0,1.0,0.14004195,0
0.0,0.0,0.0,1.0,0.27243176,0
0.43176857,0.5302038,0.0,1.0,0.19474271,0
0.0,0.0,0.0,0.84185195,0.06185884,0
0.43702567,0.540718,0.0,1.0,0.10391843,0
0.4344075,0.5354817,0.0,1.0,0.16838267,0
0.46005008,0.5867668,0.0,0.6485142,0.08405388,0
0.0,0.0,0.0,1.0,0.27298972,0
0.0,0.0,0.0,1.0,0.19126639,0
0.0,0.0,0.0,1.0,0.14004195,0
0.0,0.0,0.0,1.0,0.13384561,0
0.43176857,0.5302038,0.0,1.0,0.09647579,0
0.0,0.0,0.0,1.0,0.13512823,0
0.43702567,0.540718,0.0,1.0,0.06030022,0
0.4344075,0.5354817,0.0,1.0,0.101218395,0
0.46005008,0.5867668,0.0,1.0,0.20372179,0
0.0,0.0,0.0,1.0,0.2098577,0
0.0,0.0,0.0,1.0,0.06779732,0
0.0,0.0,0.0,1.0,0.27243176,0
0.4601085,0.58688366,0.0,1.0,0.13384561,0
0.43176857,0.5302038,0.0,1.0,0.117511205,0
0.0,0.0,0.0,1.0,0.043116983,0
0.43702567,0.540718,0.0,0.31568944,0.05746601,1
0.4344075,0.5354817,0.0,0.67462826,0.08651998,0
0.46005008,0.5867668,0.0,1.0,0.11467671,0
0.0,0.0,0.0,1.0,0.17884913,0
0.0,0.0,0.0,1.0,0.14194843,0
0.0,0.0,0.0,1.0,0.19474271,0
0.4601085,0.58688366,0.0,1.0,0.09647579,0
0.0,0.0,0.0,1.0,0.117511205,0
0.43702567,0.540718,0.0,1.0,0.08215059,0
0.4344075,0.5354817,0.0,1.0,0.12820561,0
0.46005008,0.5867668,0.0,1.0,0.074807614,0
0.0,0.0,0.0,1.0,0.22115098,0
0.0,0.0,0.0,1.0,0.17430377,0
0.0,0.0,0.0,1.0,0.15340509,0
0.4601085,0.58688366,0.0,0.841919,0.06185884,0
0.0,0.0,0.0,1.0,0.13512823,0
0.43176857,0.5302038,0.0,1.0,0.043116983,0
0.0,0.0,0.0,1.0,0.08215059,0
0.4344075,0.5354817,0.0,0.66916287,0.06953007,0
0.46005008,0.5867668,0.0,1.0,0.1558732,0
0.0,0.0,0.0,1.0,0.18179382,0
0.0,0.0,0.0,0.82472706,0.092756756,0
0.0,0.0,0.0,1.0,0.23132564,0
0.4601085,0.58688366,0.0,1.0,0.10391843,0
0.0,0.0,0.0,1.0,0.06030022,0
0.43176857,0.5302038,0.0,0.3151172,0.05746601,1
0.0,0.0,0.0,1.0,0.12820561,0
0.43702567,0.540718,0.0,0.66916287,0.06953007,0
0.46005008,0.5867668,0.0,1.0,0.20119618,0
0.0,0.0,0.0,1.0,0.113193505,0
0.0,0.0,0.0,0.82590383,0.07809352,0
0.0,0.0,0.0,1.0,0.28115156,0
0.4601085,0.58688366,0.0,1.0,0.16838267,0
0.0,0.0,0.0,1.0,0.101218395,0
0.43176857,0.5302038,0.0,0.6738617,0.08651998,0
0.0,0.0,0.0,1.0,0.074807614,0
0.43702567,0.540718,0.0,1.0,0.1558732,0
0.4344075,0.5354817,0.0,1.0,0.20119618,0
0.0,0.0,0.0,1.0,0.2838443,0
0.0,0.0,0.0,1.0,0.24854434,0
0.0,0.0,0.0,1.0,0.080508195,0
0.4601085,0.58688366,0.0,0.64773804,0.08405388,0
0.0,0.0,0.0,1.0,0.20372179,0
0.43176857,0.5302038,0.0,1.0,0.11467671,0
0.0,0.0,0.0,1.0,0.22115098,0
0.43702567,0.540718,0.0,1.0,0.18179382,0
0.4344075,0.5354817,0.0,1.0,0.113193505,0
0.46005008,0.5867668,0.0,1.0,0.2838443,0
0.0,0.0,0.0,1.0,0.1618197,0
0.0,0.0,0.0,1.0,0.36326477,0
0.4601085,0.58688366,0.0,1.0,0.27298972,0
0.0,0.0,0.0,1.0,0.2098577,0
0.43176857,0.5302038,0.0,1.0,0.17884913,0
0.0,0.0,0.0,1.0,0.17430377,0
0.43702567,0.540718,0.0,0.82472706,0.092756756,0
0.4344075,0.5354817,0.0,0.82590383,0.07809352,0
0.46005008,0.5867668,0.0,1.0,0.24854434,0
0.0,0.0,0.0,1.0,0.1618197,0
0.0,0.0,0.0,1.0,0.32379153,0
0.4601085,0.58688366,0.0,1.0,0.19126639,0
0.0,0.0,0.0,1.0,0.06779732,0
0.43176857,0.5302038,0.0,1.0,0.14194843,0
0.0,0.0,0.0,1.0,0.15340509,0
0.43702567,0.540718,0.0,1.0,0.23132564,0
0.4344075,0.5354817,0.0,1.0,0.28115156,0
0.46005008,0.5867668,0.0,1.0,0.080508195,0
0.0,0.0,0.0,1.0,0.36326477,0
0.0,0.0,0.0,1.0,0.32379153,0
0.4601085,0.58688366,0.0,1.0,0.14004195,0
0.0,0.0,0.0,1.0,0.27243176,0
0.43176857,0.5302038,0.0,1.0,0.19474271,0
0.0,0.0,0.0,0.841919,0.06185884,0
0.43702567,0.540718,0.0,1.0,0.10391843,0
0.4344075,0.5354817,0.0,1.0,0.16838267,0
0.46005008,0.5867668,0.0,0.64773804,0.08405388,0
0.0,0.0,0.0,1.0,0.27298972,0
0.0,0.0,0.0,1.0,0.19126639,0
0.0,0.0,0.0,1.0,0.14004195,0
0.0,0.0,0.0,1.0,0.13384561,0
0.43176857,0.5302038,0.0,1.0,0.09647579,0
0.0,0.0,0.0,1.0,0.13512823,0
0.43702567,0.540718,0.0,1.0,0.06030022,0
0.4344075,0.5354817,0.0,1.0,0.101218395,0
0.46005008,0.5867668,0.0,1.0,0.20372179,0
0.0,0.0,0.0,1.0,0.2098577,0
0.0,0.0,0.0,1.0,0.06779732,0
0.0,0.0,0.0,1.0,0.27243176,0
0.4601085,0.58688366,0.0,1.0,0.13384561,0
0.43176857,0.5302038,0.0,1.0,0.117511205,0
0.0,0.0,0.0,1.0,0.043116983,0
0.43702567,0.540718,0.0,0.3151172,0.05746601,1
0.4344075,0.5354817,0.0,0.6738617,0.08651998,0
0.46005008,0.5867668,0.0,1.0,0.11467671,0
0.0,0.0,0.0,1.0,0.17884913,0
0.0,0.0,0.0,1.0,0.14194843,0
0.0,0.0,0.0,1.0,0.19474271,0
0.4601085,0.58688366,0.0,1.0,0.09647579,0
0.0,0.0,0.0,1.0,0.117511205,0
0.43702567,0.540718,0.0,1.0,0.08215059,0
0.4344075,0.5354817,0.0,1.0,0.12820561,0
0.46005008,0.5867668,0.0,1.0,0.074807614,0
0.0,0.0,0.0,1.0,0.22115098,0
0.0,0.0,0.0,1.0,0.17430377,0
0.0,0.0,0.0,1.0,0.15340509,0
0.4601085,0.58688366,0.0,0.84198654,0.06185884,0
0.0,0.0,0.0,1.0,0.13512823,0
0.43176857,0.5302038,0.0,1.0,0.043116983,0
0.0,0.0,0.0,1.0,0.08215059,0
0.4344075,0.5354817,0.0,0.6684863,0.06953007,0
0.46005008,0.5867668,0.0,1.0,0.1558732,0
0.0,0.0,0.0,1.0,0.18179382,0
0.0,0.0,0.0,0.8238003,0.092756756,0
0.0,0.0,0.0,1.0,0.23132564,0
0.4601085,0.58688366,0.0,1.0,0.10391843,0
0.0,0.0,0.0,1.0,0.06030022,0
0.43176857,0.5302038,0.0,0.31454498,0.05746601,1
0.0,0.0,0.0,1.0,0.12820561,0
0.43702567,0.540718,0.0,0.6684863,0.06953007,0
0.46005008,0.5867668,0.0,1.0,0.20119618,0
0.0,0.0,0.0,1.0,0.113193505,0
0.0,0.0,0.0,0.82512325,0.07809352,0
0.0,0.0,0.0,1.0,0.28115156,0
0.4601085,0.58688366,0.0,1.0,0.16838267,0
0.0,0.0,0.0,1.0,0.101218395,0
0.43176857,0.5302038,0.0,0.67309535,0.08651998,0
0.0,0.0,0.0,1.0,0.074807614,0
0.43702567,0.540718,0.0,1.0,0.1558732,0
0.4344075,0.5354817,0.0,1.0,0.20119618,0
0.0,0.0,0.0,1.0,0.2838443,0
0.0,0.0,0.0,1.0,0.24854434,0
0.0,0.0,0.0,1.0,0.080508195,0
0.4601085,0.58688366,0.0,0.64696205,0.08405388,0
0.0,0.0,0.0,1.0,0.20372179,0
0.43176857,0.5302038,0.0,1.0,0.11467671,0
0.0,0.0,0.0,1.0,0.22115098,0
0.43702567,0.540718,0.0,1.0,0.18179382,0
0.4344075,0.5354817,0.0,1.0,0.113193505,0
0.46005008,0.5867668,0.0,1.0,0.2838443,0
0.0,0.0,0.0,1.0,0.1618197,0
0.0,0.0,0.0,1.0,0.36326477,0
0.4601085,0.58688366,0.0,1.0,0.27298972,0
0.0,0.0,0.0,1.0,0.2098577,0
0.43176857,0.5302038,0.0,1.0,0.17884913,0
0.0,0.0,0.0,1.0,0.17430377,0
0.43702567,0.540718,0.0,0.8238003,0.092756756,0
0.4344075,0.5354817,0.0,0.82512325,0.07809352,0
0.46005008,0.5867668,0.0,1.0,0.24854434,0
0.0,0.0,0.0,1.0,0.1618197,0
0.0,0.0,0.0,1.0,0.32379153,0
0.4601085,0.58688366,0.0,1.0,0.19126639,0
0.0,0.0,0.0,1.0,0.06779732,0
0.43176857,0.5302038,0.0,1.0,0.14194843,0
0.0,0.0,0.0,1.0,0.15340509,0
0.43702567,0.540718,0.0,1.0,0.23132564,0
0.4344075,0.5354817,0.0,1.0,0.28115156,0
0.46005008,0.5867668,0.0,1.0,0.080508195,0
0.0,0.0,0.0,1.0,0.36326477,0
0.0,0.0,0.0,1.0,0.32379153,0
0.4601085,0.58688366,0.0,1.0,0.14004195,0
0.0,0.0,0.0,1.0,0.27243176,0
0.43176857,0.5302038,0.0,1.0,0.19474271,0
0.0,0.0,0.0,0.84198654,0.06185884,0
0.43702567,0.540718,0.0,1.0,0.10391843,0
0.4344075,0.5354817,0.0,1.0,0.16838267,0
0.46005008,0.5867668,0.0,0.64696205,0.08405388,0
0.0,0.0,0.0,1.0,0.27298972,0
0.0,0.0,0.0,1.0,0.19126639,0
0.0,0.0,0.0,1.0,0.14004195,0
0.0,0.0,0.0,1.0,0.13384561,0
0.43176857,0.5302038,0.0,1.0,0.09647579,0
0.0,0.0,0.0,1.0,0.13512823,0
0.43702567,0.540718,0.0,1.0,0.06030022,0
0.4344075,0.5354817,0.0,1.0,0.101218395,0
0.46005008,0.5867668,0.0,1.0,0.20372179,0
0.0,0.0,0.0,1.0,0.2098577,0
0.0,0.0,0.0,1.0,0.06779732,0
0.0,0.0,0.0,1.0,0.27243176,0
0.4601085,0.58688366,0.0,1.0,0.13384561,0
0.43176857,0.5302038,0.0,1.0,0.117511205,0
0.0,0.0,0.0,1.0,0.043116983,0
0.43702567,0.540718,0.0,0.31454498,0.05746601,1
0.4344075,0.5354817,0.0,0.67309535,0.08651998,0
0.46005008,0.5867668,0.0,1.0,0.11467671,0
0.0,0.0,0.0,1.0,0.17884913,0
0.0,0.0,0.0,1.0,0.14194843,0
0.0,0.0,0.0,1.0,0.19474271,0
0.4601085,0.58688366,0.0,1.0,0.09647579,0
0.0,0.0,0.0,1.0,0.117511205,0
0.43702567,0.540718,0.0,1.0,0.08215059,0
0.4344075,0.5354817,0.0,1.0,0.12820561,0
0.46005008,0.5867668,0.0,1.0,0.074807614,0
0.0,0.0,0.0,1.0,0.22115098,0
0.0,0.0,0.0,1.0,0.17430377,0
0.0,0.0,0.0,1.0,0.15340509,0
0.4601085,0.58688366,0.0,0.8420545,0.06185884,0
0.0,0.0,0.0,1.0,0.13512823,0
0.43176857,0.5302038,0.0,1.0,0.043116983,0
0.0,0.0,0.0,1.0,0.08215059,0
0.4344075,0.5354817,0.0,0.6678098,0.06953007,0
0.46005008,0.5867668,0.0,1.0,0.1558732,0
0.0,0.0,0.0,1.0,0.18179382,0
0.0,0.0,0.0,0.82287365,0.092756756,0
0.0,0.0,0.0,1.0,0.23132564,0
0.4601085,0.58688366,0.0,1.0,0.10391843,0
0.0,0.0,0.0,1.0,0.06030022,0
0.43176857,0.5302038,0.0,0.31397277,0.05746601,1
0.0,0.0,0.0,1.0,0.12820561,0
0.43702567,0.540718,0.0,0.6678098,0.06953007,0
0.46005008,0.5867668,0.0,1.0,0.20119618,0
0.0,0.0,0.0,1.0,0.113193505,0
0.0,0.0,0.0,0.82434267,0.07809352,0
0.0,0.0,0.0,1.0,0.28115156,0
0.4601085,0.58688366,0.0,1.0,0.16838267,0
0.0,0.0,0.0,1.0,0.101218395,0
0.43176857,0.5302038,0.0,0.6723293,0.08651998,0
0.0,0.0,0.0,1.0,0.074807614,0
0.43702567,0.540718,0.0,1.0,0.1558732,0
0.4344075,0.5354817,0.0,1.0,0.20119618,0
0.0,0.0,0.0,1.0,0.2838443,0
0.0,0.0,0.0,1.0,0.24854434,0
0.0,0.0,0.0,1.0,0.080508195,0
0.4601085,0.58688366,0.0,0.64618623,0.08405388,0
0.0,0.0,0.0,1.0,0.20372179,0
0.43176857,0.5302038,0.0,1.0,0.11467671,0
0.0,0.0,0.0,1.0,0.22115098,0
0.43702567,0.540718,0.0,1.0,0.18179382,0
0.4344075,0.5354817,0.0,1.0,0.113193505,0
0.46005008,0.5867668,0.0,1.0,0.2838443,0
0.0,0.0,0.0,1.0,0.1618197,0
0.0,0.0,0.0,1.0,0.36326477,0
0.4601085,0.58688366,0.0,1.0,0.27298972,0
0.0,0.0,0.0,1.0,0.2098577,0
0.43176857,0.5302038,0.0,1.0,0.17884913,0
0.0,0.0,0.0,1.0,0.17430377,0
0.43702567,0.540718,0.0,0.82287365,0.092756756,0
0.4344075,0.5354817,0.0,0.82434267,0.07809352,0
0.46005008,0.5867668,0.0,1.0,0.24854434,0
0.0,0.0,0.0,1.0,0.1618197,0
0.0,0.0,0.0,1.0,0.32379153,0
0.4601085,0.58688366,0.0,1.0,0.19126639,0
0.0,0.0,0.0,1.0,0.06779732,0
0.43176857,0.5302038,0.0,1.0,0.14194843,0
0.0,0.0,0.0,1.0,0.15340509,0
0.43702567,0.540718,0.0,1.0,0.23132564,0
0.4344075,0.5354817,0.0,1.0,0.28115156,0
0.46005008,0.5867668,0.0,1.0,0.080508195,0
0.0,0.0,0.0,1.0,0.36326477,0
0.0,0.0,0.0,1.0,0.32379153,0
0.4601085,0.58688366,0.0,1.0,0.14004195,0
0.0,0.0,0.0,1.0,0.27243176,0
0.43176857,0.5302038,0.0,1.0,0.19474271,0
0.0,0.0,0.0,0.8420545,0.06185884,0
0.43702567,0.540718,0.0,1.0,0.10391843,0
0.4344075,0.5354817,0.0,1.0,0.16838267,0
0.46005008,0.5867668,0.0,0.64618623,0.08405388,0
0.0,0.0,0.0,1.0,0.27298972,0
0.0,0.0,0.0,1.0,0.19126639,0
0.0,0.0,0.0,1.0,0.14004195,0
0.0,0.0,0.0,1.0,0.13384561,0
0.43176857,0.5302038,0.0,1.0,0.09647579,0
0.0,0.0,0.0,1.0,0.13512823,0
0.43702567,0.540718,0.0,1.0,0.06030022,0
0.4344075,0.5354817,0.0,1.0,0.101218395,0
0.46005008,0.5867668,0.0,1.0,0.20372179,0
0.0,0.0,0.0,1.0,0.2098577,0
0.0,0.0,0.0,1.0,0.06779732,0
0.0,0.0,0.0,1.0,0.27243176,0
0.4601085,0.58688366,0.0,1.0,0.13384561,0
0.43176857,0.5302038,0.0,1.0,0.117511205,0
0.0,0.0,0.0,1.0,0.043116983,0
0.43702567,0.540718,0.0,0.31397277,0.05746601,1
0.4344075,0.5354817,0.0,0.6723293,0.08651998,0
0.46005008,0.5867668,0.0,1.0,0.11467671,0
0.0,0.0,0.0,1.0,0.17884913,0
0.0,0.0,0.0,1.0,0.14194843,0
0.0,0.0,0.0,1.0,0.19474271,0
0.4601085,0.58688366,0.0,1.0,0.09647579,0
0.0,0.0,0.0,1.0,0.117511205,0
0.43702567,0.540718,0.0,1.0,0.08215059,0
0.4344075,0.5354817,0.0,1.0,0.12820561,0
0.46005008,0.5867668,0.0,1.0,0.074807614,0
0.0,0.0,0.0,1.0,0.22115098,0
0.0,0.0,0.0,1.0,0.17430377,0
0.0,0.0,0.0,1.0,0.15340509,0
0.4601085,0.58688366,0.0,0.84212285,0.06185884,0
0.0,0.0,0.0,1.0,0.13512823,0
0.43176857,0.5302038,0.0,1.0,0.043116983,0
0.0,0.0,0.0,1.0,0.08215059,0
0.4344075,0.5354817,0.0,0.66713333,0.06953007,0
0.46005008,0.5867668,0.0,1.0,0.1558732,0
0.0,0.0,0.0,1.0,0.18179382,0
0.0,0.0,0.0,0.821947,0.092756756,0
0.0,0.0,0.0,1.0,0.23132564,0
0.4601085,0.58688366,0.0,1.0,0.10391843,0
0.0,0.0,0.0,1.0,0.06030022,0
0.43176857,0.5302038,0.0,0.31340054,0.05746601,1
0.0,0.0,0.0,1.0,0.12820561,0
0.43702567,0.540718,0.0,0.66713333,0.06953007,0
0.46005008,0.5867668,0.0,1.0,0.20119618,0
0.0,0.0,0.0,1.0,0.113193505,0
0.0,0.0,0.0,0.8235621,0.07809352,0
0.0,0.0,0.0,1.0,0.28115156,0
0.4601085,0.58688366,0.0,1.0,0.16838267,0
0.0,0.0,0.0,1.0,0.101218395,0
0.43176857,0.5302038,0.0,0.67156345,0.08651998,0
0.0,0.0,0.0,1.0,0.074807614,0
0.43702567,0.540718,0.0,1.0,0.1558732,0
0.4344075,0.5354817,0.0,1.0,0.20119618,0
0.0,0.0,0.0,1.0,0.2838443,0
0.0,0.0,0.0,1.0,0.24854434,0
0.0,0.0,0.0,1.0,0.080508195,0
0.4601085,0.58688366,0.0,0.64541054,0.08405388,0
0.0,0.0,0.0,1.0,0.20372179,0
0.43176857,0.5302038,0.0,1.0,0.11467671,0
0.0,0.0,0.0,1.0,0.22115098,0
0.43702567,0.540718,0.0,1.0,0.18179382,0
0.4344075,0.5354817,0.0,1.0,0.113193505,0
0.46005008,0.5867668,0.0,1.0,0.2838443,0
0.0,0.0,0.0,1.0,0.1618197,0
0.0,0.0,0.0,1.0,0.36326477,0
0.4601085,0.58688366,0.0,1.0,0.27298972,0
0.0,0.0,0.0,1.0,0.2098577,0
0.43176857,0.5302038,0.0,1.0,0.17884913,0
0.0,0.0,0.0,1.0,0.17430377,0
0.43702567,0.540718,0.0,0.821947,0.092756756,0
0.4344075,0.5354817,0.0,0.8235621,0.07809352,0
0.46005008,0.5867668,0.0,1.0,0.24854434,0
0.0,0.0,0.0,1.0,0.1618197,0
0.0,0.0,0.0,1.0,0.32379153,0
0.4601085,0.58688366,0.0,1.0,0.19126639,0
0.0,0.0,0.0,1.0,0.06779732,0
0.43176857,0.5302038,0.0,1.0,0.14194843,0
0.0,0.0,0.0,1.0,0.15340509,0
0.43702567,0.540718,0.0,1.0,0.23132564,0
0.4344075,0.5354817,0.0,1.0,0.28115156,0
0.46005008,0.5867668,0.0,1.0,0.080508195,0
0.0,0.0,0.0,1.0,0.36326477,0
0.0,0.0,0.0,1.0,0.32379153,0
0.4601085,0.58688366,0.0,1.0,0.14004195,0
0.0,0.0,0.0,1.0,0.27243176,0
0.43176857,0.5302038,0.0,1.0,0.19474271,0
0.0,0.0,0.0,0.84212285,0.06185884,0
0.43702567,0.540718,0.0,1.0,0.10391843,0
0.4344075,0.5354817,0.0,1.0,0.16838267,0
0.46005008,0.5867668,0.0,0.64541054,0.08405388,0
0.0,0.0,0.0,1.0,0.27298972,0
0.0,0.0,0.0,1.0,0.19126639,0
0.0,0.0,0.0,1.0,0.14004195,0
0.0,0.0,0.0,1.0,0.13384561,0
0.43176857,0.5302038,0.0,1.0,0.09647579,0
0.0,0.0,0.0,1.0,0.13512823,0
0.43702567,0.540718,0.0,1.0,0.06030022,0
0.4344075,0.5354817,0.0,1.0,0.101218395,0
0.46005008,0.5867668,0.0,1.0,0.20372179,0
0.0,0.0,0.0,1.0,0.2098577,0
0.0,0.0,0.0,1.0,0.06779732,0
0.0,0.0,0.0,1.0,0.27243176,0
0.4601085,0.58688366,0.0,1.0,0.13384561,0
0.43176857,0.5302038,0.0,1.0,0.117511205,0
0.0,0.0,0.0,1.0,0.043116983,0
0.43702567,0.540718,0.0,0.31340054,0.05746601,1
0.4344075,0.5354817,0.0,0.67156345,0.08651998,0
0.46005008,0.5867668,0.0,1.0,0.11467671,0
0.0,0.0,0.0,1.0,0.17884913,0
0.0,0.0,0.0,1.0,0.14194843,0
0.0,0.0,0.0,1.0,0.19474271,0
0.4601085,0.58688366,0.0,1.0,0.09647579,0
0.0,0.0,0.0,1.0,0.117511205,0
0.43702567,0.540718,0.0,1.0,0.08215059,0
0.4344075,0.5354817,0.0,1.0,0.12820561,0
0.46005008,0.5867668,0.0,1.0,0.074807614,0
0.0,0.0,0.0,1.0,0.22115098,0
0.0,0.0,0.0,1.0,0.17430377,0
0.0,0.0,0.0,1.0,0.15340509,0
0.4601085,0.58688366,0.0,0.84219176,0.06185884,0
0.0,0.0,0.0,1.0,0.13512823,0
0.43176857,0.5302038,0.0,1.0,0.043116983,0
0.0,0.0,0.0,1.0,0.08215059,0
0.4344075,0.5354817,0.0,0.6664569,0.06953007,0
0.46005008,0.5867668,0.0,1.0,0.1558732,0
0.0,0.0,0.0,1.0,0.18179382,0
0.0,0.0,0.0,0.82102025,0.092756756,0
0.0,0.0,0.0,1.0,0.23132564,0
0.4601085,0.58688366,0.0,1.0,0.10391843,0
0.0,0.0,0.0,1.0,0.06030022,0
0.43176857,0.5302038,0.0,0.31282833,0.05746601,1
0.0,0.0,0.0,1.0,0.12820561,0
0.43702567,0.540718,0.0,0.6664569,0.06953007,0
0.46005008,0.5867668,0.0,1.0,0.20119618,0
0.0,0.0,0.0,1.0,0.113193505,0
0.0,0.0,0.0,0.8227815,0.07809352,0
0.0,0.0,0.0,1.0,0.28115156,0
0.4601085,0.58688366,0.0,1.0,0.16838267,0
0.0,0.0,0.0,1.0,0.101218395,0
0.43176857,0.5302038,0.0,0.6707979,0.08651998,0
0.0,0.0,0.0,1.0,0.074807614,0
0.43702567,0.540718,0.0,1.0,0.1558732,0
0.4344075,0.5354817,0.0,1.0,0.20119618,0
0.0,0.0,0.0,1.0,0.2838443,0
0.0,0.0,0.0,1.0,0.24854434,0
0.0,0.0,0.0,1.0,0.080508195,0
0.4601085,0.58688366,0.0,0.644635,0.08405388,0
0.0,0.0,0.0,1.0,0.20372179,0
0.43176857,0.5302038,0.0,1.0,0.11467671,0
0.0,0.0,0.0,1.0,0.22115098,0
0.43702567,0.540718,0.0,1.0,0.18179382,0
0.4344075,0.5354817,0.0,1.0,0.113193505,0
0.46005008,0.5867668,0.0,1.0,0.2838443,0
0.0,0.0,0.0,1.0,0.1618197,0
0.0,0.0,0.0,1.0,0.36326477,0
0.4601085,0.58688366,0.0,1.0,0.27298972,0
0.0,0.0,0.0,1.0,0.2098577,0
0.43176857,0.5302038,0.0,1.0,0.17884913,0
0.0,0.0,0.0,1.0,0.17430377,0
0.43702567,0.540718,0.0,0.82102025,0.092756756,0
0.4344075,0.5354817,0.0,0.8227815,0.07809352,0
0.46005008,0.5867668,0.0,1.0,0.24854434,0
0.0,0.0,0.0,1.0,0.1618197,0
0.0,0.0,0.0,1.0,0.32379153,0
0.4601085,0.58688366,0.0,1.0,0.19126639,0
0.0,0.0,0.0,1.0,0.06779732,0
0.43176857,0.5302038,0.0,1.0,0.14194843,0
0.0,0.0,0.0,1.0,0.15340509,0
0.43702567,0.540718,0.0,1.0,0.23132564,0
0.4344075,0.5354817,0.0,1.0,0.28115156,0
0.46005008,0.5867668,0.0,1.0,0.080508195,0
0.0,0.0,0.0,1.0,0.36326477,0
0.0,0.0,0.0,1.0,0.32379153,0
0.4601085,0.58688366,0.0,1.0,0.14004195,0
0.0,0.0,0.0,1.0,0.27243176,0
0.43176857,0.5302038,0.0,1.0,0.19474271,0
0.0,0.0,0.0,0.84219176,0.06185884,0
0.43702567,0.540718,0.0,1.0,0.10391843,0
0.4344075,0.5354817,0.0,1.0,0.16838267,0
0.46005008,0.5867668,0.0,0.644635,0.08405388,0
0.0,0.0,0.0,1.0,0.27298972,0
0.0,0.0,0.0,1.0,0.19126639,0
0.0,0.0,0.0,1.0,0.14004195,0
0.0,0.0,0.0,1.0,0.13384561,0
0.43176857,0.5302038,0.0,1.0,0.09647579,0
0.0,0.0,0.0,1.0,0.13512823,0
0.43702567,0.540718,0.0,1.0,0.06030022,0
0.4344075,0.5354817,0.0,1.0,0.101218395,0
0.46005008,0.5867668,0.0,1.0,0.20372179,0
0.0,0.0,0.0,1.0,0.2098577,0
0.0,0.0,0.0,1.0,0.06779732,0
0.0,0.0,0.0,1.0,0.27243176,0
0.4601085,0.58688366,0.0,1.0,0.13384561,0
0.43176857,0.5302038,0.0,1.0,0.117511205,0
0.0,0.0,0.0,1.0,0.043116983,0
0.43702567,0.540718,0.0,0.31282833,0.05746601,1
0.4344075,0.5354817,0.0,0.6707979,0.08651998,0
0.46005008,0.5867668,0.0,1.0,0.11467671,0
0.0,0.0,0.0,1.0,0.17884913,0
0.0,0.0,0.0,1.0,0.14194843,0
0.0,0.0,0.0,1.0,0.19474271,0
0.4601085,0.58688366,0.0,1.0,0.09647579,0
0.0,0.0,0.0,1.0,0.117511205,0
1.0,1.0,0.0,1.0,0.08215059,0
0.4418646,0.5503959,0.0,1.0,0.12820561,0
0.46005008,0.5867668,0.0,1.0,0.074807614,0
0.0,0.0,0.0,1.0,0.22115098,0
0.0,0.0,0.0,1.0,0.17430377,0
0.0,0.0,0.0,1.0,0.15340509,0
0.4601085,0.58688366,0.0,0.842261,0.06185884,0
0.0,0.0,0.0,1.0,0.13512823,0
1.0,1.0,0.0,1.0,0.043116983,0
0.0,0.0,0.0,1.0,0.08215059,0
0.4418646,0.5503959,0.0,0.6657805,0.06953007,0
0.46005008,0.5867668,0.0,1.0,0.1558732,0
0.0,0.0,0.0,1.0,0.18179382,0
0.0,0.0,0.0,0.8200936,0.092756756,0
0.0,0.0,0.0,1.0,0.23132564,0
0.4601085,0.58688366,0.0,1.0,0.10391843,0
0.0,0.0,0.0,1.0,0.06030022,0
1.0,1.0,0.0,0.31225616,0.05746601,1
0.0,0.0,0.0,1.0,0.12820561,0
1.0,1.0,0.0,0.6657805,0.06953007,0
0.46005008,0.5867668,0.0,1.0,0.20119618,0
0.0,0.0,0.0,1.0,0.113193505,0
0.0,0.0,0.0,0.8220009,0.07809352,0
0.0,0.0,0.0,1.0,0.28115156,0
0.4601085,0.58688366,0.0,1.0,0.16838267,0
0.0,0.0,0.0,1.0,0.101218395,0
1.0,1.0,0.0,0.6700325,0.08651998,0
0.0,0.0,0.0,1.0,0.074807614,0
1.0,1.0,0.0,1.0,0.1558732,0
0.4418646,0.5503959,0.0,1.0,0.20119618,0
0.0,0.0,0.0,1.0,0.2838443,0
0.0,0.0,0.0,1.0,0.24854434,0
0.0,0.0,0.0,1.0,0.080508195,0
0.4601085,0.58688366,0.0,0.6438596,0.08405388,0
0.0,0.0,0.0,1.0,0.20372179,0
1.0,1.0,0.0,1.0,0.11467671,0
0.0,0.0,0.0,1.0,0.22115098,0
1.0,1.0,0.0,1.0,0.18179382,0
0.4418646,0.5503959,0.0,1.0,0.113193505,0
0.46005008,0.5867668,0.0,1.0,0.2838443,0
0.0,0.0,0.0,1.0,0.1618197,0
0.0,0.0,0.0,1.0,0.36326477,0
0.4601085,0.58688366,0.0,1.0,0.27298972,0
0.0,0.0,0.0,1.0,0.2098577,0
1.0,1.0,0.0,1.0,0.17884913,0
0.0,0.0,0.0,1.0,0.17430377,0
1.0,1.0,0.0,0.8200936,0.092756756,0
0.4418646,0.5503959,0.0,0.8220009,0.07809352,0
0.46005008,0.5867668,0.0,1.0,0.24854434,0
0.0,0.0,0.0,1.0,0.1618197,0
0.0,0.0,0.0,1.0,0.32379153,0
0.4601085,0.58688366,0.0,1.0,0.19126639,0
0.0,0.0,0.0,1.0,0.06779732,0
1.0,1.0,0.0,1.0,0.14194843,0
0.0,0.0,0.0,1.0,0.15340509,0
1.0,1.0,0.0,1.0,0.23132564,0
0.4418646,0.5503959,0.0,1.0,0.28115156,0
0.46005008,0.5867668,0.0,1.0,0.080508195,0
0.0,0.0,0.0,1.0,0.36326477,0
0.0,0.0,0.0,1.0,0.32379153,0
0.4601085,0.58688366,0.0,1.0,0.14004195,0
0.0,0.0,0.0,1.0,0.27243176,0
1.0,1.0,0.0,1.0,0.19474271,0
0.0,0.0,0.0,0.842261,0.06185884,0
1.0,1.0,0.0,1.0,0.10391843,0
0.4418646,0.5503959,0.0,1.0,0.16838267,0
0.46005008,0.5867668,0.0,0.6438596,0.08405388,0
0.0,0.0,0.0,1.0,0.27298972,0
0.0,0.0,0.0,1.0,0.19126639,0
0.0,0.0,0.0,1.0,0.14004195,0
0.0,0.0,0.0,1.0,0.13384561,0
1.0,1.0,0.0,1.0,0.09647579,0
0.0,0.0,0.0,1.0,0.13512823,0
1.0,1.0,0.0,1.0,0.06030022,0
0.4418646,0.5503959,0.0,1.0,0.101218395,0
0.46005008,0.5867668,0.0,1.0,0.20372179,0
0.0,0.0,0.0,1.0,0.2098577,0
0.0,0.0,0.0,1.0,0.06779732,0
0.0,0.0,0.0,1.0,0.27243176,0
0.4601085,0.58688366,0.0,1.0,0.13384561,0
1.0,1.0,0.0,1.0,0.117511205,0
0.0,0.0,0.0,1.0,0.043116983,0
1.0,1.0,0.0,0.31225616,0.05746601,1
0.4418646,0.5503959,0.0,0.6700325,0.08651998,0
0.46005008,0.5867668,0.0,1.0,0.11467671,0
0.0,0.0,0.0,1.0,0.17884913,0
0.0,0.0,0.0,1.0,0.14194843,0
0.0,0.0,0.0,1.0,0.19474271,0
0.4601085,0.58688366,0.0,1.0,0.09647579,0
0.0,0.0,0.0,1.0,0.117511205,0
1.0,1.0,0.0,1.0,0.08215059,0
0.4418646,0.5503959,0.0,1.0,0.12820561,0
0.46005008,0.5867668,0.0,1.0,0.074807614,0
0.0,0.0,0.0,1.0,0.22115098,0
0.0,0.0,0.0,1.0,0.17430377,0
0.0,0.0,0.0,1.0,0.15340509,0
0.4601085,0.58688366,0.0,0.84233075,0.06185884,0
0.0,0.0,0.0,1.0,0.13512823,0
1.0,1.0,0.0,1.0,0.043116983,0
0.0,0.0,0.0,1.0,0.08215059,0
0.4418646,0.5503959,0.0,0.66510415,0.06953007,0
0.46005008,0.5867668,0.0,1.0,0.1558732,0
0.0,0.0,0.0,1.0,0.18179382,0
0.0,0.0,0.0,0.81916684,0.092756756,0
0.0,0.0,0.0,1.0,0.23132564,0
0.4601085,0.58688366,0.0,1.0,0.10391843,0
0.0,0.0,0.0,1.0,0.06030022,0
1.0,1.0,0.0,0.31168395,0.05746601,1
0.0,0.0,0.0,1.0,0.12820561,0
1.0,1.0,0.0,0.66510415,0.06953007,0
0.46005008,0.5867668,0.0,1.0,0.20119618,0
0.0,0.0,0.0,1.0,0.113193505,0
0.0,0.0,0.0,0.82122034,0.07809352,0
0.0,0.0,0.0,1.0,0.28115156,0
0.4601085,0.58688366,0.0,1.0,0.16838267,0
0.0,0.0,0.0,1.0,0.101218395,0
1.0,1.0,0.0,0.6692674,0.08651998,0
0.0,0.0,0.0,1.0,0.074807614,0
1.0,1.0,0.0,1.0,0.1558732,0
0.4418646,0.5503959,0.0,1.0,0.20119618,0
0.0,0.0,0.0,1.0,0.2838443,0
0.0,0.0,0.0,1.0,0.24854434,0
0.0,0.0,0.0,1.0,0.080508195,0
0.4601085,0.58688366,0.0,0.64308447,0.08405388,0
0.0,0.0,0.0,1.0,0.20372179,0
1.0,1.0,0.0,1.0,0.11467671,0
0.0,0.0,0.0,1.0,0.22115098,0
1.0,1.0,0.0,1.0,0.18179382,0
0.4418646,0.5503959,0.0,1.0,0.113193505,0
0.46005008,0.5867668,0.0,1.0,0.2838443,0
0.0,0.0,0.0,1.0,0.1618197,0
0.0,0.0,0.0,1.0,0.36326477,0
0.4601085,0.58688366,0.0,1.0,0.27298972,0
0.0,0.0,0.0,1.0,0.2098577,0
1.0,1.0,0.0,1.0,0.17884913,0
0.0,0.0,0.0,1.0,0.17430377,0
1.0,1.0,0.0,0.81916684,0.092756756,0
0.4418646,0.5503959,0.0,0.82122034,0.07809352,0
0.46005008,0.5867668,0.0,1.0,0.24854434,0
0.0,0.0,0.0,1.0,0.1618197,0
0.0,0.0,0.0,1.0,0.32379153,0
0.4601085,0.58688366,0.0,1.0,0.19126639,0
0.0,0.0,0.0,1.0,0.06779732,0
1.0,1.0,0.0,1.0,0.14194843,0
0.0,0.0,0.0,1.0,0.15340509,0
1.0,1.0,0.0,1.0,0.23132564,0
0.4418646,0.5503959,0.0,1.0,0.28115156,0
0.46005008,0.5867668,0.0,1.0,0.080508195,0
0.0,0.0,0.0,1.0,0.36326477,0
0.0,0.0,0.0,1.0,0.32379153,0
0.4601085,0.58688366,0.0,1.0,0.14004195,0
0.0,0.0,0.0,1.0,0.27243176,0
1.0,1.0,0.0,1.0,0.19474271,0
0.0,0.0,0.0,0.84233075,0.06185884,0
1.0,1.0,0.0,1.0,0.10391843,0
0.4418646,0.5503959,0.0,1.0,0.16838267,0
0.46005008,0.5867668,0.0,0.64308447,0.08405388,0
0.0,0.0,0.0,1.0,0.27298972,0
0.0,0.0,0.0,1.0,0.19126639,0
0.0,0.0,0.0,1.0,0.14004195,0
0.0,0.0,0.0,1.0,0.13384561,0
1.0,1.0,0.0,1.0,0.09647579,0
0.0,0.0,0.0,1.0,0.13512823,0
1.0,1.0,0.0,1.0,0.06030022,0
0.4418646,0.5503959,0.0,1.0,0.101218395,0
0.46005008,0.5867668,0.0,1.0,0.20372179,0
0.0,0.0,0.0,1.0,0.2098577,0
0.0,0.0,0.0,1.0,0.06779732,0
0.0,0.0,0.0,1.0,0.27243176,0
0.4601085,0.58688366,0.0,1.0,0.13384561,0
1.0,1.0,0.0,1.0,0.117511205,0
0.0,0.0,0.0,1.0,0.043116983,0
1.0,1.0,0.0,0.31168395,0.05746601,1
0.4418646,0.5503959,0.0,0.6692674,0.08651998,0
0.46005008,0.5867668,0.0,1.0,0.11467671,0
0.0,0.0,0.0,1.0,0.17884913,0
0.0,0.0,0.0,1.0,0.14194843,0
0.0,0.0,0.0,1.0,0.19474271,0
0.4601085,0.58688366,0.0,1.0,0.09647579,0
0.0,0.0,0.0,1.0,0.117511205,0
1.0,1.0,0.0,1.0,0.08215059,0
0.4418646,0.5503959,0.0,1.0,0.12820561,0
0.46969867,0.606064,0.0,1.0,0.074807614,0
0.0,0.0,0.0,1.0,0.22115098,0
0.0,0.0,0.0,1.0,0.17430377,0
0.0,0.0,0.0,1.0,0.15340509,0
0.46974975,0.6061662,0.0,0.84240097,0.06185884,0
0.0,0.0,0.0,1.0,0.13512823,0
1.0,1.0,0.0,1.0,0.043116983,0
0.0,0.0,0.0,1.0,0.08215059,0
0.4418646,0.5503959,0.0,0.6644278,0.06953007,0
0.46969867,0.606064,0.0,1.0,0.1558732,0
0.0,0.0,0.0,1.0,0.18179382,0
0.0,0.0,0.0,0.81824017,0.092756756,0
0.0,0.0,0.0,1.0,0.23132564,0
0.46974975,0.6061662,0.0,1.0,0.10391843,0
0.0,0.0,0.0,1.0,0.06030022,0
1.0,1.0,0.0,0.31111178,0.05746601,1
0.0,0.0,0.0,1.0,0.12820561,0
1.0,1.0,0.0,0.6644278,0.06953007,0
0.46969867,0.606064,0.0,1.0,0.20119618,0
0.0,0.0,0.0,1.0,0.113193505,0
0.0,0.0,0.0,0.82043976,0.07809352,0
0.0,0.0,0.0,1.0,0.28115156,0
0.46974975,0.6061662,0.0,1.0,0.16838267,0
0.0,0.0,0.0,1.0,0.101218395,0
1.0,1.0,0.0,0.6685025,0.08651998,0
0.0,0.0,0.0,1.0,0.074807614,0
1.0,1.0,0.0,1.0,0.1558732,0
0.4418646,0.5503959,0.0,1.0,0.20119618,0
0.0,0.0,0.0,1.0,0.2838443,0
0.0,0.0,0.0,1.0,0.24854434,0
0.0,0.0,0.0,1.0,0.080508195,0
0.46974975,0.6061662,0.0,0.6423094,0.08405388,0
0.0,0.0,0.0,1.0,0.20372179,0
1.0,1.0,0.0,1.0,0.11467671,0
0.0,0.0,0.0,1.0,0.22115098,0
1.0,1.0,0.0,1.0,0.18179382,0
0.4418646,0.5503959,0.0,1.0,0.113193505,0
0.46969867,0.606064,0.0,1.0,0.2838443,0
0.0,0.0,0.0,1.0,0.1618197,0
0.0,0.0,0.0,1.0,0.36326477,0
0.46974975,0.6061662,0.0,1.0,0.27298972,0
0.0,0.0,0.0,1.0,0.2098577,0
1.0,1.0,0.0,1.0,0.17884913,0
0.0,0.0,0.0,1.0,0.17430377,0
1.0,1.0,0.0,0.81824017,0.092756756,0
0.4418646,0.5503959,0.0,0.82043976,0.07809352,0
0.46969867,0.606064,0.0,1.0,0.24854434,0
0.0,0.0,0.0,1.0,0.1618197,0
0.0,0.0,0.0,1.0,0.32379153,0
0.46974975,0.6061662,0.0,1.0,0.19126639,0
0.0,0.0,0.0,1.0,0.06779732,0
1.0,1.0,0.0,1.0,0.14194843,0
0.0,0.0,0.0,1.0,0.15340509,0
1.0,1.0,0.0,1.0,0.23132564,0
0.4418646,0.5503959,0.0,1.0,0.28115156,0
0.46969867,0.606064,0.0,1.0,0.080508195,0
0.0,0.0,0.0,1.0,0.36326477,0
0.0,0.0,0.0,1.0,0.32379153,0
0.46974975,0.6061662,0.0,1.0,0.14004195,0
0.0,0.0,0.0,1.0,0.27243176,0
1.0,1.0,0.0,1.0,0.19474271,0
0.0,0.0,0.0,0.84240097,0.06185884,0
1.0,1.0,0.0,1.0,0.10391843,0
0.4418646,0.5503959,0.0,1.0,0.16838267,0
0.46969867,0.606064,0.0,0.6423094,0.08405388,0
0.0,0.0,0.0,1.0,0.27298972,0
0.0,0.0,0.0,1.0,0.19126639,0
0.0,0.0,0.0,1.0,0.14004195,0
0.0,0.0,0.0,1.0,0.13384561,0
1.0,1.0,0.0,1.0,0.09647579,0
0.0,0.0,0.0,1.0,0.13512823,0
1.0,1.0,0.0,1.0,0.06030022,0
0.4418646,0.5503959,0.0,1.0,0.101218395,0
0.46969867,0.606064,0.0,1.0,0.20372179,0
0.0,0.0,0.0,1.0,0.2098577,0
0.0,0.0,0.0,1.0,0.06779732,0
0.0,0.0,0.0,1.0,0.27243176,0
0.46974975,0.6061662,0.0,1.0,0.13384561,0
1.0,1.0,0.0,1.0,0.117511205,0
0.0,0.0,0.0,1.0,0.043116983,0
1.0,1.0,0.0,0.31111178,0.05746601,1
0.4418646,0.5503959,0.0,0.6685025,0.08651998,0
0.46969867,0.606064,0.0,1.0,0.11467671,0
0.0,0.0,0.0,1.0,0.17884913,0
0.0,0.0,0.0,1.0,0.14194843,0
0.0,0.0,0.0,1.0,0.19474271,0
0.46974975,0.6061662,0.0,1.0,0.09647579,0
0.0,0.0,0.0,1.0,0.117511205,0
0.4445207,0.55570805,0.0,1.0,0.08215059,0
0.4418646,0.5503959,0.0,1.0,0.12820561,0
0.46969867,0.606064,0.0,1.0,0.074807614,0
0.0,0.0,0.0,1.0,0.22115098,0
0.0,0.0,0.0,1.0,0.17430377,0
0.0,0.0,0.0,1.0,0.15340509,0
0.46974975,0.6061662,0.0,0.8424716,0.06185884,0
0.0,0.0,0.0,1.0,0.13512823,0
0.44004706,0.5467608,0.0,1.0,0.043116983,0
0.0,0.0,0.0,1.0,0.08215059,0
0.4418646,0.5503959,0.0,0.66375154,0.06953007,0
0.46969867,0.606064,0.0,1.0,0.1558732,0
0.0,0.0,0.0,1.0,0.18179382,0
0.0,0.0,0.0,0.8173135,0.092756756,0
0.0,0.0,0.0,1.0,0.23132564,0
0.46974975,0.6061662,0.0,1.0,0.10391843,0
0.0,0.0,0.0,1.0,0.06030022,0
0.44004706,0.5467608,0.0,0.3105396,0.05746601,1
0.0,0.0,0.0,1.0,0.12820561,0
0.4445207,0.55570805,0.0,0.66375154,0.06953007,0
0.46969867,0.606064,0.0,1.0,0.20119618,0
0.0,0.0,0.0,1.0,0.113193505,0
0.0,0.0,0.0,0.8196592,0.07809352,0
0.0,0.0,0.0,1.0,0.28115156,0
0.46974975,0.6061662,0.0,1.0,0.16838267,0
0.0,0.0,0.0,1.0,0.101218395,0
0.44004706,0.5467608,0.0,0.6677379,0.08651998,0
0.0,0.0,0.0,1.0,0.074807614,0
0.4445207,0.55570805,0.0,1.0,0.1558732,0
0.4418646,0.5503959,0.0,1.0,0.20119618,0
0.0,0.0,0.0,1.0,0.2838443,0
0.0,0.0,0.0,1.0,0.24854434,0
0.0,0.0,0.0,1.0,0.080508195,0
0.46974975,0.6061662,0.0,0.64153457,0.08405388,0
0.0,0.0,0.0,1.0,0.20372179,0
0.44004706,0.5467608,0.0,1.0,0.11467671,0
0.0,0.0,0.0,1.0,0.22115098,0
0.4445207,0.55570805,0.0,1.0,0.18179382,0
0.4418646,0.5503959,0.0,1.0,0.113193505,0
0.46969867,0.606064,0.0,1.0,0.2838443,0
0.0,0.0,0.0,1.0,0.1618197,0
0.0,0.0,0.0,1.0,0.36326477,0
0.46974975,0.6061662,0.0,1.0,0.27298972,0
0.0,0.0,0.0,1.0,0.2098577,0
0.44004706,0.5467608,0.0,1.0,0.17884913,0
0.0,0.0,0.0,1.0,0.17430377,0
0.4445207,0.55570805,0.0,0.8173135,0.092756756,0
0.4418646,0.5503959,0.0,0.8196592,0.07809352,0
0.46969867,0.606064,0.0,1.0,0.24854434,0
0.0,0.0,0.0,1.0,0.1618197,0
0.0,0.0,0.0,1.0,0.32379153,0
0.46974975,0.6061662,0.0,1.0,0.19126639,0
0.0,0.0,0.0,1.0,0.06779732,0
0.44004706,0.5467608,0.0,1.0,0.14194843,0
0.0,0.0,0.0,1.0,0.15340509,0
0.4445207,0.55570805,0.0,1.0,0.23132564,0
0.4418646,0.5503959,0.0,1.0,0.28115156,0
0.46969867,0.606064,0.0,1.0,0.080508195,0
0.0,0.0,0.0,1.0,0.36326477,0
0.0,0.0,0.0,1.0,0.32379153,0
0.46974975,0.6061662,0.0,1.0,0.14004195,0
0.0,0.0,0.0,1.0,0.27243176,0
0.44004706,0.5467608,0.0,1.0,0.19474271,0
0.0,0.0,0.0,0.8424716,0.06185884,0
0.4445207,0.55570805,0.0,1.0,0.10391843,0
0.4418646,0.5503959,0.0,1.0,0.16838267,0
0.46969867,0.606064,0.0,0.64153457,0.08405388,0
0.0,0.0,0.0,1.0,0.27298972,0
0.0,0.0,0.0,1.0,0.19126639,0
0.0,0.0,0.0,1.0,0.14004195,0
0.0,0.0,0.0,1.0,0.13384561,0
0.44004706,0.5467608,0.0,1.0,0.09647579,0
0.0,0.0,0.0,1.0,0.13512823,0
0.4445207,0.55570805,0.0,1.0,0.06030022,0
0.4418646,0.5503959,0.0,1.0,0.101218395,0
0.46969867,0.606064,0.0,1.0,0.20372179,0
0.0,0.0,0.0,1.0,0.2098577,0
0.0,0.0,0.0,1.0,0.06779732,0
0.0,0.0,0.0,1.0,0.27243176,0
0.46974975,0.6061662,0.0,1.0,0.13384561,0
0.44004706,0.5467608,0.0,1.0,0.117511205,0
0.0,0.0,0.0,1.0,0.043116983,0
0.4445207,0.55570805,0.0,0.3105396,0.05746601,1
0.4418646,0.5503959,0.0,0.6677379,0.08651998,0
0.46969867,0.606064,0.0,1.0,0.11467671,0
0.0,0.0,0.0,1.0,0.17884913,0
0.0,0.0,0.0,1.0,0.14194843,0
0.0,0.0,0.0,1.0,0.19474271,0
0.46974975,0.6061662,0.0,1.0,0.09647579,0
0.0,0.0,0.0,1.0,0.117511205,0
0.4445207,0.55570805,0.0,1.0,0.08215059,0
0.4418646,0.5503959,0.0,1.0,0.12820561,0
0.46969867,0.606064,0.0,1.0,0.074807614,0
0.0,0.0,0.0,1.0,0.22115098,0
0.0,0.0,0.0,1.0,0.17430377,0
0.0,0.0,0.0,1.0,0.15340509,0
0.46974975,0.6061662,0.0,0.8425427,0.06185884,0
0.0,0.0,0.0,1.0,0.13512823,0
0.44004706,0.5467608,0.0,1.0,0.043116983,0
0.0,0.0,0.0,1.0,0.08215059,0
0.4418646,0.5503959,0.0,0.6630753,0.06953007,0
0.46969867,0.606064,0.0,1.0,0.1558732,0
0.0,0.0,0.0,1.0,0.18179382,0
0.0,0.0,0.0,0.8163868,0.092756756,0
0.0,0.0,0.0,1.0,0.23132564,0
0.46974975,0.6061662,0.0,1.0,0.10391843,0
0.0,0.0,0.0,1.0,0.06030022,0
0.44004706,0.5467608,0.0,0.30996746,0.05746601,1
0.0,0.0,0.0,1.0,0.12820561,0
0.4445207,0.55570805,0.0,0.6630753,0.06953007,0
0.46969867,0.606064,0.0,1.0,0.20119618,0
0.0,0.0,0.0,1.0,0.113193505,0
0.0,0.0,0.0,0.8188786,0.07809352,0
0.0,0.0,0.0,1.0,0.28115156,0
0.46974975,0.6061662,0.0,1.0,0.16838267,0
0.0,0.0,0.0,1.0,0.101218395,0
0.44004706,0.5467608,0.0,0.66697353,0.08651998,0
0.0,0.0,0.0,1.0,0.074807614,0
0.4445207,0.55570805,0.0,1.0,0.1558732,0
0.4418646,0.5503959,0.0,1.0,0.20119618,0
0.0,0.0,0.0,1.0,0.2838443,0
0.0,0.0,0.0,1.0,0.24854434,0
0.0,0.0,0.0,1.0,0.080508195,0
0.46974975,0.6061662,0.0,0.6407599,0.08405388,0
0.0,0.0,0.0,1.0,0.20372179,0
0.44004706,0.5467608,0.0,1.0,0.11467671,0
0.0,0.0,0.0,1.0,0.22115098,0
0.4445207,0.55570805,0.0,1.0,0.18179382,0
0.4418646,0.5503959,0.0,1.0,0.113193505,0
0.46969867,0.606064,0.0,1.0,0.2838443,0
0.0,0.0,0.0,1.0,0.1618197,0
0.0,0.0,0.0,1.0,0.36326477,0
0.46974975,0.6061662,0.0,1.0,0.27298972,0
0.0,0.0,0.0,1.0,0.2098577,0
0.44004706,0.5467608,0.0,1.0,0.17884913,0
0.0,0.0,0.0,1.0,0.17430377,0
0.4445207,0.55570805,0.0,0.8163868,0.092756756,0
0.4418646,0.5503959,0.0,0.8188786,0.07809352,0
0.46969867,0.606064,0.0,1.0,0.24854434,0
0.0,0.0,0.0,1.0,0.1618197,0
0.0,0.0,0.0,1.0,0.32379153,0
0.46974975,0.6061662,0.0,1.0,0.19126639,0
0.0,0.0,0.0,1.0,0.06779732,0
0.44004706,0.5467608,0.0,1.0,0.14194843,0
0.0,0.0,0.0,1.0,0.15340509,0
0.4445207,0.55570805,0.0,1.0,0.23132564,0
0.4418646,0.5503959,0.0,1.0,0.28115156,0
0.46969867,0.606064,0.0,1.0,0.080508195,0
0.0,0.0,0.0,1.0,0.36326477,0
0.0,0.0,0.0,1.0,0.32379153,0
0.46974975,0.6061662,0.0,1.0,0.14004195,0
0.0,0.0,0.0,1.0,0.27243176,0
0.44004706,0.5467608,0.0,1.0,0.19474271,0
0.0,0.0,0.0,0.8425427,0.06185884,0
0.4445207,0.55570805,0.0,1.0,0.10391843,0
0.4418646,0.5503959,0.0,1.0,0.16838267,0
0.46969867,0.606064,0.0,0.6407599,0.08405388,0
0.0,0.0,0.0,1.0,0.27298972,0
0.0,0.0,0.0,1.0,0.19126639,0
0.0,0.0,0.0,1.0,0.14004195,0
0.0,0.0,0.0,1.0,0.13384561,0
0.44004706,0.5467608,0.0,1.0,0.09647579,0
0.0,0.0,0.0,1.0,0.13512823,0
0.4445207,0.55570805,0.0,1.0,0.06030022,0
0.4418646,0.5503959,0.0,1.0,0.101218395,0
0.46969867,0.606064,0.0,1.0,0.20372179,0
0.0,0.0,0.0,1.0,0.2098577,0
0.0,0.0,0.0,1.0,0.06779732,0
0.0,0.0,0.0,1.0,0.27243176,0
0.46974975,0.6061662,0.0,1.0,0.13384561,0
0.44004706,0.5467608,0.0,1.0,0.117511205,0
0.0,0.0,0.0,1.0,0.043116983,0
0.4445207,0.55570805,0.0,0.30996746,0.05746601,1
0.4418646,0.5503959,0.0,0.66697353,0.08651998,0
0.46969867,0.606064,0.0,1.0,0.11467671,0
0.0,0.0,0.0,1.0,0.17884913,0
0.0,0.0,0.0,1.0,0.14194843,0
0.0,0.0,0.0,1.0,0.19474271,0
0.46974975,0.6061662,0.0,1.0,0.09647579,0
0.0,0.0,0.0,1.0,0.117511205,0
0.4445207,0.55570805,0.0,1.0,0.08215059,0
0.4418646,0.5503959,0.0,1.0,0.12820561,0
0.46969867,0.606064,0.0,1.0,0.074807614,0
0.0,0.0,0.0,1.0,0.22115098,0
0.0,0.0,0.0,1.0,0.17430377,0
0.0,0.0,0.0,1.0,0.15340509,0
0.46974975,0.6061662,0.0,0.84261423,0.06185884,0
0.0,0.0,0.0,1.0,0.13512823,0
0.44004706,0.5467608,0.0,1.0,0.043116983,0
0.0,0.0,0.0,1.0,0.08215059,0
0.4418646,0.5503959,0.0,0.6623991,0.06953007,0
0.46969867,0.606064,0.0,1.0,0.1558732,0
0.0,0.0,0.0,1.0,0.18179382,0
0.0,0.0,0.0,0.8154601,0.092756756,0
0.0,0.0,0.0,1.0,0.23132564,0
0.46974975,0.6061662,0.0,1.0,0.10391843,0
0.0,0.0,0.0,1.0,0.06030022,0
0.44004706,0.5467608,0.0,0.3093953,0.05746601,1
0.0,0.0,0.0,1.0,0.12820561,0
0.4445207,0.55570805,0.0,0.6623991,0.06953007,0
0.46969867,0.606064,0.0,1.0,0.20119618,0
0.0,0.0,0.0,1.0,0.113193505,0
0.0,0.0,0.0,0.818098,0.07809352,0
0.0,0.0,0.0,1.0,0.28115156,0
0.46974975,0.6061662,0.0,1.0,0.16838267,0
0.0,0.0,0.0,1.0,0.101218395,0
0.44004706,0.5467608,0.0,0.6662094,0.08651998,0
0.0,0.0,0.0,1.0,0.074807614,0
0.4445207,0.55570805,0.0,1.0,0.1558732,0
0.4418646,0.5503959,0.0,1.0,0.20119618,0
0.0,0.0,0.0,1.0,0.2838443,0
0.0,0.0,0.0,1.0,0.24854434,0
0.0,0.0,0.0,1.0,0.080508195,0
0.46974975,0.6061662,0.0,0.6399853,0.08405388,0
0.0,0.0,0.0,1.0,0.20372179,0
0.44004706,0.5467608,0.0,1.0,0.11467671,0
0.0,0.0,0.0,1.0,0.22115098,0
0.4445207,0.55570805,0.0,1.0,0.18179382,0
0.4418646,0.5503959,0.0,1.0,0.113193505,0
0.46969867,0.606064,0.0,1.0,0.2838443,0
0.0,0.0,0.0,1.0,0.1618197,0
0.0,0.0,0.0,1.0,0.36326477,0
0.46974975,0.6061662,0.0,1.0,0.27298972,0
0.0,0.0,0.0,1.0,0.2098577,0
0.44004706,0.5467608,0.0,1.0,0.17884913,0
0.0,0.0,0.0,1.0,0.17430377,0
0.4445207,0.55570805,0.0,0.8154601,0.092756756,0
0.4418646,0.5503959,0.0,0.818098,0.07809352,0
0.46969867,0.606064,0.0,1.0,0.24854434,0
0.0,0.0,0.0,1.0,0.1618197,0
0.0,0.0,0.0,1.0,0.32379153,0
0.46974975,0.6061662,0.0,1.0,0.19126639,0
0.0,0.0,0.0,1.0,0.06779732,0
0.44004706,0.5467608,0.0,1.0,0.14194843,0
0.0,0.0,0.0,1.0,0.15340509,0
0.4445207,0.55570805,0.0,1.0,0.23132564,0
0.4418646,0.5503959,0.0,1.0,0.28115156,0
0.46969867,0.606064,0.0,1.0,0.080508195,0
0.0,0.0,0.0,1.0,0.36326477,0
0.0,0.0,0.0,1.0,0.32379153,0
0.46974975,0.6061662,0.0,1.0,0.14004195,0
0.0,0.0,0.0,1.0,0.27243176,0
0.44004706,0.5467608,0.0,1.0,0.19474271,0
0.0,0.0,0.0,0.84261423,0.06185884,0
0.4445207,0.55570805,0.0,1.0,0.10391843,0
0.4418646,0.5503959,0.0,1.0,0.16838267,0
0.46969867,0.606064,0.0,0.6399853,0.08405388,0
0.0,0.0,0.0,1.0,0.27298972,0
0.0,0.0,0.0,1.0,0.19126639,0
0.0,0.0,0.0,1.0,0.14004195,0
0.0,0.0,0.0,1.0,0.13384561,0
0.44004706,0.5467608,0.0,1.0,0.09647579,0
0.0,0.0,0.0,1.0,0.13512823,0
0.4445207,0.55570805,0.0,1.0,0.06030022,0
0.4418646,0.5503959,0.0,1.0,0.101218395,0
0.46969867,0.606064,0.0,1.0,0.20372179,0
0.0,0.0,0.0,1.0,0.2098577,0
0.0,0.0,0.0,1.0,0.06779732,0
0.0,0.0,0.0,1.0,0.27243176,0
0.46974975,0.6061662,0.0,1.0,0.13384561,0
0.44004706,0.5467608,0.0,1.0,0.117511205,0
0.0,0.0,0.0,1.0,0.043116983,0
0.4445207,0.55570805,0.0,0.3093953,0.05746601,1
0.4418646,0.5503959,0.0,0.6662094,0.08651998,0
0.46969867,0.606064,0.0,1.0,0.11467671,0
0.0,0.0,0.0,1.0,0.17884913,0
0.0,0.0,0.0,1.0,0.14194843,0
0.0,0.0,0.0,1.0,0.19474271,0
0.46974975,0.6061662,0.0,1.0,0.09647579,0
0.0,0.0,0.0,1.0,0.117511205,0
0.4445207,0.55570805,0.0,1.0,0.08215059,0
0.4418646,0.5503959,0.0,1.0,0.12820561,0
0.46969867,0.606064,0.0,1.0,0.074807614,0
0.0,0.0,0.0,1.0,0.22115098,0
0.0,0.0,0.0,1.0,0.17430377,0
0.0,0.0,0.0,1.0,0.15340509,0
0.46974975,0.6061662,0.0,0.84268624,0.06185884,0
0.0,0.0,0.0,1.0,0.13512823,0
0.44004706,0.5467608,0.0,1.0,0.043116983,0
0.0,0.0,0.0,1.0,0.08215059,0
0.4418646,0.5503959,0.0,0.66172296,0.06953007,0
0.46969867,0.606064,0.0,1.0,0.1558732,0
0.0,0.0,0.0,1.0,0.18179382,0
0.0,0.0,0.0,0.8145334,0.092756756,0
0.0,0.0,0.0,1.0,0.23132564,0
0.46974975,0.6061662,0.0,1.0,0.10391843,0
0.0,0.0,0.0,1.0,0.06030022,0
0.44004706,0.5467608,0.0,0.30882317,0.05746601,1
0.0,0.0,0.0,1.0,0.12820561,0
0.4445207,0.55570805,0.0,0.66172296,0.06953007,0
0.46969867,0.606064,0.0,1.0,0.20119618,0
0.0,0.0,0.0,1.0,0.113193505,0
0.0,0.0,0.0,0.8173174,0.07809352,0
0.0,0.0,0.0,1.0,0.28115156,0
0.46974975,0.6061662,0.0,1.0,0.16838267,0
0.0,0.0,0.0,1.0,0.101218395,0
0.44004706,0.5467608,0.0,0.66544557,0.08651998,0
0.0,0.0,0.0,1.0,0.074807614,0
0.4445207,0.55570805,0.0,1.0,0.1558732,0
0.4418646,0.5503959,0.0,1.0,0.20119618,0
0.0,0.0,0.0,1.0,0.2838443,0
0.0,0.0,0.0,1.0,0.24854434,0
0.0,0.0,0.0,1.0,0.080508195,0
0.46974975,0.6061662,0.0,0.63921094,0.08405388,0
0.0,0.0,0.0,1.0,0.20372179,0
0.44004706,0.5467608,0.0,1.0,0.11467671,0
0.0,0.0,0.0,1.0,0.22115098,0
0.4445207,0.55570805,0.0,1.0,0.18179382,0
0.4418646,0.5503959,0.0,1.0,0.113193505,0
0.46969867,0.606064,0.0,1.0,0.2838443,0
0.0,0.0,0.0,1.0,0.1618197,0
0.0,0.0,0.0,1.0,0.36326477,0
0.46974975,0.6061662,0.0,1.0,0.27298972,0
0.0,0.0,0.0,1.0,0.2098577,0
0.44004706,0.5467608,0.0,1.0,0.17884913,0
0.0,0.0,0.0,1.0,0.17430377,0
0.4445207,0.55570805,0.0,0.8145334,0.092756756,0
0.4418646,0.5503959,0.0,0.8173174,0.07809352,0
0.46969867,0.606064,0.0,1.0,0.24854434,0
0.0,0.0,0.0,1.0,0.1618197,0
0.0,0.0,0.0,1.0,0.32379153,0
0.46974975,0.6061662,0.0,1.0,0.19126639,0
0.0,0.0,0.0,1.0,0.06779732,0
0.44004706,0.5467608,0.0,1.0,0.14194843,0
0.0,0.0,0.0,1.0,0.15340509,0
0.4445207,0.55570805,0.0,1.0,0.23132564,0
0.4418646,0.5503959,0.0,1.0,0.28115156,0
0.46969867,0.606064,0.0,1.0,0.080508195,0
0.0,0.0,0.0,1.0,0.36326477,0
0.0,0.0,0.0,1.0,0.32379153,0
0.46974975,0.6061662,0.0,1.0,0.14004195,0
0.0,0.0,0.0,1.0,0.27243176,0
0.44004706,0.5467608,0.0,1.0,0.19474271,0
0.0,0.0,0.0,0.84268624,0.06185884,0
0.4445207,0.55570805,0.0,1.0,0.10391843,0
0.4418646,0.5503959,0.0,1.0,0.16838267,0
0.46969867,0.606064,0.0,0.63921094,0.08405388,0
0.0,0.0,0.0,1.0,0.27298972,0
0.0,0.0,0.0,1.0,0.19126639,0
0.0,0.0,0.0,1.0,0.14004195,0
0.0,0.0,0.0,1.0,0.13384561,0
0.44004706,0.5467608,0.0,1.0,0.09647579,0
0.0,0.0,0.0,1.0,0.13512823,0
0.4445207,0.55570805,0.0,1.0,0.06030022,0
0.4418646,0.5503959,0.0,1.0,0.101218395,0
0.46969867,0.606064,0.0,1.0,0.20372179,0
0.0,0.0,0.0,1.0,0.2098577,0
0.0,0.0,0.0,1.0,0.06779732,0
0.0,0.0,0.0,1.0,0.27243176,0
0.46974975,0.6061662,0.0,1.0,0.13384561,0
0.44004706,0.5467608,0.0,1.0,0.117511205,0
0.0,0.0,0.0,1.0,0.043116983,0
0.4445207,0.55570805,0.0,0.30882317,0.05746601,1
0.4418646,0.5503959,0.0,0.66544557,0.08651998,0
0.46969867,0.606064,0.0,1.0,0.11467671,0
0.0,0.0,0.0,1.0,0.17884913,0
0.0,0.0,0.0,1.0,0.14194843,0
0.0,0.0,0.0,1.0,0.19474271,0
0.46974975,0.6061662,0.0,1.0,0.09647579,0
0.0,0.0,0.0,1.0,0.117511205,0
0.4445207,0.55570805,0.0,1.0,0.08215059,0
0.4418646,0.5503959,0.0,1.0,0.12820561,0
0.46969867,0.606064,0.0,1.0,0.074807614,0
0.0,0.0,0.0,1.0,0.22115098,0
0.0,0.0,0.0,1.0,0.17430377,0
0.0,0.0,0.0,1.0,0.15340509,0
0.46974975,0.6061662,0.0,0.84275866,0.06185884,0
0.0,0.0,0.0,1.0,0.13512823,0
0.44004706,0.5467608,0.0,1.0,0.043116983,0
0.0,0.0,0.0,1.0,0.08215059,0
0.4418646,0.5503959,0.0,0.6610468,0.06953007,0
0.46969867,0.606064,0.0,1.0,0.1558732,0
0.0,0.0,0.0,1.0,0.18179382,0
0.0,0.0,0.0,0.81360674,0.092756756,0
0.0,0.0,0.0,1.0,0.23132564,0
0.46974975,0.6061662,0.0,1.0,0.10391843,0
0.0,0.0,0.0,1.0,0.06030022,0
0.44004706,0.5467608,0.0,0.30825102,0.05746601,1
0.0,0.0,0.0,1.0,0.12820561,0
0.4445207,0.55570805,0.0,0.6610468,0.06953007,0
0.46969867,0.606064,0.0,1.0,0.20119618,0
0.0,0.0,0.0,1.0,0.113193505,0
0.0,0.0,0.0,0.81653684,0.07809352,0
0.0,0.0,0.0,1.0,0.28115156,0
0.46974975,0.6061662,0.0,1.0,0.16838267,0
0.0,0.0,0.0,1.0,0.101218395,0
0.44004706,0.5467608,0.0,0.6646819,0.08651998,0
0.0,0.0,0.0,1.0,0.074807614,0
0.4445207,0.55570805,0.0,1.0,0.1558732,0
0.4418646,0.5503959,0.0,1.0,0.20119618,0
0.0,0.0,0.0,1.0,0.2838443,0
0.0,0.0,0.0,1.0,0.24854434,0
0.0,0.0,0.0,1.0,0.080508195,0
0.46974975,0.6061662,0.0,0.63843673,0.08405388,0
0.0,0.0,0.0,1.0,0.20372179,0
0.44004706,0.5467608,0.0,1.0,0.11467671,0
0.0,0.0,0.0,1.0,0.22115098,0
0.4445207,0.55570805,0.0,1.0,0.18179382,0
0.4418646,0.5503959,0.0,1.0,0.113193505,0
0.46969867,0.606064,0.0,1.0,0.2838443,0
0.0,0.0,0.0,1.0,0.1618197,0
0.0,0.0,0.0,1.0,0.36326477,0
0.46974975,0.6061662,0.0,1.0,0.27298972,0
0.0,0.0,0.0,1.0,0.2098577,0
0.44004706,0.5467608,0.0,1.0,0.17884913,0
0.0,0.0,0.0,1.0,0.17430377,0
0.4445207,0.55570805,0.0,0.81360674,0.092756756,0
0.4418646,0.5503959,0.0,0.81653684,0.07809352,0
0.46969867,0.606064,0.0,1.0,0.24854434,0
0.0,0.0,0.0,1.0,0.1618197,0
0.0,0.0,0.0,1.0,0.32379153,0
0.46974975,0.6061662,0.0,1.0,0.19126639,0
0.0,0.0,0.0,1.0,0.06779732,0
0.44004706,0.5467608,0.0,1.0,0.14194843,0
0.0,0.0,0.0,1.0,0.15340509,0
0.4445207,0.55570805,0.0,1.0,0.23132564,0
0.4418646,0.5503959,0.0,1.0,0.28115156,0
0.46969867,0.606064,0.0,1.0,0.080508195,0
0.0,0.0,0.0,1.0,0.36326477,0
0.0,0.0,0.0,1.0,0.32379153,0
0.46974975,0.6061662,0.0,1.0,0.14004195,0
0.0,0.0,0.0,1.0,0.27243176,0
0.44004706,0.5467608,0.0,1.0,0.19474271,0
0.0,0.0,0.0,0.84275866,0.06185884,0
0.4445207,0.55570805,0.0,1.0,0.10391843,0
0.4418646,0.5503959,0.0,1.0,0.16838267,0
0.46969867,0.606064,0.0,0.63843673,0.08405388,0
0.0,0.0,0.0,1.0,0.27298972,0
0.0,0.0,0.0,1.0,0.19126639,0
0.0,0.0,0.0,1.0,0.14004195,0
0.0,0.0,0.0,1.0,0.13384561,0
0.44004706,0.5467608,0.0,1.0,0.09647579,0
0.0,0.0,0.0,1.0,0.13512823,0
0.4445207,0.55570805,0.0,1.0,0.06030022,0
0.4418646,0.5503959,0.0,1.0,0.101218395,0
0.46969867,0.606064,0.0,1.0,0.20372179,0
0.0,0.0,0.0,1.0,0.2098577,0
0.0,0.0,0.0,1.0,0.06779732,0
0.0,0.0,0.0,1.0,0.27243176,0
0.46974975,0.6061662,0.0,1.0,0.13384561,0
0.44004706,0.5467608,0.0,1.0,0.117511205,0
0.0,0.0,0.0,1.0,0.043116983,0
0.4445207,0.55570805,0.0,0.30825102,0.05746601,1
0.4418646,0.5503959,0.0,0.6646819,0.08651998,0
0.46969867,0.606064,0.0,1.0,0.11467671,0
0.0,0.0,0.0,1.0,0.17884913,0
0.0,0.0,0.0,1.0,0.14194843,0
0.0,0.0,0.0,1.0,0.19474271,0
0.46974975,0.6061662,0.0,1.0,0.09647579,0
0.0,0.0,0.0,1.0,0.117511205,0
0.4445207,0.55570805,0.0,1.0,0.08215059,0
0.4418646,0.5503959,0.0,1.0,0.12820561,0
0.46969867,0.606064,0.0,1.0,0.074807614,0
0.0,0.0,0.0,1.0,0.22115098,0
0.0,0.0,0.0,1.0,0.17430377,0
0.0,0.0,0.0,1.0,0.15340509,0
0.46974975,0.6061662,0.0,0.84283155,0.06185884,0
0.0,0.0,0.0,1.0,0.13512823,0
0.44004706,0.5467608,0.0,1.0,0.043116983,0
0.0,0.0,0.0,1.0,0.08215059,0
0.4418646,0.5503959,0.0,0.66037077,0.06953007,0
0.46969867,0.606064,0.0,1.0,0.1558732,0
0.0,0.0,0.0,1.0,0.18179382,0
0.0,0.0,0.0,0.81268007,0.092756756,0
0.0,0.0,0.0,1.0,0.23132564,0
0.46974975,0.6061662,0.0,1.0,0.10391843,0
0.0,0.0,0.0,1.0,0.06030022,0
0.44004706,0.5467608,0.0,0.3076789,0.05746601,1
0.0,0.0,0.0,1.0,0.12820561,0
0.4445207,0.55570805,0.0,0.66037077,0.06953007,0
0.46969867,0.606064,0.0,1.0,0.20119618,0
0.0,0.0,0.0,1.0,0.113193505,0
0.0,0.0,0.0,0.81575626,0.07809352,0
0.0,0.0,0.0,1.0,0.28115156,0
0.46974975,0.6061662,0.0,1.0,0.16838267,0
0.0,0.0,0.0,1.0,0.101218395,0
0.44004706,0.5467608,0.0,0.66391855,0.08651998,0
0.0,0.0,0.0,1.0,0.074807614,0
0.4445207,0.55570805,0.0,1.0,0.1558732,0
0.4418646,0.5503959,0.0,1.0,0.20119618,0
0.0,0.0,0.0,1.0,0.2838443,0
0.0,0.0,0.0,1.0,0.24854434,0
0.0,0.0,0.0,1.0,0.080508195,0
0.46974975,0.6061662,0.0,0.6376627,0.08405388,0
0.0,0.0,0.0,1.0,0.20372179,0
0.44004706,0.5467608,0.0,1.0,0.11467671,0
0.0,0.0,0.0,1.0,0.22115098,0
0.4445207,0.55570805,0.0,1.0,0.18179382,0
0.4418646,0.5503959,0.0,1.0,0.113193505,0
0.46969867,0.606064,0.0,1.0,0.2838443,0
0.0,0.0,0.0,1.0,0.1618197,0
0.0,0.0,0.0,1.0,0.36326477,0
0.46974975,0.6061662,0.0,1.0,0.27298972,0
0.0,0.0,0.0,1.0,0.2098577,0
0.44004706,0.5467608,0.0,1.0,0.17884913,0
0.0,0.0,0.0,1.0,0.17430377,0
0.4445207,0.55570805,0.0,0.81268007,0.092756756,0
0.4418646,0.5503959,0.0,0.81575626,0.07809352,0
0.46969867,0.606064,0.0,1.0,0.24854434,0
0.0,0.0,0.0,1.0,0.1618197,0
0.0,0.0,0.0,1.0,0.32379153,0
0.46974975,0.6061662,0.0,1.0,0.19126639,0
0.0,0.0,0.0,1.0,0.06779732,0
0.44004706,0.5467608,0.0,1.0,0.14194843,0
0.0,0.0,0.0,1.0,0.15340509,0
0.4445207,0.55570805,0.0,1.0,0.23132564,0
0.4418646,0.5503959,0.0,1.0,0.28115156,0
0.46969867,0.606064,0.0,1.0,0.080508195,0
0.0,0.0,0.0,1.0,0.36326477,0
0.0,0.0,0.0,1.0,0.32379153,0
0.46974975,0.6061662,0.0,1.0,0.14004195,0
0.0,0.0,0.0,1.0,0.27243176,0
0.44004706,0.5467608,0.0,1.0,0.19474271,0
0.0,0.0,0.0,0.84283155,0.06185884,0
0.4445207,0.55570805,0.0,1.0,0.10391843,0
0.4418646,0.5503959,0.0,1.0,0.16838267,0
0.46969867,0.606064,0.0,0.6376627,0.08405388,0
0.0,0.0,0.0,1.0,0.27298972,0
0.0,0.0,0.0,1.0,0.19126639,0
0.0,0.0,0.0,1.0,0.14004195,0
0.0,0.0,0.0,1.0,0.13384561,0
0.44004706,0.5467608,0.0,1.0,0.09647579,0
0.0,0.0,0.0,1.0,0.13512823,0
0.4445207,0.55570805,0.0,1.0,0.06030022,0
0.4418646,0.5503959,0.0,1.0,0.101218395,0
0.46969867,0.606064,0.0,1.0,0.20372179,0
0.0,0.0,0.0,1.0,0.2098577,0
0.0,0.0,0.0,1.0,0.06779732,0
0.0,0.0,0.0,1.0,0.27243176,0
0.46974975,0.6061662,0.0,1.0,0.13384561,0
0.44004706,0.5467608,0.0,1.0,0.117511205,0
0.0,0.0,0.0,1.0,0.043116983,0
0.4445207,0.55570805,0.0,0.3076789,0.05746601,1
0.4418646,0.5503959,0.0,0.66391855,0.08651998,0
0.46969867,0.606064,0.0,1.0,0.11467671,0
0.0,0.0,0.0,1.0,0.17884913,0
0.0,0.0,0.0,1.0,0.14194843,0
0.0,0.0,0.0,1.0,0.19474271,0
0.46974975,0.6061662,0.0,1.0,0.09647579,0
0.0,0.0,0.0,1.0,0.117511205,0
0.4445207,0.55570805,0.0,1.0,0.08215059,0
0.4418646,0.5503959,0.0,1.0,0.12820561,0
0.46969867,0.606064,0.0,1.0,0.074807614,0
0.0,0.0,0.0,1.0,0.22115098,0
0.0,0.0,0.0,1.0,0.17430377,0
0.0,0.0,0.0,1.0,0.15340509,0
0.46974975,0.6061662,0.0,0.84290487,0.06185884,0
0.0,0.0,0.0,1.0,0.13512823,0
0.44004706,0.5467608,0.0,1.0,0.043116983,0
0.0,0.0,0.0,1.0,0.08215059,0
0.4418646,0.5503959,0.0,0.65969473,0.06953007,0
0.46969867,0.606064,0.0,1.0,0.1558732,0
0.0,0.0,0.0,1.0,0.18179382,0
0.0,0.0,0.0,0.8117534,0.092756756,0
0.0,0.0,0.0,1.0,0.23132564,0
0.46974975,0.6061662,0.0,1.0,0.10391843,0
0.0,0.0,0.0,1.0,0.06030022,0
0.44004706,0.5467608,0.0,0.3071068,0.05746601,1
0.0,0.0,0.0,1.0,0.12820561,0
0.4445207,0.55570805,0.0,0.65969473,0.06953007,0
0.46969867,0.606064,0.0,1.0,0.20119618,0
0.0,0.0,0.0,1.0,0.113193505,0
0.0,0.0,0.0,0.8149757,0.07809352,0
0.0,0.0,0.0,1.0,0.28115156,0
0.46974975,0.6061662,0.0,1.0,0.16838267,0
0.0,0.0,0.0,1.0,0.101218395,0
0.44004706,0.5467608,0.0,0.6631554,0.08651998,0
0.0,0.0,0.0,1.0,0.074807614,0
0.4445207,0.55570805,0.0,1.0,0.1558732,0
0.4418646,0.5503959,0.0,1.0,0.20119618,0
0.0,0.0,0.0,1.0,0.2838443,0
0.0,0.0,0.0,1.0,0.24854434,0
0.0,0.0,0.0,1.0,0.080508195,0
0.46974975,0.6061662,0.0,0.63688886,0.08405388,0
0.0,0.0,0.0,1.0,0.20372179,0
0.44004706,0.5467608,0.0,1.0,0.11467671,0
0.0,0.0,0.0,1.0,0.22115098,0
0.4445207,0.55570805,0.0,1.0,0.18179382,0
0.4418646,0.5503959,0.0,1.0,0.113193505,0
0.46969867,0.606064,0.0,1.0,0.2838443,0
0.0,0.0,0.0,1.0,0.1618197,0
0.0,0.0,0.0,1.0,0.36326477,0
0.46974975,0.6061662,0.0,1.0,0.27298972,0
0.0,0.0,0.0,1.0,0.2098577,0
0.44004706,0.5467608,0.0,1.0,0.17884913,0
0.0,0.0,0.0,1.0,0.17430377,0
0.4445207,0.55570805,0.0,0.8117534,0.092756756,0
0.4418646,0.5503959,0.0,0.8149757,0.07809352,0
0.46969867,0.606064,0.0,1.0,0.24854434,0
0.0,0.0,0.0,1.0,0.1618197,0
0.0,0.0,0.0,1.0,0.32379153,0
0.46974975,0.6061662,0.0,1.0,0.19126639,0
0.0,0.0,0.0,1.0,0.06779732,0
0.44004706,0.5467608,0.0,1.0,0.14194843,0
0.0,0.0,0.0,1.0,0.15340509,0
0.4445207,0.55570805,0.0,1.0,0.23132564,0
0.4418646,0.5503959,0.0,1.0,0.28115156,0
0.46969867,0.606064,0.0,1.0,0.080508195,0
0.0,0.0,0.0,1.0,0.36326477,0
0.0,0.0,0.0,1.0,0.32379153,0
0.46974975,0.6061662,0.0,1.0,0.14004195,0
0.0,0.0,0.0,1.0,0.27243176,0
0.44004706,0.5467608,0.0,1.0,0.19474271,0
0.0,0.0,0.0,0.84290487,0.06185884,0
0.4445207,0.55570805,0.0,1.0,0.10391843,0
0.4418646,0.5503959,0.0,1.0,0.16838267,0
0.46969867,0.606064,0.0,0.63688886,0.08405388,0
0.0,0.0,0.0,1.0,0.27298972,0
0.0,0.0,0.0,1.0,0.19126639,0
0.0,0.0,0.0,1.0,0.14004195,0
0.0,0.0,0.0,1.0,0.13384561,0
0.44004706,0.5467608,0.0,1.0,0.09647579,0
0.0,0.0,0.0,1.0,0.13512823,0
0.4445207,0.55570805,0.0,1.0,0.06030022,0
0.4418646,0.5503959,0.0,1.0,0.101218395,0
0.46969867,0.606064,0.0,1.0,0.20372179,0
0.0,0.0,0.0,1.0,0.2098577,0
0.0,0.0,0.0,1.0,0.06779732,0
0.0,0.0,0.0,1.0,0.27243176,0
0.46974975,0.6061662,0.0,1.0,0.13384561,0
0.44004706,0.5467608,0.0,1.0,0.117511205,0
0.0,0.0,0.0,1.0,0.043116983,0
0.4445207,0.55570805,0.0,0.3071068,0.05746601,1
0.4418646,0.5503959,0.0,0.6631554,0.08651998,0
0.46969867,0.606064,0.0,1.0,0.11467671,0
0.0,0.0,0.0,1.0,0.17884913,0
0.0,0.0,0.0,1.0,0.14194843,0
0.0,0.0,0.0,1.0,0.19474271,0
0.46974975,0.6061662,0.0,1.0,0.09647579,0
0.0,0.0,0.0,1.0,0.117511205,0
1.0,1.0,0.0,1.0,0.08215059,0
0.4495421,0.5657509,0.0,1.0,0.12820561,0
0.46969867,0.606064,0.0,1.0,0.074807614,0
0.0,0.0,0.0,1.0,0.22115098,0
0.0,0.0,0.0,1.0,0.17430377,0
0.0,0.0,0.0,1.0,0.15340509,0
0.46974975,0.6061662,0.0,0.84297866,0.06185884,0
0.0,0.0,0.0,1.0,0.13512823,0
1.0,1.0,0.0,1.0,0.043116983,0
0.0,0.0,0.0,1.0,0.08215059,0
0.4495421,0.5657509,0.0,0.6590187,0.06953007,0
0.46969867,0.606064,0.0,1.0,0.1558732,0
0.0,0.0,0.0,1.0,0.18179382,0
0.0,0.0,0.0,0.8108267,0.092756756,0
0.0,0.0,0.0,1.0,0.23132564,0
0.46974975,0.6061662,0.0,1.0,0.10391843,0
0.0,0.0,0.0,1.0,0.06030022,0
1.0,1.0,0.0,0.3065347,0.05746601,1
0.0,0.0,0.0,1.0,0.12820561,0
1.0,1.0,0.0,0.6590187,0.06953007,0
0.46969867,0.606064,0.0,1.0,0.20119618,0
0.0,0.0,0.0,1.0,0.113193505,0
0.0,0.0,0.0,0.8141951,0.07809352,0
0.0,0.0,0.0,1.0,0.28115156,0
0.46974975,0.6061662,0.0,1.0,0.16838267,0
0.0,0.0,0.0,1.0,0.101218395,0
1.0,1.0,0.0,0.6623925,0.08651998,0
0.0,0.0,0.0,1.0,0.074807614,0
1.0,1.0,0.0,1.0,0.1558732,0
0.4495421,0.5657509,0.0,1.0,0.20119618,0
0.0,0.0,0.0,1.0,0.2838443,0
0.0,0.0,0.0,1.0,0.24854434,0
0.0,0.0,0.0,1.0,0.080508195,0
0.46974975,0.6061662,0.0,0.6361152,0.08405388,0
0.0,0.0,0.0,1.0,0.20372179,0
1.0,1.0,0.0,1.0,0.11467671,0
0.0,0.0,0.0,1.0,0.22115098,0
1.0,1.0,0.0,1.0,0.18179382,0
0.4495421,0.5657509,0.0,1.0,0.113193505,0
0.46969867,0.606064,0.0,1.0,0.2838443,0
0.0,0.0,0.0,1.0,0.1618197,0
0.0,0.0,0.0,1.0,0.36326477,0
0.46974975,0.6061662,0.0,1.0,0.27298972,0
0.0,0.0,0.0,1.0,0.2098577,0
1.0,1.0,0.0,1.0,0.17884913,0
0.0,0.0,0.0,1.0,0.17430377,0
1.0,1.0,0.0,0.8108267,0.092756756,0
0.4495421,0.5657509,0.0,0.8141951,0.07809352,0
0.46969867,0.606064,0.0,1.0,0.24854434,0
0.0,0.0,0.0,1.0,0.1618197,0
0.0,0.0,0.0,1.0,0.32379153,0
0.46974975,0.6061662,0.0,1.0,0.19126639,0
0.0,0.0,0.0,1.0,0.06779732,0
1.0,1.0,0.0,1.0,0.14194843,0
0.0,0.0,0.0,1.0,0.15340509,0
1.0,1.0,0.0,1.0,0.23132564,0
0.4495421,0.5657509,0.0,1.0,0.28115156,0
0.46969867,0.606064,0.0,1.0,0.080508195,0
0.0,0.0,0.0,1.0,0.36326477,0
0.0,0.0,0.0,1.0,0.32379153,0
0.46974975,0.6061662,0.0,1.0,0.14004195,0
0.0,0.0,0.0,1.0,0.27243176,0
1.0,1.0,0.0,1.0,0.19474271,0
0.0,0.0,0.0,0.84297866,0.06185884,0
1.0,1.0,0.0,1.0,0.10391843,0
0.4495421,0.5657509,0.0,1.0,0.16838267,0
0.46969867,0.606064,0.0,0.6361152,0.08405388,0
0.0,0.0,0.0,1.0,0.27298972,0
0.0,0.0,0.0,1.0,0.19126639,0
0.0,0.0,0.0,1.0,0.14004195,0
0.0,0.0,0.0,1.0,0.13384561,0
1.0,1.0,0.0,1.0,0.09647579,0
0.0,0.0,0.0,1.0,0.13512823,0
1.0,1.0,0.0,1.0,0.06030022,0
0.4495421,0.5657509,0.0,1.0,0.101218395,0
0.46969867,0.606064,0.0,1.0,0.20372179,0
0.0,0.0,0.0,1.0,0.2098577,0
0.0,0.0,0.0,1.0,0.06779732,0
0.0,0.0,0.0,1.0,0.27243176,0
0.46974975,0.6061662,0.0,1.0,0.13384561,0
1.0,1.0,0.0,1.0,0.117511205,0
0.0,0.0,0.0,1.0,0.043116983,0
1.0,1.0,0.0,0.3065347,0.05746601,1
0.4495421,0.5657509,0.0,0.6623925,0.08651998,0
0.46969867,0.606064,0.0,1.0,0.11467671,0
0.0,0.0,0.0,1.0,0.17884913,0
0.0,0.0,0.0,1.0,0.14194843,0
0.0,0.0,0.0,1.0,0.19474271,0
0.46974975,0.6061662,0.0,1.0,0.09647579,0
0.0,0.0,0.0,1.0,0.117511205,0
1.0,1.0,0.0,1.0,0.08215059,0
0.4495421,0.5657509,0.0,1.0,0.12820561,0
0.46969867,0.606064,0.0,1.0,0.074807614,0
0.0,0.0,0.0,1.0,0.22115098,0
0.0,0.0,0.0,1.0,0.17430377,0
0.0,0.0,0.0,1.0,0.15340509,0
0.46974975,0.6061662,0.0,0.84305286,0.06185884,0
0.0,0.0,0.0,1.0,0.13512823,0
1.0,1.0,0.0,1.0,0.043116983,0
0.0,0.0,0.0,1.0,0.08215059,0
0.4495421,0.5657509,0.0,0.6583428,0.06953007,0
0.46969867,0.606064,0.0,1.0,0.1558732,0
0.0,0.0,0.0,1.0,0.18179382,0
0.0,0.0,0.0,0.80990005,0.092756756,0
0.0,0.0,0.0,1.0,0.23132564,0
0.46974975,0.6061662,0.0,1.0,0.10391843,0
0.0,0.0,0.0,1.0,0.06030022,0
1.0,1.0,0.0,0.3059626,0.05746601,1
0.0,0.0,0.0,1.0,0.12820561,0
1.0,1.0,0.0,0.6583428,0.06953007,0
0.46969867,0.606064,0.0,1.0,0.20119618,0
0.0,0.0,0.0,1.0,0.113193505,0
0.0,0.0,0.0,0.8134145,0.07809352,0
0.0,0.0,0.0,1.0,0.28115156,0
0.46974975,0.6061662,0.0,1.0,0.16838267,0
0.0,0.0,0.0,1.0,0.101218395,0
1.0,1.0,0.0,0.6616299,0.08651998,0
0.0,0.0,0.0,1.0,0.074807614,0
1.0,1.0,0.0,1.0,0.1558732,0
0.4495421,0.5657509,0.0,1.0,0.20119618,0
0.0,0.0,0.0,1.0,0.2838443,0
0.0,0.0,0.0,1.0,0.24854434,0
0.0,0.0,0.0,1.0,0.080508195,0
0.46974975,0.6061662,0.0,0.63534164,0.08405388,0
0.0,0.0,0.0,1.0,0.20372179,0
1.0,1.0,0.0,1.0,0.11467671,0
0.0,0.0,0.0,1.0,0.22115098,0
1.0,1.0,0.0,1.0,0.18179382,0
0.4495421,0.5657509,0.0,1.0,0.113193505,0
0.46969867,0.606064,0.0,1.0,0.2838443,0
0.0,0.0,0.0,1.0,0.1618197,0
0.0,0.0,0.0,1.0,0.36326477,0
0.46974975,0.6061662,0.0,1.0,0.27298972,0
0.0,0.0,0.0,1.0,0.2098577,0
1.0,1.0,0.0,1.0,0.17884913,0
0.0,0.0,0.0,1.0,0.17430377,0
1.0,1.0,0.0,0.80990005,0.092756756,0
0.4495421,0.5657509,0.0,0.8134145,0.07809352,0
0.46969867,0.606064,0.0,1.0,0.24854434,0
0.0,0.0,0.0,1.0,0.1618197,0
0.0,0.0,0.0,1.0,0.32379153,0
0.46974975,0.6061662,0.0,1.0,0.19126639,0
0.0,0.0,0.0,1.0,0.06779732,0
1.0,1.0,0.0,1.0,0.14194843,0
0.0,0.0,0.0,1.0,0.15340509,0
1.0,1.0,0.0,1.0,0.23132564,0
0.4495421,0.5657509,0.0,1.0,0.28115156,0
0.46969867,0.606064,0.0,1.0,0.080508195,0
0.0,0.0,0.0,1.0,0.36326477,0
0.0,0.0,0.0,1.0,0.32379153,0
0.46974975,0.6061662,0.0,1.0,0.14004195,0
0.0,0.0,0.0,1.0,0.27243176,0
1.0,1.0,0.0,1.0,0.19474271,0
0.0,0.0,0.0,0.84305286,0.06185884,0
1.0,1.0,0.0,1.0,0.10391843,0
0.4495421,0.5657509,0.0,1.0,0.16838267,0
0.46969867,0.606064,0.0,0.63534164,0.08405388,0
0.0,0.0,0.0,1.0,0.27298972,0
0.0,0.0,0.0,1.0,0.19126639,0
0.0,0.0,0.0,1.0,0.14004195,0
0.0,0.0,0.0,1.0,0.13384561,0
1.0,1.0,0.0,1.0,0.09647579,0
0.0,0.0,0.0,1.0,0.13512823,0
1.0,1.0,0.0,1.0,0.06030022,0
0.4495421,0.5657509,0.0,1.0,0.101218395,0
0.46969867,0.606064,0.0,1.0,0.20372179,0
0.0,0.0,0.0,1.0,0.2098577,0
0.0,0.0,0.0,1.0,0.06779732,0
0.0,0.0,0.0,1.0,0.27243176,0
0.46974975,0.6061662,0.0,1.0,0.13384561,0
1.0,1.0,0.0,1.0,0.117511205,0
0.0,0.0,0.0,1.0,0.043116983,0
1.0,1.0,0.0,0.3059626,0.05746601,1
0.4495421,0.5657509,0.0,0.6616299,0.08651998,0
0.46969867,0.606064,0.0,1.0,0.11467671,0
0.0,0.0,0.0,1.0,0.17884913,0
0.0,0.0,0.0,1.0,0.14194843,0
0.0,0.0,0.0,1.0,0.19474271,0
0.46974975,0.6061662,0.0,1.0,0.09647579,0
0.0,0.0,0.0,1.0,0.117511205,0
1.0,1.0,0.0,1.0,0.08215059,0
0.4495421,0.5657509,0.0,1.0,0.12820561,0
0.4797862,0.62623906,0.0,1.0,0.074807614,0
0.0,0.0,0.0,1.0,0.22115098,0
0.0,0.0,0.0,1.0,0.17430377,0
0.0,0.0,0.0,1.0,0.15340509,0
0.4799219,0.62651044,0.0,0.84312755,0.06185884,0
0.0,0.0,0.0,1.0,0.13512823,0
1.0,1.0,0.0,1.0,0.043116983,0
0.0,0.0,0.0,1.0,0.08215059,0
0.4495421,0.5657509,0.0,0.65766686,0.06953007,0
0.4797862,0.62623906,0.0,1.0,0.1558732,0
0.0,0.0,0.0,1.0,0.18179382,0
0.0,0.0,0.0,0.8089734,0.092756756,0
0.0,0.0,0.0,1.0,0.23132564,0
0.4799219,0.62651044,0.0,1.0,0.10391843,0
0.0,0.0,0.0,1.0,0.06030022,0
1.0,1.0,0.0,0.3053905,0.05746601,1
0.0,0.0,0.0,1.0,0.12820561,0
1.0,1.0,0.0,0.65766686,0.06953007,0
0.4797862,0.62623906,0.0,1.0,0.20119618,0
0.0,0.0,0.0,1.0,0.113193505,0
0.0,0.0,0.0,0.81263393,0.07809352,0
0.0,0.0,0.0,1.0,0.28115156,0
0.4799219,0.62651044,0.0,1.0,0.16838267,0
0.0,0.0,0.0,1.0,0.101218395,0
1.0,1.0,0.0,0.6608675,0.08651998,0
0.0,0.0,0.0,1.0,0.074807614,0
1.0,1.0,0.0,1.0,0.1558732,0
0.4495421,0.5657509,0.0,1.0,0.20119618,0
0.0,0.0,0.0,1.0,0.2838443,0
0.0,0.0,0.0,1.0,0.24854434,0
0.0,0.0,0.0,1.0,0.080508195,0
0.4799219,0.62651044,0.0,0.6345683,0.08405388,0
0.0,0.0,0.0,1.0,0.20372179,0
1.0,1.0,0.0,1.0,0.11467671,0
0.0,0.0,0.0,1.0,0.22115098,0
1.0,1.0,0.0,1.0,0.18179382,0
0.4495421,0.5657509,0.0,1.0,0.113193505,0
0.4797862,0.62623906,0.0,1.0,0.2838443,0
0.0,0.0,0.0,1.0,0.1618197,0
0.0,0.0,0.0,1.0,0.36326477,0
0.4799219,0.62651044,0.0,1.0,0.27298972,0
0.0,0.0,0.0,1.0,0.2098577,0
1.0,1.0,0.0,1.0,0.17884913,0
0.0,0.0,0.0,1.0,0.17430377,0
1.0,1.0,0.0,0.8089734,0.092756756,0
0.4495421,0.5657509,0.0,0.81263393,0.07809352,0
0.4797862,0.62623906,0.0,1.0,0.24854434,0
0.0,0.0,0.0,1.0,0.1618197,0
0.0,0.0,0.0,1.0,0.32379153,0
0.4799219,0.62651044,0.0,1.0,0.19126639,0
0.0,0.0,0.0,1.0,0.06779732,0
1.0,1.0,0.0,1.0,0.14194843,0
0.0,0.0,0.0,1.0,0.15340509,0
1.0,1.0,0.0,1.0,0.23132564,0
0.4495421,0.5657509,0.0,1.0,0.28115156,0
0.4797862,0.62623906,0.0,1.0,0.080508195,0
0.0,0.0,0.0,1.0,0.36326477,0
0.0,0.0,0.0,1.0,0.32379153,0
0.4799219,0.62651044,0.0,1.0,0.14004195,0
0.0,0.0,0.0,1.0,0.27243176,0
1.0,1.0,0.0,1.0,0.19474271,0
0.0,0.0,0.0,0.84312755,0.06185884,0
1.0,1.0,0.0,1.0,0.10391843,0
0.4495421,0.5657509,0.0,1.0,0.16838267,0
0.4797862,0.62623906,0.0,0.6345683,0.08405388,0
0.0,0.0,0.0,1.0,0.27298972,0
0.0,0.0,0.0,1.0,0.19126639,0
0.0,0.0,0.0,1.0,0.14004195,0
0.0,0.0,0.0,1.0,0.13384561,0
1.0,1.0,0.0,1.0,0.09647579,0
0.0,0.0,0.0,1.0,0.13512823,0
1.0,1.0,0.0,1.0,0.06030022,0
0.4495421,0.5657509,0.0,1.0,0.101218395,0
0.4797862,0.62623906,0.0,1.0,0.20372179,0
0.0,0.0,0.0,1.0,0.2098577,0
0.0,0.0,0.0,1.0,0.06779732,0
0.0,0.0,0.0,1.0,0.27243176,0
0.4799219,0.62651044,0.0,1.0,0.13384561,0
1.0,1.0,0.0,1.0,0.117511205,0
0.0,0.0,0.0,1.0,0.043116983,0
1.0,1.0,0.0,0.3053905,0.05746601,1
0.4495421,0.5657509,0.0,0.6608675,0.08651998,0
0.4797862,0.62623906,0.0,1.0,0.11467671,0
0.0,0.0,0.0,1.0,0.17884913,0
0.0,0.0,0.0,1.0,0.14194843,0
0.0,0.0,0.0,1.0,0.19474271,0
0.4799219,0.62651044,0.0,1.0,0.09647579,0
0.0,0.0,0.0,1.0,0.117511205,0
0.4523226,0.5713119,0.0,1.0,0.08215059,0
0.4495421,0.5657509,0.0,1.0,0.12820561,0
0.4797862,0.62623906,0.0,1.0,0.074807614,0
0.0,0.0,0.0,1.0,0.22115098,0
0.0,0.0,0.0,1.0,0.17430377,0
0.0,0.0,0.0,1.0,0.15340509,0
0.4799219,0.62651044,0.0,0.84320265,0.06185884,0
0.0,0.0,0.0,1.0,0.13512823,0
0.44868204,0.5640307,0.0,1.0,0.043116983,0
0.0,0.0,0.0,1.0,0.08215059,0
0.4495421,0.5657509,0.0,0.65699095,0.06953007,0
0.4797862,0.62623906,0.0,1.0,0.1558732,0
0.0,0.0,0.0,1.0,0.18179382,0
0.0,0.0,0.0,0.8080467,0.092756756,0
0.0,0.0,0.0,1.0,0.23132564,0
0.4799219,0.62651044,0.0,1.0,0.10391843,0
0.0,0.0,0.0,1.0,0.06030022,0
0.44868204,0.5640307,0.0,0.30481845,0.05746601,1
0.0,0.0,0.0,1.0,0.12820561,0
0.4523226,0.5713119,0.0,0.65699095,0.06953007,0
0.4797862,0.62623906,0.0,1.0,0.20119618,0
0.0,0.0,0.0,1.0,0.113193505,0
0.0,0.0,0.0,0.81185335,0.07809352,0
0.0,0.0,0.0,1.0,0.28115156,0
0.4799219,0.62651044,0.0,1.0,0.16838267,0
0.0,0.0,0.0,1.0,0.101218395,0
0.44868204,0.5640307,0.0,0.6601054,0.08651998,0
0.0,0.0,0.0,1.0,0.074807614,0
0.4523226,0.5713119,0.0,1.0,0.1558732,0
0.4495421,0.5657509,0.0,1.0,0.20119618,0
0.0,0.0,0.0,1.0,0.2838443,0
0.0,0.0,0.0,1.0,0.24854434,0
0.0,0.0,0.0,1.0,0.080508195,0
0.4799219,0.62651044,0.0,0.63379514,0.08405388,0
0.0,0.0,0.0,1.0,0.20372179,0
0.44868204,0.5640307,0.0,1.0,0.11467671,0
0.0,0.0,0.0,1.0,0.22115098,0
0.4523226,0.5713119,0.0,1.0,0.18179382,0
0.4495421,0.5657509,0.0,1.0,0.113193505,0
0.4797862,0.62623906,0.0,1.0,0.2838443,0
0.0,0.0,0.0,1.0,0.1618197,0
0.0,0.0,0.0,1.0,0.36326477,0
0.4799219,0.62651044,0.0,1.0,0.27298972,0
0.0,0.0,0.0,1.0,0.2098577,0
0.44868204,0.5640307,0.0,1.0,0.17884913,0
0.0,0.0,0.0,1.0,0.17430377,0
0.4523226,0.5713119,0.0,0.8080467,0.092756756,0
0.4495421,0.5657509,0.0,0.81185335,0.07809352,0
0.4797862,0.62623906,0.0,1.0,0.24854434,0
0.0,0.0,0.0,1.0,0.1618197,0
0.0,0.0,0.0,1.0,0.32379153,0
0.4799219,0.62651044,0.0,1.0,0.19126639,0
0.0,0.0,0.0,1.0,0.06779732,0
0.44868204,0.5640307,0.0,1.0,0.14194843,0
0.0,0.0,0.0,1.0,0.15340509,0
0.4523226,0.5713119,0.0,1.0,0.23132564,0
0.4495421,0.5657509,0.0,1.0,0.28115156,0
0.4797862,0.62623906,0.0,1.0,0.080508195,0
0.0,0.0,0.0,1.0,0.36326477,0
0.0,0.0,0.0,1.0,0.32379153,0
0.4799219,0.62651044,0.0,1.0,0.14004195,0
0.0,0.0,0.0,1.0,0.27243176,0
0.44868204,0.5640307,0.0,1.0,0.19474271,0
0.0,0.0,0.0,0.84320265,0.06185884,0
0.4523226,0.5713119,0.0,1.0,0.10391843,0
0.4495421,0.5657509,0.0,1.0,0.16838267,0
0.4797862,0.62623906,0.0,0.63379514,0.08405388,0
0.0,0.0,0.0,1.0,0.27298972,0
0.0,0.0,0.0,1.0,0.19126639,0
0.0,0.0,0.0,1.0,0.14004195,0
0.0,0.0,0.0,1.0,0.13384561,0
0.44868204,0.5640307,0.0,1.0,0.09647579,0
0.0,0.0,0.0,1.0,0.13512823,0
0.4523226,0.5713119,0.0,1.0,0.06030022,0
0.4495421,0.5657509,0.0,1.0,0.101218395,0
0.4797862,0.62623906,0.0,1.0,0.20372179,0
0.0,0.0,0.0,1.0,0.2098577,0
0.0,0.0,0.0,1.0,0.06779732,0
0.0,0.0,0.0,1.0,0.27243176,0
0.4799219,0.62651044,0.0,1.0,0.13384561,0
0.44868204,0.5640307,0.0,1.0,0.117511205,0
0.0,0.0,0.0,1.0,0.043116983,0
0.4523226,0.5713119,0.0,0.30481845,0.05746601,1
0.4495421,0.5657509,0.0,0.6601054,0.08651998,0
0.4797862,0.62623906,0.0,1.0,0.11467671,0
0.0,0.0,0.0,1.0,0.17884913,0
0.0,0.0,0.0,1.0,0.14194843,0
0.0,0.0,0.0,1.0,0.19474271,0
0.4799219,0.62651044,0.0,1.0,0.09647579,0
0.0,0.0,0.0,1.0,0.117511205,0
0.4523226,0.5713119,0.0,1.0,0.08215059,0
0.4495421,0.5657509,0.0,1.0,0.12820561,0
0.4797862,0.62623906,0.0,1.0,0.074807614,0
0.0,0.0,0.0,1.0,0.22115098,0
0.0,0.0,0.0,1.0,0.17430377,0
0.0,0.0,0.0,1.0,0.15340509,0
0.4799219,0.62651044,0.0,0.8432782,0.06185884,0
0.0,0.0,0.0,1.0,0.13512823,0
0.44868204,0.5640307,0.0,1.0,0.043116983,0
0.0,0.0,0.0,1.0,0.08215059,0
0.4495421,0.5657509,0.0,0.6563151,0.06953007,0
0.4797862,0.62623906,0.0,1.0,0.1558732,0
0.0,0.0,0.0,1.0,0.18179382,0
0.0,0.0,0.0,0.80712,0.092756756,0
0.0,0.0,0.0,1.0,0.23132564,0
0.4799219,0.62651044,0.0,1.0,0.10391843,0
0.0,0.0,0.0,1.0,0.06030022,0
0.44868204,0.5640307,0.0,0.30424637,0.05746601,1
0.0,0.0,0.0,1.0,0.12820561,0
0.4523226,0.5713119,0.0,0.6563151,0.06953007,0
0.4797862,0.62623906,0.0,1.0,0.20119618,0
0.0,0.0,0.0,1.0,0.113193505,0
0.0,0.0,0.0,0.81107277,0.07809352,0
0.0,0.0,0.0,1.0,0.28115156,0
0.4799219,0.62651044,0.0,1.0,0.16838267,0
0.0,0.0,0.0,1.0,0.101218395,0
0.44868204,0.5640307,0.0,0.65934354,0.08651998,0
0.0,0.0,0.0,1.0,0.074807614,0
0.4523226,0.5713119,0.0,1.0,0.1558732,0
0.4495421,0.5657509,0.0,1.0,0.20119618,0
0.0,0.0,0.0,1.0,0.2838443,0
0.0,0.0,0.0,1.0,0.24854434,0
0.0,0.0,0.0,1.0,0.080508195,0
0.4799219,0.62651044,0.0,0.6330221,0.08405388,0
0.0,0.0,0.0,1.0,0.20372179,0
0.44868204,0.5640307,0.0,1.0,0.11467671,0
0.0,0.0,0.0,1.0,0.22115098,0
0.4523226,0.5713119,0.0,1.0,0.18179382,0
0.4495421,0.5657509,0.0,1.0,0.113193505,0
0.4797862,0.62623906,0.0,1.0,0.2838443,0
0.0,0.0,0.0,1.0,0.1618197,0
0.0,0.0,0.0,1.0,0.36326477,0
0.4799219,0.62651044,0.0,1.0,0.27298972,0
0.0,0.0,0.0,1.0,0.2098577,0
0.44868204,0.5640307,0.0,1.0,0.17884913,0
0.0,0.0,0.0,1.0,0.17430377,0
0.4523226,0.5713119,0.0,0.80712,0.092756756,0
0.4495421,0.5657509,0.0,0.81107277,0.07809352,0
0.4797862,0.62623906,0.0,1.0,0.24854434,0
0.0,0.0,0.0,1.0,0.1618197,0
0.0,0.0,0.0,1.0,0.32379153,0
0.4799219,0.62651044,0.0,1.0,0.19126639,0
0.0,0.0,0.0,1.0,0.06779732,0
0.44868204,0.5640307,0.0,1.0,0.14194843,0
0.0,0.0,0.0,1.0,0.15340509,0
0.4523226,0.5713119,0.0,1.0,0.23132564,0
0.4495421,0.5657509,0.0,1.0,0.28115156,0
0.4797862,0.62623906,0.0,1.0,0.080508195,0
0.0,0.0,0.0,1.0,0.36326477,0
0.0,0.0,0.0,1.0,0.32379153,0
0.4799219,0.62651044,0.0,1.0,0.14004195,0
0.0,0.0,0.0,1.0,0.27243176,0
0.44868204,0.5640307,0.0,1.0,0.19474271,0
0.0,0.0,0.0,0.8432782,0.06185884,0
0.4523226,0.5713119,0.0,1.0,0.10391843,0
0.4495421,0.5657509,0.0,1.0,0.16838267,0
0.4797862,0.62623906,0.0,0.6330221,0.08405388,0
0.0,0.0,0.0,1.0,0.27298972,0
0.0,0.0,0.0,1.0,0.19126639,0
0.0,0.0,0.0,1.0,0.14004195,0
0.0,0.0,0.0,1.0,0.13384561,0
0.44868204,0.5640307,0.0,1.0,0.09647579,0
0.0,0.0,0.0,1.0,0.13512823,0
0.4523226,0.5713119,0.0,1.0,0.06030022,0
0.4495421,0.5657509,0.0,1.0,0.101218395,0
0.4797862,0.62623906,0.0,1.0,0.20372179,0
0.0,0.0,0.0,1.0,0.2098577,0
0.0,0.0,0.0,1.0,0.06779732,0
0.0,0.0,0.0,1.0,0.27243176,0
0.4799219,0.62651044,0.0,1.0,0.13384561,0
0.44868204,0.5640307,0.0,1.0,0.117511205,0
0.0,0.0,0.0,1.0,0.043116983,0
0.4523226,0.5713119,0.0,0.30424637,0.05746601,1
0.4495421,0.5657509,0.0,0.65934354,0.08651998,0
0.4797862,0.62623906,0.0,1.0,0.11467671,0
0.0,0.0,0.0,1.0,0.17884913,0
0.0,0.0,0.0,1.0,0.14194843,0
0.0,0.0,0.0,1.0,0.19474271,0
0.4799219,0.62651044,0.0,1.0,0.09647579,0
0.0,0.0,0.0,1.0,0.117511205,0
0.4523226,0.5713119,0.0,1.0,0.08215059,0
0.4495421,0.5657509,0.0,1.0,0.12820561,0
0.4797862,0.62623906,0.0,1.0,0.074807614,0
0.0,0.0,0.0,1.0,0.22115098,0
0.0,0.0,0.0,1.0,0.17430377,0
0.0,0.0,0.0,1.0,0.15340509,0
0.4799219,0.62651044,0.0,0.8433542,0.06185884,0
0.0,0.0,0.0,1.0,0.13512823,0
0.44868204,0.5640307,0.0,1.0,0.043116983,0
0.0,0.0,0.0,1.0,0.08215059,0
0.4495421,0.5657509,0.0,0.6556393,0.06953007,0
0.4797862,0.62623906,0.0,1.0,0.1558732,0
0.0,0.0,0.0,1.0,0.18179382,0
0.0,0.0,0.0,0.80619335,0.092756756,0
0.0,0.0,0.0,1.0,0.23132564,0
0.4799219,0.62651044,0.0,1.0,0.10391843,0
0.0,0.0,0.0,1.0,0.06030022,0
0.44868204,0.5640307,0.0,0.30367434,0.05746601,1
0.0,0.0,0.0,1.0,0.12820561,0
0.4523226,0.5713119,0.0,0.6556393,0.06953007,0
0.4797862,0.62623906,0.0,1.0,0.20119618,0
0.0,0.0,0.0,1.0,0.113193505,0
0.0,0.0,0.0,0.8102922,0.07809352,0
0.0,0.0,0.0,1.0,0.28115156,0
0.4799219,0.62651044,0.0,1.0,0.16838267,0
0.0,0.0,0.0,1.0,0.101218395,0
0.44868204,0.5640307,0.0,0.6585819,0.08651998,0
0.0,0.0,0.0,1.0,0.074807614,0
0.4523226,0.5713119,0.0,1.0,0.1558732,0
0.4495421,0.5657509,0.0,1.0,0.20119618,0
0.0,0.0,0.0,1.0,0.2838443,0
0.0,0.0,0.0,1.0,0.24854434,0
0.0,0.0,0.0,1.0,0.080508195,0
0.4799219,0.62651044,0.0,0.6322493,0.08405388,0
0.0,0.0,0.0,1.0,0.20372179,0
0.44868204,0.5640307,0.0,1.0,0.11467671,0
0.0,0.0,0.0,1.0,0.22115098,0
0.4523226,0.5713119,0.0,1.0,0.18179382,0
0.4495421,0.5657509,0.0,1.0,0.113193505,0
0.4797862,0.62623906,0.0,1.0,0.2838443,0
0.0,0.0,0.0,1.0,0.1618197,0
0.0,0.0,0.0,1.0,0.36326477,0
0.4799219,0.62651044,0.0,1.0,0.27298972,0
0.0,0.0,0.0,1.0,0.2098577,0
0.44868204,0.5640307,0.0,1.0,0.17884913,0
0.0,0.0,0.0,1.0,0.17430377,0
0.4523226,0.5713119,0.0,0.80619335,0.092756756,0
0.4495421,0.5657509,0.0,0.8102922,0.07809352,0
0.4797862,0.62623906,0.0,1.0,0.24854434,0
0.0,0.0,0.0,1.0,0.1618197,0
0.0,0.0,0.0,1.0,0.32379153,0
0.4799219,0.62651044,0.0,1.0,0.19126639,0
0.0,0.0,0.0,1.0,0.06779732,0
0.44868204,0.5640307,0.0,1.0,0.14194843,0
0.0,0.0,0.0,1.0,0.15340509,0
0.4523226,0.5713119,0.0,1.0,0.23132564,0
0.4495421,0.5657509,0.0,1.0,0.28115156,0
0.4797862,0.62623906,0.0,1.0,0.080508195,0
0.0,0.0,0.0,1.0,0.36326477,0
0.0,0.0,0.0,1.0,0.32379153,0
0.4799219,0.62651044,0.0,1.0,0.14004195,0
0.0,0.0,0.0,1.0,0.27243176,0
0.44868204,0.5640307,0.0,1.0,0.19474271,0
0.0,0.0,0.0,0.8433542,0.06185884,0
0.4523226,0.5713119,0.0,1.0,0.10391843,0
0.4495421,0.5657509,0.0,1.0,0.16838267,0
0.4797862,0.62623906,0.0,0.6322493,0.08405388,0
0.0,0.0,0.0,1.0,0.27298972,0
0.0,0.0,0.0,1.0,0.19126639,0
0.0,0.0,0.0,1.0,0.14004195,0
0.0,0.0,0.0,1.0,0.13384561,0
0.44868204,0.5640307,0.0,1.0,0.09647579,0
0.0,0.0,0.0,1.0,0.13512823,0
0.4523226,0.5713119,0.0,1.0,0.06030022,0
0.4495421,0.5657509,0.0,1.0,0.101218395,0
0.4797862,0.62623906,0.0,1.0,0.20372179,0
0.0,0.0,0.0,1.0,0.2098577,0
0.0,0.0,0.0,1.0,0.06779732,0
0.0,0.0,0.0,1.0,0.27243176,0
0.4799219,0.62651044,0.0,1.0,0.13384561,0
0.44868204,0.5640307,0.0,1.0,0.117511205,0
0.0,0.0,0.0,1.0,0.043116983,0
0.4523226,0.5713119,0.0,0.30367434,0.05746601,1
0.4495421,0.5657509,0.0,0.6585819,0.08651998,0
0.4797862,0.62623906,0.0,1.0,0.11467671,0
0.0,0.0,0.0,1.0,0.17884913,0
0.0,0.0,0.0,1.0,0.14194843,0
0.0,0.0,0.0,1.0,0.19474271,0
0.4799219,0.62651044,0.0,1.0,0.09647579,0
0.0,0.0,0.0,1.0,0.117511205,0
0.4523226,0.5713119,0.0,1.0,0.08215059,0
0.4495421,0.5657509,0.0,1.0,0.12820561,0
0.4797862,0.62623906,0.0,1.0,0.074807614,0
0.0,0.0,0.0,1.0,0.22115098,0
0.0,0.0,0.0,1.0,0.17430377,0
0.0,0.0,0.0,1.0,0.15340509,0
0.4799219,0.62651044,0.0,0.8434307,0.06185884,0
0.0,0.0,0.0,1.0,0.13512823,0
0.44868204,0.5640307,0.0,1.0,0.043116983,0
0.0,0.0,0.0,1.0,0.08215059,0
0.4495421,0.5657509,0.0,0.65496355,0.06953007,0
0.4797862,0.62623906,0.0,1.0,0.1558732,0
0.0,0.0,0.0,1.0,0.18179382,0
0.0,0.0,0.0,0.8052667,0.092756756,0
0.0,0.0,0.0,1.0,0.23132564,0
0.4799219,0.62651044,0.0,1.0,0.10391843,0
0.0,0.0,0.0,1.0,0.06030022,0
0.44868204,0.5640307,0.0,0.30310228,0.05746601,1
0.0,0.0,0.0,1.0,0.12820561,0
0.4523226,0.5713119,0.0,0.65496355,0.06953007,0
0.4797862,0.62623906,0.0,1.0,0.20119618,0
0.0,0.0,0.0,1.0,0.113193505,0
0.0,0.0,0.0,0.8095116,0.07809352,0
0.0,0.0,0.0,1.0,0.28115156,0
0.4799219,0.62651044,0.0,1.0,0.16838267,0
0.0,0.0,0.0,1.0,0.101218395,0
0.44868204,0.5640307,0.0,0.6578206,0.08651998,0
0.0,0.0,0.0,1.0,0.074807614,0
0.4523226,0.5713119,0.0,1.0,0.1558732,0
0.4495421,0.5657509,0.0,1.0,0.20119618,0
0.0,0.0,0.0,1.0,0.2838443,0
0.0,0.0,0.0,1.0,0.24854434,0
0.0,0.0,0.0,1.0,0.080508195,0
0.4799219,0.62651044,0.0,0.6314766,0.08405388,0
0.0,0.0,0.0,1.0,0.20372179,0
0.44868204,0.5640307,0.0,1.0,0.11467671,0
0.0,0.0,0.0,1.0,0.22115098,0
0.4523226,0.5713119,0.0,1.0,0.18179382,0
0.4495421,0.5657509,0.0,1.0,0.113193505,0
0.4797862,0.62623906,0.0,1.0,0.2838443,0
0.0,0.0,0.0,1.0,0.1618197,0
0.0,0.0,0.0,1.0,0.36326477,0
0.4799219,0.62651044,0.0,1.0,0.27298972,0
0.0,0.0,0.0,1.0,0.2098577,0
0.44868204,0.5640307,0.0,1.0,0.17884913,0
0.0,0.0,0.0,1.0,0.17430377,0
0.4523226,0.5713119,0.0,0.8052667,0.092756756,0
0.4495421,0.5657509,0.0,0.8095116,0.07809352,0
0.4797862,0.62623906,0.0,1.0,0.24854434,0
0.0,0.0,0.0,1.0,0.1618197,0
0.0,0.0,0.0,1.0,0.32379153,0
0.4799219,0.62651044,0.0,1.0,0.19126639,0
0.0,0.0,0.0,1.0,0.06779732,0
0.44868204,0.5640307,0.0,1.0,0.14194843,0
0.0,0.0,0.0,1.0,0.15340509,0
0.4523226,0.5713119,0.0,1.0,0.23132564,0
0.4495421,0.5657509,0.0,1.0,0.28115156,0
0.4797862,0.62623906,0.0,1.0,0.080508195,0
0.0,0.0,0.0,1.0,0.36326477,0
0.0,0.0,0.0,1.0,0.32379153,0
0.4799219,0.62651044,0.0,1.0,0.14004195,0
0.0,0.0,0.0,1.0,0.27243176,0
0.44868204,0.5640307,0.0,1.0,0.19474271,0
0.0,0.0,0.0,0.8434307,0.06185884,0
0.4523226,0.5713119,0.0,1.0,0.10391843,0
0.4495421,0.5657509,0.0,1.0,0.16838267,0
0.4797862,0.62623906,0.0,0.6314766,0.08405388,0
0.0,0.0,0.0,1.0,0.27298972,0
0.0,0.0,0.0,1.0,0.19126639,0
0.0,0.0,0.0,1.0,0.14004195,0
0.0,0.0,0.0,1.0,0.13384561,0
0.44868204,0.5640307,0.0,1.0,0.09647579,0
0.0,0.0,0.0,1.0,0.13512823,0
0.4523226,0.5713119,0.0,1.0,0.06030022,0
0.4495421,0.5657509,0.0,1.0,0.101218395,0
0.4797862,0.62623906,0.0,1.0,0.20372179,0
0.0,0.0,0.0,1.0,0.2098577,0
0.0,0.0,0.0,1.0,0.06779732,0
0.0,0.0,0.0,1.0,0.27243176,0
0.4799219,0.62651044,0.0,1.0,0.13384561,0
0.44868204,0.5640307,0.0,1.0,0.117511205,0
0.0,0.0,0.0,1.0,0.043116983,0
0.4523226,0.5713119,0.0,0.30310228,0.05746601,1
0.4495421,0.5657509,0.0,0.6578206,0.08651998,0
0.4797862,0.62623906,0.0,1.0,0.11467671,0
0.0,0.0,0.0,1.0,0.17884913,0
0.0,0.0,0.0,1.0,0.14194843,0
0.0,0.0,0.0,1.0,0.19474271,0
0.4799219,0.62651044,0.0,1.0,0.09647579,0
0.0,0.0,0.0,1.0,0.117511205,0
0.4523226,0.5713119,0.0,1.0,0.08215059,0
0.4495421,0.5657509,0.0,1.0,0.12820561,0
0.4797862,0.62623906,0.0,1.0,0.074807614,0
0.0,0.0,0.0,1.0,0.22115098,0
0.0,0.0,0.0,1.0,0.17430377,0
0.0,0.0,0.0,1.0,0.15340509,0
0.4799219,0.62651044,0.0,0.8435076,0.06185884,0
0.0,0.0,0.0,1.0,0.13512823,0
0.44868204,0.5640307,0.0,1.0,0.043116983,0
0.0,0.0,0.0,1.0,0.08215059,0
0.4495421,0.5657509,0.0,0.6542878,0.06953007,0
0.4797862,0.62623906,0.0,1.0,0.1558732,0
0.0,0.0,0.0,1.0,0.18179382,0
0.0,0.0,0.0,0.80434,0.092756756,0
0.0,0.0,0.0,1.0,0.23132564,0
0.4799219,0.62651044,0.0,1.0,0.10391843,0
0.0,0.0,0.0,1.0,0.06030022,0
0.44868204,0.5640307,0.0,0.30253026,0.05746601,1
0.0,0.0,0.0,1.0,0.12820561,0
0.4523226,0.5713119,0.0,0.6542878,0.06953007,0
0.4797862,0.62623906,0.0,1.0,0.20119618,0
0.0,0.0,0.0,1.0,0.113193505,0
0.0,0.0,0.0,0.8087311,0.07809352,0
0.0,0.0,0.0,1.0,0.28115156,0
0.4799219,0.62651044,0.0,1.0,0.16838267,0
0.0,0.0,0.0,1.0,0.101218395,0
0.44868204,0.5640307,0.0,0.65705943,0.08651998,0
0.0,0.0,0.0,1.0,0.074807614,0
0.4523226,0.5713119,0.0,1.0,0.1558732,0
0.4495421,0.5657509,0.0,1.0,0.20119618,0
0.0,0.0,0.0,1.0,0.2838443,0
0.0,0.0,0.0,1.0,0.24854434,0
0.0,0.0,0.0,1.0,0.080508195,0
0.4799219,0.62651044,0.0,0.6307041,0.08405388,0
0.0,0.0,0.0,1.0,0.20372179,0
0.44868204,0.5640307,0.0,1.0,0.11467671,0
0.0,0.0,0.0,1.0,0.22115098,0
0.4523226,0.5713119,0.0,1.0,0.18179382,0
0.4495421,0.5657509,0.0,1.0,0.113193505,0
0.4797862,0.62623906,0.0,1.0,0.2838443,0
0.0,0.0,0.0,1.0,0.1618197,0
0.0,0.0,0.0,1.0,0.36326477,0
0.4799219,0.62651044,0.0,1.0,0.27298972,0
0.0,0.0,0.0,1.0,0.2098577,0
0.44868204,0.5640307,0.0,1.0,0.17884913,0
0.0,0.0,0.0,1.0,0.17430377,0
0.4523226,0.5713119,0.0,0.80434,0.092756756,0
0.4495421,0.5657509,0.0,0.8087311,0.07809352,0
0.4797862,0.62623906,0.0,1.0,0.24854434,0
0.0,0.0,0.0,1.0,0.1618197,0
0.0,0.0,0.0,1.0,0.32379153,0
0.4799219,0.62651044,0.0,1.0,0.19126639,0
0.0,0.0,0.0,1.0,0.06779732,0
0.44868204,0.5640307,0.0,1.0,0.14194843,0
0.0,0.0,0.0,1.0,0.15340509,0
0.4523226,0.5713119,0.0,1.0,0.23132564,0
0.4495421,0.5657509,0.0,1.0,0.28115156,0
0.4797862,0.62623906,0.0,1.0,0.080508195,0
0.0,0.0,0.0,1.0,0.36326477,0
0.0,0.0,0.0,1.0,0.32379153,0
0.4799219,0.62651044,0.0,1.0,0.14004195,0
0.0,0.0,0.0,1.0,0.27243176,0
0.44868204,0.5640307,0.0,1.0,0.19474271,0
0.0,0.0,0.0,0.8435076,0.06185884,0
0.4523226,0.5713119,0.0,1.0,0.10391843,0
0.4495421,0.5657509,0.0,1.0,0.16838267,0
0.4797862,0.62623906,0.0,0.6307041,0.08405388,0
0.0,0.0,0.0,1.0,0.27298972,0
0.0,0.0,0.0,1.0,0.19126639,0
0.0,0.0,0.0,1.0,0.14004195,0
0.0,0.0,0.0,1.0,0.13384561,0
0.44868204,0.5640307,0.0,1.0,0.09647579,0
0.0,0.0,0.0,1.0,0.13512823,0
0.4523226,0.5713119,0.0,1.0,0.06030022,0
0.4495421,0.5657509,0.0,1.0,0.101218395,0
0.4797862,0.62623906,0.0,1.0,0.20372179,0
0.0,0.0,0.0,1.0,0.2098577,0
0.0,0.0,0.0,1.0,0.06779732,0
0.0,0.0,0.0,1.0,0.27243176,0
0.4799219,0.62651044,0.0,1.0,0.13384561,0
0.44868204,0.5640307,0.0,1.0,0.117511205,0
0.0,0.0,0.0,1.0,0.043116983,0
0.4523226,0.5713119,0.0,0.30253026,0.05746601,1
0.4495421,0.5657509,0.0,0.65705943,0.08651998,0
0.4797862,0.62623906,0.0,1.0,0.11467671,0
0.0,0.0,0.0,1.0,0.17884913,0
0.0,0.0,0.0,1.0,0.14194843,0
0.0,0.0,0.0,1.0,0.19474271,0
0.4799219,0.62651044,0.0,1.0,0.09647579,0
0.0,0.0,0.0,1.0,0.117511205,0
0.4523226,0.5713119,0.0,1.0,0.08215059,0
0.4495421,0.5657509,0.0,1.0,0.12820561,0
0.4797862,0.62623906,0.0,1.0,0.074807614,0
0.0,0.0,0.0,1.0,0.22115098,0
0.0,0.0,0.0,1.0,0.17430377,0
0.0,0.0,0.0,1.0,0.15340509,0
0.4799219,0.62651044,0.0,0.84358495,0.06185884,0
0.0,0.0,0.0,1.0,0.13512823,0
0.44868204,0.5640307,0.0,1.0,0.043116983,0
0.0,0.0,0.0,1.0,0.08215059,0
0.4495421,0.5657509,0.0,0.6536122,0.06953007,0
0.4797862,0.62623906,0.0,1.0,0.1558732,0
0.0,0.0,0.0,1.0,0.18179382,0
0.0,0.0,0.0,0.8034134,0.092756756,0
0.0,0.0,0.0,1.0,0.23132564,0
0.4799219,0.62651044,0.0,1.0,0.10391843,0
0.0,0.0,0.0,1.0,0.06030022,0
0.44868204,0.5640307,0.0,0.30195823,0.05746601,1
0.0,0.0,0.0,1.0,0.12820561,0
0.4523226,0.5713119,0.0,0.6536122,0.06953007,0
0.4797862,0.62623906,0.0,1.0,0.20119618,0
0.0,0.0,0.0,1.0,0.113193505,0
0.0,0.0,0.0,0.8079505,0.07809352,0
0.0,0.0,0.0,1.0,0.28115156,0
0.4799219,0.62651044,0.0,1.0,0.16838267,0
0.0,0.0,0.0,1.0,0.101218395,0
0.44868204,0.5640307,0.0,0.65629864,0.08651998,0
0.0,0.0,0.0,1.0,0.074807614,0
0.4523226,0.5713119,0.0,1.0,0.1558732,0
0.4495421,0.5657509,0.0,1.0,0.20119618,0
0.0,0.0,0.0,1.0,0.2838443,0
0.0,0.0,0.0,1.0,0.24854434,0
0.0,0.0,0.0,1.0,0.080508195,0
0.4799219,0.62651044,0.0,0.6299318,0.08405388,0
0.0,0.0,0.0,1.0,0.20372179,0
0.44868204,0.5640307,0.0,1.0,0.11467671,0
0.0,0.0,0.0,1.0,0.22115098,0
0.4523226,0.5713119,0.0,1.0,0.18179382,0
0.4495421,0.5657509,0.0,1.0,0.113193505,0
0.4797862,0.62623906,0.0,1.0,0.2838443,0
0.0,0.0,0.0,1.0,0.1618197,0
0.0,0.0,0.0,1.0,0.36326477,0
0.4799219,0.62651044,0.0,1.0,0.27298972,0
0.0,0.0,0.0,1.0,0.2098577,0
0.44868204,0.5640307,0.0,1.0,0.17884913,0
0.0,0.0,0.0,1.0,0.17430377,0
0.4523226,0.5713119,0.0,0.8034134,0.092756756,0
0.4495421,0.5657509,0.0,0.8079505,0.07809352,0
0.4797862,0.62623906,0.0,1.0,0.24854434,0
0.0,0.0,0.0,1.0,0.1618197,0
0.0,0.0,0.0,1.0,0.32379153,0
0.4799219,0.62651044,0.0,1.0,0.19126639,0
0.0,0.0,0.0,1.0,0.06779732,0
0.44868204,0.5640307,0.0,1.0,0.14194843,0
0.0,0.0,0.0,1.0,0.15340509,0
0.4523226,0.5713119,0.0,1.0,0.23132564,0
0.4495421,0.5657509,0.0,1.0,0.28115156,0
0.4797862,0.62623906,0.0,1.0,0.080508195,0
0.0,0.0,0.0,1.0,0.36326477,0
0.0,0.0,0.0,1.0,0.32379153,0
0.4799219,0.62651044,0.0,1.0,0.14004195,0
0.0,0.0,0.0,1.0,0.27243176,0
0.44868204,0.5640307,0.0,1.0,0.19474271,0
0.0,0.0,0.0,0.84358495,0.06185884,0
0.4523226,0.5713119,0.0,1.0,0.10391843,0
0.4495421,0.5657509,0.0,1.0,0.16838267,0
0.4797862,0.62623906,0.0,0.6299318,0.08405388,0
0.0,0.0,0.0,1.0,0.27298972,0
0.0,0.0,0.0,1.0,0.19126639,0
0.0,0.0,0.0,1.0,0.14004195,0
0.0,0.0,0.0,1.0,0.13384561,0
0.44868204,0.5640307,0.0,1.0,0.09647579,0
0.0,0.0,0.0,1.0,0.13512823,0
0.4523226,0.5713119,0.0,1.0,0.06030022,0
0.4495421,0.5657509,0.0,1.0,0.101218395,0
0.4797862,0.62623906,0.0,1.0,0.20372179,0
0.0,0.0,0.0,1.0,0.2098577,0
0.0,0.0,0.0,1.0,0.06779732,0
0.0,0.0,0.0,1.0,0.27243176,0
0.4799219,0.62651044,0.0,1.0,0.13384561,0
0.44868204,0.5640307,0.0,1.0,0.117511205,0
0.0,0.0,0.0,1.0,0.043116983,0
0.4523226,0.5713119,0.0,0.30195823,0.05746601,1
0.4495421,0.5657509,0.0,0.65629864,0.08651998,0
0.4797862,0.62623906,0.0,1.0,0.11467671,0
0.0,0.0,0.0,1.0,0.17884913,0
0.0,0.0,0.0,1.0,0.14194843,0
0.0,0.0,0.0,1.0,0.19474271,0
0.4799219,0.62651044,0.0,1.0,0.09647579,0
0.0,0.0,0.0,1.0,0.117511205,0
0.4523226,0.5713119,0.0,1.0,0.08215059,0
0.4495421,0.5657509,0.0,1.0,0.12820561,0
0.4797862,0.62623906,0.0,1.0,0.074807614,0
0.0,0.0,0.0,1.0,0.22115098,0
0.0,0.0,0.0,1.0,0.17430377,0
0.0,0.0,0.0,1.0,0.15340509,0
0.4799219,0.62651044,0.0,0.84366274,0.06185884,0
0.0,0.0,0.0,1.0,0.13512823,0
0.44868204,0.5640307,0.0,1.0,0.043116983,0
0.0,0.0,0.0,1.0,0.08215059,0
0.4495421,0.5657509,0.0,0.6529365,0.06953007,0
0.4797862,0.62623906,0.0,1.0,0.1558732,0
0.0,0.0,0.0,1.0,0.18179382,0
0.0,0.0,0.0,0.8024867,0.092756756,0
0.0,0.0,0.0,1.0,0.23132564,0
0.4799219,0.62651044,0.0,1.0,0.10391843,0
0.0,0.0,0.0,1.0,0.06030022,0
0.44868204,0.5640307,0.0,0.3013862,0.05746601,1
0.0,0.0,0.0,1.0,0.12820561,0
0.4523226,0.5713119,0.0,0.6529365,0.06953007,0
0.4797862,0.62623906,0.0,1.0,0.20119618,0
0.0,0.0,0.0,1.0,0.113193505,0
0.0,0.0,0.0,0.8071699,0.07809352,0
0.0,0.0,0.0,1.0,0.28115156,0
0.4799219,0.62651044,0.0,1.0,0.16838267,0
0.0,0.0,0.0,1.0,0.101218395,0
0.44868204,0.5640307,0.0,0.655538,0.08651998,0
0.0,0.0,0.0,1.0,0.074807614,0
0.4523226,0.5713119,0.0,1.0,0.1558732,0
0.4495421,0.5657509,0.0,1.0,0.20119618,0
0.0,0.0,0.0,1.0,0.2838443,0
0.0,0.0,0.0,1.0,0.24854434,0
0.0,0.0,0.0,1.0,0.080508195,0
0.4799219,0.62651044,0.0,0.6291596,0.08405388,0
0.0,0.0,0.0,1.0,0.20372179,0
0.44868204,0.5640307,0.0,1.0,0.11467671,0
0.0,0.0,0.0,1.0,0.22115098,0
0.4523226,0.5713119,0.0,1.0,0.18179382,0
0.4495421,0.5657509,0.0,1.0,0.113193505,0
0.4797862,0.62623906,0.0,1.0,0.2838443,0
0.0,0.0,0.0,1.0,0.1618197,0
0.0,0.0,0.0,1.0,0.36326477,0
0.4799219,0.62651044,0.0,1.0,0.27298972,0
0.0,0.0,0.0,1.0,0.2098577,0
0.44868204,0.5640307,0.0,1.0,0.17884913,0
0.0,0.0,0.0,1.0,0.17430377,0
0.4523226,0.5713119,0.0,0.8024867,0.092756756,0
0.4495421,0.5657509,0.0,0.8071699,0.07809352,0
0.4797862,0.62623906,0.0,1.0,0.24854434,0
0.0,0.0,0.0,1.0,0.1618197,0
0.0,0.0,0.0,1.0,0.32379153,0
0.4799219,0.62651044,0.0,1.0,0.19126639,0
0.0,0.0,0.0,1.0,0.06779732,0
0.44868204,0.5640307,0.0,1.0,0.14194843,0
0.0,0.0,0.0,1.0,0.15340509,0
0.4523226,0.5713119,0.0,1.0,0.23132564,0
0.4495421,0.5657509,0.0,1.0,0.28115156,0
0.4797862,0.62623906,0.0,1.0,0.080508195,0
0.0,0.0,0.0,1.0,0.36326477,0
0.0,0.0,0.0,1.0,0.32379153,0
0.4799219,0.62651044,0.0,1.0,0.14004195,0
0.0,0.0,0.0,1.0,0.27243176,0
0.44868204,0.5640307,0.0,1.0,0.19474271,0
0.0,0.0,0.0,0.84366274,0.06185884,0
0.4523226,0.5713119,0.0,1.0,0.10391843,0
0.4495421,0.5657509,0.0,1.0,0.16838267,0
0.4797862,0.62623906,0.0,0.6291596,0.08405388,0
0.0,0.0,0.0,1.0,0.27298972,0
0.0,0.0,0.0,1.0,0.19126639,0
0.0,0.0,0.0,1.0,0.14004195,0
0.0,0.0,0.0,1.0,0.13384561,0
0.44868204,0.5640307,0.0,1.0,0.09647579,0
0.0,0.0,0.0,1.0,0.13512823,0
0.4523226,0.5713119,0.0,1.0,0.06030022,0
0.4495421,0.5657509,0.0,1.0,0.101218395,0
0.4797862,0.62623906,0.0,1.0,0.20372179,0
0.0,0.0,0.0,1.0,0.2098577,0
0.0,0.0,0.0,1.0,0.06779732,0
0.0,0.0,0.0,1.0,0.27243176,0
0.4799219,0.62651044,0.0,1.0,0.13384561,0
0.44868204,0.5640307,0.0,1.0,0.117511205,0
0.0,0.0,0.0,1.0,0.043116983,0
0.4523226,0.5713119,0.0,0.3013862,0.05746601,1
0.4495421,0.5657509,0.0,0.655538,0.08651998,0
0.4797862,0.62623906,0.0,1.0,0.11467671,0
0.0,0.0,0.0,1.0,0.17884913,0
0.0,0.0,0.0,1.0,0.14194843,0
0.0,0.0,0.0,1.0,0.19474271,0
0.4799219,0.62651044,0.0,1.0,0.09647579,0
0.0,0.0,0.0,1.0,0.117511205,0
1.0,1.0,0.0,1.0,0.08215059,0
0.4575276,0.5817219,0.0,1.0,0.12820561,0
0.4797862,0.62623906,0.0,1.0,0.074807614,0
0.0,0.0,0.0,1.0,0.22115098,0
0.0,0.0,0.0,1.0,0.17430377,0
0.0,0.0,0.0,1.0,0.15340509,0
0.4799219,0.62651044,0.0,0.843741,0.06185884,0
0.0,0.0,0.0,1.0,0.13512823,0
1.0,1.0,0.0,1.0,0.043116983,0
0.0,0.0,0.0,1.0,0.08215059,0
0.4575276,0.5817219,0.0,0.65226096,0.06953007,0
0.4797862,0.62623906,0.0,1.0,0.1558732,0
0.0,0.0,0.0,1.0,0.18179382,0
0.0,0.0,0.0,0.80156004,0.092756756,0
0.0,0.0,0.0,1.0,0.23132564,0
0.4799219,0.62651044,0.0,1.0,0.10391843,0
0.0,0.0,0.0,1.0,0.06030022,0
1.0,1.0,0.0,0.3008142,0.05746601,1
0.0,0.0,0.0,1.0,0.12820561,0
1.0,1.0,0.0,0.65226096,0.06953007,0
0.4797862,0.62623906,0.0,1.0,0.20119618,0
0.0,0.0,0.0,1.0,0.113193505,0
0.0,0.0,0.0,0.80638933,0.07809352,0
0.0,0.0,0.0,1.0,0.28115156,0
0.4799219,0.62651044,0.0,1.0,0.16838267,0
0.0,0.0,0.0,1.0,0.101218395,0
1.0,1.0,0.0,0.6547777,0.08651998,0
0.0,0.0,0.0,1.0,0.074807614,0
1.0,1.0,0.0,1.0,0.1558732,0
0.4575276,0.5817219,0.0,1.0,0.20119618,0
0.0,0.0,0.0,1.0,0.2838443,0
0.0,0.0,0.0,1.0,0.24854434,0
0.0,0.0,0.0,1.0,0.080508195,0
0.4799219,0.62651044,0.0,0.6283877,0.08405388,0
0.0,0.0,0.0,1.0,0.20372179,0
1.0,1.0,0.0,1.0,0.11467671,0
0.0,0.0,0.0,1.0,0.22115098,0
1.0,1.0,0.0,1.0,0.18179382,0
0.4575276,0.5817219,0.0,1.0,0.113193505,0
0.4797862,0.62623906,0.0,1.0,0.2838443,0
0.0,0.0,0.0,1.0,0.1618197,0
0.0,0.0,0.0,1.0,0.36326477,0
0.4799219,0.62651044,0.0,1.0,0.27298972,0
0.0,0.0,0.0,1.0,0.2098577,0
1.0,1.0,0.0,1.0,0.17884913,0
0.0,0.0,0.0,1.0,0.17430377,0
1.0,1.0,0.0,0.80156004,0.092756756,0
0.4575276,0.5817219,0.0,0.80638933,0.07809352,0
0.4797862,0.62623906,0.0,1.0,0.24854434,0
0.0,0.0,0.0,1.0,0.1618197,0
0.0,0.0,0.0,1.0,0.32379153,0
0.4799219,0.62651044,0.0,1.0,0.19126639,0
0.0,0.0,0.0,1.0,0.06779732,0
1.0,1.0,0.0,1.0,0.14194843,0
0.0,0.0,0.0,1.0,0.15340509,0
1.0,1.0,0.0,1.0,0.23132564,0
0.4575276,0.5817219,0.0,1.0,0.28115156,0
0.4797862,0.62623906,0.0,1.0,0.080508195,0
0.0,0.0,0.0,1.0,0.36326477,0
0.0,0.0,0.0,1.0,0.32379153,0
0.4799219,0.62651044,0.0,1.0,0.14004195,0
0.0,0.0,0.0,1.0,0.27243176,0
1.0,1.0,0.0,1.0,0.19474271,0
0.0,0.0,0.0,0.843741,0.06185884,0
1.0,1.0,0.0,1.0,0.10391843,0
0.4575276,0.5817219,0.0,1.0,0.16838267,0
0.4797862,0.62623906,0.0,0.6283877,0.08405388,0
0.0,0.0,0.0,1.0,0.27298972,0
0.0,0.0,0.0,1.0,0.19126639,0
0.0,0.0,0.0,1.0,0.14004195,0
0.0,0.0,0.0,1.0,0.13384561,0
1.0,1.0,0.0,1.0,0.09647579,0
0.0,0.0,0.0,1.0,0.13512823,0
1.0,1.0,0.0,1.0,0.06030022,0
0.4575276,0.5817219,0.0,1.0,0.101218395,0
0.4797862,0.62623906,0.0,1.0,0.20372179,0
0.0,0.0,0.0,1.0,0.2098577,0
0.0,0.0,0.0,1.0,0.06779732,0
0.0,0.0,0.0,1.0,0.27243176,0
0.4799219,0.62651044,0.0,1.0,0.13384561,0
1.0,1.0,0.0,1.0,0.117511205,0
0.0,0.0,0.0,1.0,0.043116983,0
1.0,1.0,0.0,0.3008142,0.05746601,1
0.4575276,0.5817219,0.0,0.6547777,0.08651998,0
0.4797862,0.62623906,0.0,1.0,0.11467671,0
0.0,0.0,0.0,1.0,0.17884913,0
0.0,0.0,0.0,1.0,0.14194843,0
0.0,0.0,0.0,1.0,0.19474271,0
0.4799219,0.62651044,0.0,1.0,0.09647579,0
0.0,0.0,0.0,1.0,0.117511205,0
1.0,1.0,0.0,1.0,0.08215059,0
0.4575276,0.5817219,0.0,1.0,0.12820561,0
0.4797862,0.62623906,0.0,1.0,0.074807614,0
0.0,0.0,0.0,1.0,0.22115098,0
0.0,0.0,0.0,1.0,0.17430377,0
0.0,0.0,0.0,1.0,0.15340509,0
0.4799219,0.62651044,0.0,0.8438197,0.06185884,0
0.0,0.0,0.0,1.0,0.13512823,0
1.0,1.0,0.0,1.0,0.043116983,0
0.0,0.0,0.0,1.0,0.08215059,0
0.4575276,0.5817219,0.0,0.6515854,0.06953007,0
0.4797862,0.62623906,0.0,1.0,0.1558732,0
0.0,0.0,0.0,1.0,0.18179382,0
0.0,0.0,0.0,0.80063343,0.092756756,0
0.0,0.0,0.0,1.0,0.23132564,0
0.4799219,0.62651044,0.0,1.0,0.10391843,0
0.0,0.0,0.0,1.0,0.06030022,0
1.0,1.0,0.0,0.30024222,0.05746601,1
0.0,0.0,0.0,1.0,0.12820561,0
1.0,1.0,0.0,0.6515854,0.06953007,0
0.4797862,0.62623906,0.0,1.0,0.20119618,0
0.0,0.0,0.0,1.0,0.113193505,0
0.0,0.0,0.0,0.80560875,0.07809352,0
0.0,0.0,0.0,1.0,0.28115156,0
0.4799219,0.62651044,0.0,1.0,0.16838267,0
0.0,0.0,0.0,1.0,0.101218395,0
1.0,1.0,0.0,0.6540176,0.08651998,0
0.0,0.0,0.0,1.0,0.074807614,0
1.0,1.0,0.0,1.0,0.1558732,0
0.4575276,0.5817219,0.0,1.0,0.20119618,0
0.0,0.0,0.0,1.0,0.2838443,0
0.0,0.0,0.0,1.0,0.24854434,0
0.0,0.0,0.0,1.0,0.080508195,0
0.4799219,0.62651044,0.0,0.62761587,0.08405388,0
0.0,0.0,0.0,1.0,0.20372179,0
1.0,1.0,0.0,1.0,0.11467671,0
0.0,0.0,0.0,1.0,0.22115098,0
1.0,1.0,0.0,1.0,0.18179382,0
0.4575276,0.5817219,0.0,1.0,0.113193505,0
0.4797862,0.62623906,0.0,1.0,0.2838443,0
0.0,0.0,0.0,1.0,0.1618197,0
0.0,0.0,0.0,1.0,0.36326477,0
0.4799219,0.62651044,0.0,1.0,0.27298972,0
0.0,0.0,0.0,1.0,0.2098577,0
1.0,1.0,0.0,1.0,0.17884913,0
0.0,0.0,0.0,1.0,0.17430377,0
1.0,1.0,0.0,0.80063343,0.092756756,0
0.4575276,0.5817219,0.0,0.80560875,0.07809352,0
0.4797862,0.62623906,0.0,1.0,0.24854434,0
0.0,0.0,0.0,1.0,0.1618197,0
0.0,0.0,0.0,1.0,0.32379153,0
0.4799219,0.62651044,0.0,1.0,0.19126639,0
0.0,0.0,0.0,1.0,0.06779732,0
1.0,1.0,0.0,1.0,0.14194843,0
0.0,0.0,0.0,1.0,0.15340509,0
1.0,1.0,0.0,1.0,0.23132564,0
0.4575276,0.5817219,0.0,1.0,0.28115156,0
0.4797862,0.62623906,0.0,1.0,0.080508195,0
0.0,0.0,0.0,1.0,0.36326477,0
0.0,0.0,0.0,1.0,0.32379153,0
0.4799219,0.62651044,0.0,1.0,0.14004195,0
0.0,0.0,0.0,1.0,0.27243176,0
1.0,1.0,0.0,1.0,0.19474271,0
0.0,0.0,0.0,0.8438197,0.06185884,0
1.0,1.0,0.0,1.0,0.10391843,0
0.4575276,0.5817219,0.0,1.0,0.16838267,0
0.4797862,0.62623906,0.0,0.62761587,0.08405388,0
0.0,0.0,0.0,1.0,0.27298972,0
0.0,0.0,0.0,1.0,0.19126639,0
0.0,0.0,0.0,1.0,0.14004195,0
0.0,0.0,0.0,1.0,0.13384561,0
1.0,1.0,0.0,1.0,0.09647579,0
0.0,0.0,0.0,1.0,0.13512823,0
1.0,1.0,0.0,1.0,0.06030022,0
0.4575276,0.5817219,0.0,1.0,0.101218395,0
0.4797862,0.62623906,0.0,1.0,0.20372179,0
0.0,0.0,0.0,1.0,0.2098577,0
0.0,0.0,0.0,1.0,0.06779732,0
0.0,0.0,0.0,1.0,0.27243176,0
0.4799219,0.62651044,0.0,1.0,0.13384561,0
1.0,1.0,0.0,1.0,0.117511205,0
0.0,0.0,0.0,1.0,0.043116983,0
1.0,1.0,0.0,0.30024222,0.05746601,1
0.4575276,0.5817219,0.0,0.6540176,0.08651998,0
0.4797862,0.62623906,0.0,1.0,0.11467671,0
0.0,0.0,0.0,1.0,0.17884913,0
0.0,0.0,0.0,1.0,0.14194843,0
0.0,0.0,0.0,1.0,0.19474271,0
0.4799219,0.62651044,0.0,1.0,0.09647579,0
0.0,0.0,0.0,1.0,0.117511205,0
1.0,1.0,0.0,1.0,0.08215059,0
0.4575276,0.5817219,0.0,1.0,0.12820561,0
0.49034804,0.64736277,0.0,1.0,0.074807614,0
0.0,0.0,0.0,1.0,0.22115098,0
0.0,0.0,0.0,1.0,0.17430377,0
0.0,0.0,0.0,1.0,0.15340509,0
0.49036074,0.6473881,0.0,0.84389883,0.06185884,0
0.0,0.0,0.0,1.0,0.13512823,0
1.0,1.0,0.0,1.0,0.043116983,0
0.0,0.0,0.0,1.0,0.08215059,0
0.4575276,0.5817219,0.0,0.6509099,0.06953007,0
0.49034804,0.64736277,0.0,1.0,0.1558732,0
0.0,0.0,0.0,1.0,0.18179382,0
0.0,0.0,0.0,0.79970676,0.092756756,0
0.0,0.0,0.0,1.0,0.23132564,0
0.49036074,0.6473881,0.0,1.0,0.10391843,0
0.0,0.0,0.0,1.0,0.06030022,0
1.0,1.0,0.0,0.29967022,0.05746601,2
0.0,0.0,0.0,1.0,0.12820561,0
1.0,1.0,0.0,0.6509099,0.06953007,0
0.49034804,0.64736277,0.0,1.0,0.20119618,0
0.0,0.0,0.0,1.0,0.113193505,0
0.0,0.0,0.0,0.80482817,0.07809352,0
0.0,0.0,0.0,1.0,0.28115156,0
0.49036074,0.6473881,0.0,1.0,0.16838267,0
0.0,0.0,0.0,1.0,0.101218395,0
1.0,1.0,0.0,0.65325785,0.08651998,0
0.0,0.0,0.0,1.0,0.074807614,0
1.0,1.0,0.0,1.0,0.1558732,0
0.4575276,0.5817219,0.0,1.0,0.20119618,0
0.0,0.0,0.0,1.0,0.2838443,0
0.0,0.0,0.0,1.0,0.24854434,0
0.0,0.0,0.0,1.0,0.080508195,0
0.49036074,0.6473881,0.0,0.6268443,0.08405388,0
0.0,0.0,0.0,1.0,0.20372179,0
1.0,1.0,0.0,1.0,0.11467671,0
0.0,0.0,0.0,1.0,0.22115098,0
1.0,1.0,0.0,1.0,0.18179382,0
0.4575276,0.5817219,0.0,1.0,0.113193505,0
0.49034804,0.64736277,0.0,1.0,0.2838443,0
0.0,0.0,0.0,1.0,0.1618197,0
0.0,0.0,0.0,1.0,0.36326477,0
0.49036074,0.6473881,0.0,1.0,0.27298972,0
0.0,0.0,0.0,1.0,0.2098577,0
1.0,1.0,0.0,1.0,0.17884913,0
0.0,0.0,0.0,1.0,0.17430377,0
1.0,1.0,0.0,0.79970676,0.092756756,0
0.4575276,0.5817219,0.0,0.80482817,0.07809352,0
0.49034804,0.64736277,0.0,1.0,0.24854434,0
0.0,0.0,0.0,1.0,0.1618197,0
0.0,0.0,0.0,1.0,0.32379153,0
0.49036074,0.6473881,0.0,1.0,0.19126639,0
0.0,0.0,0.0,1.0,0.06779732,0
1.0,1.0,0.0,1.0,0.14194843,0
0.0,0.0,0.0,1.0,0.15340509,0
1.0,1.0,0.0,1.0,0.23132564,0
0.4575276,0.5817219,0.0,1.0,0.28115156,0
0.49034804,0.64736277,0.0,1.0,0.080508195,0
0.0,0.0,0.0,1.0,0.36326477,0
0.0,0.0,0.0,1.0,0.32379153,0
0.49036074,0.6473881,0.0,1.0,0.14004195,0
0.0,0.0,0.0,1.0,0.27243176,0
1.0,1.0,0.0,1.0,0.19474271,0
0.0,0.0,0.0,0.84389883,0.06185884,0
1.0,1.0,0.0,1.0,0.10391843,0
0.4575276,0.5817219,0.0,1.0,0.16838267,0
0.49034804,0.64736277,0.0,0.6268443,0.08405388,0
0.0,0.0,0.0,1.0,0.27298972,0
0.0,0.0,0.0,1.0,0.19126639,0
0.0,0.0,0.0,1.0,0.14004195,0
0.0,0.0,0.0,1.0,0.13384561,0
1.0,1.0,0.0,1.0,0.09647579,0
0.0,0.0,0.0,1.0,0.13512823,0
1.0,1.0,0.0,1.0,0.06030022,0
0.4575276,0.5817219,0.0,1.0,0.101218395,0
0.49034804,0.64736277,0.0,1.0,0.20372179,0
0.0,0.0,0.0,1.0,0.2098577,0
0.0,0.0,0.0,1.0,0.06779732,0
0.0,0.0,0.0,1.0,0.27243176,0
0.49036074,0.6473881,0.0,1.0,0.13384561,0
1.0,1.0,0.0,1.0,0.117511205,0
0.0,0.0,0.0,1.0,0.043116983,0
1.0,1.0,0.0,0.29967022,0.05746601,2
0.4575276,0.5817219,0.0,0.65325785,0.08651998,0
0.49034804,0.64736277,0.0,1.0,0.11467671,0
0.0,0.0,0.0,1.0,0.17884913,0
0.0,0.0,0.0,1.0,0.14194843,0
0.0,0.0,0.0,1.0,0.19474271,0
0.49036074,0.6473881,0.0,1.0,0.09647579,0
0.0,0.0,0.0,1.0,0.117511205,0
0.46040642,0.58747953,0.0,1.0,0.08215059,0
0.4575276,0.5817219,0.0,1.0,0.12820561,0
0.49034804,0.64736277,0.0,1.0,0.074807614,0
0.0,0.0,0.0,1.0,0.22115098,0
0.0,0.0,0.0,1.0,0.17430377,0
0.0,0.0,0.0,1.0,0.15340509,0
0.49036074,0.6473881,0.0,0.8439784,0.06185884,0
0.0,0.0,0.0,1.0,0.13512823,0
0.45764616,0.581959,0.0,1.0,0.043116983,0
0.0,0.0,0.0,1.0,0.08215059,0
0.4575276,0.5817219,0.0,0.6502344,0.06953007,0
0.49034804,0.64736277,0.0,1.0,0.1558732,0
0.0,0.0,0.0,1.0,0.18179382,0
0.0,0.0,0.0,0.7987801,0.092756756,0
0.0,0.0,0.0,1.0,0.23132564,0
0.49036074,0.6473881,0.0,1.0,0.10391843,0
0.0,0.0,0.0,1.0,0.06030022,0
0.45764616,0.581959,0.0,0.29909825,0.05746601,2
0.0,0.0,0.0,1.0,0.12820561,0
0.46040642,0.58747953,0.0,0.6502344,0.06953007,0
0.49034804,0.64736277,0.0,1.0,0.20119618,0
0.0,0.0,0.0,1.0,0.113193505,0
0.0,0.0,0.0,0.80404764,0.07809352,0
0.0,0.0,0.0,1.0,0.28115156,0
0.49036074,0.6473881,0.0,1.0,0.16838267,0
0.0,0.0,0.0,1.0,0.101218395,0
0.45764616,0.581959,0.0,0.6524983,0.08651998,0
0.0,0.0,0.0,1.0,0.074807614,0
0.46040642,0.58747953,0.0,1.0,0.1558732,0
0.4575276,0.5817219,0.0,1.0,0.20119618,0
0.0,0.0,0.0,1.0,0.2838443,0
0.0,0.0,0.0,1.0,0.24854434,0
0.0,0.0,0.0,1.0,0.080508195,0
0.49036074,0.6473881,0.0,0.6260728,0.08405388,0
0.0,0.0,0.0,1.0,0.20372179,0
0.45764616,0.581959,0.0,1.0,0.11467671,0
0.0,0.0,0.0,1.0,0.22115098,0
0.46040642,0.58747953,0.0,1.0,0.18179382,0
0.4575276,0.5817219,0.0,1.0,0.113193505,0
0.49034804,0.64736277,0.0,1.0,0.2838443,0
0.0,0.0,0.0,1.0,0.1618197,0
0.0,0.0,0.0,1.0,0.36326477,0
0.49036074,0.6473881,0.0,1.0,0.27298972,0
0.0,0.0,0.0,1.0,0.2098577,0
0.45764616,0.581959,0.0,1.0,0.17884913,0
0.0,0.0,0.0,1.0,0.17430377,0
0.46040642,0.58747953,0.0,0.7987801,0.092756756,0
0.4575276,0.5817219,0.0,0.80404764,0.07809352,0
0.49034804,0.64736277,0.0,1.0,0.24854434,0
0.0,0.0,0.0,1.0,0.1618197,0
0.0,0.0,0.0,1.0,0.32379153,0
0.49036074,0.6473881,0.0,1.0,0.19126639,0
0.0,0.0,0.0,1.0,0.06779732,0
0.45764616,0.581959,0.0,1.0,0.14194843,0
0.0,0.0,0.0,1.0,0.15340509,0
0.46040642,0.58747953,0.0,1.0,0.23132564,0
0.4575276,0.5817219,0.0,1.0,0.28115156,0
0.49034804,0.64736277,0.0,1.0,0.080508195,0
0.0,0.0,0.0,1.0,0.36326477,0
0.0,0.0,0.0,1.0,0.32379153,0
0.49036074,0.6473881,0.0,1.0,0.14004195,0
0.0,0.0,0.0,1.0,0.27243176,0
0.45764616,0.581959,0.0,1.0,0.19474271,0
0.0,0.0,0.0,0.8439784,0.06185884,0
0.46040642,0.58747953,0.0,1.0,0.10391843,0
0.4575276,0.5817219,0.0,1.0,0.16838267,0
0.49034804,0.64736277,0.0,0.6260728,0.08405388,0
0.0,0.0,0.0,1.0,0.27298972,0
0.0,0.0,0.0,1.0,0.19126639,0
0.0,0.0,0.0,1.0,0.14004195,0
0.0,0.0,0.0,1.0,0.13384561,0
0.45764616,0.581959,0.0,1.0,0.09647579,0
0.0,0.0,0.0,1.0,0.13512823,0
0.46040642,0.58747953,0.0,1.0,0.06030022,0
0.4575276,0.5817219,0.0,1.0,0.101218395,0
0.49034804,0.64736277,0.0,1.0,0.20372179,0
0.0,0.0,0.0,1.0,0.2098577,0
0.0,0.0,0.0,1.0,0.06779732,0
0.0,0.0,0.0,1.0,0.27243176,0
0.49036074,0.6473881,0.0,1.0,0.13384561,0
0.45764616,0.581959,0.0,1.0,0.117511205,0
0.0,0.0,0.0,1.0,0.043116983,0
0.46040642,0.58747953,0.0,0.29909825,0.05746601,2
0.4575276,0.5817219,0.0,0.6524983,0.08651998,0
0.49034804,0.64736277,0.0,1.0,0.11467671,0
0.0,0.0,0.0,1.0,0.17884913,0
0.0,0.0,0.0,1.0,0.14194843,0
0.0,0.0,0.0,1.0,0.19474271,0
0.49036074,0.6473881,0.0,1.0,0.09647579,0
0.0,0.0,0.0,1.0,0.117511205,0
0.46040642,0.58747953,0.0,1.0,0.08215059,0
0.4575276,0.5817219,0.0,1.0,0.12820561,0
0.49034804,0.64736277,0.0,1.0,0.074807614,0
0.0,0.0,0.0,1.0,0.22115098,0
0.0,0.0,0.0,1.0,0.17430377,0
0.0,0.0,0.0,1.0,0.15340509,0
0.49036074,0.6473881,0.0,0.84405845,0.06185884,0
0.0,0.0,0.0,1.0,0.13512823,0
0.45764616,0.581959,0.0,1.0,0.043116983,0
0.0,0.0,0.0,1.0,0.08215059,0
0.4575276,0.5817219,0.0,0.64955896,0.06953007,0
0.49034804,0.64736277,0.0,1.0,0.1558732,0
0.0,0.0,0.0,1.0,0.18179382,0
0.0,0.0,0.0,0.79785347,0.092756756,0
0.0,0.0,0.0,1.0,0.23132564,0
0.49036074,0.6473881,0.0,1.0,0.10391843,0
0.0,0.0,0.0,1.0,0.06030022,0
0.45764616,0.581959,0.0,0.2985263,0.05746601,2
0.0,0.0,0.0,1.0,0.12820561,0
0.46040642,0.58747953,0.0,0.64955896,0.06953007,0
0.49034804,0.64736277,0.0,1.0,0.20119618,0
0.0,0.0,0.0,1.0,0.113193505,0
0.0,0.0,0.0,0.80326706,0.07809352,0
0.0,0.0,0.0,1.0,0.28115156,0
0.49036074,0.6473881,0.0,1.0,0.16838267,0
0.0,0.0,0.0,1.0,0.101218395,0
0.45764616,0.581959,0.0,0.651739,0.08651998,0
0.0,0.0,0.0,1.0,0.074807614,0
0.46040642,0.58747953,0.0,1.0,0.1558732,0
0.4575276,0.5817219,0.0,1.0,0.20119618,0
0.0,0.0,0.0,1.0,0.2838443,0
0.0,0.0,0.0,1.0,0.24854434,0
0.0,0.0,0.0,1.0,0.080508195,0
0.49036074,0.6473881,0.0,0.6253016,0.08405388,0
0.0,0.0,0.0,1.0,0.20372179,0
0.45764616,0.581959,0.0,1.0,0.11467671,0
0.0,0.0,0.0,1.0,0.22115098,0
0.46040642,0.58747953,0.0,1.0,0.18179382,0
0.4575276,0.5817219,0.0,1.0,0.113193505,0
0.49034804,0.64736277,0.0,1.0,0.2838443,0
0.0,0.0,0.0,1.0,0.1618197,0
0.0,0.0,0.0,1.0,0.36326477,0
0.49036074,0.6473881,0.0,1.0,0.27298972,0
0.0,0.0,0.0,1.0,0.2098577,0
0.45764616,0.581959,0.0,1.0,0.17884913,0
0.0,0.0,0.0,1.0,0.17430377,0
0.46040642,0.58747953,0.0,0.79785347,0.092756756,0
0.4575276,0.5817219,0.0,0.80326706,0.07809352,0
0.49034804,0.64736277,0.0,1.0,0.24854434,0
0.0,0.0,0.0,1.0,0.1618197,0
0.0,0.0,0.0,1.0,0.32379153,0
0.49036074,0.6473881,0.0,1.0,0.19126639,0
0.0,0.0,0.0,1.0,0.06779732,0
0.45764616,0.581959,0.0,1.0,0.14194843,0
0.0,0.0,0.0,1.0,0.15340509,0
0.46040642,0.58747953,0.0,1.0,0.23132564,0
0.4575276,0.5817219,0.0,1.0,0.28115156,0
0.49034804,0.64736277,0.0,1.0,0.080508195,0
0.0,0.0,0.0,1.0,0.36326477,0
0.0,0.0,0.0,1.0,0.32379153,0
0.49036074,0.6473881,0.0,1.0,0.14004195,0
0.0,0.0,0.0,1.0,0.27243176,0
0.45764616,0.581959,0.0,1.0,0.19474271,0
0.0,0.0,0.0,0.84405845,0.06185884,0
0.46040642,0.58747953,0.0,1.0,0.10391843,0
0.4575276,0.5817219,0.0,1.0,0.16838267,0
0.49034804,0.64736277,0.0,0.6253016,0.08405388,0
0.0,0.0,0.0,1.0,0.27298972,0
0.0,0.0,0.0,1.0,0.19126639,0
0.0,0.0,0.0,1.0,0.14004195,0
0.0,0.0,0.0,1.0,0.13384561,0
0.45764616,0.581959,0.0,1.0,0.09647579,0
0.0,0.0,0.0,1.0,0.13512823,0
0.46040642,0.58747953,0.0,1.0,0.06030022,0
0.4575276,0.5817219,0.0,1.0,0.101218395,0
0.49034804,0.64736277,0.0,1.0,0.20372179,0
0.0,0.0,0.0,1.0,0.2098577,0
0.0,0.0,0.0,1.0,0.06779732,0
0.0,0.0,0.0,1.0,0.27243176,0
0.49036074,0.6473881,0.0,1.0,0.13384561,0
0.45764616,0.581959,0.0,1.0,0.117511205,0
0.0,0.0,0.0,1.0,0.043116983,0
0.46040642,0.58747953,0.0,0.2985263,0.05746601,2
0.4575276,0.5817219,0.0,0.651739,0.08651998,0
0.49034804,0.64736277,0.0,1.0,0.11467671,0
0.0,0.0,0.0,1.0,0.17884913,0
0.0,0.0,0.0,1.0,0.14194843,0
0.0,0.0,0.0,1.0,0.19474271,0
0.49036074,0.6473881,0.0,1.0,0.09647579,0
0.0,0.0,0.0,1.0,0.117511205,0
0.46040642,0.58747953,0.0,1.0,0.08215059,0
0.4575276,0.5817219,0.0,1.0,0.12820561,0
0.49034804,0.64736277,0.0,1.0,0.074807614,0
0.0,0.0,0.0,1.0,0.22115098,0
0.0,0.0,0.0,1.0,0.17430377,0
0.0,0.0,0.0,1.0,0.15340509,0
0.49036074,0.6473881,0.0,0.8441389,0.06185884,0
0.0,0.0,0.0,1.0,0.13512823,0
0.45764616,0.581959,0.0,1.0,0.043116983,0
0.0,0.0,0.0,1.0,0.08215059,0
0.4575276,0.5817219,0.0,0.6488836,0.06953007,0
0.49034804,0.64736277,0.0,1.0,0.1558732,0
0.0,0.0,0.0,1.0,0.18179382,0
0.0,0.0,0.0,0.7969268,0.092756756,0
0.0,0.0,0.0,1.0,0.23132564,0
0.49036074,0.6473881,0.0,1.0,0.10391843,0
0.0,0.0,0.0,1.0,0.06030022,0
0.45764616,0.581959,0.0,0.29795435,0.05746601,2
0.0,0.0,0.0,1.0,0.12820561,0
0.46040642,0.58747953,0.0,0.6488836,0.06953007,0
0.49034804,0.64736277,0.0,1.0,0.20119618,0
0.0,0.0,0.0,0.9994407,0.113193505,0
0.0,0.0,0.0,0.8024865,0.07809352,0
0.0,0.0,0.0,1.0,0.28115156,0
0.49036074,0.6473881,0.0,1.0,0.16838267,0
0.0,0.0,0.0,1.0,0.101218395,0
0.45764616,0.581959,0.0,0.65098,0.08651998,0
0.0,0.0,0.0,1.0,0.074807614,0
0.46040642,0.58747953,0.0,1.0,0.1558732,0
0.4575276,0.5817219,0.0,1.0,0.20119618,0
0.0,0.0,0.0,1.0,0.2838443,0
0.0,0.0,0.0,1.0,0.24854434,0
0.0,0.0,0.0,1.0,0.080508195,0
0.49036074,0.6473881,0.0,0.6245305,0.08405388,0
0.0,0.0,0.0,1.0,0.20372179,0
0.45764616,0.581959,0.0,1.0,0.11467671,0
0.0,0.0,0.0,1.0,0.22115098,0
0.46040642,0.58747953,0.0,1.0,0.18179382,0
0.4575276,0.5817219,0.0,0.9994407,0.113193505,0
0.49034804,0.64736277,0.0,1.0,0.2838443,0
0.0,0.0,0.0,1.0,0.1618197,0
0.0,0.0,0.0,1.0,0.36326477,0
0.49036074,0.6473881,0.0,1.0,0.27298972,0
0.0,0.0,0.0,1.0,0.2098577,0
0.45764616,0.581959,0.0,1.0,0.17884913,0
0.0,0.0,0.0,1.0,0.17430377,0
0.46040642,0.58747953,0.0,0.7969268,0.092756756,0
0.4575276,0.5817219,0.0,0.8024865,0.07809352,0
0.49034804,0.64736277,0.0,1.0,0.24854434,0
0.0,0.0,0.0,1.0,0.1618197,0
0.0,0.0,0.0,1.0,0.32379153,0
0.49036074,0.6473881,0.0,1.0,0.19126639,0
0.0,0.0,0.0,1.0,0.06779732,0
0.45764616,0.581959,0.0,1.0,0.14194843,0
0.0,0.0,0.0,1.0,0.15340509,0
0.46040642,0.58747953,0.0,1.0,0.23132564,0
0.4575276,0.5817219,0.0,1.0,0.28115156,0
0.49034804,0.64736277,0.0,1.0,0.080508195,0
0.0,0.0,0.0,1.0,0.36326477,0
0.0,0.0,0.0,1.0,0.32379153,0
0.49036074,0.6473881,0.0,1.0,0.14004195,0
0.0,0.0,0.0,1.0,0.27243176,0
0.45764616,0.581959,0.0,1.0,0.19474271,0
0.0,0.0,0.0,0.8441389,0.06185884,0
0.46040642,0.58747953,0.0,1.0,0.10391843,0
0.4575276,0.5817219,0.0,1.0,0.16838267,0
0.49034804,0.64736277,0.0,0.6245305,0.08405388,0
0.0,0.0,0.0,1.0,0.27298972,0
0.0,0.0,0.0,1.0,0.19126639,0
0.0,0.0,0.0,1.0,0.14004195,0
0.0,0.0,0.0,1.0,0.13384561,0
0.45764616,0.581959,0.0,1.0,0.09647579,0
0.0,0.0,0.0,1.0,0.13512823,0
0.46040642,0.58747953,0.0,1.0,0.06030022,0
0.4575276,0.5817219,0.0,1.0,0.101218395,0
0.49034804,0.64736277,0.0,1.0,0.20372179,0
0.0,0.0,0.0,1.0,0.2098577,0
0.0,0.0,0.0,1.0,0.06779732,0
0.0,0.0,0.0,1.0,0.27243176,0
0.49036074,0.6473881,0.0,1.0,0.13384561,0
0.45764616,0.581959,0.0,1.0,0.117511205,0
0.0,0.0,0.0,1.0,0.043116983,0
0.46040642,0.58747953,0.0,0.29795435,0.05746601,2
0.4575276,0.5817219,0.0,0.65098,0.08651998,0
0.49034804,0.64736277,0.0,1.0,0.11467671,0
0.0,0.0,0.0,1.0,0.17884913,0
0.0,0.0,0.0,1.0,0.14194843,0
0.0,0.0,0.0,1.0,0.19474271,0
0.49036074,0.6473881,0.0,1.0,0.09647579,0
0.0,0.0,0.0,1.0,0.117511205,0
0.46040642,0.58747953,0.0,1.0,0.08215059,0
0.4575276,0.5817219,0.0,1.0,0.12820561,0
0.49034804,0.64736277,0.0,1.0,0.074807614,0
0.0,0.0,0.0,1.0,0.22115098,0
0.0,0.0,0.0,1.0,0.17430377,0
0.0,0.0,0.0,1.0,0.15340509,0
0.49036074,0.6473881,0.0,0.84421986,0.06185884,0
0.0,0.0,0.0,1.0,0.13512823,0
0.45764616,0.581959,0.0,1.0,0.043116983,0
0.0,0.0,0.0,1.0,0.08215059,0
0.4575276,0.5817219,0.0,0.64820826,0.06953007,0
0.49034804,0.64736277,0.0,1.0,0.1558732,0
0.0,0.0,0.0,1.0,0.18179382,0
0.0,0.0,0.0,0.7960002,0.092756756,0
0.0,0.0,0.0,1.0,0.23132564,0
0.49036074,0.6473881,0.0,1.0,0.10391843,0
0.0,0.0,0.0,1.0,0.06030022,0
0.45764616,0.581959,0.0,0.29738238,0.05746601,2
0.0,0.0,0.0,1.0,0.12820561,0
0.46040642,0.58747953,0.0,0.64820826,0.06953007,0
0.49034804,0.64736277,0.0,1.0,0.20119618,0
0.0,0.0,0.0,0.9984169,0.113193505,0
0.0,0.0,0.0,0.8017059,0.07809352,0
0.0,0.0,0.0,1.0,0.28115156,0
0.49036074,0.6473881,0.0,1.0,0.16838267,0
0.0,0.0,0.0,1.0,0.101218395,0
0.45764616,0.581959,0.0,0.6502213,0.08651998,0
0.0,0.0,0.0,1.0,0.074807614,0
0.46040642,0.58747953,0.0,1.0,0.1558732,0
0.4575276,0.5817219,0.0,1.0,0.20119618,0
0.0,0.0,0.0,1.0,0.2838443,0
0.0,0.0,0.0,1.0,0.24854434,0
0.0,0.0,0.0,1.0,0.080508195,0
0.49036074,0.6473881,0.0,0.6237596,0.08405388,0
0.0,0.0,0.0,1.0,0.20372179,0
0.45764616,0.581959,0.0,1.0,0.11467671,0
0.0,0.0,0.0,1.0,0.22115098,0
0.46040642,0.58747953,0.0,1.0,0.18179382,0
0.4575276,0.5817219,0.0,0.9984169,0.113193505,0
0.49034804,0.64736277,0.0,1.0,0.2838443,0
0.0,0.0,0.0,1.0,0.1618197,0
0.0,0.0,0.0,1.0,0.36326477,0
0.49036074,0.6473881,0.0,1.0,0.27298972,0
0.0,0.0,0.0,1.0,0.2098577,0
0.45764616,0.581959,0.0,1.0,0.17884913,0
0.0,0.0,0.0,1.0,0.17430377,0
0.46040642,0.58747953,0.0,0.7960002,0.092756756,0
0.4575276,0.5817219,0.0,0.8017059,0.07809352,0
0.49034804,0.64736277,0.0,1.0,0.24854434,0
0.0,0.0,0.0,1.0,0.1618197,0
0.0,0.0,0.0,1.0,0.32379153,0
0.49036074,0.6473881,0.0,1.0,0.19126639,0
0.0,0.0,0.0,1.0,0.06779732,0
0.45764616,0.581959,0.0,1.0,0.14194843,0
0.0,0.0,0.0,1.0,0.15340509,0
0.46040642,0.58747953,0.0,1.0,0.23132564,0
0.4575276,0.5817219,0.0,1.0,0.28115156,0
0.49034804,0.64736277,0.0,1.0,0.080508195,0
0.0,0.0,0.0,1.0,0.36326477,0
0.0,0.0,0.0,1.0,0.32379153,0
0.49036074,0.6473881,0.0,1.0,0.14004195,0
0.0,0.0,0.0,1.0,0.27243176,0
0.45764616,0.581959,0.0,1.0,0.19474271,0
0.0,0.0,0.0,0.84421986,0.06185884,0
0.46040642,0.58747953,0.0,1.0,0.10391843,0
0.4575276,0.5817219,0.0,1.0,0.16838267,0
0.49034804,0.64736277,0.0,0.6237596,0.08405388,0
0.0,0.0,0.0,1.0,0.27298972,0
0.0,0.0,0.0,1.0,0.19126639,0
0.0,0.0,0.0,1.0,0.14004195,0
0.0,0.0,0.0,1.0,0.13384561,0
0.45764616,0.581959,0.0,1.0,0.09647579,0
0.0,0.0,0.0,1.0,0.13512823,0
0.46040642,0.58747953,0.0,1.0,0.06030022,0
0.4575276,0.5817219,0.0,1.0,0.101218395,0
0.49034804,0.64736277,0.0,1.0,0.20372179,0
0.0,0.0,0.0,1.0,0.2098577,0
0.0,0.0,0.0,1.0,0.06779732,0
0.0,0.0,0.0,1.0,0.27243176,0
0.49036074,0.6473881,0.0,1.0,0.13384561,0
0.45764616,0.581959,0.0,1.0,0.117511205,0
0.0,0.0,0.0,1.0,0.043116983,0
0.46040642,0.58747953,0.0,0.29738238,0.05746601,2
0.4575276,0.5817219,0.0,0.6502213,0.08651998,0
0.49034804,0.64736277,0.0,1.0,0.11467671,0
0.0,0.0,0.0,1.0,0.17884913,0
0.0,0.0,0.0,1.0,0.14194843,0
0.0,0.0,0.0,1.0,0.19474271,0
0.49036074,0.6473881,0.0,1.0,0.09647579,0
0.0,0.0,0.0,1.0,0.117511205,0
0.46040642,0.58747953,0.0,1.0,0.08215059,0
0.4575276,0.5817219,0.0,1.0,0.12820561,0
0.49034804,0.64736277,0.0,1.0,0.074807614,0
0.0,0.0,0.0,1.0,0.22115098,0
0.0,0.0,0.0,1.0,0.17430377,0
0.0,0.0,0.0,1.0,0.15340509,0
0.49036074,0.6473881,0.0,0.8443012,0.06185884,0
0.0,0.0,0.0,1.0,0.13512823,0
0.45764616,0.581959,0.0,1.0,0.043116983,0
0.0,0.0,0.0,1.0,0.08215059,0
0.4575276,0.5817219,0.0,0.64753294,0.06953007,0
0.49034804,0.64736277,0.0,1.0,0.1558732,0
0.0,0.0,0.0,1.0,0.18179382,0
0.0,0.0,0.0,0.7950735,0.092756756,0
0.0,0.0,0.0,1.0,0.23132564,0
0.49036074,0.6473881,0.0,1.0,0.10391843,0
0.0,0.0,0.0,1.0,0.06030022,0
0.45764616,0.581959,0.0,0.29681045,0.05746601,2
0.0,0.0,0.0,1.0,0.12820561,0
0.46040642,0.58747953,0.0,0.64753294,0.06953007,0
0.49034804,0.64736277,0.0,1.0,0.20119618,0
0.0,0.0,0.0,0.99739325,0.113193505,0
0.0,0.0,0.0,0.8009254,0.07809352,0
0.0,0.0,0.0,1.0,0.28115156,0
0.49036074,0.6473881,0.0,1.0,0.16838267,0
0.0,0.0,0.0,1.0,0.101218395,0
0.45764616,0.581959,0.0,0.6494628,0.08651998,0
0.0,0.0,0.0,1.0,0.074807614,0
0.46040642,0.58747953,0.0,1.0,0.1558732,0
0.4575276,0.5817219,0.0,1.0,0.20119618,0
0.0,0.0,0.0,1.0,0.2838443,0
0.0,0.0,0.0,1.0,0.24854434,0
0.0,0.0,0.0,1.0,0.080508195,0
0.49036074,0.6473881,0.0,0.6229889,0.08405388,0
0.0,0.0,0.0,1.0,0.20372179,0
0.45764616,0.581959,0.0,1.0,0.11467671,0
0.0,0.0,0.0,1.0,0.22115098,0
0.46040642,0.58747953,0.0,1.0,0.18179382,0
0.4575276,0.5817219,0.0,0.99739325,0.113193505,0
0.49034804,0.64736277,0.0,1.0,0.2838443,0
0.0,0.0,0.0,1.0,0.1618197,0
0.0,0.0,0.0,1.0,0.36326477,0
0.49036074,0.6473881,0.0,1.0,0.27298972,0
0.0,0.0,0.0,1.0,0.2098577,0
0.45764616,0.581959,0.0,1.0,0.17884913,0
0.0,0.0,0.0,1.0,0.17430377,0
0.46040642,0.58747953,0.0,0.7950735,0.092756756,0
0.4575276,0.5817219,0.0,0.8009254,0.07809352,0
0.49034804,0.64736277,0.0,1.0,0.24854434,0
0.0,0.0,0.0,1.0,0.1618197,0
0.0,0.0,0.0,1.0,0.32379153,0
0.49036074,0.6473881,0.0,1.0,0.19126639,0
0.0,0.0,0.0,1.0,0.06779732,0
0.45764616,0.581959,0.0,1.0,0.14194843,0
0.0,0.0,0.0,1.0,0.15340509,0
0.46040642,0.58747953,0.0,1.0,0.23132564,0
0.4575276,0.5817219,0.0,1.0,0.28115156,0
0.49034804,0.64736277,0.0,1.0,0.080508195,0
0.0,0.0,0.0,1.0,0.36326477,0
0.0,0.0,0.0,1.0,0.32379153,0
0.49036074,0.6473881,0.0,1.0,0.14004195,0
0.0,0.0,0.0,1.0,0.27243176,0
0.45764616,0.581959,0.0,1.0,0.19474271,0
0.0,0.0,0.0,0.8443012,0.06185884,0
0.46040642,0.58747953,0.0,1.0,0.10391843,0
0.4575276,0.5817219,0.0,1.0,0.16838267,0
0.49034804,0.64736277,0.0,0.6229889,0.08405388,0
0.0,0.0,0.0,1.0,0.27298972,0
0.0,0.0,0.0,1.0,0.19126639,0
0.0,0.0,0.0,1.0,0.14004195,0
0.0,0.0,0.0,1.0,0.13384561,0
0.45764616,0.581959,0.0,1.0,0.09647579,0
0.0,0.0,0.0,1.0,0.13512823,0
0.46040642,0.58747953,0.0,1.0,0.06030022,0
0.4575276,0.5817219,0.0,1.0,0.101218395,0
0.49034804,0.64736277,0.0,1.0,0.20372179,0
0.0,0.0,0.0,1.0,0.2098577,0
0.0,0.0,0.0,1.0,0.06779732,0
0.0,0.0,0.0,1.0,0.27243176,0
0.49036074,0.6473881,0.0,1.0,0.13384561,0
0.45764616,0.581959,0.0,1.0,0.117511205,0
0.0,0.0,0.0,1.0,0.043116983,0
0.46040642,0.58747953,0.0,0.29681045,0.05746601,2
0.4575276,0.5817219,0.0,0.6494628,0.08651998,0
0.49034804,0.64736277,0.0,1.0,0.11467671,0
0.0,0.0,0.0,1.0,0.17884913,0
0.0,0.0,0.0,1.0,0.14194843,0
0.0,0.0,0.0,1.0,0.19474271,0
0.49036074,0.6473881,0.0,1.0,0.09647579,0
0.0,0.0,0.0,1.0,0.117511205,0
0.46040642,0.58747953,0.0,1.0,0.08215059,0
0.4575276,0.5817219,0.0,1.0,0.12820561,0
0.49034804,0.64736277,0.0,1.0,0.074807614,0
0.0,0.0,0.0,1.0,0.22115098,0
0.0,0.0,0.0,1.0,0.17430377,0
0.0,0.0,0.0,1.0,0.15340509,0
0.49036074,0.6473881,0.0,0.844383,0.06185884,0
0.0,0.0,0.0,1.0,0.13512823,0
0.45764616,0.581959,0.0,1.0,0.043116983,0
0.0,0.0,0.0,1.0,0.08215059,0
0.4575276,0.5817219,0.0,0.6468577,0.06953007,0
0.49034804,0.64736277,0.0,1.0,0.1558732,0
0.0,0.0,0.0,1.0,0.18179382,0
0.0,0.0,0.0,0.7941469,0.092756756,0
0.0,0.0,0.0,1.0,0.23132564,0
0.49036074,0.6473881,0.0,1.0,0.10391843,0
0.0,0.0,0.0,1.0,0.06030022,0
0.45764616,0.581959,0.0,0.29623854,0.05746601,2
0.0,0.0,0.0,1.0,0.12820561,0
0.46040642,0.58747953,0.0,0.6468577,0.06953007,0
0.49034804,0.64736277,0.0,1.0,0.20119618,0
0.0,0.0,0.0,0.99636984,0.113193505,0
0.0,0.0,0.0,0.8001448,0.07809352,0
0.0,0.0,0.0,1.0,0.28115156,0
0.49036074,0.6473881,0.0,1.0,0.16838267,0
0.0,0.0,0.0,1.0,0.101218395,0
0.45764616,0.581959,0.0,0.6487046,0.08651998,0
0.0,0.0,0.0,1.0,0.074807614,0
0.46040642,0.58747953,0.0,1.0,0.1558732,0
0.4575276,0.5817219,0.0,1.0,0.20119618,0
0.0,0.0,0.0,1.0,0.2838443,0
0.0,0.0,0.0,1.0,0.24854434,0
0.0,0.0,0.0,1.0,0.080508195,0
0.49036074,0.6473881,0.0,0.6222184,0.08405388,0
0.0,0.0,0.0,1.0,0.20372179,0
0.45764616,0.581959,0.0,1.0,0.11467671,0
0.0,0.0,0.0,1.0,0.22115098,0
0.46040642,0.58747953,0.0,1.0,0.18179382,0
0.4575276,0.5817219,0.0,0.99636984,0.113193505,0
0.49034804,0.64736277,0.0,1.0,0.2838443,0
0.0,0.0,0.0,1.0,0.1618197,0
0.0,0.0,0.0,1.0,0.36326477,0
0.49036074,0.6473881,0.0,1.0,0.27298972,0
0.0,0.0,0.0,1.0,0.2098577,0
0.45764616,0.581959,0.0,1.0,0.17884913,0
0.0,0.0,0.0,1.0,0.17430377,0
0.46040642,0.58747953,0.0,0.7941469,0.092756756,0
0.4575276,0.5817219,0.0,0.8001448,0.07809352,0
0.49034804,0.64736277,0.0,1.0,0.24854434,0
0.0,0.0,0.0,1.0,0.1618197,0
0.0,0.0,0.0,1.0,0.32379153,0
0.49036074,0.6473881,0.0,1.0,0.19126639,0
0.0,0.0,0.0,1.0,0.06779732,0
0.45764616,0.581959,0.0,1.0,0.14194843,0
0.0,0.0,0.0,1.0,0.15340509,0
0.46040642,0.58747953,0.0,1.0,0.23132564,0
0.4575276,0.5817219,0.0,1.0,0.28115156,0
0.49034804,0.64736277,0.0,1.0,0.080508195,0
0.0,0.0,0.0,1.0,0.36326477,0
0.0,0.0,0.0,1.0,0.32379153,0
0.49036074,0.6473881,0.0,1.0,0.14004195,0
0.0,0.0,0.0,1.0,0.27243176,0
0.45764616,0.581959,0.0,1.0,0.19474271,0
0.0,0.0,0.0,0.844383,0.06185884,0
0.46040642,0.58747953,0.0,1.0,0.10391843,0
0.4575276,0.5817219,0.0,1.0,0.16838267,0
0.49034804,0.64736277,0.0,0.6222184,0.08405388,0
0.0,0.0,0.0,1.0,0.27298972,0
0.0,0.0,0.0,1.0,0.19126639,0
0.0,0.0,0.0,1.0,0.14004195,0
0.0,0.0,0.0,1.0,0.13384561,0
0.45764616,0.581959,0.0,1.0,0.09647579,0
0.0,0.0,0.0,1.0,0.13512823,0
0.46040642,0.58747953,0.0,1.0,0.06030022,0
0.4575276,0.5817219,0.0,1.0,0.101218395,0
0.49034804,0.64736277,0.0,1.0,0.20372179,0
0.0,0.0,0.0,1.0,0.2098577,0
0.0,0.0,0.0,1.0,0.06779732,0
0.0,0.0,0.0,1.0,0.27243176,0
0.49036074,0.6473881,0.0,1.0,0.13384561,0
0.45764616,0.581959,0.0,1.0,0.117511205,0
0.0,0.0,0.0,1.0,0.043116983,0
0.46040642,0.58747953,0.0,0.29623854,0.05746601,2
0.4575276,0.5817219,0.0,0.6487046,0.08651998,0
0.49034804,0.64736277,0.0,1.0,0.11467671,0
0.0,0.0,0.0,1.0,0.17884913,0
0.0,0.0,0.0,1.0,0.14194843,0
0.0,0.0,0.0,1.0,0.19474271,0
0.49036074,0.6473881,0.0,1.0,0.09647579,0
0.0,0.0,0.0,1.0,0.117511205,0
0.46040642,0.58747953,0.0,1.0,0.08215059,0
0.4575276,0.5817219,0.0,1.0,0.12820561,0
0.49034804,0.64736277,0.0,1.0,0.074807614,0
0.0,0.0,0.0,1.0,0.22115098,0
0.0,0.0,0.0,1.0,0.17430377,0
0.0,0.0,0.0,1.0,0.15340509,0
0.49036074,0.6473881,0.0,0.84446526,0.06185884,0
0.0,0.0,0.0,1.0,0.13512823,0
0.45764616,0.581959,0.0,1.0,0.043116983,0
0.0,0.0,0.0,1.0,0.08215059,0
0.4575276,0.5817219,0.0,0.6461825,0.06953007,0
0.49034804,0.64736277,0.0,1.0,0.1558732,0
0.0,0.0,0.0,1.0,0.18179382,0
0.0,0.0,0.0,0.7932203,0.092756756,0
0.0,0.0,0.0,1.0,0.23132564,0
0.49036074,0.6473881,0.0,1.0,0.10391843,0
0.0,0.0,0.0,1.0,0.06030022,0
0.45764616,0.581959,0.0,0.29566664,0.05746601,2
0.0,0.0,0.0,1.0,0.12820561,0
0.46040642,0.58747953,0.0,0.6461825,0.06953007,0
0.49034804,0.64736277,0.0,1.0,0.20119618,0
0.0,0.0,0.0,0.99534667,0.113193505,0
0.0,0.0,0.0,0.7993642,0.07809352,0
0.0,0.0,0.0,1.0,0.28115156,0
0.49036074,0.6473881,0.0,1.0,0.16838267,0
0.0,0.0,0.0,1.0,0.101218395,0
0.45764616,0.581959,0.0,0.64794666,0.08651998,0
0.0,0.0,0.0,1.0,0.074807614,0
0.46040642,0.58747953,0.0,1.0,0.1558732,0
0.4575276,0.5817219,0.0,1.0,0.20119618,0
0.0,0.0,0.0,1.0,0.2838443,0
0.0,0.0,0.0,1.0,0.24854434,0
0.0,0.0,0.0,1.0,0.080508195,0
0.49036074,0.6473881,0.0,0.621448,0.08405388,0
0.0,0.0,0.0,1.0,0.20372179,0
0.45764616,0.581959,0.0,1.0,0.11467671,0
0.0,0.0,0.0,1.0,0.22115098,0
0.46040642,0.58747953,0.0,1.0,0.18179382,0
0.4575276,0.5817219,0.0,0.99534667,0.113193505,0
0.49034804,0.64736277,0.0,1.0,0.2838443,0
0.0,0.0,0.0,1.0,0.1618197,0
0.0,0.0,0.0,1.0,0.36326477,0
0.49036074,0.6473881,0.0,1.0,0.27298972,0
0.0,0.0,0.0,1.0,0.2098577,0
0.45764616,0.581959,0.0,1.0,0.17884913,0
0.0,0.0,0.0,1.0,0.17430377,0
0.46040642,0.58747953,0.0,0.7932203,0.092756756,0
0.4575276,0.5817219,0.0,0.7993642,0.07809352,0
0.49034804,0.64736277,0.0,1.0,0.24854434,0
0.0,0.0,0.0,1.0,0.1618197,0
0.0,0.0,0.0,1.0,0.32379153,0
0.49036074,0.6473881,0.0,1.0,0.19126639,0
0.0,0.0,0.0,1.0,0.06779732,0
0.45764616,0.581959,0.0,1.0,0.14194843,0
0.0,0.0,0.0,1.0,0.15340509,0
0.46040642,0.58747953,0.0,1.0,0.23132564,0
0.4575276,0.5817219,0.0,1.0,0.28115156,0
0.49034804,0.64736277,0.0,1.0,0.080508195,0
0.0,0.0,0.0,1.0,0.36326477,0
0.0,0.0,0.0,1.0,0.32379153,0
0.49036074,0.6473881,0.0,1.0,0.14004195,0
0.0,0.0,0.0,1.0,0.27243176,0
0.45764616,0.581959,0.0,1.0,0.19474271,0
0.0,0.0,0.0,0.84446526,0.06185884,0
0.46040642,0.58747953,0.0,1.0,0.10391843,0
0.4575276,0.5817219,0.0,1.0,0.16838267,0
0.49034804,0.64736277,0.0,0.621448,0.08405388,0
0.0,0.0,0.0,1.0,0.27298972,0
0.0,0.0,0.0,1.0,0.19126639,0
0.0,0.0,0.0,1.0,0.14004195,0
0.0,0.0,0.0,1.0,0.13384561,0
0.45764616,0.581959,0.0,1.0,0.09647579,0
0.0,0.0,0.0,1.0,0.13512823,0
0.46040642,0.58747953,0.0,1.0,0.06030022,0
0.4575276,0.5817219,0.0,1.0,0.101218395,0
0.49034804,0.64736277,0.0,1.0,0.20372179,0
0.0,0.0,0.0,1.0,0.2098577,0
0.0,0.0,0.0,1.0,0.06779732,0
0.0,0.0,0.0,1.0,0.27243176,0
0.49036074,0.6473881,0.0,1.0,0.13384561,0
0.45764616,0.581959,0.0,1.0,0.117511205,0
0.0,0.0,0.0,1.0,0.043116983,0
0.46040642,0.58747953,0.0,0.29566664,0.05746601,2
0.4575276,0.5817219,0.0,0.64794666,0.08651998,0
0.49034804,0.64736277,0.0,1.0,0.11467671,0
0.0,0.0,0.0,1.0,0.17884913,0
0.0,0.0,0.0,1.0,0.14194843,0
0.0,0.0,0.0,1.0,0.19474271,0
0.49036074,0.6473881,0.0,1.0,0.09647579,0
0.0,0.0,0.0,1.0,0.117511205,0
1.0,1.0,0.0,1.0,0.08215059,0
0.46581167,0.59828997,0.0,1.0,0.12820561,0
0.49034804,0.64736277,0.0,1.0,0.074807614,0
0.0,0.0,0.0,1.0,0.22115098,0
0.0,0.0,0.0,1.0,0.17430377,0
0.0,0.0,0.0,1.0,0.15340509,0
0.49036074,0.6473881,0.0,0.844548,0.06185884,0
0.0,0.0,0.0,1.0,0.13512823,0
1.0,1.0,0.0,1.0,0.043116983,0
0.0,0.0,0.0,1.0,0.08215059,0
0.46581167,0.59828997,0.0,0.64550734,0.06953007,0
0.49034804,0.64736277,0.0,1.0,0.1558732,0
0.0,0.0,0.0,1.0,0.18179382,0
0.0,0.0,0.0,0.7922936,0.092756756,0
0.0,0.0,0.0,1.0,0.23132564,0
0.49036074,0.6473881,0.0,1.0,0.10391843,0
0.0,0.0,0.0,1.0,0.06030022,0
1.0,1.0,0.0,0.29509473,0.05746601,2
0.0,0.0,0.0,1.0,0.12820561,0
1.0,1.0,0.0,0.64550734,0.06953007,0
0.49034804,0.64736277,0.0,1.0,0.20119618,0
0.0,0.0,0.0,0.99432373,0.113193505,0
0.0,0.0,0.0,0.7985836,0.07809352,0
0.0,0.0,0.0,1.0,0.28115156,0
0.49036074,0.6473881,0.0,1.0,0.16838267,0
0.0,0.0,0.0,1.0,0.101218395,0
1.0,1.0,0.0,0.64718896,0.08651998,0
0.0,0.0,0.0,1.0,0.074807614,0
1.0,1.0,0.0,1.0,0.1558732,0
0.46581167,0.59828997,0.0,1.0,0.20119618,0
0.0,0.0,0.0,1.0,0.2838443,0
0.0,0.0,0.0,1.0,0.24854434,0
0.0,0.0,0.0,1.0,0.080508195,0
0.49036074,0.6473881,0.0,0.6206778,0.08405388,0
0.0,0.0,0.0,1.0,0.20372179,0
1.0,1.0,0.0,1.0,0.11467671,0
0.0,0.0,0.0,1.0,0.22115098,0
1.0,1.0,0.0,1.0,0.18179382,0
0.46581167,0.59828997,0.0,0.99432373,0.113193505,0
0.49034804,0.64736277,0.0,1.0,0.2838443,0
0.0,0.0,0.0,1.0,0.1618197,0
0.0,0.0,0.0,1.0,0.36326477,0
0.49036074,0.6473881,0.0,1.0,0.27298972,0
0.0,0.0,0.0,1.0,0.2098577,0
1.0,1.0,0.0,1.0,0.17884913,0
0.0,0.0,0.0,1.0,0.17430377,0
1.0,1.0,0.0,0.7922936,0.092756756,0
0.46581167,0.59828997,0.0,0.7985836,0.07809352,0
0.49034804,0.64736277,0.0,1.0,0.24854434,0
0.0,0.0,0.0,1.0,0.1618197,0
0.0,0.0,0.0,1.0,0.32379153,0
0.49036074,0.6473881,0.0,1.0,0.19126639,0
0.0,0.0,0.0,1.0,0.06779732,0
1.0,1.0,0.0,1.0,0.14194843,0
0.0,0.0,0.0,1.0,0.15340509,0
1.0,1.0,0.0,1.0,0.23132564,0
0.46581167,0.59828997,0.0,1.0,0.28115156,0
0.49034804,0.64736277,0.0,1.0,0.080508195,0
0.0,0.0,0.0,1.0,0.36326477,0
0.0,0.0,0.0,1.0,0.32379153,0
0.49036074,0.6473881,0.0,1.0,0.14004195,0
0.0,0.0,0.0,1.0,0.27243176,0
1.0,1.0,0.0,1.0,0.19474271,0
0.0,0.0,0.0,0.844548,0.06185884,0
1.0,1.0,0.0,1.0,0.10391843,0
0.46581167,0.59828997,0.0,1.0,0.16838267,0
0.49034804,0.64736277,0.0,0.6206778,0.08405388,0
0.0,0.0,0.0,1.0,0.27298972,0
0.0,0.0,0.0,1.0,0.19126639,0
0.0,0.0,0.0,1.0,0.14004195,0
0.0,0.0,0.0,1.0,0.13384561,0
1.0,1.0,0.0,1.0,0.09647579,0
0.0,0.0,0.0,1.0,0.13512823,0
1.0,1.0,0.0,1.0,0.06030022,0
0.46581167,0.59828997,0.0,1.0,0.101218395,0
0.49034804,0.64736277,0.0,1.0,0.20372179,0
0.0,0.0,0.0,1.0,0.2098577,0
0.0,0.0,0.0,1.0,0.06779732,0
0.0,0.0,0.0,1.0,0.27243176,0
0.49036074,0.6473881,0.0,1.0,0.13384561,0
1.0,1.0,0.0,1.0,0.117511205,0
0.0,0.0,0.0,1.0,0.043116983,0
1.0,1.0,0.0,0.29509473,0.05746601,2
0.46581167,0.59828997,0.0,0.64718896,0.08651998,0
0.49034804,0.64736277,0.0,1.0,0.11467671,0
0.0,0.0,0.0,1.0,0.17884913,0
0.0,0.0,0.0,1.0,0.14194843,0
0.0,0.0,0.0,1.0,0.19474271,0
0.49036074,0.6473881,0.0,1.0,0.09647579,0
0.0,0.0,0.0,1.0,0.117511205,0
1.0,1.0,0.0,1.0,0.08215059,0
0.46581167,0.59828997,0.0,1.0,0.12820561,0
0.49034804,0.64736277,0.0,1.0,0.074807614,0
0.0,0.0,0.0,1.0,0.22115098,0
0.0,0.0,0.0,1.0,0.17430377,0
0.0,0.0,0.0,1.0,0.15340509,0
0.49036074,0.6473881,0.0,0.84463114,0.06185884,0
0.0,0.0,0.0,1.0,0.13512823,0
1.0,1.0,0.0,1.0,0.043116983,0
0.0,0.0,0.0,1.0,0.08215059,0
0.46581167,0.59828997,0.0,0.6448322,0.06953007,0
0.49034804,0.64736277,0.0,1.0,0.1558732,0
0.0,0.0,0.0,1.0,0.18179382,0
0.0,0.0,0.0,0.791367,0.092756756,0
0.0,0.0,0.0,1.0,0.23132564,0
0.49036074,0.6473881,0.0,1.0,0.10391843,0
0.0,0.0,0.0,1.0,0.06030022,0
1.0,1.0,0.0,0.29452285,0.05746601,2
0.0,0.0,0.0,1.0,0.12820561,0
1.0,1.0,0.0,0.6448322,0.06953007,0
0.49034804,0.64736277,0.0,1.0,0.20119618,0
0.0,0.0,0.0,0.99330103,0.113193505,0
0.0,0.0,0.0,0.7978031,0.07809352,0
0.0,0.0,0.0,1.0,0.28115156,0
0.49036074,0.6473881,0.0,1.0,0.16838267,0
0.0,0.0,0.0,1.0,0.101218395,0
1.0,1.0,0.0,0.64643157,0.08651998,0
0.0,0.0,0.0,1.0,0.074807614,0
1.0,1.0,0.0,1.0,0.1558732,0
0.46581167,0.59828997,0.0,1.0,0.20119618,0
0.0,0.0,0.0,1.0,0.2838443,0
0.0,0.0,0.0,1.0,0.24854434,0
0.0,0.0,0.0,1.0,0.080508195,0
0.49036074,0.6473881,0.0,0.61990786,0.08405388,0
0.0,0.0,0.0,1.0,0.20372179,0
1.0,1.0,0.0,1.0,0.11467671,0
0.0,0.0,0.0,1.0,0.22115098,0
1.0,1.0,0.0,1.0,0.18179382,0
0.46581167,0.59828997,0.0,0.99330103,0.113193505,0
0.49034804,0.64736277,0.0,1.0,0.2838443,0
0.0,0.0,0.0,1.0,0.1618197,0
0.0,0.0,0.0,1.0,0.36326477,0
0.49036074,0.6473881,0.0,1.0,0.27298972,0
0.0,0.0,0.0,1.0,0.2098577,0
1.0,1.0,0.0,1.0,0.17884913,0
0.0,0.0,0.0,1.0,0.17430377,0
1.0,1.0,0.0,0.791367,0.092756756,0
0.46581167,0.59828997,0.0,0.7978031,0.07809352,0
0.49034804,0.64736277,0.0,1.0,0.24854434,0
0.0,0.0,0.0,1.0,0.1618197,0
0.0,0.0,0.0,1.0,0.32379153,0
0.49036074,0.6473881,0.0,1.0,0.19126639,0
0.0,0.0,0.0,1.0,0.06779732,0
1.0,1.0,0.0,1.0,0.14194843,0
0.0,0.0,0.0,1.0,0.15340509,0
1.0,1.0,0.0,1.0,0.23132564,0
0.46581167,0.59828997,0.0,1.0,0.28115156,0
0.49034804,0.64736277,0.0,1.0,0.080508195,0
0.0,0.0,0.0,1.0,0.36326477,0
0.0,0.0,0.0,1.0,0.32379153,0
0.49036074,0.6473881,0.0,1.0,0.14004195,0
0.0,0.0,0.0,1.0,0.27243176,0
1.0,1.0,0.0,1.0,0.19474271,0
0.0,0.0,0.0,0.84463114,0.06185884,0
1.0,1.0,0.0,1.0,0.10391843,0
0.46581167,0.59828997,0.0,1.0,0.16838267,0
0.49034804,0.64736277,0.0,0.61990786,0.08405388,0
0.0,0.0,0.0,1.0,0.27298972,0
0.0,0.0,0.0,1.0,0.19126639,0
0.0,0.0,0.0,1.0,0.14004195,0
0.0,0.0,0.0,1.0,0.13384561,0
1.0,1.0,0.0,1.0,0.09647579,0
0.0,0.0,0.0,1.0,0.13512823,0
1.0,1.0,0.0,1.0,0.06030022,0
0.46581167,0.59828997,0.0,1.0,0.101218395,0
0.49034804,0.64736277,0.0,1.0,0.20372179,0
0.0,0.0,0.0,1.0,0.2098577,0
0.0,0.0,0.0,1.0,0.06779732,0
0.0,0.0,0.0,1.0,0.27243176,0
0.49036074,0.6473881,0.0,1.0,0.13384561,0
1.0,1.0,0.0,1.0,0.117511205,0
0.0,0.0,0.0,1.0,0.043116983,0
1.0,1.0,0.0,0.29452285,0.05746601,2
0.46581167,0.59828997,0.0,0.64643157,0.08651998,0
0.49034804,0.64736277,0.0,1.0,0.11467671,0
0.0,0.0,0.0,1.0,0.17884913,0
0.0,0.0,0.0,1.0,0.14194843,0
0.0,0.0,0.0,1.0,0.19474271,0
0.49036074,0.6473881,0.0,1.0,0.09647579,0
0.0,0.0,0.0,1.0,0.117511205,0
1.0,1.0,0.0,1.0,0.08215059,0
0.46581167,0.59828997,0.0,1.0,0.12820561,0
0.5012211,0.6691089,0.0,1.0,0.074807614,0
0.0,0.0,0.0,1.0,0.22115098,0
0.0,0.0,0.0,1.0,0.17430377,0
0.0,0.0,0.0,1.0,0.15340509,0
0.5014252,0.66951704,0.0,0.8447147,0.06185884,0
0.0,0.0,0.0,1.0,0.13512823,0
1.0,1.0,0.0,1.0,0.043116983,0
0.0,0.0,0.0,1.0,0.08215059,0
0.46581167,0.59828997,0.0,0.6441571,0.06953007,0
0.5012211,0.6691089,0.0,1.0,0.1558732,0
0.0,0.0,0.0,1.0,0.18179382,0
0.0,0.0,0.0,0.7904404,0.092756756,0
0.0,0.0,0.0,1.0,0.23132564,0
0.5014252,0.66951704,0.0,1.0,0.10391843,0
0.0,0.0,0.0,1.0,0.06030022,0
1.0,1.0,0.0,0.29395097,0.05746601,2
0.0,0.0,0.0,1.0,0.12820561,0
1.0,1.0,0.0,0.6441571,0.06953007,0
0.5012211,0.6691089,0.0,1.0,0.20119618,0
0.0,0.0,0.0,0.9922786,0.113193505,0
0.0,0.0,0.0,0.7970225,0.07809352,0
0.0,0.0,0.0,1.0,0.28115156,0
0.5014252,0.66951704,0.0,1.0,0.16838267,0
0.0,0.0,0.0,1.0,0.101218395,0
1.0,1.0,0.0,0.6456744,0.08651998,0
0.0,0.0,0.0,1.0,0.074807614,0
1.0,1.0,0.0,1.0,0.1558732,0
0.46581167,0.59828997,0.0,1.0,0.20119618,0
0.0,0.0,0.0,1.0,0.2838443,0
0.0,0.0,0.0,1.0,0.24854434,0
0.0,0.0,0.0,1.0,0.080508195,0
0.5014252,0.66951704,0.0,0.619138,0.08405388,0
0.0,0.0,0.0,1.0,0.20372179,0
1.0,1.0,0.0,1.0,0.11467671,0
0.0,0.0,0.0,1.0,0.22115098,0
1.0,1.0,0.0,1.0,0.18179382,0
0.46581167,0.59828997,0.0,0.9922786,0.113193505,0
0.5012211,0.6691089,0.0,1.0,0.2838443,0
0.0,0.0,0.0,1.0,0.1618197,0
0.0,0.0,0.0,1.0,0.36326477,0
0.5014252,0.66951704,0.0,1.0,0.27298972,0
0.0,0.0,0.0,1.0,0.2098577,0
1.0,1.0,0.0,1.0,0.17884913,0
0.0,0.0,0.0,1.0,0.17430377,0
1.0,1.0,0.0,0.7904404,0.092756756,0
0.46581167,0.59828997,0.0,0.7970225,0.07809352,0
0.5012211,0.6691089,0.0,1.0,0.24854434,0
0.0,0.0,0.0,1.0,0.1618197,0
0.0,0.0,0.0,1.0,0.32379153,0
0.5014252,0.66951704,0.0,1.0,0.19126639,0
0.0,0.0,0.0,1.0,0.06779732,0
1.0,1.0,0.0,1.0,0.14194843,0
0.0,0.0,0.0,1.0,0.15340509,0
1.0,1.0,0.0,1.0,0.23132564,0
0.46581167,0.59828997,0.0,1.0,0.28115156,0
0.5012211,0.6691089,0.0,1.0,0.080508195,0
0.0,0.0,0.0,1.0,0.36326477,0
0.0,0.0,0.0,1.0,0.32379153,0
0.5014252,0.66951704,0.0,1.0,0.14004195,0
0.0,0.0,0.0,1.0,0.27243176,0
1.0,1.0,0.0,1.0,0.19474271,0
0.0,0.0,0.0,0.8447147,0.06185884,0
1.0,1.0,0.0,1.0,0.10391843,0
0.46581167,0.59828997,0.0,1.0,0.16838267,0
0.5012211,0.6691089,0.0,0.619138,0.08405388,0
0.0,0.0,0.0,1.0,0.27298972,0
0.0,0.0,0.0,1.0,0.19126639,0
0.0,0.0,0.0,1.0,0.14004195,0
0.0,0.0,0.0,1.0,0.13384561,0
1.0,1.0,0.0,1.0,0.09647579,0
0.0,0.0,0.0,1.0,0.13512823,0
1.0,1.0,0.0,1.0,0.06030022,0
0.46581167,0.59828997,0.0,1.0,0.101218395,0
0.5012211,0.6691089,0.0,1.0,0.20372179,0
0.0,0.0,0.0,1.0,0.2098577,0
0.0,0.0,0.0,1.0,0.06779732,0
0.0,0.0,0.0,1.0,0.27243176,0
0.5014252,0.66951704,0.0,1.0,0.13384561,0
1.0,1.0,0.0,1.0,0.117511205,0
0.0,0.0,0.0,1.0,0.043116983,0
1.0,1.0,0.0,0.29395097,0.05746601,2
0.46581167,0.59828997,0.0,0.6456744,0.08651998,0
0.5012211,0.6691089,0.0,1.0,0.11467671,0
0.0,0.0,0.0,1.0,0.17884913,0
0.0,0.0,0.0,1.0,0.14194843,0
0.0,0.0,0.0,1.0,0.19474271,0
0.5014252,0.66951704,0.0,1.0,0.09647579,0
0.0,0.0,0.0,1.0,0.117511205,0
0.4687761,0.60421884,0.0,1.0,0.08215059,0
0.46581167,0.59828997,0.0,1.0,0.12820561,0
0.5012211,0.6691089,0.0,1.0,0.074807614,0
0.0,0.0,0.0,1.0,0.22115098,0
0.0,0.0,0.0,1.0,0.17430377,0
0.0,0.0,0.0,1.0,0.15340509,0
0.5014252,0.66951704,0.0,0.84479874,0.06185884,0
0.0,0.0,0.0,1.0,0.13512823,0
0.46694377,0.6005542,0.0,1.0,0.043116983,0
0.0,0.0,0.0,1.0,0.08215059,0
0.46581167,0.59828997,0.0,0.6434821,0.06953007,0
0.5012211,0.6691089,0.0,1.0,0.1558732,0
0.0,0.0,0.0,1.0,0.18179382,0
0.0,0.0,0.0,0.78951377,0.092756756,0
0.0,0.0,0.0,1.0,0.23132564,0
0.5014252,0.66951704,0.0,1.0,0.10391843,0
0.0,0.0,0.0,1.0,0.06030022,0
0.46694377,0.6005542,0.0,0.2933791,0.05746601,2
0.0,0.0,0.0,1.0,0.12820561,0
0.4687761,0.60421884,0.0,0.6434821,0.06953007,0
0.5012211,0.6691089,0.0,1.0,0.20119618,0
0.0,0.0,0.0,0.99125636,0.113193505,0
0.0,0.0,0.0,0.79624194,0.07809352,0
0.0,0.0,0.0,1.0,0.28115156,0
0.5014252,0.66951704,0.0,1.0,0.16838267,0
0.0,0.0,0.0,1.0,0.101218395,0
0.46694377,0.6005542,0.0,0.64491755,0.08651998,0
0.0,0.0,0.0,1.0,0.074807614,0
0.4687761,0.60421884,0.0,1.0,0.1558732,0
0.46581167,0.59828997,0.0,1.0,0.20119618,0
0.0,0.0,0.0,1.0,0.2838443,0
0.0,0.0,0.0,1.0,0.24854434,0
0.0,0.0,0.0,1.0,0.080508195,0
0.5014252,0.66951704,0.0,0.6183684,0.08405388,0
0.0,0.0,0.0,1.0,0.20372179,0
0.46694377,0.6005542,0.0,1.0,0.11467671,0
0.0,0.0,0.0,1.0,0.22115098,0
0.4687761,0.60421884,0.0,1.0,0.18179382,0
0.46581167,0.59828997,0.0,0.99125636,0.113193505,0
0.5012211,0.6691089,0.0,1.0,0.2838443,0
0.0,0.0,0.0,1.0,0.1618197,0
0.0,0.0,0.0,1.0,0.36326477,0
0.5014252,0.66951704,0.0,1.0,0.27298972,0
0.0,0.0,0.0,1.0,0.2098577,0
0.46694377,0.6005542,0.0,1.0,0.17884913,0
0.0,0.0,0.0,1.0,0.17430377,0
0.4687761,0.60421884,0.0,0.78951377,0.092756756,0
0.46581167,0.59828997,0.0,0.79624194,0.07809352,0
0.5012211,0.6691089,0.0,1.0,0.24854434,0
0.0,0.0,0.0,1.0,0.1618197,0
0.0,0.0,0.0,1.0,0.32379153,0
0.5014252,0.66951704,0.0,1.0,0.19126639,0
0.0,0.0,0.0,1.0,0.06779732,0
0.46694377,0.6005542,0.0,1.0,0.14194843,0
0.0,0.0,0.0,1.0,0.15340509,0
0.4687761,0.60421884,0.0,1.0,0.23132564,0
0.46581167,0.59828997,0.0,1.0,0.28115156,0
0.5012211,0.6691089,0.0,1.0,0.080508195,0
0.0,0.0,0.0,1.0,0.36326477,0
0.0,0.0,0.0,1.0,0.32379153,0
0.5014252,0.66951704,0.0,1.0,0.14004195,0
0.0,0.0,0.0,1.0,0.27243176,0
0.46694377,0.6005542,0.0,1.0,0.19474271,0
0.0,0.0,0.0,0.84479874,0.06185884,0
0.4687761,0.60421884,0.0,1.0,0.10391843,0
0.46581167,0.59828997,0.0,1.0,0.16838267,0
0.5012211,0.6691089,0.0,0.6183684,0.08405388,0
0.0,0.0,0.0,1.0,0.27298972,0
0.0,0.0,0.0,1.0,0.19126639,0
0.0,0.0,0.0,1.0,0.14004195,0
0.0,0.0,0.0,1.0,0.13384561,0
0.46694377,0.6005542,0.0,1.0,0.09647579,0
0.0,0.0,0.0,1.0,0.13512823,0
0.4687761,0.60421884,0.0,1.0,0.06030022,0
0.46581167,0.59828997,0.0,1.0,0.101218395,0
0.5012211,0.6691089,0.0,1.0,0.20372179,0
0.0,0.0,0.0,1.0,0.2098577,0
0.0,0.0,0.0,1.0,0.06779732,0
0.0,0.0,0.0,1.0,0.27243176,0
0.5014252,0.66951704,0.0,1.0,0.13384561,0
0.46694377,0.6005542,0.0,1.0,0.117511205,0
0.0,0.0,0.0,1.0,0.043116983,0
0.4687761,0.60421884,0.0,0.2933791,0.05746601,2
0.46581167,0.59828997,0.0,0.64491755,0.08651998,0
0.5012211,0.6691089,0.0,1.0,0.11467671,0
0.0,0.0,0.0,1.0,0.17884913,0
0.0,0.0,0.0,1.0,0.14194843,0
0.0,0.0,0.0,1.0,0.19474271,0
0.5014252,0.66951704,0.0,1.0,0.09647579,0
0.0,0.0,0.0,1.0,0.117511205,0
0.4687761,0.60421884,0.0,1.0,0.08215059,0
0.46581167,0.59828997,0.0,1.0,0.12820561,0
0.5012211,0.6691089,0.0,1.0,0.074807614,0
0.0,0.0,0.0,1.0,0.22115098,0
0.0,0.0,0.0,1.0,0.17430377,0
0.0,0.0,0.0,1.0,0.15340509,0
0.5014252,0.66951704,0.0,0.84488326,0.06185884,0
0.0,0.0,0.0,1.0,0.13512823,0
0.46694377,0.6005542,0.0,1.0,0.043116983,0
0.0,0.0,0.0,1.0,0.08215059,0
0.46581167,0.59828997,0.0,0.64280707,0.06953007,0
0.5012211,0.6691089,0.0,1.0,0.1558732,0
0.0,0.0,0.0,1.0,0.18179382,0
0.0,0.0,0.0,0.7885871,0.092756756,0
0.0,0.0,0.0,1.0,0.23132564,0
0.5014252,0.66951704,0.0,1.0,0.10391843,0
0.0,0.0,0.0,1.0,0.06030022,0
0.46694377,0.6005542,0.0,0.29280725,0.05746601,2
0.0,0.0,0.0,1.0,0.12820561,0
0.4687761,0.60421884,0.0,0.64280707,0.06953007,0
0.5012211,0.6691089,0.0,1.0,0.20119618,0
0.0,0.0,0.0,0.9902343,0.113193505,0
0.0,0.0,0.0,0.7954614,0.07809352,0
0.0,0.0,0.0,1.0,0.28115156,0
0.5014252,0.66951704,0.0,1.0,0.16838267,0
0.0,0.0,0.0,1.0,0.101218395,0
0.46694377,0.6005542,0.0,0.644161,0.08651998,0
0.0,0.0,0.0,1.0,0.074807614,0
0.4687761,0.60421884,0.0,1.0,0.1558732,0
0.46581167,0.59828997,0.0,1.0,0.20119618,0
0.0,0.0,0.0,1.0,0.2838443,0
0.0,0.0,0.0,1.0,0.24854434,0
0.0,0.0,0.0,1.0,0.080508195,0
0.5014252,0.66951704,0.0,0.61759895,0.08405388,0
0.0,0.0,0.0,1.0,0.20372179,0
0.46694377,0.6005542,0.0,1.0,0.11467671,0
0.0,0.0,0.0,1.0,0.22115098,0
0.4687761,0.60421884,0.0,1.0,0.18179382,0
0.46581167,0.59828997,0.0,0.9902343,0.113193505,0
0.5012211,0.6691089,0.0,1.0,0.2838443,0
0.0,0.0,0.0,1.0,0.1618197,0
0.0,0.0,0.0,1.0,0.36326477,0
0.5014252,0.66951704,0.0,1.0,0.27298972,0
0.0,0.0,0.0,1.0,0.2098577,0
0.46694377,0.6005542,0.0,1.0,0.17884913,0
0.0,0.0,0.0,1.0,0.17430377,0
0.4687761,0.60421884,0.0,0.7885871,0.092756756,0
0.46581167,0.59828997,0.0,0.7954614,0.07809352,0
0.5012211,0.6691089,0.0,1.0,0.24854434,0
0.0,0.0,0.0,1.0,0.1618197,0
0.0,0.0,0.0,1.0,0.32379153,0
0.5014252,0.66951704,0.0,1.0,0.19126639,0
0.0,0.0,0.0,1.0,0.06779732,0
0.46694377,0.6005542,0.0,1.0,0.14194843,0
0.0,0.0,0.0,1.0,0.15340509,0
0.4687761,0.60421884,0.0,1.0,0.23132564,0
0.46581167,0.59828997,0.0,1.0,0.28115156,0
0.5012211,0.6691089,0.0,1.0,0.080508195,0
0.0,0.0,0.0,1.0,0.36326477,0
0.0,0.0,0.0,1.0,0.32379153,0
0.5014252,0.66951704,0.0,1.0,0.14004195,0
0.0,0.0,0.0,1.0,0.27243176,0
0.46694377,0.6005542,0.0,1.0,0.19474271,0
0.0,0.0,0.0,0.84488326,0.06185884,0
0.4687761,0.60421884,0.0,1.0,0.10391843,0
0.46581167,0.59828997,0.0,1.0,0.16838267,0
0.5012211,0.6691089,0.0,0.61759895,0.08405388,0
0.0,0.0,0.0,1.0,0.27298972,0
0.0,0.0,0.0,1.0,0.19126639,0
0.0,0.0,0.0,1.0,0.14004195,0
0.0,0.0,0.0,1.0,0.13384561,0
0.46694377,0.6005542,0.0,1.0,0.09647579,0
0.0,0.0,0.0,1.0,0.13512823,0
0.4687761,0.60421884,0.0,1.0,0.06030022,0
0.46581167,0.59828997,0.0,1.0,0.101218395,0
0.5012211,0.6691089,0.0,1.0,0.20372179,0
0.0,0.0,0.0,1.0,0.2098577,0
0.0,0.0,0.0,1.0,0.06779732,0
0.0,0.0,0.0,1.0,0.27243176,0
0.5014252,0.66951704,0.0,1.0,0.13384561,0
0.46694377,0.6005542,0.0,1.0,0.117511205,0
0.0,0.0,0.0,1.0,0.043116983,0
0.4687761,0.60421884,0.0,0.29280725,0.05746601,2
0.46581167,0.59828997,0.0,0.644161,0.08651998,0
0.5012211,0.6691089,0.0,1.0,0.11467671,0
0.0,0.0,0.0,1.0,0.17884913,0
0.0,0.0,0.0,1.0,0.14194843,0
0.0,0.0,0.0,1.0,0.19474271,0
0.5014252,0.66951704,0.0,1.0,0.09647579,0
0.0,0.0,0.0,1.0,0.117511205,0
0.4687761,0.60421884,0.0,1.0,0.08215059,0
0.46581167,0.59828997,0.0,1.0,0.12820561,0
0.5012211,0.6691089,0.0,1.0,0.074807614,0
0.0,0.0,0.0,1.0,0.22115098,0
0.0,0.0,0.0,1.0,0.17430377,0
0.0,0.0,0.0,1.0,0.15340509,0
0.5014252,0.66951704,0.0,0.84496814,0.06185884,0
0.0,0.0,0.0,1.0,0.13512823,0
0.46694377,0.6005542,0.0,1.0,0.043116983,0
0.0,0.0,0.0,1.0,0.08215059,0
0.46581167,0.59828997,0.0,0.6421321,0.06953007,0
0.5012211,0.6691089,0.0,1.0,0.1558732,0
0.0,0.0,0.0,1.0,0.18179382,0
0.0,0.0,0.0,0.7876605,0.092756756,0
0.0,0.0,0.0,1.0,0.23132564,0
0.5014252,0.66951704,0.0,1.0,0.10391843,0
0.0,0.0,0.0,1.0,0.06030022,0
0.46694377,0.6005542,0.0,0.2922354,0.05746601,2
0.0,0.0,0.0,1.0,0.12820561,0
0.4687761,0.60421884,0.0,0.6421321,0.06953007,0
0.5012211,0.6691089,0.0,1.0,0.20119618,0
0.0,0.0,0.0,0.9892126,0.113193505,0
0.0,0.0,0.0,0.79468083,0.07809352,0
0.0,0.0,0.0,1.0,0.28115156,0
0.5014252,0.66951704,0.0,1.0,0.16838267,0
0.0,0.0,0.0,1.0,0.101218395,0
0.46694377,0.6005542,0.0,0.64340466,0.08651998,0
0.0,0.0,0.0,1.0,0.074807614,0
0.4687761,0.60421884,0.0,1.0,0.1558732,0
0.46581167,0.59828997,0.0,1.0,0.20119618,0
0.0,0.0,0.0,1.0,0.2838443,0
0.0,0.0,0.0,1.0,0.24854434,0
0.0,0.0,0.0,1.0,0.080508195,0
0.5014252,0.66951704,0.0,0.6168297,0.08405388,0
0.0,0.0,0.0,1.0,0.20372179,0
0.46694377,0.6005542,0.0,1.0,0.11467671,0
0.0,0.0,0.0,1.0,0.22115098,0
0.4687761,0.60421884,0.0,1.0,0.18179382,0
0.46581167,0.59828997,0.0,0.9892126,0.113193505,0
0.5012211,0.6691089,0.0,1.0,0.2838443,0
0.0,0.0,0.0,1.0,0.1618197,0
0.0,0.0,0.0,1.0,0.36326477,0
0.5014252,0.66951704,0.0,1.0,0.27298972,0
0.0,0.0,0.0,1.0,0.2098577,0
0.46694377,0.6005542,0.0,1.0,0.17884913,0
0.0,0.0,0.0,1.0,0.17430377,0
0.4687761,0.60421884,0.0,0.7876605,0.092756756,0
0.46581167,0.59828997,0.0,0.79468083,0.07809352,0
0.5012211,0.6691089,0.0,1.0,0.24854434,0
0.0,0.0,0.0,1.0,0.1618197,0
0.0,0.0,0.0,1.0,0.32379153,0
0.5014252,0.66951704,0.0,1.0,0.19126639,0
0.0,0.0,0.0,1.0,0.06779732,0
0.46694377,0.6005542,0.0,1.0,0.14194843,0
0.0,0.0,0.0,1.0,0.15340509,0
0.4687761,0.60421884,0.0,1.0,0.23132564,0
0.46581167,0.59828997,0.0,1.0,0.28115156,0
0.5012211,0.6691089,0.0,1.0,0.080508195,0
0.0,0.0,0.0,1.0,0.36326477,0
0.0,0.0,0.0,1.0,0.32379153,0
0.5014252,0.66951704,0.0,1.0,0.14004195,0
0.0,0.0,0.0,1.0,0.27243176,0
0.46694377,0.6005542,0.0,1.0,0.19474271,0
0.0,0.0,0.0,0.84496814,0.06185884,0
0.4687761,0.60421884,0.0,1.0,0.10391843,0
0.46581167,0.59828997,0.0,1.0,0.16838267,0
0.5012211,0.6691089,0.0,0.6168297,0.08405388,0
0.0,0.0,0.0,1.0,0.27298972,0
0.0,0.0,0.0,1.0,0.19126639,0
0.0,0.0,0.0,1.0,0.14004195,0
0.0,0.0,0.0,1.0,0.13384561,0
0.46694377,0.6005542,0.0,1.0,0.09647579,0
0.0,0.0,0.0,1.0,0.13512823,0
0.4687761,0.60421884,0.0,1.0,0.06030022,0
0.46581167,0.59828997,0.0,1.0,0.101218395,0
0.5012211,0.6691089,0.0,1.0,0.20372179,0
0.0,0.0,0.0,1.0,0.2098577,0
0.0,0.0,0.0,1.0,0.06779732,0
0.0,0.0,0.0,1.0,0.27243176,0
0.5014252,0.66951704,0.0,1.0,0.13384561,0
0.46694377,0.6005542,0.0,1.0,0.117511205,0
0.0,0.0,0.0,1.0,0.043116983,0
0.4687761,0.60421884,0.0,0.2922354,0.05746601,2
0.46581167,0.59828997,0.0,0.64340466,0.08651998,0
0.5012211,0.6691089,0.0,1.0,0.11467671,0
0.0,0.0,0.0,1.0,0.17884913,0
0.0,0.0,0.0,1.0,0.14194843,0
0.0,0.0,0.0,1.0,0.19474271,0
0.5014252,0.66951704,0.0,1.0,0.09647579,0
0.0,0.0,0.0,1.0,0.117511205,0
0.4687761,0.60421884,0.0,1.0,0.08215059,0
0.46581167,0.59828997,0.0,1.0,0.12820561,0
0.5012211,0.6691089,0.0,1.0,0.074807614,0
0.0,0.0,0.0,1.0,0.22115098,0
0.0,0.0,0.0,1.0,0.17430377,0
0.0,0.0,0.0,1.0,0.15340509,0
0.5014252,0.66951704,0.0,0.84505355,0.06185884,0
0.0,0.0,0.0,1.0,0.13512823,0
0.46694377,0.6005542,0.0,1.0,0.043116983,0
0.0,0.0,0.0,1.0,0.08215059,0
0.46581167,0.59828997,0.0,0.6414572,0.06953007,0
0.5012211,0.6691089,0.0,1.0,0.1558732,0
0.0,0.0,0.0,1.0,0.18179382,0
0.0,0.0,0.0,0.78673387,0.092756756,0
0.0,0.0,0.0,1.0,0.23132564,0
0.5014252,0.66951704,0.0,1.0,0.10391843,0
0.0,0.0,0.0,1.0,0.06030022,0
0.46694377,0.6005542,0.0,0.29166356,0.05746601,2
0.0,0.0,0.0,1.0,0.12820561,0
0.4687761,0.60421884,0.0,0.6414572,0.06953007,0
0.5012211,0.6691089,0.0,1.0,0.20119618,0
0.0,0.0,0.0,0.98819107,0.113193505,0
0.0,0.0,0.0,0.79390025,0.07809352,0
0.0,0.0,0.0,1.0,0.28115156,0
0.5014252,0.66951704,0.0,1.0,0.16838267,0
0.0,0.0,0.0,1.0,0.101218395,0
0.46694377,0.6005542,0.0,0.64264864,0.08651998,0
0.0,0.0,0.0,1.0,0.074807614,0
0.4687761,0.60421884,0.0,1.0,0.1558732,0
0.46581167,0.59828997,0.0,1.0,0.20119618,0
0.0,0.0,0.0,1.0,0.2838443,0
0.0,0.0,0.0,1.0,0.24854434,0
0.0,0.0,0.0,1.0,0.080508195,0
0.5014252,0.66951704,0.0,0.6160606,0.08405388,0
0.0,0.0,0.0,1.0,0.20372179,0
0.46694377,0.6005542,0.0,1.0,0.11467671,0
0.0,0.0,0.0,1.0,0.22115098,0
0.4687761,0.60421884,0.0,1.0,0.18179382,0
0.46581167,0.59828997,0.0,0.98819107,0.113193505,0
0.5012211,0.6691089,0.0,1.0,0.2838443,0
0.0,0.0,0.0,1.0,0.1618197,0
0.0,0.0,0.0,1.0,0.36326477,0
0.5014252,0.66951704,0.0,1.0,0.27298972,0
0.0,0.0,0.0,1.0,0.2098577,0
0.46694377,0.6005542,0.0,1.0,0.17884913,0
0.0,0.0,0.0,1.0,0.17430377,0
0.4687761,0.60421884,0.0,0.78673387,0.092756756,0
0.46581167,0.59828997,0.0,0.79390025,0.07809352,0
0.5012211,0.6691089,0.0,1.0,0.24854434,0
0.0,0.0,0.0,1.0,0.1618197,0
0.0,0.0,0.0,1.0,0.32379153,0
0.5014252,0.66951704,0.0,1.0,0.19126639,0
0.0,0.0,0.0,1.0,0.06779732,0
0.46694377,0.6005542,0.0,1.0,0.14194843,0
0.0,0.0,0.0,1.0,0.15340509,0
0.4687761,0.60421884,0.0,1.0,0.23132564,0
0.46581167,0.59828997,0.0,1.0,0.28115156,0
0.5012211,0.6691089,0.0,1.0,0.080508195,0
0.0,0.0,0.0,1.0,0.36326477,0
0.0,0.0,0.0,1.0,0.32379153,0
0.5014252,0.66951704,0.0,1.0,0.14004195,0
0.0,0.0,0.0,1.0,0.27243176,0
0.46694377,0.6005542,0.0,1.0,0.19474271,0
0.0,0.0,0.0,0.84505355,0.06185884,0
0.4687761,0.60421884,0.0,1.0,0.10391843,0
0.46581167,0.59828997,0.0,1.0,0.16838267,0
0.5012211,0.6691089,0.0,0.6160606,0.08405388,0
0.0,0.0,0.0,1.0,0.27298972,0
0.0,0.0,0.0,1.0,0.19126639,0
0.0,0.0,0.0,1.0,0.14004195,0
0.0,0.0,0.0,1.0,0.13384561,0
0.46694377,0.6005542,0.0,1.0,0.09647579,0
0.0,0.0,0.0,1.0,0.13512823,0
0.4687761,0.60421884,0.0,1.0,0.06030022,0
0.46581167,0.59828997,0.0,1.0,0.101218395,0
0.5012211,0.6691089,0.0,1.0,0.20372179,0
0.0,0.0,0.0,1.0,0.2098577,0
0.0,0.0,0.0,1.0,0.06779732,0
0.0,0.0,0.0,1.0,0.27243176,0
0.5014252,0.66951704,0.0,1.0,0.13384561,0
0.46694377,0.6005542,0.0,1.0,0.117511205,0
0.0,0.0,0.0,1.0,0.043116983,0
0.4687761,0.60421884,0.0,0.29166356,0.05746601,2
0.46581167,0.59828997,0.0,0.64264864,0.08651998,0
0.5012211,0.6691089,0.0,1.0,0.11467671,0
0.0,0.0,0.0,1.0,0.17884913,0
0.0,0.0,0.0,1.0,0.14194843,0
0.0,0.0,0.0,1.0,0.19474271,0
0.5014252,0.66951704,0.0,1.0,0.09647579,0
0.0,0.0,0.0,1.0,0.117511205,0
1.0,1.0,0.0,1.0,0.08215059,0
0.47001657,0.6066998,0.0,1.0,0.12820561,0
0.5012211,0.6691089,0.0,1.0,0.074807614,0
0.0,0.0,0.0,1.0,0.22115098,0
0.0,0.0,0.0,1.0,0.17430377,0
0.0,0.0,0.0,1.0,0.15340509,0
0.5014252,0.66951704,0.0,0.8451393,0.06185884,0
0.0,0.0,0.0,1.0,0.13512823,0
0.46694377,0.6005542,0.0,1.0,0.043116983,0
0.0,0.0,0.0,1.0,0.08215059,0
0.47001657,0.6066998,0.0,0.6407823,0.06953007,0
0.5012211,0.6691089,0.0,1.0,0.1558732,0
0.0,0.0,0.0,1.0,0.18179382,0
0.0,0.0,0.0,0.78580725,0.092756756,0
0.0,0.0,0.0,1.0,0.23132564,0
0.5014252,0.66951704,0.0,1.0,0.10391843,0
0.0,0.0,0.0,1.0,0.06030022,0
0.46694377,0.6005542,0.0,0.29109174,0.05746601,2
0.0,0.0,0.0,1.0,0.12820561,0
1.0,1.0,0.0,0.6407823,0.06953007,0
0.5012211,0.6691089,0.0,1.0,0.20119618,0
0.0,0.0,0.0,0.9871698,0.113193505,0
0.0,0.0,0.0,0.7931197,0.07809352,0
0.0,0.0,0.0,1.0,0.28115156,0
0.5014252,0.66951704,0.0,1.0,0.16838267,0
0.0,0.0,0.0,1.0,0.101218395,0
0.46694377,0.6005542,0.0,0.64189285,0.08651998,0
0.0,0.0,0.0,1.0,0.074807614,0
1.0,1.0,0.0,1.0,0.1558732,0
0.47001657,0.6066998,0.0,1.0,0.20119618,0
0.0,0.0,0.0,1.0,0.2838443,0
0.0,0.0,0.0,1.0,0.24854434,0
0.0,0.0,0.0,1.0,0.080508195,0
0.5014252,0.66951704,0.0,0.6152918,0.08405388,0
0.0,0.0,0.0,1.0,0.20372179,0
0.46694377,0.6005542,0.0,1.0,0.11467671,0
0.0,0.0,0.0,1.0,0.22115098,0
1.0,1.0,0.0,1.0,0.18179382,0
0.47001657,0.6066998,0.0,0.9871698,0.113193505,0
0.5012211,0.6691089,0.0,1.0,0.2838443,0
0.0,0.0,0.0,1.0,0.1618197,0
0.0,0.0,0.0,1.0,0.36326477,0
0.5014252,0.66951704,0.0,1.0,0.27298972,0
0.0,0.0,0.0,1.0,0.2098577,0
0.46694377,0.6005542,0.0,1.0,0.17884913,0
0.0,0.0,0.0,1.0,0.17430377,0
1.0,1.0,0.0,0.78580725,0.092756756,0
0.47001657,0.6066998,0.0,0.7931197,0.07809352,0
0.5012211,0.6691089,0.0,1.0,0.24854434,0
0.0,0.0,0.0,1.0,0.1618197,0
0.0,0.0,0.0,1.0,0.32379153,0
0.5014252,0.66951704,0.0,1.0,0.19126639,0
0.0,0.0,0.0,1.0,0.06779732,0
0.46694377,0.6005542,0.0,1.0,0.14194843,0
0.0,0.0,0.0,1.0,0.15340509,0
1.0,1.0,0.0,1.0,0.23132564,0
0.47001657,0.6066998,0.0,1.0,0.28115156,0
0.5012211,0.6691089,0.0,1.0,0.080508195,0
0.0,0.0,0.0,1.0,0.36326477,0
0.0,0.0,0.0,1.0,0.32379153,0
0.5014252,0.66951704,0.0,1.0,0.14004195,0
0.0,0.0,0.0,1.0,0.27243176,0
0.46694377,0.6005542,0.0,1.0,0.19474271,0
0.0,0.0,0.0,0.8451393,0.06185884,0
1.0,1.0,0.0,1.0,0.10391843,0
0.47001657,0.6066998,0.0,1.0,0.16838267,0
0.5012211,0.6691089,0.0,0.6152918,0.08405388,0
0.0,0.0,0.0,1.0,0.27298972,0
0.0,0.0,0.0,1.0,0.19126639,0
0.0,0.0,0.0,1.0,0.14004195,0
0.0,0.0,0.0,1.0,0.13384561,0
0.46694377,0.6005542,0.0,1.0,0.09647579,0
0.0,0.0,0.0,1.0,0.13512823,0
1.0,1.0,0.0,1.0,0.06030022,0
0.47001657,0.6066998,0.0,1.0,0.101218395,0
0.5012211,0.6691089,0.0,1.0,0.20372179,0
0.0,0.0,0.0,1.0,0.2098577,0
0.0,0.0,0.0,1.0,0.06779732,0
0.0,0.0,0.0,1.0,0.27243176,0
0.5014252,0.66951704,0.0,1.0,0.13384561,0
0.46694377,0.6005542,0.0,1.0,0.117511205,0
0.0,0.0,0.0,1.0,0.043116983,0
1.0,1.0,0.0,0.29109174,0.05746601,2
0.47001657,0.6066998,0.0,0.64189285,0.08651998,0
0.5012211,0.6691089,0.0,1.0,0.11467671,0
0.0,0.0,0.0,1.0,0.17884913,0
0.0,0.0,0.0,1.0,0.14194843,0
0.0,0.0,0.0,1.0,0.19474271,0
0.5014252,0.66951704,0.0,1.0,0.09647579,0
0.0,0.0,0.0,1.0,0.117511205,0
1.0,1.0,0.0,1.0,0.08215059,0
0.47001657,0.6066998,0.0,1.0,0.12820561,0
0.5012211,0.6691089,0.0,1.0,0.074807614,0
0.0,0.0,0.0,1.0,0.22115098,0
0.0,0.0,0.0,1.0,0.17430377,0
0.0,0.0,0.0,1.0,0.15340509,0
0.5014252,0.66951704,0.0,0.84522563,0.06185884,0
0.0,0.0,0.0,1.0,0.13512823,0
0.46694377,0.6005542,0.0,1.0,0.043116983,0
0.0,0.0,0.0,1.0,0.08215059,0
0.47001657,0.6066998,0.0,0.6401075,0.06953007,0
0.5012211,0.6691089,0.0,1.0,0.1558732,0
0.0,0.0,0.0,1.0,0.18179382,0
0.0,0.0,0.0,0.78488064,0.092756756,0
0.0,0.0,0.0,1.0,0.23132564,0
0.5014252,0.66951704,0.0,1.0,0.10391843,0
0.0,0.0,0.0,1.0,0.06030022,0
0.46694377,0.6005542,0.0,0.29051992,0.05746601,2
0.0,0.0,0.0,1.0,0.12820561,0
1.0,1.0,0.0,0.6401075,0.06953007,0
0.5012211,0.6691089,0.0,1.0,0.20119618,0
0.0,0.0,0.0,0.9861488,0.113193505,0
0.0,0.0,0.0,0.79233915,0.07809352,0
0.0,0.0,0.0,1.0,0.28115156,0
0.5014252,0.66951704,0.0,1.0,0.16838267,0
0.0,0.0,0.0,1.0,0.101218395,0
0.46694377,0.6005542,0.0,0.64113736,0.08651998,0
0.0,0.0,0.0,1.0,0.074807614,0
1.0,1.0,0.0,1.0,0.1558732,0
0.47001657,0.6066998,0.0,1.0,0.20119618,0
0.0,0.0,0.0,1.0,0.2838443,0
0.0,0.0,0.0,1.0,0.24854434,0
0.0,0.0,0.0,1.0,0.080508195,0
0.5014252,0.66951704,0.0,0.61452305,0.08405388,0
0.0,0.0,0.0,1.0,0.20372179,0
0.46694377,0.6005542,0.0,1.0,0.11467671,0
0.0,0.0,0.0,1.0,0.22115098,0
1.0,1.0,0.0,1.0,0.18179382,0
0.47001657,0.6066998,0.0,0.9861488,0.113193505,0
0.5012211,0.6691089,0.0,1.0,0.2838443,0
0.0,0.0,0.0,1.0,0.1618197,0
0.0,0.0,0.0,1.0,0.36326477,0
0.5014252,0.66951704,0.0,1.0,0.27298972,0
0.0,0.0,0.0,1.0,0.2098577,0
0.46694377,0.6005542,0.0,1.0,0.17884913,0
0.0,0.0,0.0,1.0,0.17430377,0
1.0,1.0,0.0,0.78488064,0.092756756,0
0.47001657,0.6066998,0.0,0.79233915,0.07809352,0
0.5012211,0.6691089,0.0,1.0,0.24854434,0
0.0,0.0,0.0,1.0,0.1618197,0
0.0,0.0,0.0,1.0,0.32379153,0
0.5014252,0.66951704,0.0,1.0,0.19126639,0
0.0,0.0,0.0,1.0,0.06779732,0
0.46694377,0.6005542,0.0,1.0,0.14194843,0
0.0,0.0,0.0,1.0,0.15340509,0
1.0,1.0,0.0,1.0,0.23132564,0
0.47001657,0.6066998,0.0,1.0,0.28115156,0
0.5012211,0.6691089,0.0,1.0,0.080508195,0
0.0,0.0,0.0,1.0,0.36326477,0
0.0,0.0,0.0,1.0,0.32379153,0
0.5014252,0.66951704,0.0,1.0,0.14004195,0
0.0,0.0,0.0,1.0,0.27243176,0
0.46694377,0.6005542,0.0,1.0,0.19474271,0
0.0,0.0,0.0,0.84522563,0.06185884,0
1.0,1.0,0.0,1.0,0.10391843,0
0.47001657,0.6066998,0.0,1.0,0.16838267,0
0.5012211,0.6691089,0.0,0.61452305,0.08405388,0
0.0,0.0,0.0,1.0,0.27298972,0
0.0,0.0,0.0,1.0,0.19126639,0
0.0,0.0,0.0,1.0,0.14004195,0
0.0,0.0,0.0,1.0,0.13384561,0
0.46694377,0.6005542,0.0,1.0,0.09647579,0
0.0,0.0,0.0,1.0,0.13512823,0
1.0,1.0,0.0,1.0,0.06030022,0
0.47001657,0.6066998,0.0,1.0,0.101218395,0
0.5012211,0.6691089,0.0,1.0,0.20372179,0
0.0,0.0,0.0,1.0,0.2098577,0
0.0,0.0,0.0,1.0,0.06779732,0
0.0,0.0,0.0,1.0,0.27243176,0
0.5014252,0.66951704,0.0,1.0,0.13384561,0
0.46694377,0.6005542,0.0,1.0,0.117511205,0
0.0,0.0,0.0,1.0,0.043116983,0
1.0,1.0,0.0,0.29051992,0.05746601,2
0.47001657,0.6066998,0.0,0.64113736,0.08651998,0
0.5012211,0.6691089,0.0,1.0,0.11467671,0
0.0,0.0,0.0,1.0,0.17884913,0
0.0,0.0,0.0,1.0,0.14194843,0
0.0,0.0,0.0,1.0,0.19474271,0
0.5014252,0.66951704,0.0,1.0,0.09647579,0
0.0,0.0,0.0,1.0,0.117511205,0
0.4737513,0.6141693,0.0,1.0,0.08215059,0
0.47368136,0.61402935,0.0,1.0,0.12820561,0
0.5090582,0.684783,0.0,1.0,0.074807614,0
0.0,0.0,0.0,1.0,0.22115098,0
0.0,0.0,0.0,1.0,0.17430377,0
0.0,0.0,0.0,1.0,0.15340509,0
0.5014252,0.66951704,0.0,0.8453123,0.06185884,0
0.0,0.0,0.0,1.0,0.13512823,0
0.47247776,0.6116222,0.0,1.0,0.043116983,0
0.0,0.0,0.0,1.0,0.08215059,0
0.47368136,0.61402935,0.0,0.6394327,0.06953007,0
0.5090582,0.684783,0.0,1.0,0.1558732,0
0.0,0.0,0.0,1.0,0.18179382,0
0.0,0.0,0.0,0.783954,0.092756756,0
0.0,0.0,0.0,1.0,0.23132564,0
0.5014252,0.66951704,0.0,1.0,0.10391843,0
0.0,0.0,0.0,1.0,0.06030022,0
0.47247776,0.6116222,0.0,0.2899481,0.05746601,2
0.0,0.0,0.0,1.0,0.12820561,0
0.4737513,0.6141693,0.0,0.6394327,0.06953007,0
0.5090582,0.684783,0.0,1.0,0.20119618,0
0.0,0.0,0.0,0.98512805,0.113193505,0
0.0,0.0,0.0,0.7915586,0.07809352,0
0.0,0.0,0.0,1.0,0.28115156,0
0.5014252,0.66951704,0.0,1.0,0.16838267,0
0.0,0.0,0.0,1.0,0.101218395,0
0.47247776,0.6116222,0.0,0.6403822,0.08651998,0
0.0,0.0,0.0,1.0,0.074807614,0
0.4737513,0.6141693,0.0,1.0,0.1558732,0
0.47368136,0.61402935,0.0,1.0,0.20119618,0
0.0,0.0,0.0,1.0,0.2838443,0
0.0,0.0,0.0,1.0,0.24854434,0
0.0,0.0,0.0,1.0,0.080508195,0
0.5014252,0.66951704,0.0,0.6137546,0.08405388,0
0.0,0.0,0.0,1.0,0.20372179,0
0.47247776,0.6116222,0.0,1.0,0.11467671,0
0.0,0.0,0.0,1.0,0.22115098,0
0.4737513,0.6141693,0.0,1.0,0.18179382,0
0.47368136,0.61402935,0.0,0.98512805,0.113193505,0
0.5090582,0.684783,0.0,1.0,0.2838443,0
0.0,0.0,0.0,1.0,0.1618197,0
0.0,0.0,0.0,1.0,0.36326477,0
0.5014252,0.66951704,0.0,1.0,0.27298972,0
0.0,0.0,0.0,1.0,0.2098577,0
0.47247776,0.6116222,0.0,1.0,0.17884913,0
0.0,0.0,0.0,1.0,0.17430377,0
0.4737513,0.6141693,0.0,0.783954,0.092756756,0
0.47368136,0.61402935,0.0,0.7915586,0.07809352,0
0.5090582,0.684783,0.0,1.0,0.24854434,0
0.0,0.0,0.0,1.0,0.1618197,0
0.0,0.0,0.0,1.0,0.32379153,0
0.5014252,0.66951704,0.0,1.0,0.19126639,0
0.0,0.0,0.0,1.0,0.06779732,0
0.47247776,0.6116222,0.0,1.0,0.14194843,0
0.0,0.0,0.0,1.0,0.15340509,0
0.4737513,0.6141693,0.0,1.0,0.23132564,0
0.47368136,0.61402935,0.0,1.0,0.28115156,0
0.5090582,0.684783,0.0,1.0,0.080508195,0
0.0,0.0,0.0,1.0,0.36326477,0
0.0,0.0,0.0,1.0,0.32379153,0
0.5014252,0.66951704,0.0,1.0,0.14004195,0
0.0,0.0,0.0,1.0,0.27243176,0
0.47247776,0.6116222,0.0,1.0,0.19474271,0
0.0,0.0,0.0,0.8453123,0.06185884,0
0.4737513,0.6141693,0.0,1.0,0.10391843,0
0.47368136,0.61402935,0.0,1.0,0.16838267,0
0.5090582,0.684783,0.0,0.6137546,0.08405388,0
0.0,0.0,0.0,1.0,0.27298972,0
0.0,0.0,0.0,1.0,0.19126639,0
0.0,0.0,0.0,1.0,0.14004195,0
0.0,0.0,0.0,1.0,0.13384561,0
0.47247776,0.6116222,0.0,1.0,0.09647579,0
0.0,0.0,0.0,1.0,0.13512823,0
0.4737513,0.6141693,0.0,1.0,0.06030022,0
0.47368136,0.61402935,0.0,1.0,0.101218395,0
0.5090582,0.684783,0.0,1.0,0.20372179,0
0.0,0.0,0.0,1.0,0.2098577,0
0.0,0.0,0.0,1.0,0.06779732,0
0.0,0.0,0.0,1.0,0.27243176,0
0.5014252,0.66951704,0.0,1.0,0.13384561,0
0.47247776,0.6116222,0.0,1.0,0.117511205,0
0.0,0.0,0.0,1.0,0.043116983,0
0.4737513,0.6141693,0.0,0.2899481,0.05746601,2
0.47368136,0.61402935,0.0,0.6403822,0.08651998,0
0.5090582,0.684783,0.0,1.0,0.11467671,0
0.0,0.0,0.0,1.0,0.17884913,0
0.0,0.0,0.0,1.0,0.14194843,0
0.0,0.0,0.0,1.0,0.19474271,0
0.5014252,0.66951704,0.0,1.0,0.09647579,0
0.0,0.0,0.0,1.0,0.117511205,0
0.4737513,0.6141693,0.0,1.0,0.08215059,0
0.47368136,0.61402935,0.0,1.0,0.12820561,0
0.5090582,0.684783,0.0,1.0,0.074807614,0
0.0,0.0,0.0,1.0,0.22115098,0
0.0,0.0,0.0,1.0,0.17430377,0
0.0,0.0,0.0,1.0,0.15340509,0
0.5014252,0.66951704,0.0,0.84539944,0.06185884,0
0.0,0.0,0.0,1.0,0.13512823,0
0.47247776,0.6116222,0.0,1.0,0.043116983,0
0.0,0.0,0.0,1.0,0.08215059,0
0.47368136,0.61402935,0.0,0.638758,0.06953007,0
0.5090582,0.684783,0.0,1.0,0.1558732,0
0.0,0.0,0.0,1.0,0.18179382,0
0.0,0.0,0.0,0.7830274,0.092756756,0
0.0,0.0,0.0,1.0,0.23132564,0
0.5014252,0.66951704,0.0,1.0,0.10391843,0
0.0,0.0,0.0,1.0,0.06030022,0
0.47247776,0.6116222,0.0,0.28937632,0.05746601,2
0.0,0.0,0.0,1.0,0.12820561,0
0.4737513,0.6141693,0.0,0.638758,0.06953007,0
0.5090582,0.684783,0.0,1.0,0.20119618,0
0.0,0.0,0.0,0.9841075,0.113193505,0
0.0,0.0,0.0,0.79077804,0.07809352,0
0.0,0.0,0.0,1.0,0.28115156,0
0.5014252,0.66951704,0.0,1.0,0.16838267,0
0.0,0.0,0.0,1.0,0.101218395,0
0.47247776,0.6116222,0.0,0.6396272,0.08651998,0
0.0,0.0,0.0,1.0,0.074807614,0
0.4737513,0.6141693,0.0,1.0,0.1558732,0
0.47368136,0.61402935,0.0,1.0,0.20119618,0
0.0,0.0,0.0,1.0,0.2838443,0
0.0,0.0,0.0,1.0,0.24854434,0
0.0,0.0,0.0,1.0,0.080508195,0
0.5014252,0.66951704,0.0,0.61298627,0.08405388,0
0.0,0.0,0.0,1.0,0.20372179,0
0.47247776,0.6116222,0.0,1.0,0.11467671,0
0.0,0.0,0.0,1.0,0.22115098,0
0.4737513,0.6141693,0.0,1.0,0.18179382,0
0.47368136,0.61402935,0.0,0.9841075,0.113193505,0
0.5090582,0.684783,0.0,1.0,0.2838443,0
0.0,0.0,0.0,1.0,0.1618197,0
0.0,0.0,0.0,1.0,0.36326477,0
0.5014252,0.66951704,0.0,1.0,0.27298972,0
0.0,0.0,0.0,1.0,0.2098577,0
0.47247776,0.6116222,0.0,1.0,0.17884913,0
0.0,0.0,0.0,1.0,0.17430377,0
0.4737513,0.6141693,0.0,0.7830274,0.092756756,0
0.47368136,0.61402935,0.0,0.79077804,0.07809352,0
0.5090582,0.684783,0.0,1.0,0.24854434,0
0.0,0.0,0.0,1.0,0.1618197,0
0.0,0.0,0.0,1.0,0.32379153,0
0.5014252,0.66951704,0.0,1.0,0.19126639,0
0.0,0.0,0.0,1.0,0.06779732,0
0.47247776,0.6116222,0.0,1.0,0.14194843,0
0.0,0.0,0.0,1.0,0.15340509,0
0.4737513,0.6141693,0.0,1.0,0.23132564,0
0.47368136,0.61402935,0.0,1.0,0.28115156,0
0.5090582,0.684783,0.0,1.0,0.080508195,0
0.0,0.0,0.0,1.0,0.36326477,0
0.0,0.0,0.0,1.0,0.32379153,0
0.5014252,0.66951704,0.0,1.0,0.14004195,0
0.0,0.0,0.0,1.0,0.27243176,0
0.47247776,0.6116222,0.0,1.0,0.19474271,0
0.0,0.0,0.0,0.84539944,0.06185884,0
0.4737513,0.6141693,0.0,1.0,0.10391843,0
0.47368136,0.61402935,0.0,1.0,0.16838267,0
0.5090582,0.684783,0.0,0.61298627,0.08405388,0
0.0,0.0,0.0,1.0,0.27298972,0
0.0,0.0,0.0,1.0,0.19126639,0
0.0,0.0,0.0,1.0,0.14004195,0
0.0,0.0,0.0,1.0,0.13384561,0
0.47247776,0.6116222,0.0,1.0,0.09647579,0
0.0,0.0,0.0,1.0,0.13512823,0
0.4737513,0.6141693,0.0,1.0,0.06030022,0
0.47368136,0.61402935,0.0,1.0,0.101218395,0
0.5090582,0.684783,0.0,1.0,0.20372179,0
0.0,0.0,0.0,1.0,0.2098577,0
0.0,0.0,0.0,1.0,0.06779732,0
0.0,0.0,0.0,1.0,0.27243176,0
0.5014252,0.66951704,0.0,1.0,0.13384561,0
0.47247776,0.6116222,0.0,1.0,0.117511205,0
0.0,0.0,0.0,1.0,0.043116983,0
0.4737513,0.6141693,0.0,0.28937632,0.05746601,2
0.47368136,0.61402935,0.0,0.6396272,0.08651998,0
0.5090582,0.684783,0.0,1.0,0.11467671,0
0.0,0.0,0.0,1.0,0.17884913,0
0.0,0.0,0.0,1.0,0.14194843,0
0.0,0.0,0.0,1.0,0.19474271,0
0.5014252,0.66951704,0.0,1.0,0.09647579,0
0.0,0.0,0.0,1.0,0.117511205,0
0.4737513,0.6141693,0.0,1.0,0.08215059,0
0.47368136,0.61402935,0.0,1.0,0.12820561,0
0.51184803,0.69036275,0.0,1.0,0.074807614,0
0.0,0.0,0.0,1.0,0.22115098,0
0.0,0.0,0.0,1.0,0.17430377,0
0.0,0.0,0.0,1.0,0.15340509,0
0.51190853,0.6904838,0.0,0.84548706,0.06185884,0
0.0,0.0,0.0,1.0,0.13512823,0
0.47247776,0.6116222,0.0,1.0,0.043116983,0
0.0,0.0,0.0,1.0,0.08215059,0
0.47368136,0.61402935,0.0,0.6380833,0.06953007,0
0.51184803,0.69036275,0.0,1.0,0.1558732,0
0.0,0.0,0.0,1.0,0.18179382,0
0.0,0.0,0.0,0.7821008,0.092756756,0
0.0,0.0,0.0,1.0,0.23132564,0
0.51190853,0.6904838,0.0,1.0,0.10391843,0
0.0,0.0,0.0,1.0,0.06030022,0
0.47247776,0.6116222,0.0,0.28880456,0.05746601,2
0.0,0.0,0.0,1.0,0.12820561,0
0.4737513,0.6141693,0.0,0.6380833,0.06953007,0
0.51184803,0.69036275,0.0,1.0,0.20119618,0
0.0,0.0,0.0,0.9830872,0.113193505,0
0.0,0.0,0.0,0.78999746,0.07809352,0
0.0,0.0,0.0,1.0,0.28115156,0
0.51190853,0.6904838,0.0,1.0,0.16838267,0
0.0,0.0,0.0,1.0,0.101218395,0
0.47247776,0.6116222,0.0,0.63887256,0.08651998,0
0.0,0.0,0.0,1.0,0.074807614,0
0.4737513,0.6141693,0.0,1.0,0.1558732,0
0.47368136,0.61402935,0.0,1.0,0.20119618,0
0.0,0.0,0.0,1.0,0.2838443,0
0.0,0.0,0.0,1.0,0.24854434,0
0.0,0.0,0.0,1.0,0.080508195,0
0.51190853,0.6904838,0.0,0.61221814,0.08405388,0
0.0,0.0,0.0,1.0,0.20372179,0
0.47247776,0.6116222,0.0,1.0,0.11467671,0
0.0,0.0,0.0,1.0,0.22115098,0
0.4737513,0.6141693,0.0,1.0,0.18179382,0
0.47368136,0.61402935,0.0,0.9830872,0.113193505,0
0.51184803,0.69036275,0.0,1.0,0.2838443,0
0.0,0.0,0.0,1.0,0.1618197,0
0.0,0.0,0.0,1.0,0.36326477,0
0.51190853,0.6904838,0.0,1.0,0.27298972,0
0.0,0.0,0.0,1.0,0.2098577,0
0.47247776,0.6116222,0.0,1.0,0.17884913,0
0.0,0.0,0.0,1.0,0.17430377,0
0.4737513,0.6141693,0.0,0.7821008,0.092756756,0
0.47368136,0.61402935,0.0,0.78999746,0.07809352,0
0.51184803,0.69036275,0.0,1.0,0.24854434,0
0.0,0.0,0.0,1.0,0.1618197,0
0.0,0.0,0.0,1.0,0.32379153,0
0.51190853,0.6904838,0.0,1.0,0.19126639,0
0.0,0.0,0.0,1.0,0.06779732,0
0.47247776,0.6116222,0.0,1.0,0.14194843,0
0.0,0.0,0.0,1.0,0.15340509,0
0.4737513,0.6141693,0.0,1.0,0.23132564,0
0.47368136,0.61402935,0.0,1.0,0.28115156,0
0.51184803,0.69036275,0.0,1.0,0.080508195,0
0.0,0.0,0.0,1.0,0.36326477,0
0.0,0.0,0.0,1.0,0.32379153,0
0.51190853,0.6904838,0.0,1.0,0.14004195,0
0.0,0.0,0.0,1.0,0.27243176,0
0.47247776,0.6116222,0.0,1.0,0.19474271,0
0.0,0.0,0.0,0.84548706,0.06185884,0
0.4737513,0.6141693,0.0,1.0,0.10391843,0
0.47368136,0.61402935,0.0,1.0,0.16838267,0
0.51184803,0.69036275,0.0,0.61221814,0.08405388,0
0.0,0.0,0.0,1.0,0.27298972,0
0.0,0.0,0.0,1.0,0.19126639,0
0.0,0.0,0.0,1.0,0.14004195,0
0.0,0.0,0.0,1.0,0.13384561,0
0.47247776,0.6116222,0.0,1.0,0.09647579,0
0.0,0.0,0.0,1.0,0.13512823,0
0.4737513,0.6141693,0.0,1.0,0.06030022,0
0.47368136,0.61402935,0.0,1.0,0.101218395,0
0.51184803,0.69036275,0.0,1.0,0.20372179,0
0.0,0.0,0.0,1.0,0.2098577,0
0.0,0.0,0.0,1.0,0.06779732,0
0.0,0.0,0.0,1.0,0.27243176,0
0.51190853,0.6904838,0.0,1.0,0.13384561,0
0.47247776,0.6116222,0.0,1.0,0.117511205,0
0.0,0.0,0.0,1.0,0.043116983,0
0.4737513,0.6141693,0.0,0.28880456,0.05746601,2
0.47368136,0.61402935,0.0,0.63887256,0.08651998,0
0.51184803,0.69036275,0.0,1.0,0.11467671,0
0.0,0.0,0.0,1.0,0.17884913,0
0.0,0.0,0.0,1.0,0.14194843,0
0.0,0.0,0.0,1.0,0.19474271,0
0.51190853,0.6904838,0.0,1.0,0.09647579,0
0.0,0.0,0.0,1.0,0.117511205,0
0.4737513,0.6141693,0.0,1.0,0.08215059,0
0.47368136,0.61402935,0.0,1.0,0.12820561,0
0.51184803,0.69036275,0.0,1.0,0.074807614,0
0.0,0.0,0.0,1.0,0.22115098,0
0.0,0.0,0.0,1.0,0.17430377,0
0.0,0.0,0.0,1.0,0.15340509,0
0.51190853,0.6904838,0.0,0.8455751,0.06185884,0
0.0,0.0,0.0,1.0,0.13512823,0
0.47247776,0.6116222,0.0,1.0,0.043116983,0
0.0,0.0,0.0,1.0,0.08215059,0
0.47368136,0.61402935,0.0,0.6374086,0.06953007,0
0.51184803,0.69036275,0.0,1.0,0.1558732,0
0.0,0.0,0.0,1.0,0.18179382,0
0.0,0.0,0.0,0.7811742,0.092756756,0
0.0,0.0,0.0,1.0,0.23132564,0
0.51190853,0.6904838,0.0,1.0,0.10391843,0
0.0,0.0,0.0,1.0,0.06030022,0
0.47247776,0.6116222,0.0,0.28823277,0.05746601,2
0.0,0.0,0.0,1.0,0.12820561,0
0.4737513,0.6141693,0.0,0.6374086,0.06953007,0
0.51184803,0.69036275,0.0,1.0,0.20119618,0
0.0,0.0,0.0,0.9820671,0.113193505,0
0.0,0.0,0.0,0.78921694,0.07809352,0
0.0,0.0,0.0,1.0,0.28115156,0
0.51190853,0.6904838,0.0,1.0,0.16838267,0
0.0,0.0,0.0,1.0,0.101218395,0
0.47247776,0.6116222,0.0,0.6381182,0.08651998,0
0.0,0.0,0.0,1.0,0.074807614,0
0.4737513,0.6141693,0.0,1.0,0.1558732,0
0.47368136,0.61402935,0.0,1.0,0.20119618,0
0.0,0.0,0.0,1.0,0.2838443,0
0.0,0.0,0.0,1.0,0.24854434,0
0.0,0.0,0.0,1.0,0.080508195,0
0.51190853,0.6904838,0.0,0.6114502,0.08405388,0
0.0,0.0,0.0,1.0,0.20372179,0
0.47247776,0.6116222,0.0,1.0,0.11467671,0
0.0,0.0,0.0,1.0,0.22115098,0
0.4737513,0.6141693,0.0,1.0,0.18179382,0
0.47368136,0.61402935,0.0,0.9820671,0.113193505,0
0.51184803,0.69036275,0.0,1.0,0.2838443,0
0.0,0.0,0.0,1.0,0.1618197,0
0.0,0.0,0.0,1.0,0.36326477,0
0.51190853,0.6904838,0.0,1.0,0.27298972,0
0.0,0.0,0.0,1.0,0.2098577,0
0.47247776,0.6116222,0.0,1.0,0.17884913,0
0.0,0.0,0.0,1.0,0.17430377,0
0.4737513,0.6141693,0.0,0.7811742,0.092756756,0
0.47368136,0.61402935,0.0,0.78921694,0.07809352,0
0.51184803,0.69036275,0.0,1.0,0.24854434,0
0.0,0.0,0.0,1.0,0.1618197,0
0.0,0.0,0.0,1.0,0.32379153,0
0.51190853,0.6904838,0.0,1.0,0.19126639,0
0.0,0.0,0.0,1.0,0.06779732,0
0.47247776,0.6116222,0.0,1.0,0.14194843,0
0.0,0.0,0.0,1.0,0.15340509,0
0.4737513,0.6141693,0.0,1.0,0.23132564,0
0.47368136,0.61402935,0.0,1.0,0.28115156,0
0.51184803,0.69036275,0.0,1.0,0.080508195,0
0.0,0.0,0.0,1.0,0.36326477,0
0.0,0.0,0.0,1.0,0.32379153,0
0.51190853,0.6904838,0.0,1.0,0.14004195,0
0.0,0.0,0.0,1.0,0.27243176,0
0.47247776,0.6116222,0.0,1.0,0.19474271,0
0.0,0.0,0.0,0.8455751,0.06185884,0
0.4737513,0.6141693,0.0,1.0,0.10391843,0
0.47368136,0.61402935,0.0,1.0,0.16838267,0
0.51184803,0.69036275,0.0,0.6114502,0.08405388,0
0.0,0.0,0.0,1.0,0.27298972,0
0.0,0.0,0.0,1.0,0.19126639,0
0.0,0.0,0.0,1.0,0.14004195,0
0.0,0.0,0.0,1.0,0.13384561,0
0.47247776,0.6116222,0.0,1.0,0.09647579,0
0.0,0.0,0.0,1.0,0.13512823,0
0.4737513,0.6141693,0.0,1.0,0.06030022,0
0.47368136,0.61402935,0.0,1.0,0.101218395,0
0.51184803,0.69036275,0.0,1.0,0.20372179,0
0.0,0.0,0.0,1.0,0.2098577,0
0.0,0.0,0.0,1.0,0.06779732,0
0.0,0.0,0.0,1.0,0.27243176,0
0.51190853,0.6904838,0.0,1.0,0.13384561,0
0.47247776,0.6116222,0.0,1.0,0.117511205,0
0.0,0.0,0.0,1.0,0.043116983,0
0.4737513,0.6141693,0.0,0.28823277,0.05746601,2
0.47368136,0.61402935,0.0,0.6381182,0.08651998,0
0.51184803,0.69036275,0.0,1.0,0.11467671,0
0.0,0.0,0.0,1.0,0.17884913,0
0.0,0.0,0.0,1.0,0.14194843,0
0.0,0.0,0.0,1.0,0.19474271,0
0.51190853,0.6904838,0.0,1.0,0.09647579,0
0.0,0.0,0.0,1.0,0.117511205,0
0.4772499,0.6211664,0.0,1.0,0.08215059,0
0.47725877,0.6211842,0.0,1.0,0.12820561,0
0.51184803,0.69036275,0.0,1.0,0.074807614,0
0.0,0.0,0.0,1.0,0.22115098,0
0.0,0.0,0.0,1.0,0.17430377,0
0.0,0.0,0.0,1.0,0.15340509,0
0.51190853,0.6904838,0.0,0.84566355,0.06185884,0
0.0,0.0,0.0,1.0,0.13512823,0
1.0,1.0,0.0,1.0,0.043116983,0
0.0,0.0,0.0,1.0,0.08215059,0
0.47725877,0.6211842,0.0,0.636734,0.06953007,0
0.51184803,0.69036275,0.0,1.0,0.1558732,0
0.0,0.0,0.0,1.0,0.18179382,0
0.0,0.0,0.0,0.78024757,0.092756756,0
0.0,0.0,0.0,1.0,0.23132564,0
0.51190853,0.6904838,0.0,1.0,0.10391843,0
0.0,0.0,0.0,1.0,0.06030022,0
1.0,1.0,0.0,0.28766102,0.05746601,2
0.0,0.0,0.0,1.0,0.12820561,0
0.4772499,0.6211664,0.0,0.636734,0.06953007,0
0.51184803,0.69036275,0.0,1.0,0.20119618,0
0.0,0.0,0.0,0.98104733,0.113193505,0
0.0,0.0,0.0,0.78843635,0.07809352,0
0.0,0.0,0.0,1.0,0.28115156,0
0.51190853,0.6904838,0.0,1.0,0.16838267,0
0.0,0.0,0.0,1.0,0.101218395,0
1.0,1.0,0.0,0.6373641,0.08651998,0
0.0,0.0,0.0,1.0,0.074807614,0
0.4772499,0.6211664,0.0,1.0,0.1558732,0
0.47725877,0.6211842,0.0,1.0,0.20119618,0
0.0,0.0,0.0,1.0,0.2838443,0
0.0,0.0,0.0,1.0,0.24854434,0
0.0,0.0,0.0,1.0,0.080508195,0
0.51190853,0.6904838,0.0,0.6106824,0.08405388,0
0.0,0.0,0.0,1.0,0.20372179,0
1.0,1.0,0.0,1.0,0.11467671,0
0.0,0.0,0.0,1.0,0.22115098,0
0.4772499,0.6211664,0.0,1.0,0.18179382,0
0.47725877,0.6211842,0.0,0.98104733,0.113193505,0
0.51184803,0.69036275,0.0,1.0,0.2838443,0
0.0,0.0,0.0,1.0,0.1618197,0
0.0,0.0,0.0,1.0,0.36326477,0
0.51190853,0.6904838,0.0,1.0,0.27298972,0
0.0,0.0,0.0,1.0,0.2098577,0
1.0,1.0,0.0,1.0,0.17884913,0
0.0,0.0,0.0,1.0,0.17430377,0
0.4772499,0.6211664,0.0,0.78024757,0.092756756,0
0.47725877,0.6211842,0.0,0.78843635,0.07809352,0
0.51184803,0.69036275,0.0,1.0,0.24854434,0
0.0,0.0,0.0,1.0,0.1618197,0
0.0,0.0,0.0,1.0,0.32379153,0
0.51190853,0.6904838,0.0,1.0,0.19126639,0
0.0,0.0,0.0,1.0,0.06779732,0
1.0,1.0,0.0,1.0,0.14194843,0
0.0,0.0,0.0,1.0,0.15340509,0
0.4772499,0.6211664,0.0,1.0,0.23132564,0
0.47725877,0.6211842,0.0,1.0,0.28115156,0
0.51184803,0.69036275,0.0,1.0,0.080508195,0
0.0,0.0,0.0,1.0,0.36326477,0
0.0,0.0,0.0,1.0,0.32379153,0
0.51190853,0.6904838,0.0,1.0,0.14004195,0
0.0,0.0,0.0,1.0,0.27243176,0
1.0,1.0,0.0,1.0,0.19474271,0
0.0,0.0,0.0,0.84566355,0.06185884,0
0.4772499,0.6211664,0.0,1.0,0.10391843,0
0.47725877,0.6211842,0.0,1.0,0.16838267,0
0.51184803,0.69036275,0.0,0.6106824,0.08405388,0
0.0,0.0,0.0,1.0,0.27298972,0
0.0,0.0,0.0,1.0,0.19126639,0
0.0,0.0,0.0,1.0,0.14004195,0
0.0,0.0,0.0,1.0,0.13384561,0
1.0,1.0,0.0,1.0,0.09647579,0
0.0,0.0,0.0,1.0,0.13512823,0
0.4772499,0.6211664,0.0,1.0,0.06030022,0
0.47725877,0.6211842,0.0,1.0,0.101218395,0
0.51184803,0.69036275,0.0,1.0,0.20372179,0
0.0,0.0,0.0,1.0,0.2098577,0
0.0,0.0,0.0,1.0,0.06779732,0
0.0,0.0,0.0,1.0,0.27243176,0
0.51190853,0.6904838,0.0,1.0,0.13384561,0
1.0,1.0,0.0,1.0,0.117511205,0
0.0,0.0,0.0,1.0,0.043116983,0
0.4772499,0.6211664,0.0,0.28766102,0.05746601,2
0.47725877,0.6211842,0.0,0.6373641,0.08651998,0
0.51184803,0.69036275,0.0,1.0,0.11467671,0
0.0,0.0,0.0,1.0,0.17884913,0
0.0,0.0,0.0,1.0,0.14194843,0
0.0,0.0,0.0,1.0,0.19474271,0
0.51190853,0.6904838,0.0,1.0,0.09647579,0
0.0,0.0,0.0,1.0,0.117511205,0
0.4772499,0.6211664,0.0,1.0,0.08215059,0
0.47725877,0.6211842,0.0,1.0,0.12820561,0
0.51184803,0.69036275,0.0,1.0,0.074807614,0
0.0,0.0,0.0,1.0,0.22115098,0
0.0,0.0,0.0,1.0,0.17430377,0
0.0,0.0,0.0,1.0,0.15340509,0
0.51190853,0.6904838,0.0,0.8457525,0.06185884,0
0.0,0.0,0.0,1.0,0.13512823,0
1.0,1.0,0.0,1.0,0.043116983,0
0.0,0.0,0.0,1.0,0.08215059,0
0.47725877,0.6211842,0.0,0.63605946,0.06953007,0
0.51184803,0.69036275,0.0,1.0,0.1558732,0
0.0,0.0,0.0,1.0,0.18179382,0
0.0,0.0,0.0,0.779321,0.092756756,0
0.0,0.0,0.0,1.0,0.23132564,0
0.51190853,0.6904838,0.0,1.0,0.10391843,0
0.0,0.0,0.0,1.0,0.06030022,0
1.0,1.0,0.0,0.2870893,0.05746601,2
0.0,0.0,0.0,1.0,0.12820561,0
0.4772499,0.6211664,0.0,0.63605946,0.06953007,0
0.51184803,0.69036275,0.0,1.0,0.20119618,0
0.0,0.0,0.0,0.9800278,0.113193505,0
0.0,0.0,0.0,0.78765583,0.07809352,0
0.0,0.0,0.0,1.0,0.28115156,0
0.51190853,0.6904838,0.0,1.0,0.16838267,0
0.0,0.0,0.0,1.0,0.101218395,0
1.0,1.0,0.0,0.6366103,0.08651998,0
0.0,0.0,0.0,1.0,0.074807614,0
0.4772499,0.6211664,0.0,1.0,0.1558732,0
0.47725877,0.6211842,0.0,1.0,0.20119618,0
0.0,0.0,0.0,1.0,0.2838443,0
0.0,0.0,0.0,1.0,0.24854434,0
0.0,0.0,0.0,1.0,0.080508195,0
0.51190853,0.6904838,0.0,0.6099149,0.08405388,0
0.0,0.0,0.0,1.0,0.20372179,0
1.0,1.0,0.0,1.0,0.11467671,0
0.0,0.0,0.0,1.0,0.22115098,0
0.4772499,0.6211664,0.0,1.0,0.18179382,0
0.47725877,0.6211842,0.0,0.9800278,0.113193505,0
0.51184803,0.69036275,0.0,1.0,0.2838443,0
0.0,0.0,0.0,1.0,0.1618197,0
0.0,0.0,0.0,1.0,0.36326477,0
0.51190853,0.6904838,0.0,1.0,0.27298972,0
0.0,0.0,0.0,1.0,0.2098577,0
1.0,1.0,0.0,1.0,0.17884913,0
0.0,0.0,0.0,1.0,0.17430377,0
0.4772499,0.6211664,0.0,0.779321,0.092756756,0
0.47725877,0.6211842,0.0,0.78765583,0.07809352,0
0.51184803,0.69036275,0.0,1.0,0.24854434,0
0.0,0.0,0.0,1.0,0.1618197,0
0.0,0.0,0.0,1.0,0.32379153,0
0.51190853,0.6904838,0.0,1.0,0.19126639,0
0.0,0.0,0.0,1.0,0.06779732,0
1.0,1.0,0.0,1.0,0.14194843,0
0.0,0.0,0.0,1.0,0.15340509,0
0.4772499,0.6211664,0.0,1.0,0.23132564,0
0.47725877,0.6211842,0.0,1.0,0.28115156,0
0.51184803,0.69036275,0.0,1.0,0.080508195,0
0.0,0.0,0.0,1.0,0.36326477,0
0.0,0.0,0.0,1.0,0.32379153,0
0.51190853,0.6904838,0.0,1.0,0.14004195,0
0.0,0.0,0.0,1.0,0.27243176,0
1.0,1.0,0.0,1.0,0.19474271,0
0.0,0.0,0.0,0.8457525,0.06185884,0
0.4772499,0.6211664,0.0,1.0,0.10391843,0
0.47725877,0.6211842,0.0,1.0,0.16838267,0
0.51184803,0.69036275,0.0,0.6099149,0.08405388,0
0.0,0.0,0.0,1.0,0.27298972,0
0.0,0.0,0.0,1.0,0.19126639,0
0.0,0.0,0.0,1.0,0.14004195,0
0.0,0.0,0.0,1.0,0.13384561,0
1.0,1.0,0.0,1.0,0.09647579,0
0.0,0.0,0.0,1.0,0.13512823,0
0.4772499,0.6211664,0.0,1.0,0.06030022,0
0.47725877,0.6211842,0.0,1.0,0.101218395,0
0.51184803,0.69036275,0.0,1.0,0.20372179,0
0.0,0.0,0.0,1.0,0.2098577,0
0.0,0.0,0.0,1.0,0.06779732,0
0.0,0.0,0.0,1.0,0.27243176,0
0.51190853,0.6904838,0.0,1.0,0.13384561,0
1.0,1.0,0.0,1.0,0.117511205,0
0.0,0.0,0.0,1.0,0.043116983,0
0.4772499,0.6211664,0.0,0.2870893,0.05746601,2
0.47725877,0.6211842,0.0,0.6366103,0.08651998,0
0.51184803,0.69036275,0.0,1.0,0.11467671,0
0.0,0.0,0.0,1.0,0.17884913,0
0.0,0.0,0.0,1.0,0.14194843,0
0.0,0.0,0.0,1.0,0.19474271,0
0.51190853,0.6904838,0.0,1.0,0.09647579,0
0.0,0.0,0.0,1.0,0.117511205,0
0.4772499,0.6211664,0.0,1.0,0.08215059,0
0.47725877,0.6211842,0.0,1.0,0.12820561,0
0.5165042,0.6996751,0.0,1.0,0.074807614,0
0.0,0.0,0.0,1.0,0.22115098,0
0.0,0.0,0.0,1.0,0.17430377,0
0.0,0.0,0.0,1.0,0.15340509,0
0.51651824,0.69970316,0.0,0.8458418,0.06185884,0
0.0,0.0,0.0,1.0,0.13512823,0
1.0,1.0,0.0,1.0,0.043116983,0
0.0,0.0,0.0,1.0,0.08215059,0
0.47725877,0.6211842,0.0,0.635385,0.06953007,0
0.5165042,0.6996751,0.0,1.0,0.1558732,0
0.0,0.0,0.0,1.0,0.18179382,0
0.0,0.0,0.0,0.7783944,0.092756756,0
0.0,0.0,0.0,1.0,0.23132564,0
0.51651824,0.69970316,0.0,1.0,0.10391843,0
0.0,0.0,0.0,1.0,0.06030022,0
1.0,1.0,0.0,0.28651756,0.05746601,2
0.0,0.0,0.0,1.0,0.12820561,0
0.4772499,0.6211664,0.0,0.635385,0.06953007,0
0.5165042,0.6996751,0.0,1.0,0.20119618,0
0.0,0.0,0.0,0.97900844,0.113193505,0
0.0,0.0,0.0,0.78687525,0.07809352,0
0.0,0.0,0.0,1.0,0.28115156,0
0.51651824,0.69970316,0.0,1.0,0.16838267,0
0.0,0.0,0.0,1.0,0.101218395,0
1.0,1.0,0.0,0.6358568,0.08651998,0
0.0,0.0,0.0,1.0,0.074807614,0
0.4772499,0.6211664,0.0,1.0,0.1558732,0
0.47725877,0.6211842,0.0,1.0,0.20119618,0
0.0,0.0,0.0,1.0,0.2838443,0
0.0,0.0,0.0,1.0,0.24854434,0
0.0,0.0,0.0,1.0,0.080508195,0
0.51651824,0.69970316,0.0,0.60914755,0.08405388,0
0.0,0.0,0.0,1.0,0.20372179,0
1.0,1.0,0.0,1.0,0.11467671,0
0.0,0.0,0.0,1.0,0.22115098,0
0.4772499,0.6211664,0.0,1.0,0.18179382,0
0.47725877,0.6211842,0.0,0.97900844,0.113193505,0
0.5165042,0.6996751,0.0,1.0,0.2838443,0
0.0,0.0,0.0,1.0,0.1618197,0
0.0,0.0,0.0,1.0,0.36326477,0
0.51651824,0.69970316,0.0,1.0,0.27298972,0
0.0,0.0,0.0,1.0,0.2098577,0
1.0,1.0,0.0,1.0,0.17884913,0
0.0,0.0,0.0,1.0,0.17430377,0
0.4772499,0.6211664,0.0,0.7783944,0.092756756,0
0.47725877,0.6211842,0.0,0.78687525,0.07809352,0
0.5165042,0.6996751,0.0,1.0,0.24854434,0
0.0,0.0,0.0,1.0,0.1618197,0
0.0,0.0,0.0,1.0,0.32379153,0
0.51651824,0.69970316,0.0,1.0,0.19126639,0
0.0,0.0,0.0,1.0,0.06779732,0
1.0,1.0,0.0,1.0,0.14194843,0
0.0,0.0,0.0,1.0,0.15340509,0
0.4772499,0.6211664,0.0,1.0,0.23132564,0
0.47725877,0.6211842,0.0,1.0,0.28115156,0
0.5165042,0.6996751,0.0,1.0,0.080508195,0
0.0,0.0,0.0,1.0,0.36326477,0
0.0,0.0,0.0,1.0,0.32379153,0
0.51651824,0.69970316,0.0,1.0,0.14004195,0
0.0,0.0,0.0,1.0,0.27243176,0
1.0,1.0,0.0,1.0,0.19474271,0
0.0,0.0,0.0,0.8458418,0.06185884,0
0.4772499,0.6211664,0.0,1.0,0.10391843,0
0.47725877,0.6211842,0.0,1.0,0.16838267,0
0.5165042,0.6996751,0.0,0.60914755,0.08405388,0
0.0,0.0,0.0,1.0,0.27298972,0
0.0,0.0,0.0,1.0,0.19126639,0
0.0,0.0,0.0,1.0,0.14004195,0
0.0,0.0,0.0,1.0,0.13384561,0
1.0,1.0,0.0,1.0,0.09647579,0
0.0,0.0,0.0,1.0,0.13512823,0
0.4772499,0.6211664,0.0,1.0,0.06030022,0
0.47725877,0.6211842,0.0,1.0,0.101218395,0
0.5165042,0.6996751,0.0,1.0,0.20372179,0
0.0,0.0,0.0,1.0,0.2098577,0
0.0,0.0,0.0,1.0,0.06779732,0
0.0,0.0,0.0,1.0,0.27243176,0
0.51651824,0.69970316,0.0,1.0,0.13384561,0
1.0,1.0,0.0,1.0,0.117511205,0
0.0,0.0,0.0,1.0,0.043116983,0
0.4772499,0.6211664,0.0,0.28651756,0.05746601,2
0.47725877,0.6211842,0.0,0.6358568,0.08651998,0
0.5165042,0.6996751,0.0,1.0,0.11467671,0
0.0,0.0,0.0,1.0,0.17884913,0
0.0,0.0,0.0,1.0,0.14194843,0
0.0,0.0,0.0,1.0,0.19474271,0
0.51651824,0.69970316,0.0,1.0,0.09647579,0
0.0,0.0,0.0,1.0,0.117511205,0
0.4772499,0.6211664,0.0,1.0,0.08215059,0
0.47725877,0.6211842,0.0,1.0,0.12820561,0
0.5165042,0.6996751,0.0,1.0,0.074807614,0
0.0,0.0,0.0,1.0,0.22115098,0
0.0,0.0,0.0,1.0,0.17430377,0
0.0,0.0,0.0,1.0,0.15340509,0
0.51651824,0.69970316,0.0,0.84593165,0.06185884,0
0.0,0.0,0.0,1.0,0.13512823,0
1.0,1.0,0.0,1.0,0.043116983,0
0.0,0.0,0.0,1.0,0.08215059,0
0.47725877,0.6211842,0.0,0.6347105,0.06953007,0
0.5165042,0.6996751,0.0,1.0,0.1558732,0
0.0,0.0,0.0,1.0,0.18179382,0
0.0,0.0,0.0,0.7774678,0.092756756,0
0.0,0.0,0.0,1.0,0.23132564,0
0.51651824,0.69970316,0.0,1.0,0.10391843,0
0.0,0.0,0.0,1.0,0.06030022,0
1.0,1.0,0.0,0.28594583,0.05746601,2
0.0,0.0,0.0,1.0,0.12820561,0
0.4772499,0.6211664,0.0,0.6347105,0.06953007,0
0.5165042,0.6996751,0.0,1.0,0.20119618,0
0.0,0.0,0.0,0.9779894,0.113193505,0
0.0,0.0,0.0,0.7860947,0.07809352,0
0.0,0.0,0.0,1.0,0.28115156,0
0.51651824,0.69970316,0.0,1.0,0.16838267,0
0.0,0.0,0.0,1.0,0.101218395,0
1.0,1.0,0.0,0.6351035,0.08651998,0
0.0,0.0,0.0,1.0,0.074807614,0
0.4772499,0.6211664,0.0,1.0,0.1558732,0
0.47725877,0.6211842,0.0,1.0,0.20119618,0
0.0,0.0,0.0,1.0,0.2838443,0
0.0,0.0,0.0,1.0,0.24854434,0
0.0,0.0,0.0,1.0,0.080508195,0
0.51651824,0.69970316,0.0,0.6083804,0.08405388,0
0.0,0.0,0.0,1.0,0.20372179,0
1.0,1.0,0.0,1.0,0.11467671,0
0.0,0.0,0.0,1.0,0.22115098,0
0.4772499,0.6211664,0.0,1.0,0.18179382,0
0.47725877,0.6211842,0.0,0.9779894,0.113193505,0
0.5165042,0.6996751,0.0,1.0,0.2838443,0
0.0,0.0,0.0,1.0,0.1618197,0
0.0,0.0,0.0,1.0,0.36326477,0
0.51651824,0.69970316,0.0,1.0,0.27298972,0
0.0,0.0,0.0,1.0,0.2098577,0
1.0,1.0,0.0,1.0,0.17884913,0
0.0,0.0,0.0,1.0,0.17430377,0
0.4772499,0.6211664,0.0,0.7774678,0.092756756,0
0.47725877,0.6211842,0.0,0.7860947,0.07809352,0
0.5165042,0.6996751,0.0,1.0,0.24854434,0
0.0,0.0,0.0,1.0,0.1618197,0
0.0,0.0,0.0,1.0,0.32379153,0
0.51651824,0.69970316,0.0,1.0,0.19126639,0
0.0,0.0,0.0,1.0,0.06779732,0
1.0,1.0,0.0,1.0,0.14194843,0
0.0,0.0,0.0,1.0,0.15340509,0
0.4772499,0.6211664,0.0,1.0,0.23132564,0
0.47725877,0.6211842,0.0,1.0,0.28115156,0
0.5165042,0.6996751,0.0,1.0,0.080508195,0
0.0,0.0,0.0,1.0,0.36326477,0
0.0,0.0,0.0,1.0,0.32379153,0
0.51651824,0.69970316,0.0,1.0,0.14004195,0
0.0,0.0,0.0,1.0,0.27243176,0
1.0,1.0,0.0,1.0,0.19474271,0
0.0,0.0,0.0,0.84593165,0.06185884,0
0.4772499,0.6211664,0.0,1.0,0.10391843,0
0.47725877,0.6211842,0.0,1.0,0.16838267,0
0.5165042,0.6996751,0.0,0.6083804,0.08405388,0
0.0,0.0,0.0,1.0,0.27298972,0
0.0,0.0,0.0,1.0,0.19126639,0
0.0,0.0,0.0,1.0,0.14004195,0
0.0,0.0,0.0,1.0,0.13384561,0
1.0,1.0,0.0,1.0,0.09647579,0
0.0,0.0,0.0,1.0,0.13512823,0
0.4772499,0.6211664,0.0,1.0,0.06030022,0
0.47725877,0.6211842,0.0,1.0,0.101218395,0
0.5165042,0.6996751,0.0,1.0,0.20372179,0
0.0,0.0,0.0,1.0,0.2098577,0
0.0,0.0,0.0,1.0,0.06779732,0
0.0,0.0,0.0,1.0,0.27243176,0
0.51651824,0.69970316,0.0,1.0,0.13384561,0
1.0,1.0,0.0,1.0,0.117511205,0
0.0,0.0,0.0,1.0,0.043116983,0
0.4772499,0.6211664,0.0,0.28594583,0.05746601,2
0.47725877,0.6211842,0.0,0.6351035,0.08651998,0
0.5165042,0.6996751,0.0,1.0,0.11467671,0
0.0,0.0,0.0,1.0,0.17884913,0
0.0,0.0,0.0,1.0,0.14194843,0
0.0,0.0,0.0,1.0,0.19474271,0
0.51651824,0.69970316,0.0,1.0,0.09647579,0
0.0,0.0,0.0,1.0,0.117511205,0
0.4772499,0.6211664,0.0,1.0,0.08215059,0
0.47725877,0.6211842,0.0,1.0,0.12820561,0
0.5165042,0.6996751,0.0,1.0,0.074807614,0
0.0,0.0,0.0,1.0,0.22115098,0
0.0,0.0,0.0,1.0,0.17430377,0
0.0,0.0,0.0,1.0,0.15340509,0
0.51651824,0.69970316,0.0,0.8460219,0.06185884,0
0.0,0.0,0.0,1.0,0.13512823,0
1.0,1.0,0.0,1.0,0.043116983,0
0.0,0.0,0.0,1.0,0.08215059,0
0.47725877,0.6211842,0.0,0.63403606,0.06953007,0
0.5165042,0.6996751,0.0,1.0,0.1558732,0
0.0,0.0,0.0,1.0,0.18179382,0
0.0,0.0,0.0,0.7765412,0.092756756,0
0.0,0.0,0.0,1.0,0.23132564,0
0.51651824,0.69970316,0.0,1.0,0.10391843,0
0.0,0.0,0.0,1.0,0.06030022,0
1.0,1.0,0.0,0.28537413,0.05746601,2
0.0,0.0,0.0,1.0,0.12820561,0
0.4772499,0.6211664,0.0,0.63403606,0.06953007,0
0.5165042,0.6996751,0.0,1.0,0.20119618,0
0.0,0.0,0.0,0.97697055,0.113193505,0
0.0,0.0,0.0,0.78531414,0.07809352,0
0.0,0.0,0.0,1.0,0.28115156,0
0.51651824,0.69970316,0.0,1.0,0.16838267,0
0.0,0.0,0.0,1.0,0.101218395,0
1.0,1.0,0.0,0.6343506,0.08651998,0
0.0,0.0,0.0,1.0,0.074807614,0
0.4772499,0.6211664,0.0,1.0,0.1558732,0
0.47725877,0.6211842,0.0,1.0,0.20119618,0
0.0,0.0,0.0,1.0,0.2838443,0
0.0,0.0,0.0,1.0,0.24854434,0
0.0,0.0,0.0,1.0,0.080508195,0
0.51651824,0.69970316,0.0,0.6076134,0.08405388,0
0.0,0.0,0.0,1.0,0.20372179,0
1.0,1.0,0.0,1.0,0.11467671,0
0.0,0.0,0.0,1.0,0.22115098,0
0.4772499,0.6211664,0.0,1.0,0.18179382,0
0.47725877,0.6211842,0.0,0.97697055,0.113193505,0
0.5165042,0.6996751,0.0,1.0,0.2838443,0
0.0,0.0,0.0,1.0,0.1618197,0
0.0,0.0,0.0,1.0,0.36326477,0
0.51651824,0.69970316,0.0,1.0,0.27298972,0
0.0,0.0,0.0,1.0,0.2098577,0
1.0,1.0,0.0,1.0,0.17884913,0
0.0,0.0,0.0,1.0,0.17430377,0
0.4772499,0.6211664,0.0,0.7765412,0.092756756,0
0.47725877,0.6211842,0.0,0.78531414,0.07809352,0
0.5165042,0.6996751,0.0,1.0,0.24854434,0
0.0,0.0,0.0,1.0,0.1618197,0
0.0,0.0,0.0,1.0,0.32379153,0
0.51651824,0.69970316,0.0,1.0,0.19126639,0
0.0,0.0,0.0,1.0,0.06779732,0
1.0,1.0,0.0,1.0,0.14194843,0
0.0,0.0,0.0,1.0,0.15340509,0
0.4772499,0.6211664,0.0,1.0,0.23132564,0
0.47725877,0.6211842,0.0,1.0,0.28115156,0
0.5165042,0.6996751,0.0,1.0,0.080508195,0
0.0,0.0,0.0,1.0,0.36326477,0
0.0,0.0,0.0,1.0,0.32379153,0
0.51651824,0.69970316,0.0,1.0,0.14004195,0
0.0,0.0,0.0,1.0,0.27243176,0
1.0,1.0,0.0,1.0,0.19474271,0
0.0,0.0,0.0,0.8460219,0.06185884,0
0.4772499,0.6211664,0.0,1.0,0.10391843,0
0.47725877,0.6211842,0.0,1.0,0.16838267,0
0.5165042,0.6996751,0.0,0.6076134,0.08405388,0
0.0,0.0,0.0,1.0,0.27298972,0
0.0,0.0,0.0,1.0,0.19126639,0
0.0,0.0,0.0,1.0,0.14004195,0
0.0,0.0,0.0,1.0,0.13384561,0
1.0,1.0,0.0,1.0,0.09647579,0
0.0,0.0,0.0,1.0,0.13512823,0
0.4772499,0.6211664,0.0,1.0,0.06030022,0
0.47725877,0.6211842,0.0,1.0,0.101218395,0
0.5165042,0.6996751,0.0,1.0,0.20372179,0
0.0,0.0,0.0,1.0,0.2098577,0
0.0,0.0,0.0,1.0,0.06779732,0
0.0,0.0,0.0,1.0,0.27243176,0
0.51651824,0.69970316,0.0,1.0,0.13384561,0
1.0,1.0,0.0,1.0,0.117511205,0
0.0,0.0,0.0,1.0,0.043116983,0
0.4772499,0.6211664,0.0,0.28537413,0.05746601,2
0.47725877,0.6211842,0.0,0.6343506,0.08651998,0
0.5165042,0.6996751,0.0,1.0,0.11467671,0
0.0,0.0,0.0,1.0,0.17884913,0
0.0,0.0,0.0,1.0,0.14194843,0
0.0,0.0,0.0,1.0,0.19474271,0
0.51651824,0.69970316,0.0,1.0,0.09647579,0
0.0,0.0,0.0,1.0,0.117511205,0
0.4772499,0.6211664,0.0,1.0,0.08215059,0
0.47725877,0.6211842,0.0,1.0,0.12820561,0
0.5165042,0.6996751,0.0,1.0,0.074807614,0
0.0,0.0,0.0,1.0,0.22115098,0
0.0,0.0,0.0,1.0,0.17430377,0
0.0,0.0,0.0,1.0,0.15340509,0
0.51651824,0.69970316,0.0,0.8461126,0.06185884,0
0.0,0.0,0.0,1.0,0.13512823,0
1.0,1.0,0.0,1.0,0.043116983,0
0.0,0.0,0.0,1.0,0.08215059,0
0.47725877,0.6211842,0.0,0.6333617,0.06953007,0
0.5165042,0.6996751,0.0,1.0,0.1558732,0
0.0,0.0,0.0,1.0,0.18179382,0
0.0,0.0,0.0,0.7756146,0.092756756,0
0.0,0.0,0.0,1.0,0.23132564,0
0.51651824,0.69970316,0.0,1.0,0.10391843,0
0.0,0.0,0.0,1.0,0.06030022,0
1.0,1.0,0.0,0.28480244,0.05746601,2
0.0,0.0,0.0,1.0,0.12820561,0
0.4772499,0.6211664,0.0,0.6333617,0.06953007,0
0.5165042,0.6996751,0.0,1.0,0.20119618,0
0.0,0.0,0.0,0.975952,0.113193505,0
0.0,0.0,0.0,0.7845336,0.07809352,0
0.0,0.0,0.0,1.0,0.28115156,0
0.51651824,0.69970316,0.0,1.0,0.16838267,0
0.0,0.0,0.0,1.0,0.101218395,0
1.0,1.0,0.0,0.6335979,0.08651998,0
0.0,0.0,0.0,1.0,0.074807614,0
0.4772499,0.6211664,0.0,1.0,0.1558732,0
0.47725877,0.6211842,0.0,1.0,0.20119618,0
0.0,0.0,0.0,1.0,0.2838443,0
0.0,0.0,0.0,1.0,0.24854434,0
0.0,0.0,0.0,1.0,0.080508195,0
0.51651824,0.69970316,0.0,0.60684663,0.08405388,0
0.0,0.0,0.0,1.0,0.20372179,0
1.0,1.0,0.0,1.0,0.11467671,0
0.0,0.0,0.0,1.0,0.22115098,0
0.4772499,0.6211664,0.0,1.0,0.18179382,0
0.47725877,0.6211842,0.0,0.975952,0.113193505,0
0.5165042,0.6996751,0.0,1.0,0.2838443,0
0.0,0.0,0.0,1.0,0.1618197,0
0.0,0.0,0.0,1.0,0.36326477,0
0.51651824,0.69970316,0.0,1.0,0.27298972,0
0.0,0.0,0.0,1.0,0.2098577,0
1.0,1.0,0.0,1.0,0.17884913,0
0.0,0.0,0.0,1.0,0.17430377,0
0.4772499,0.6211664,0.0,0.7756146,0.092756756,0
0.47725877,0.6211842,0.0,0.7845336,0.07809352,0
0.5165042,0.6996751,0.0,1.0,0.24854434,0
0.0,0.0,0.0,1.0,0.1618197,0
0.0,0.0,0.0,1.0,0.32379153,0
0.51651824,0.69970316,0.0,1.0,0.19126639,0
0.0,0.0,0.0,1.0,0.06779732,0
1.0,1.0,0.0,1.0,0.14194843,0
0.0,0.0,0.0,1.0,0.15340509,0
0.4772499,0.6211664,0.0,1.0,0.23132564,0
0.47725877,0.6211842,0.0,1.0,0.28115156,0
0.5165042,0.6996751,0.0,1.0,0.080508195,0
0.0,0.0,0.0,1.0,0.36326477,0
0.0,0.0,0.0,1.0,0.32379153,0
0.51651824,0.69970316,0.0,1.0,0.14004195,0
0.0,0.0,0.0,1.0,0.27243176,0
1.0,1.0,0.0,1.0,0.19474271,0
0.0,0.0,0.0,0.8461126,0.06185884,0
0.4772499,0.6211664,0.0,1.0,0.10391843,0
0.47725877,0.6211842,0.0,1.0,0.16838267,0
0.5165042,0.6996751,0.0,0.60684663,0.08405388,0
0.0,0.0,0.0,1.0,0.27298972,0
0.0,0.0,0.0,1.0,0.19126639,0
0.0,0.0,0.0,1.0,0.14004195,0
0.0,0.0,0.0,1.0,0.13384561,0
1.0,1.0,0.0,1.0,0.09647579,0
0.0,0.0,0.0,1.0,0.13512823,0
0.4772499,0.6211664,0.0,1.0,0.06030022,0
0.47725877,0.6211842,0.0,1.0,0.101218395,0
0.5165042,0.6996751,0.0,1.0,0.20372179,0
0.0,0.0,0.0,1.0,0.2098577,0
0.0,0.0,0.0,1.0,0.06779732,0
0.0,0.0,0.0,1.0,0.27243176,0
0.51651824,0.69970316,0.0,1.0,0.13384561,0
1.0,1.0,0.0,1.0,0.117511205,0
0.0,0.0,0.0,1.0,0.043116983,0
0.4772499,0.6211664,0.0,0.28480244,0.05746601,2
0.47725877,0.6211842,0.0,0.6335979,0.08651998,0
0.5165042,0.6996751,0.0,1.0,0.11467671,0
0.0,0.0,0.0,1.0,0.17884913,0
0.0,0.0,0.0,1.0,0.14194843,0
0.0,0.0,0.0,1.0,0.19474271,0
0.51651824,0.69970316,0.0,1.0,0.09647579,0
0.0,0.0,0.0,1.0,0.117511205,0
0.4823131,0.6312929,0.0,1.0,0.08215059,0
0.48233125,0.6313292,0.0,1.0,0.12820561,0
0.5165042,0.6996751,0.0,1.0,0.074807614,0
0.0,0.0,0.0,1.0,0.22115098,0
0.0,0.0,0.0,1.0,0.17430377,0
0.0,0.0,0.0,1.0,0.15340509,0
0.51651824,0.69970316,0.0,0.84620374,0.06185884,0
0.0,0.0,0.0,1.0,0.13512823,0
1.0,1.0,0.0,1.0,0.043116983,0
0.0,0.0,0.0,1.0,0.08215059,0
0.48233125,0.6313292,0.0,0.63268733,0.06953007,0
0.5165042,0.6996751,0.0,1.0,0.1558732,0
0.0,0.0,0.0,1.0,0.18179382,0
0.0,0.0,0.0,0.774688,0.092756756,0
0.0,0.0,0.0,1.0,0.23132564,0
0.51651824,0.69970316,0.0,1.0,0.10391843,0
0.0,0.0,0.0,1.0,0.06030022,0
1.0,1.0,0.0,0.28423074,0.05746601,2
0.0,0.0,0.0,1.0,0.12820561,0
0.4823131,0.6312929,0.0,0.63268733,0.06953007,0
0.5165042,0.6996751,0.0,1.0,0.20119618,0
0.0,0.0,0.0,0.9749337,0.113193505,0
0.0,0.0,0.0,0.78375304,0.07809352,0
0.0,0.0,0.0,1.0,0.28115156,0
0.51651824,0.69970316,0.0,1.0,0.16838267,0
0.0,0.0,0.0,1.0,0.101218395,0
1.0,1.0,0.0,0.6328455,0.08651998,0
0.0,0.0,0.0,1.0,0.074807614,0
0.4823131,0.6312929,0.0,1.0,0.1558732,0
0.48233125,0.6313292,0.0,1.0,0.20119618,0
0.0,0.0,0.0,1.0,0.2838443,0
0.0,0.0,0.0,1.0,0.24854434,0
0.0,0.0,0.0,1.0,0.080508195,0
0.51651824,0.69970316,0.0,0.60608006,0.08405388,0
0.0,0.0,0.0,1.0,0.20372179,0
1.0,1.0,0.0,1.0,0.11467671,0
0.0,0.0,0.0,1.0,0.22115098,0
0.4823131,0.6312929,0.0,1.0,0.18179382,0
0.48233125,0.6313292,0.0,0.9749337,0.113193505,0
0.5165042,0.6996751,0.0,1.0,0.2838443,0
0.0,0.0,0.0,1.0,0.1618197,0
0.0,0.0,0.0,1.0,0.36326477,0
0.51651824,0.69970316,0.0,1.0,0.27298972,0
0.0,0.0,0.0,1.0,0.2098577,0
1.0,1.0,0.0,1.0,0.17884913,0
0.0,0.0,0.0,1.0,0.17430377,0
0.4823131,0.6312929,0.0,0.774688,0.092756756,0
0.48233125,0.6313292,0.0,0.78375304,0.07809352,0
0.5165042,0.6996751,0.0,1.0,0.24854434,0
0.0,0.0,0.0,1.0,0.1618197,0
0.0,0.0,0.0,1.0,0.32379153,0
0.51651824,0.69970316,0.0,1.0,0.19126639,0
0.0,0.0,0.0,1.0,0.06779732,0
1.0,1.0,0.0,1.0,0.14194843,0
0.0,0.0,0.0,1.0,0.15340509,0
0.4823131,0.6312929,0.0,1.0,0.23132564,0
0.48233125,0.6313292,0.0,1.0,0.28115156,0
0.5165042,0.6996751,0.0,1.0,0.080508195,0
0.0,0.0,0.0,1.0,0.36326477,0
0.0,0.0,0.0,1.0,0.32379153,0
0.51651824,0.69970316,0.0,1.0,0.14004195,0
0.0,0.0,0.0,1.0,0.27243176,0
1.0,1.0,0.0,1.0,0.19474271,0
0.0,0.0,0.0,0.84620374,0.06185884,0
0.4823131,0.6312929,0.0,1.0,0.10391843,0
0.48233125,0.6313292,0.0,1.0,0.16838267,0
0.5165042,0.6996751,0.0,0.60608006,0.08405388,0
0.0,0.0,0.0,1.0,0.27298972,0
0.0,0.0,0.0,1.0,0.19126639,0
0.0,0.0,0.0,1.0,0.14004195,0
0.0,0.0,0.0,1.0,0.13384561,0
1.0,1.0,0.0,1.0,0.09647579,0
0.0,0.0,0.0,1.0,0.13512823,0
0.4823131,0.6312929,0.0,1.0,0.06030022,0
0.48233125,0.6313292,0.0,1.0,0.101218395,0
0.5165042,0.6996751,0.0,1.0,0.20372179,0
0.0,0.0,0.0,1.0,0.2098577,0
0.0,0.0,0.0,1.0,0.06779732,0
0.0,0.0,0.0,1.0,0.27243176,0
0.51651824,0.69970316,0.0,1.0,0.13384561,0
1.0,1.0,0.0,1.0,0.117511205,0
0.0,0.0,0.0,1.0,0.043116983,0
0.4823131,0.6312929,0.0,0.28423074,0.05746601,2
0.48233125,0.6313292,0.0,0.6328455,0.08651998,0
0.5165042,0.6996751,0.0,1.0,0.11467671,0
0.0,0.0,0.0,1.0,0.17884913,0
0.0,0.0,0.0,1.0,0.14194843,0
0.0,0.0,0.0,1.0,0.19474271,0
0.51651824,0.69970316,0.0,1.0,0.09647579,0
0.0,0.0,0.0,1.0,0.117511205,0
0.4823131,0.6312929,0.0,1.0,0.08215059,0
0.48233125,0.6313292,0.0,1.0,0.12820561,0
0.5165042,0.6996751,0.0,1.0,0.074807614,0
0.0,0.0,0.0,1.0,0.22115098,0
0.0,0.0,0.0,1.0,0.17430377,0
0.0,0.0,0.0,1.0,0.15340509,0
0.51651824,0.69970316,0.0,0.8462953,0.06185884,0
0.0,0.0,0.0,1.0,0.13512823,0
1.0,1.0,0.0,1.0,0.043116983,0
0.0,0.0,0.0,1.0,0.08215059,0
0.48233125,0.6313292,0.0,0.632013,0.06953007,0
0.5165042,0.6996751,0.0,1.0,0.1558732,0
0.0,0.0,0.0,1.0,0.18179382,0
0.0,0.0,0.0,0.77376145,0.092756756,0
0.0,0.0,0.0,1.0,0.23132564,0
0.51651824,0.69970316,0.0,1.0,0.10391843,0
0.0,0.0,0.0,1.0,0.06030022,0
1.0,1.0,0.0,0.28365907,0.05746601,2
0.0,0.0,0.0,1.0,0.12820561,0
0.4823131,0.6312929,0.0,0.632013,0.06953007,0
0.5165042,0.6996751,0.0,1.0,0.20119618,0
0.0,0.0,0.0,0.97391564,0.113193505,0
0.0,0.0,0.0,0.7829725,0.07809352,0
0.0,0.0,0.0,1.0,0.28115156,0
0.51651824,0.69970316,0.0,1.0,0.16838267,0
0.0,0.0,0.0,1.0,0.101218395,0
1.0,1.0,0.0,0.6320934,0.08651998,0
0.0,0.0,0.0,1.0,0.074807614,0
0.4823131,0.6312929,0.0,1.0,0.1558732,0
0.48233125,0.6313292,0.0,1.0,0.20119618,0
0.0,0.0,0.0,1.0,0.2838443,0
0.0,0.0,0.0,1.0,0.24854434,0
0.0,0.0,0.0,1.0,0.080508195,0
0.51651824,0.69970316,0.0,0.60531366,0.08405388,0
0.0,0.0,0.0,1.0,0.20372179,0
1.0,1.0,0.0,1.0,0.11467671,0
0.0,0.0,0.0,1.0,0.22115098,0
0.4823131,0.6312929,0.0,1.0,0.18179382,0
0.48233125,0.6313292,0.0,0.97391564,0.113193505,0
0.5165042,0.6996751,0.0,1.0,0.2838443,0
0.0,0.0,0.0,1.0,0.1618197,0
0.0,0.0,0.0,1.0,0.36326477,0
0.51651824,0.69970316,0.0,1.0,0.27298972,0
0.0,0.0,0.0,1.0,0.2098577,0
1.0,1.0,0.0,1.0,0.17884913,0
0.0,0.0,0.0,1.0,0.17430377,0
0.4823131,0.6312929,0.0,0.77376145,0.092756756,0
0.48233125,0.6313292,0.0,0.7829725,0.07809352,0
0.5165042,0.6996751,0.0,1.0,0.24854434,0
0.0,0.0,0.0,1.0,0.1618197,0
0.0,0.0,0.0,1.0,0.32379153,0
0.51651824,0.69970316,0.0,1.0,0.19126639,0
0.0,0.0,0.0,1.0,0.06779732,0
1.0,1.0,0.0,1.0,0.14194843,0
0.0,0.0,0.0,1.0,0.15340509,0
0.4823131,0.6312929,0.0,1.0,0.23132564,0
0.48233125,0.6313292,0.0,1.0,0.28115156,0
0.5165042,0.6996751,0.0,1.0,0.080508195,0
0.0,0.0,0.0,1.0,0.36326477,0
0.0,0.0,0.0,1.0,0.32379153,0
0.51651824,0.69970316,0.0,1.0,0.14004195,0
0.0,0.0,0.0,1.0,0.27243176,0
1.0,1.0,0.0,1.0,0.19474271,0
0.0,0.0,0.0,0.8462953,0.06185884,0
0.4823131,0.6312929,0.0,1.0,0.10391843,0
0.48233125,0.6313292,0.0,1.0,0.16838267,0
0.5165042,0.6996751,0.0,0.60531366,0.08405388,0
0.0,0.0,0.0,1.0,0.27298972,0
0.0,0.0,0.0,1.0,0.19126639,0
0.0,0.0,0.0,1.0,0.14004195,0
0.0,0.0,0.0,1.0,0.13384561,0
1.0,1.0,0.0,1.0,0.09647579,0
0.0,0.0,0.0,1.0,0.13512823,0
0.4823131,0.6312929,0.0,1.0,0.06030022,0
0.48233125,0.6313292,0.0,1.0,0.101218395,0
0.5165042,0.6996751,0.0,1.0,0.20372179,0
0.0,0.0,0.0,1.0,0.2098577,0
0.0,0.0,0.0,1.0,0.06779732,0
0.0,0.0,0.0,1.0,0.27243176,0
0.51651824,0.69970316,0.0,1.0,0.13384561,0
1.0,1.0,0.0,1.0,0.117511205,0
0.0,0.0,0.0,1.0,0.043116983,0
0.4823131,0.6312929,0.0,0.28365907,0.05746601,2
0.48233125,0.6313292,0.0,0.6320934,0.08651998,0
0.5165042,0.6996751,0.0,1.0,0.11467671,0
0.0,0.0,0.0,1.0,0.17884913,0
0.0,0.0,0.0,1.0,0.14194843,0
0.0,0.0,0.0,1.0,0.19474271,0
0.51651824,0.69970316,0.0,1.0,0.09647579,0
0.0,0.0,0.0,1.0,0.117511205,0
0.4823131,0.6312929,0.0,1.0,0.08215059,0
0.48233125,0.6313292,0.0,1.0,0.12820561,0
0.52327025,0.7132072,0.0,1.0,0.074807614,0
0.0,0.0,0.0,1.0,0.22115098,0
0.0,0.0,0.0,1.0,0.17430377,0
0.0,0.0,0.0,1.0,0.15340509,0
0.52329683,0.71326035,0.0,0.8463873,0.06185884,0
0.0,0.0,0.0,1.0,0.13512823,0
1.0,1.0,0.0,1.0,0.043116983,0
0.0,0.0,0.0,1.0,0.08215059,0
0.48233125,0.6313292,0.0,0.6313388,0.06953007,0
0.52327025,0.7132072,0.0,1.0,0.1558732,0
0.0,0.0,0.0,1.0,0.18179382,0
0.0,0.0,0.0,0.77283484,0.092756756,0
0.0,0.0,0.0,1.0,0.23132564,0
0.52329683,0.71326035,0.0,1.0,0.10391843,0
0.0,0.0,0.0,1.0,0.06030022,0
1.0,1.0,0.0,0.2830874,0.05746601,2
0.0,0.0,0.0,1.0,0.12820561,0
0.4823131,0.6312929,0.0,0.6313388,0.06953007,0
0.52327025,0.7132072,0.0,1.0,0.20119618,0
0.0,0.0,0.0,0.9728978,0.113193505,0
0.0,0.0,0.0,0.78219193,0.07809352,0
0.0,0.0,0.0,1.0,0.28115156,0
0.52329683,0.71326035,0.0,1.0,0.16838267,0
0.0,0.0,0.0,1.0,0.101218395,0
1.0,1.0,0.0,0.63134164,0.08651998,0
0.0,0.0,0.0,1.0,0.074807614,0
0.4823131,0.6312929,0.0,1.0,0.1558732,0
0.48233125,0.6313292,0.0,1.0,0.20119618,0
0.0,0.0,0.0,1.0,0.2838443,0
0.0,0.0,0.0,1.0,0.24854434,0
0.0,0.0,0.0,1.0,0.080508195,0
0.52329683,0.71326035,0.0,0.60454744,0.08405388,0
0.0,0.0,0.0,1.0,0.20372179,0
1.0,1.0,0.0,1.0,0.11467671,0
0.0,0.0,0.0,1.0,0.22115098,0
0.4823131,0.6312929,0.0,1.0,0.18179382,0
0.48233125,0.6313292,0.0,0.9728978,0.113193505,0
0.52327025,0.7132072,0.0,1.0,0.2838443,0
0.0,0.0,0.0,1.0,0.1618197,0
0.0,0.0,0.0,1.0,0.36326477,0
0.52329683,0.71326035,0.0,1.0,0.27298972,0
0.0,0.0,0.0,1.0,0.2098577,0
1.0,1.0,0.0,1.0,0.17884913,0
0.0,0.0,0.0,1.0,0.17430377,0
0.4823131,0.6312929,0.0,0.77283484,0.092756756,0
0.48233125,0.6313292,0.0,0.78219193,0.07809352,0
0.52327025,0.7132072,0.0,1.0,0.24854434,0
0.0,0.0,0.0,1.0,0.1618197,0
0.0,0.0,0.0,1.0,0.32379153,0
0.52329683,0.71326035,0.0,1.0,0.19126639,0
0.0,0.0,0.0,1.0,0.06779732,0
1.0,1.0,0.0,1.0,0.14194843,0
0.0,0.0,0.0,1.0,0.15340509,0
0.4823131,0.6312929,0.0,1.0,0.23132564,0
0.48233125,0.6313292,0.0,1.0,0.28115156,0
0.52327025,0.7132072,0.0,1.0,0.080508195,0
0.0,0.0,0.0,1.0,0.36326477,0
0.0,0.0,0.0,1.0,0.32379153,0
0.52329683,0.71326035,0.0,1.0,0.14004195,0
0.0,0.0,0.0,1.0,0.27243176,0
1.0,1.0,0.0,1.0,0.19474271,0
0.0,0.0,0.0,0.8463873,0.06185884,0
0.4823131,0.6312929,0.0,1.0,0.10391843,0
0.48233125,0.6313292,0.0,1.0,0.16838267,0
0.52327025,0.7132072,0.0,0.60454744,0.08405388,0
0.0,0.0,0.0,1.0,0.27298972,0
0.0,0.0,0.0,1.0,0.19126639,0
0.0,0.0,0.0,1.0,0.14004195,0
0.0,0.0,0.0,1.0,0.13384561,0
1.0,1.0,0.0,1.0,0.09647579,0
0.0,0.0,0.0,1.0,0.13512823,0
0.4823131,0.6312929,0.0,1.0,0.06030022,0
0.48233125,0.6313292,0.0,1.0,0.101218395,0
0.52327025,0.7132072,0.0,1.0,0.20372179,0
0.0,0.0,0.0,1.0,0.2098577,0
0.0,0.0,0.0,1.0,0.06779732,0
0.0,0.0,0.0,1.0,0.27243176,0
0.52329683,0.71326035,0.0,1.0,0.13384561,0
1.0,1.0,0.0,1.0,0.117511205,0
0.0,0.0,0.0,1.0,0.043116983,0
0.4823131,0.6312929,0.0,0.2830874,0.05746601,2
0.48233125,0.6313292,0.0,0.63134164,0.08651998,0
0.52327025,0.7132072,0.0,1.0,0.11467671,0
0.0,0.0,0.0,1.0,0.17884913,0
0.0,0.0,0.0,1.0,0.14194843,0
0.0,0.0,0.0,1.0,0.19474271,0
0.52329683,0.71326035,0.0,1.0,0.09647579,0
0.0,0.0,0.0,1.0,0.117511205,0
0.4823131,0.6312929,0.0,1.0,0.08215059,0
0.48233125,0.6313292,0.0,1.0,0.12820561,0
0.52327025,0.7132072,0.0,1.0,0.074807614,0
0.0,0.0,0.0,1.0,0.22115098,0
0.0,0.0,0.0,1.0,0.17430377,0
0.0,0.0,0.0,1.0,0.15340509,0
0.52329683,0.71326035,0.0,0.8464798,0.06185884,0
0.0,0.0,0.0,1.0,0.13512823,0
1.0,1.0,0.0,1.0,0.043116983,0
0.0,0.0,0.0,1.0,0.08215059,0
0.48233125,0.6313292,0.0,0.6306646,0.06953007,0
0.52327025,0.7132072,0.0,1.0,0.1558732,0
0.0,0.0,0.0,1.0,0.18179382,0
0.0,0.0,0.0,0.7719083,0.092756756,0
0.0,0.0,0.0,1.0,0.23132564,0
0.52329683,0.71326035,0.0,1.0,0.10391843,0
0.0,0.0,0.0,1.0,0.06030022,0
1.0,1.0,0.0,0.28251576,0.05746601,2
0.0,0.0,0.0,1.0,0.12820561,0
0.4823131,0.6312929,0.0,0.6306646,0.06953007,0
0.52327025,0.7132072,0.0,1.0,0.20119618,0
0.0,0.0,0.0,0.97188026,0.113193505,0
0.0,0.0,0.0,0.7814114,0.07809352,0
0.0,0.0,0.0,1.0,0.28115156,0
0.52329683,0.71326035,0.0,1.0,0.16838267,0
0.0,0.0,0.0,1.0,0.101218395,0
1.0,1.0,0.0,0.63059014,0.08651998,0
0.0,0.0,0.0,1.0,0.074807614,0
0.4823131,0.6312929,0.0,1.0,0.1558732,0
0.48233125,0.6313292,0.0,1.0,0.20119618,0
0.0,0.0,0.0,1.0,0.2838443,0
0.0,0.0,0.0,1.0,0.24854434,0
0.0,0.0,0.0,1.0,0.080508195,0
0.52329683,0.71326035,0.0,0.60378146,0.08405388,0
0.0,0.0,0.0,1.0,0.20372179,0
1.0,1.0,0.0,1.0,0.11467671,0
0.0,0.0,0.0,1.0,0.22115098,0
0.4823131,0.6312929,0.0,1.0,0.18179382,0
0.48233125,0.6313292,0.0,0.97188026,0.113193505,0
0.52327025,0.7132072,0.0,1.0,0.2838443,0
0.0,0.0,0.0,1.0,0.1618197,0
0.0,0.0,0.0,1.0,0.36326477,0
0.52329683,0.71326035,0.0,1.0,0.27298972,0
0.0,0.0,0.0,1.0,0.2098577,0
1.0,1.0,0.0,1.0,0.17884913,0
0.0,0.0,0.0,1.0,0.17430377,0
0.4823131,0.6312929,0.0,0.7719083,0.092756756,0
0.48233125,0.6313292,0.0,0.7814114,0.07809352,0
0.52327025,0.7132072,0.0,1.0,0.24854434,0
0.0,0.0,0.0,1.0,0.1618197,0
0.0,0.0,0.0,1.0,0.32379153,0
0.52329683,0.71326035,0.0,1.0,0.19126639,0
0.0,0.0,0.0,1.0,0.06779732,0
1.0,1.0,0.0,1.0,0.14194843,0
0.0,0.0,0.0,1.0,0.15340509,0
0.4823131,0.6312929,0.0,1.0,0.23132564,0
0.48233125,0.6313292,0.0,1.0,0.28115156,0
0.52327025,0.7132072,0.0,1.0,0.080508195,0
0.0,0.0,0.0,1.0,0.36326477,0
0.0,0.0,0.0,1.0,0.32379153,0
0.52329683,0.71326035,0.0,1.0,0.14004195,0
0.0,0.0,0.0,1.0,0.27243176,0
1.0,1.0,0.0,1.0,0.19474271,0
0.0,0.0,0.0,0.8464798,0.06185884,0
0.4823131,0.6312929,0.0,1.0,0.10391843,0
0.48233125,0.6313292,0.0,1.0,0.16838267,0
0.52327025,0.7132072,0.0,0.60378146,0.08405388,0
0.0,0.0,0.0,1.0,0.27298972,0
0.0,0.0,0.0,1.0,0.19126639,0
0.0,0.0,0.0,1.0,0.14004195,0
0.0,0.0,0.0,1.0,0.13384561,0
1.0,1.0,0.0,1.0,0.09647579,0
0.0,0.0,0.0,1.0,0.13512823,0
0.4823131,0.6312929,0.0,1.0,0.06030022,0
0.48233125,0.6313292,0.0,1.0,0.101218395,0
0.52327025,0.7132072,0.0,1.0,0.20372179,0
0.0,0.0,0.0,1.0,0.2098577,0
0.0,0.0,0.0,1.0,0.06779732,0
0.0,0.0,0.0,1.0,0.27243176,0
0.52329683,0.71326035,0.0,1.0,0.13384561,0
1.0,1.0,0.0,1.0,0.117511205,0
0.0,0.0,0.0,1.0,0.043116983,0
0.4823131,0.6312929,0.0,0.28251576,0.05746601,2
0.48233125,0.6313292,0.0,0.63059014,0.08651998,0
0.52327025,0.7132072,0.0,1.0,0.11467671,0
0.0,0.0,0.0,1.0,0.17884913,0
0.0,0.0,0.0,1.0,0.14194843,0
0.0,0.0,0.0,1.0,0.19474271,0
0.52329683,0.71326035,0.0,1.0,0.09647579,0
0.0,0.0,0.0,1.0,0.117511205,0
0.4823131,0.6312929,0.0,1.0,0.08215059,0
0.48233125,0.6313292,0.0,1.0,0.12820561,0
0.52327025,0.7132072,0.0,1.0,0.074807614,0
0.0,0.0,0.0,1.0,0.22115098,0
0.0,0.0,0.0,1.0,0.17430377,0
0.0,0.0,0.0,1.0,0.15340509,0
0.52329683,0.71326035,0.0,0.8465727,0.06185884,0
0.0,0.0,0.0,1.0,0.13512823,0
1.0,1.0,0.0,1.0,0.043116983,0
0.0,0.0,0.0,1.0,0.08215059,0
0.48233125,0.6313292,0.0,0.62999046,0.06953007,0
0.52327025,0.7132072,0.0,1.0,0.1558732,0
0.0,0.0,0.0,1.0,0.18179382,0
0.0,0.0,0.0,0.77098167,0.092756756,0
0.0,0.0,0.0,1.0,0.23132564,0
0.52329683,0.71326035,0.0,1.0,0.10391843,0
0.0,0.0,0.0,1.0,0.06030022,0
1.0,1.0,0.0,0.28194413,0.05746601,2
0.0,0.0,0.0,1.0,0.12820561,0
0.4823131,0.6312929,0.0,0.62999046,0.06953007,0
0.52327025,0.7132072,0.0,1.0,0.20119618,0
0.0,0.0,0.0,0.9708629,0.113193505,0
0.0,0.0,0.0,0.7806309,0.07809352,0
0.0,0.0,0.0,1.0,0.28115156,0
0.52329683,0.71326035,0.0,1.0,0.16838267,0
0.0,0.0,0.0,1.0,0.101218395,0
1.0,1.0,0.0,0.62983894,0.08651998,0
0.0,0.0,0.0,1.0,0.074807614,0
0.4823131,0.6312929,0.0,1.0,0.1558732,0
0.48233125,0.6313292,0.0,1.0,0.20119618,0
0.0,0.0,0.0,1.0,0.2838443,0
0.0,0.0,0.0,1.0,0.24854434,0
0.0,0.0,0.0,1.0,0.080508195,0
0.52329683,0.71326035,0.0,0.60301566,0.08405388,0
0.0,0.0,0.0,1.0,0.20372179,0
1.0,1.0,0.0,1.0,0.11467671,0
0.0,0.0,0.0,1.0,0.22115098,0
0.4823131,0.6312929,0.0,1.0,0.18179382,0
0.48233125,0.6313292,0.0,0.9708629,0.113193505,0
0.52327025,0.7132072,0.0,1.0,0.2838443,0
0.0,0.0,0.0,1.0,0.1618197,0
0.0,0.0,0.0,1.0,0.36326477,0
0.52329683,0.71326035,0.0,1.0,0.27298972,0
0.0,0.0,0.0,1.0,0.2098577,0
1.0,1.0,0.0,1.0,0.17884913,0
0.0,0.0,0.0,1.0,0.17430377,0
0.4823131,0.6312929,0.0,0.77098167,0.092756756,0
0.48233125,0.6313292,0.0,0.7806309,0.07809352,0
0.52327025,0.7132072,0.0,1.0,0.24854434,0
0.0,0.0,0.0,1.0,0.1618197,0
0.0,0.0,0.0,1.0,0.32379153,0
0.52329683,0.71326035,0.0,1.0,0.19126639,0
0.0,0.0,0.0,1.0,0.06779732,0
1.0,1.0,0.0,1.0,0.14194843,0
0.0,0.0,0.0,1.0,0.15340509,0
0.4823131,0.6312929,0.0,1.0,0.23132564,0
0.48233125,0.6313292,0.0,1.0,0.28115156,0
0.52327025,0.7132072,0.0,1.0,0.080508195,0
0.0,0.0,0.0,1.0,0.36326477,0
0.0,0.0,0.0,1.0,0.32379153,0
0.52329683,0.71326035,0.0,1.0,0.14004195,0
0.0,0.0,0.0,1.0,0.27243176,0
1.0,1.0,0.0,1.0,0.19474271,0
0.0,0.0,0.0,0.8465727,0.06185884,0
0.4823131,0.6312929,0.0,1.0,0.10391843,0
0.48233125,0.6313292,0.0,1.0,0.16838267,0
0.52327025,0.7132072,0.0,0.60301566,0.08405388,0
0.0,0.0,0.0,1.0,0.27298972,0
0.0,0.0,0.0,1.0,0.19126639,0
0.0,0.0,0.0,1.0,0.14004195,0
0.0,0.0,0.0,1.0,0.13384561,0
1.0,1.0,0.0,1.0,0.09647579,0
0.0,0.0,0.0,1.0,0.13512823,0
0.4823131,0.6312929,0.0,1.0,0.06030022,0
0.48233125,0.6313292,0.0,1.0,0.101218395,0
0.52327025,0.7132072,0.0,1.0,0.20372179,0
0.0,0.0,0.0,1.0,0.2098577,0
0.0,0.0,0.0,1.0,0.06779732,0
0.0,0.0,0.0,1.0,0.27243176,0
0.52329683,0.71326035,0.0,1.0,0.13384561,0
1.0,1.0,0.0,1.0,0.117511205,0
0.0,0.0,0.0,1.0,0.043116983,0
0.4823131,0.6312929,0.0,0.28194413,0.05746601,2
0.48233125,0.6313292,0.0,0.62983894,0.08651998,0
0.52327025,0.7132072,0.0,1.0,0.11467671,0
0.0,0.0,0.0,1.0,0.17884913,0
0.0,0.0,0.0,1.0,0.14194843,0
0.0,0.0,0.0,1.0,0.19474271,0
0.52329683,0.71326035,0.0,1.0,0.09647579,0
0.0,0.0,0.0,1.0,0.117511205,0
0.4823131,0.6312929,0.0,1.0,0.08215059,0
0.48233125,0.6313292,0.0,1.0,0.12820561,0
0.52327025,0.7132072,0.0,1.0,0.074807614,0
0.0,0.0,0.0,1.0,0.22115098,0
0.0,0.0,0.0,1.0,0.17430377,0
0.0,0.0,0.0,1.0,0.15340509,0
0.52329683,0.71326035,0.0,0.84666604,0.06185884,0
0.0,0.0,0.0,1.0,0.13512823,0
1.0,1.0,0.0,1.0,0.043116983,0
0.0,0.0,0.0,1.0,0.08215059,0
0.48233125,0.6313292,0.0,0.62931633,0.06953007,0
0.52327025,0.7132072,0.0,1.0,0.1558732,0
0.0,0.0,0.0,1.0,0.18179382,0
0.0,0.0,0.0,0.7700551,0.092756756,0
0.0,0.0,0.0,1.0,0.23132564,0
0.52329683,0.71326035,0.0,1.0,0.10391843,0
0.0,0.0,0.0,1.0,0.06030022,0
1.0,1.0,0.0,0.2813725,0.05746601,2
0.0,0.0,0.0,1.0,0.12820561,0
0.4823131,0.6312929,0.0,0.62931633,0.06953007,0
0.52327025,0.7132072,0.0,1.0,0.20119618,0
0.0,0.0,0.0,0.9698459,0.113193505,0
0.0,0.0,0.0,0.7798503,0.07809352,0
0.0,0.0,0.0,1.0,0.28115156,0
0.52329683,0.71326035,0.0,1.0,0.16838267,0
0.0,0.0,0.0,1.0,0.101218395,0
1.0,1.0,0.0,0.629088,0.08651998,0
0.0,0.0,0.0,1.0,0.074807614,0
0.4823131,0.6312929,0.0,1.0,0.1558732,0
0.48233125,0.6313292,0.0,1.0,0.20119618,0
0.0,0.0,0.0,1.0,0.2838443,0
0.0,0.0,0.0,1.0,0.24854434,0
0.0,0.0,0.0,1.0,0.080508195,0
0.52329683,0.71326035,0.0,0.6022501,0.08405388,0
0.0,0.0,0.0,1.0,0.20372179,0
1.0,1.0,0.0,1.0,0.11467671,0
0.0,0.0,0.0,1.0,0.22115098,0
0.4823131,0.6312929,0.0,1.0,0.18179382,0
0.48233125,0.6313292,0.0,0.9698459,0.113193505,0
0.52327025,0.7132072,0.0,1.0,0.2838443,0
0.0,0.0,0.0,1.0,0.1618197,0
0.0,0.0,0.0,1.0,0.36326477,0
0.52329683,0.71326035,0.0,1.0,0.27298972,0
0.0,0.0,0.0,1.0,0.2098577,0
1.0,1.0,0.0,1.0,0.17884913,0
0.0,0.0,0.0,1.0,0.17430377,0
0.4823131,0.6312929,0.0,0.7700551,0.092756756,0
0.48233125,0.6313292,0.0,0.7798503,0.07809352,0
0.52327025,0.7132072,0.0,1.0,0.24854434,0
0.0,0.0,0.0,1.0,0.1618197,0
0.0,0.0,0.0,1.0,0.32379153,0
0.52329683,0.71326035,0.0,1.0,0.19126639,0
0.0,0.0,0.0,1.0,0.06779732,0
1.0,1.0,0.0,1.0,0.14194843,0
0.0,0.0,0.0,1.0,0.15340509,0
0.4823131,0.6312929,0.0,1.0,0.23132564,0
0.48233125,0.6313292,0.0,1.0,0.28115156,0
0.52327025,0.7132072,0.0,1.0,0.080508195,0
0.0,0.0,0.0,1.0,0.36326477,0
0.0,0.0,0.0,1.0,0.32379153,0
0.52329683,0.71326035,0.0,1.0,0.14004195,0
0.0,0.0,0.0,1.0,0.27243176,0
1.0,1.0,0.0,1.0,0.19474271,0
0.0,0.0,0.0,0.84666604,0.06185884,0
0.4823131,0.6312929,0.0,1.0,0.10391843,0
0.48233125,0.6313292,0.0,1.0,0.16838267,0
0.52327025,0.7132072,0.0,0.6022501,0.08405388,0
0.0,0.0,0.0,1.0,0.27298972,0
0.0,0.0,0.0,1.0,0.19126639,0
0.0,0.0,0.0,1.0,0.14004195,0
0.0,0.0,0.0,1.0,0.13384561,0
1.0,1.0,0.0,1.0,0.09647579,0
0.0,0.0,0.0,1.0,0.13512823,0
0.4823131,0.6312929,0.0,1.0,0.06030022,0
0.48233125,0.6313292,0.0,1.0,0.101218395,0
0.52327025,0.7132072,0.0,1.0,0.20372179,0
0.0,0.0,0.0,1.0,0.2098577,0
0.0,0.0,0.0,1.0,0.06779732,0
0.0,0.0,0.0,1.0,0.27243176,0
0.52329683,0.71326035,0.0,1.0,0.13384561,0
1.0,1.0,0.0,1.0,0.117511205,0
0.0,0.0,0.0,1.0,0.043116983,0
0.4823131,0.6312929,0.0,0.2813725,0.05746601,2
0.48233125,0.6313292,0.0,0.629088,0.08651998,0
0.52327025,0.7132072,0.0,1.0,0.11467671,0
0.0,0.0,0.0,1.0,0.17884913,0
0.0,0.0,0.0,1.0,0.14194843,0
0.0,0.0,0.0,1.0,0.19474271,0
0.52329683,0.71326035,0.0,1.0,0.09647579,0
0.0,0.0,0.0,1.0,0.117511205,0
0.4823131,0.6312929,0.0,1.0,0.08215059,0
0.48233125,0.6313292,0.0,1.0,0.12820561,0
0.52327025,0.7132072,0.0,1.0,0.074807614,0
0.0,0.0,0.0,1.0,0.22115098,0
0.0,0.0,0.0,1.0,0.17430377,0
0.0,0.0,0.0,1.0,0.15340509,0
0.52329683,0.71326035,0.0,0.8467598,0.06185884,0
0.0,0.0,0.0,1.0,0.13512823,0
1.0,1.0,0.0,1.0,0.043116983,0
0.0,0.0,0.0,1.0,0.08215059,0
0.48233125,0.6313292,0.0,0.62864226,0.06953007,0
0.52327025,0.7132072,0.0,1.0,0.1558732,0
0.0,0.0,0.0,1.0,0.18179382,0
0.0,0.0,0.0,0.7691285,0.092756756,0
0.0,0.0,0.0,1.0,0.23132564,0
0.52329683,0.71326035,0.0,1.0,0.10391843,0
0.0,0.0,0.0,1.0,0.06030022,0
1.0,1.0,0.0,0.28080088,0.05746601,2
0.0,0.0,0.0,1.0,0.12820561,0
0.4823131,0.6312929,0.0,0.62864226,0.06953007,0
0.52327025,0.7132072,0.0,1.0,0.20119618,0
0.0,0.0,0.0,0.9688291,0.113193505,0
0.0,0.0,0.0,0.7790698,0.07809352,0
0.0,0.0,0.0,1.0,0.28115156,0
0.52329683,0.71326035,0.0,1.0,0.16838267,0
0.0,0.0,0.0,1.0,0.101218395,0
1.0,1.0,0.0,0.6283374,0.08651998,0
0.0,0.0,0.0,1.0,0.074807614,0
0.4823131,0.6312929,0.0,1.0,0.1558732,0
0.48233125,0.6313292,0.0,1.0,0.20119618,0
0.0,0.0,0.0,1.0,0.2838443,0
0.0,0.0,0.0,1.0,0.24854434,0
0.0,0.0,0.0,1.0,0.080508195,0
0.52329683,0.71326035,0.0,0.6014847,0.08405388,0
0.0,0.0,0.0,1.0,0.20372179,0
1.0,1.0,0.0,1.0,0.11467671,0
0.0,0.0,0.0,1.0,0.22115098,0
0.4823131,0.6312929,0.0,1.0,0.18179382,0
0.48233125,0.6313292,0.0,0.9688291,0.113193505,0
0.52327025,0.7132072,0.0,1.0,0.2838443,0
0.0,0.0,0.0,1.0,0.1618197,0
0.0,0.0,0.0,1.0,0.36326477,0
0.52329683,0.71326035,0.0,1.0,0.27298972,0
0.0,0.0,0.0,1.0,0.2098577,0
1.0,1.0,0.0,1.0,0.17884913,0
0.0,0.0,0.0,1.0,0.17430377,0
0.4823131,0.6312929,0.0,0.7691285,0.092756756,0
0.48233125,0.6313292,0.0,0.7790698,0.07809352,0
0.52327025,0.7132072,0.0,1.0,0.24854434,0
0.0,0.0,0.0,1.0,0.1618197,0
0.0,0.0,0.0,1.0,0.32379153,0
0.52329683,0.71326035,0.0,1.0,0.19126639,0
0.0,0.0,0.0,1.0,0.06779732,0
1.0,1.0,0.0,1.0,0.14194843,0
0.0,0.0,0.0,1.0,0.15340509,0
0.4823131,0.6312929,0.0,1.0,0.23132564,0
0.48233125,0.6313292,0.0,1.0,0.28115156,0
0.52327025,0.7132072,0.0,1.0,0.080508195,0
0.0,0.0,0.0,1.0,0.36326477,0
0.0,0.0,0.0,1.0,0.32379153,0
0.52329683,0.71326035,0.0,1.0,0.14004195,0
0.0,0.0,0.0,1.0,0.27243176,0
1.0,1.0,0.0,1.0,0.19474271,0
0.0,0.0,0.0,0.8467598,0.06185884,0
0.4823131,0.6312929,0.0,1.0,0.10391843,0
0.48233125,0.6313292,0.0,1.0,0.16838267,0
0.52327025,0.7132072,0.0,0.6014847,0.08405388,0
0.0,0.0,0.0,1.0,0.27298972,0
0.0,0.0,0.0,1.0,0.19126639,0
0.0,0.0,0.0,1.0,0.14004195,0
0.0,0.0,0.0,1.0,0.13384561,0
1.0,1.0,0.0,1.0,0.09647579,0
0.0,0.0,0.0,1.0,0.13512823,0
0.4823131,0.6312929,0.0,1.0,0.06030022,0
0.48233125,0.6313292,0.0,1.0,0.101218395,0
0.52327025,0.7132072,0.0,1.0,0.20372179,0
0.0,0.0,0.0,1.0,0.2098577,0
0.0,0.0,0.0,1.0,0.06779732,0
0.0,0.0,0.0,1.0,0.27243176,0
0.52329683,0.71326035,0.0,1.0,0.13384561,0
1.0,1.0,0.0,1.0,0.117511205,0
0.0,0.0,0.0,1.0,0.043116983,0
0.4823131,0.6312929,0.0,0.28080088,0.05746601,2
0.48233125,0.6313292,0.0,0.6283374,0.08651998,0
0.52327025,0.7132072,0.0,1.0,0.11467671,0
0.0,0.0,0.0,1.0,0.17884913,0
0.0,0.0,0.0,1.0,0.14194843,0
0.0,0.0,0.0,1.0,0.19474271,0
0.52329683,0.71326035,0.0,1.0,0.09647579,0
0.0,0.0,0.0,1.0,0.117511205,0
1.0,1.0,0.0,1.0,0.08215059,0
0.4892531,0.64517283,0.0,1.0,0.12820561,0
0.52327025,0.7132072,0.0,1.0,0.074807614,0
0.0,0.0,0.0,1.0,0.22115098,0
0.0,0.0,0.0,1.0,0.17430377,0
0.0,0.0,0.0,1.0,0.15340509,0
0.52329683,0.71326035,0.0,0.84685403,0.06185884,0
0.0,0.0,0.0,1.0,0.13512823,0
0.3062168,0.2791003,0.0,1.0,0.043116983,0
0.0,0.0,0.0,1.0,0.08215059,0
0.4892531,0.64517283,0.0,0.62796825,0.06953007,0
0.52327025,0.7132072,0.0,1.0,0.1558732,0
0.0,0.0,0.0,1.0,0.18179382,0
0.0,0.0,0.0,0.76820195,0.092756756,0
0.0,0.0,0.0,1.0,0.23132564,0
0.52329683,0.71326035,0.0,1.0,0.10391843,0
0.0,0.0,0.0,1.0,0.06030022,0
0.3062168,0.2791003,0.0,0.2802293,0.05746601,2
0.0,0.0,0.0,1.0,0.12820561,0
1.0,1.0,0.0,0.62796825,0.06953007,0
0.52327025,0.7132072,0.0,1.0,0.20119618,0
0.0,0.0,0.0,0.96781254,0.113193505,0
0.0,0.0,0.0,0.7782892,0.07809352,0
0.0,0.0,0.0,1.0,0.28115156,0
0.52329683,0.71326035,0.0,1.0,0.16838267,0
0.0,0.0,0.0,1.0,0.101218395,0
0.3062168,0.2791003,0.0,0.627587,0.08651998,0
0.0,0.0,0.0,1.0,0.074807614,0
1.0,1.0,0.0,1.0,0.1558732,0
0.4892531,0.64517283,0.0,1.0,0.20119618,0
0.0,0.0,0.0,1.0,0.2838443,0
0.0,0.0,0.0,1.0,0.24854434,0
0.0,0.0,0.0,1.0,0.080508195,0
0.52329683,0.71326035,0.0,0.6007195,0.08405388,0
0.0,0.0,0.0,1.0,0.20372179,0
0.3062168,0.2791003,0.0,1.0,0.11467671,0
0.0,0.0,0.0,1.0,0.22115098,0
1.0,1.0,0.0,1.0,0.18179382,0
0.4892531,0.64517283,0.0,0.96781254,0.113193505,0
0.52327025,0.7132072,0.0,1.0,0.2838443,0
0.0,0.0,0.0,1.0,0.1618197,0
0.0,0.0,0.0,1.0,0.36326477,0
0.52329683,0.71326035,0.0,1.0,0.27298972,0
0.0,0.0,0.0,1.0,0.2098577,0
0.3062168,0.2791003,0.0,1.0,0.17884913,0
0.0,0.0,0.0,1.0,0.17430377,0
1.0,1.0,0.0,0.76820195,0.092756756,0
0.4892531,0.64517283,0.0,0.7782892,0.07809352,0
0.52327025,0.7132072,0.0,1.0,0.24854434,0
0.0,0.0,0.0,1.0,0.1618197,0
0.0,0.0,0.0,1.0,0.32379153,0
0.52329683,0.71326035,0.0,1.0,0.19126639,0
0.0,0.0,0.0,1.0,0.06779732,0
0.3062168,0.2791003,0.0,1.0,0.14194843,0
0.0,0.0,0.0,1.0,0.15340509,0
1.0,1.0,0.0,1.0,0.23132564,0
0.4892531,0.64517283,0.0,1.0,0.28115156,0
0.52327025,0.7132072,0.0,1.0,0.080508195,0
0.0,0.0,0.0,1.0,0.36326477,0
0.0,0.0,0.0,1.0,0.32379153,0
0.52329683,0.71326035,0.0,1.0,0.14004195,0
0.0,0.0,0.0,1.0,0.27243176,0
0.3062168,0.2791003,0.0,1.0,0.19474271,0
0.0,0.0,0.0,0.84685403,0.06185884,0
1.0,1.0,0.0,1.0,0.10391843,0
0.4892531,0.64517283,0.0,1.0,0.16838267,0
0.52327025,0.7132072,0.0,0.6007195,0.08405388,0
0.0,0.0,0.0,1.0,0.27298972,0
0.0,0.0,0.0,1.0,0.19126639,0
0.0,0.0,0.0,1.0,0.14004195,0
0.0,0.0,0.0,1.0,0.13384561,0
0.3062168,0.2791003,0.0,1.0,0.09647579,0
0.0,0.0,0.0,1.0,0.13512823,0
1.0,1.0,0.0,1.0,0.06030022,0
0.4892531,0.64517283,0.0,1.0,0.101218395,0
0.52327025,0.7132072,0.0,1.0,0.20372179,0
0.0,0.0,0.0,1.0,0.2098577,0
0.0,0.0,0.0,1.0,0.06779732,0
0.0,0.0,0.0,1.0,0.27243176,0
0.52329683,0.71326035,0.0,1.0,0.13384561,0
0.3062168,0.2791003,0.0,1.0,0.117511205,0
0.0,0.0,0.0,1.0,0.043116983,0
1.0,1.0,0.0,0.2802293,0.05746601,2
0.4892531,0.64517283,0.0,0.627587,0.08651998,0
0.52327025,0.7132072,0.0,1.0,0.11467671,0
0.0,0.0,0.0,1.0,0.17884913,0
0.0,0.0,0.0,1.0,0.14194843,0
0.0,0.0,0.0,1.0,0.19474271,0
0.52329683,0.71326035,0.0,1.0,0.09647579,0
0.0,0.0,0.0,1.0,0.117511205,0
1.0,1.0,0.0,1.0,0.08215059,0
0.4892531,0.64517283,0.0,1.0,0.12820561,0
0.52327025,0.7132072,0.0,1.0,0.074807614,0
0.0,0.0,0.0,1.0,0.22115098,0
0.0,0.0,0.0,1.0,0.17430377,0
0.0,0.0,0.0,1.0,0.15340509,0
0.52329683,0.71326035,0.0,0.8469487,0.06185884,0
0.0,0.0,0.0,1.0,0.13512823,0
0.3062168,0.2791003,0.0,1.0,0.043116983,0
0.0,0.0,0.0,1.0,0.08215059,0
0.4892531,0.64517283,0.0,0.6272943,0.06953007,0
0.52327025,0.7132072,0.0,1.0,0.1558732,0
0.0,0.0,0.0,1.0,0.18179382,0
0.0,0.0,0.0,0.7672754,0.092756756,0
0.0,0.0,0.0,1.0,0.23132564,0
0.52329683,0.71326035,0.0,1.0,0.10391843,0
0.0,0.0,0.0,1.0,0.06030022,0
0.3062168,0.2791003,0.0,0.2796577,0.05746601,2
0.0,0.0,0.0,1.0,0.12820561,0
1.0,1.0,0.0,0.6272943,0.06953007,0
0.52327025,0.7132072,0.0,1.0,0.20119618,0
0.0,0.0,0.0,0.9667963,0.113193505,0
0.0,0.0,0.0,0.7775087,0.07809352,0
0.0,0.0,0.0,1.0,0.28115156,0
0.52329683,0.71326035,0.0,1.0,0.16838267,0
0.0,0.0,0.0,1.0,0.101218395,0
0.3062168,0.2791003,0.0,0.62683696,0.08651998,0
0.0,0.0,0.0,1.0,0.074807614,0
1.0,1.0,0.0,1.0,0.1558732,0
0.4892531,0.64517283,0.0,1.0,0.20119618,0
0.0,0.0,0.0,1.0,0.2838443,0
0.0,0.0,0.0,1.0,0.24854434,0
0.0,0.0,0.0,1.0,0.080508195,0
0.52329683,0.71326035,0.0,0.59995455,0.08405388,1
0.0,0.0,0.0,1.0,0.20372179,0
0.3062168,0.2791003,0.0,1.0,0.11467671,0
0.0,0.0,0.0,1.0,0.22115098,0
1.0,1.0,0.0,1.0,0.18179382,0
0.4892531,0.64517283,0.0,0.9667963,0.113193505,0
0.52327025,0.7132072,0.0,1.0,0.2838443,0
0.0,0.0,0.0,1.0,0.1618197,0
0.0,0.0,0.0,1.0,0.36326477,0
0.52329683,0.71326035,0.0,1.0,0.27298972,0
0.0,0.0,0.0,1.0,0.2098577,0
0.3062168,0.2791003,0.0,1.0,0.17884913,0
0.0,0.0,0.0,1.0,0.17430377,0
1.0,1.0,0.0,0.7672754,0.092756756,0
0.4892531,0.64517283,0.0,0.7775087,0.07809352,0
0.52327025,0.7132072,0.0,1.0,0.24854434,0
0.0,0.0,0.0,1.0,0.1618197,0
0.0,0.0,0.0,1.0,0.32379153,0
0.52329683,0.71326035,0.0,1.0,0.19126639,0
0.0,0.0,0.0,1.0,0.06779732,0
0.3062168,0.2791003,0.0,1.0,0.14194843,0
0.0,0.0,0.0,1.0,0.15340509,0
1.0,1.0,0.0,1.0,0.23132564,0
0.4892531,0.64517283,0.0,1.0,0.28115156,0
0.52327025,0.7132072,0.0,1.0,0.080508195,0
0.0,0.0,0.0,1.0,0.36326477,0
0.0,0.0,0.0,1.0,0.32379153,0
0.52329683,0.71326035,0.0,1.0,0.14004195,0
0.0,0.0,0.0,1.0,0.27243176,0
0.3062168,0.2791003,0.0,1.0,0.19474271,0
0.0,0.0,0.0,0.8469487,0.06185884,0
1.0,1.0,0.0,1.0,0.10391843,0
0.4892531,0.64517283,0.0,1.0,0.16838267,0
0.52327025,0.7132072,0.0,0.59995455,0.08405388,1
0.0,0.0,0.0,1.0,0.27298972,0
0.0,0.0,0.0,1.0,0.19126639,0
0.0,0.0,0.0,1.0,0.14004195,0
0.0,0.0,0.0,1.0,0.13384561,0
0.3062168,0.2791003,0.0,1.0,0.09647579,0
0.0,0.0,0.0,1.0,0.13512823,0
1.0,1.0,0.0,1.0,0.06030022,0
0.4892531,0.64517283,0.0,1.0,0.101218395,0
0.52327025,0.7132072,0.0,1.0,0.20372179,0
0.0,0.0,0.0,1.0,0.2098577,0
0.0,0.0,0.0,1.0,0.06779732,0
0.0,0.0,0.0,1.0,0.27243176,0
0.52329683,0.71326035,0.0,1.0,0.13384561,0
0.3062168,0.2791003,0.0,1.0,0.117511205,0
0.0,0.0,0.0,1.0,0.043116983,0
1.0,1.0,0.0,0.2796577,0.05746601,2
0.4892531,0.64517283,0.0,0.62683696,0.08651998,0
0.52327025,0.7132072,0.0,1.0,0.11467671,0
0.0,0.0,0.0,1.0,0.17884913,0
0.0,0.0,0.0,1.0,0.14194843,0
0.0,0.0,0.0,1.0,0.19474271,0
0.52329683,0.71326035,0.0,1.0,0.09647579,0
0.0,0.0,0.0,1.0,0.117511205,0
1.0,1.0,0.0,1.0,0.08215059,0
0.4892531,0.64517283,0.0,1.0,0.12820561,0
0.53225124,0.7311691,0.0,1.0,0.074807614,0
0.0,0.0,0.0,1.0,0.22115098,0
0.0,0.0,0.0,1.0,0.17430377,0
0.0,0.0,0.0,1.0,0.15340509,0
0.5322661,0.7311988,0.0,0.8470438,0.06185884,0
0.0,0.0,0.0,1.0,0.13512823,0
0.3062168,0.2791003,0.0,1.0,0.043116983,0
0.0,0.0,0.0,1.0,0.08215059,0
0.4892531,0.64517283,0.0,0.62662035,0.06953007,0
0.53225124,0.7311691,0.0,1.0,0.1558732,0
0.0,0.0,0.0,1.0,0.18179382,0
0.0,0.0,0.0,0.7663488,0.092756756,0
0.0,0.0,0.0,1.0,0.23132564,0
0.5322661,0.7311988,0.0,1.0,0.10391843,0
0.0,0.0,0.0,1.0,0.06030022,0
0.3062168,0.2791003,0.0,0.2790861,0.05746601,2
0.0,0.0,0.0,1.0,0.12820561,0
1.0,1.0,0.0,0.62662035,0.06953007,0
0.53225124,0.7311691,0.0,1.0,0.20119618,0
0.0,0.0,0.0,0.96578026,0.113193505,0
0.0,0.0,0.0,0.77672815,0.07809352,0
0.0,0.0,0.0,1.0,0.28115156,0
0.5322661,0.7311988,0.0,1.0,0.16838267,0
0.0,0.0,0.0,1.0,0.101218395,0
0.3062168,0.2791003,0.0,0.62608725,0.08651998,0
0.0,0.0,0.0,1.0,0.074807614,0
1.0,1.0,0.0,1.0,0.1558732,0
0.4892531,0.64517283,0.0,1.0,0.20119618,0
0.0,0.0,0.0,1.0,0.2838443,0
0.0,0.0,0.0,1.0,0.24854434,0
0.0,0.0,0.0,1.0,0.080508195,0
0.5322661,0.7311988,0.0,0.59918976,0.08405388,1
0.0,0.0,0.0,1.0,0.20372179,0
0.3062168,0.2791003,0.0,1.0,0.11467671,0
0.0,0.0,0.0,1.0,0.22115098,0
1.0,1.0,0.0,1.0,0.18179382,0
0.4892531,0.64517283,0.0,0.96578026,0.113193505,0
0.53225124,0.7311691,0.0,1.0,0.2838443,0
0.0,0.0,0.0,1.0,0.1618197,0
0.0,0.0,0.0,1.0,0.36326477,0
0.5322661,0.7311988,0.0,1.0,0.27298972,0
0.0,0.0,0.0,1.0,0.2098577,0
0.3062168,0.2791003,0.0,1.0,0.17884913,0
0.0,0.0,0.0,1.0,0.17430377,0
1.0,1.0,0.0,0.7663488,0.092756756,0
0.4892531,0.64517283,0.0,0.77672815,0.07809352,0
0.53225124,0.7311691,0.0,1.0,0.24854434,0
0.0,0.0,0.0,1.0,0.1618197,0
0.0,0.0,0.0,1.0,0.32379153,0
0.5322661,0.7311988,0.0,1.0,0.19126639,0
0.0,0.0,0.0,1.0,0.06779732,0
0.3062168,0.2791003,0.0,1.0,0.14194843,0
0.0,0.0,0.0,1.0,0.15340509,0
1.0,1.0,0.0,1.0,0.23132564,0
0.4892531,0.64517283,0.0,1.0,0.28115156,0
0.53225124,0.7311691,0.0,1.0,0.080508195,0
0.0,0.0,0.0,1.0,0.36326477,0
0.0,0.0,0.0,1.0,0.32379153,0
0.5322661,0.7311988,0.0,1.0,0.14004195,0
0.0,0.0,0.0,1.0,0.27243176,0
0.3062168,0.2791003,0.0,1.0,0.19474271,0
0.0,0.0,0.0,0.8470438,0.06185884,0
1.0,1.0,0.0,1.0,0.10391843,0
0.4892531,0.64517283,0.0,1.0,0.16838267,0
0.53225124,0.7311691,0.0,0.59918976,0.08405388,1
0.0,0.0,0.0,1.0,0.27298972,0
0.0,0.0,0.0,1.0,0.19126639,0
0.0,0.0,0.0,1.0,0.14004195,0
0.0,0.0,0.0,1.0,0.13384561,0
0.3062168,0.2791003,0.0,1.0,0.09647579,0
0.0,0.0,0.0,1.0,0.13512823,0
1.0,1.0,0.0,1.0,0.06030022,0
0.4892531,0.64517283,0.0,1.0,0.101218395,0
0.53225124,0.7311691,0.0,1.0,0.20372179,0
0.0,0.0,0.0,1.0,0.2098577,0
0.0,0.0,0.0,1.0,0.06779732,0
0.0,0.0,0.0,1.0,0.27243176,0
0.5322661,0.7311988,0.0,1.0,0.13384561,0
0.3062168,0.2791003,0.0,1.0,0.117511205,0
0.0,0.0,0.0,1.0,0.043116983,0
1.0,1.0,0.0,0.2790861,0.05746601,2
0.4892531,0.64517283,0.0,0.62608725,0.08651998,0
0.53225124,0.7311691,0.0,1.0,0.11467671,0
0.0,0.0,0.0,1.0,0.17884913,0
0.0,0.0,0.0,1.0,0.14194843,0
0.0,0.0,0.0,1.0,0.19474271,0
0.5322661,0.7311988,0.0,1.0,0.09647579,0
0.0,0.0,0.0,1.0,0.117511205,0
1.0,1.0,0.0,1.0,0.08215059,0
0.4892531,0.64517283,0.0,1.0,0.12820561,0
0.53225124,0.7311691,0.0,1.0,0.074807614,0
0.0,0.0,0.0,1.0,0.22115098,0
0.0,0.0,0.0,1.0,0.17430377,0
0.0,0.0,0.0,1.0,0.15340509,0
0.5322661,0.7311988,0.0,0.84713936,0.06185884,0
0.0,0.0,0.0,1.0,0.13512823,0
0.3062168,0.2791003,0.0,1.0,0.043116983,0
0.0,0.0,0.0,1.0,0.08215059,0
0.4892531,0.64517283,0.0,0.6259465,0.06953007,0
0.53225124,0.7311691,0.0,1.0,0.1558732,0
0.0,0.0,0.0,1.0,0.18179382,0
0.0,0.0,0.0,0.7654222,0.092756756,0
0.0,0.0,0.0,1.0,0.23132564,0
0.5322661,0.7311988,0.0,1.0,0.10391843,0
0.0,0.0,0.0,1.0,0.06030022,0
0.3062168,0.2791003,0.0,0.27851456,0.05746601,2
0.0,0.0,0.0,1.0,0.12820561,0
1.0,1.0,0.0,0.6259465,0.06953007,0
0.53225124,0.7311691,0.0,1.0,0.20119618,0
0.0,0.0,0.0,0.9647645,0.113193505,0
0.0,0.0,0.0,0.7759476,0.07809352,0
0.0,0.0,0.0,1.0,0.28115156,0
0.5322661,0.7311988,0.0,1.0,0.16838267,0
0.0,0.0,0.0,1.0,0.101218395,0
0.3062168,0.2791003,0.0,0.6253378,0.08651998,0
0.0,0.0,0.0,1.0,0.074807614,0
1.0,1.0,0.0,1.0,0.1558732,0
0.4892531,0.64517283,0.0,1.0,0.20119618,0
0.0,0.0,0.0,1.0,0.2838443,0
0.0,0.0,0.0,1.0,0.24854434,0
0.0,0.0,0.0,1.0,0.080508195,0
0.5322661,0.7311988,0.0,0.59842515,0.08405388,1
0.0,0.0,0.0,1.0,0.20372179,0
0.3062168,0.2791003,0.0,1.0,0.11467671,0
0.0,0.0,0.0,1.0,0.22115098,0
1.0,1.0,0.0,1.0,0.18179382,0
0.4892531,0.64517283,0.0,0.9647645,0.113193505,0
0.53225124,0.7311691,0.0,1.0,0.2838443,0
0.0,0.0,0.0,1.0,0.1618197,0
0.0,0.0,0.0,1.0,0.36326477,0
0.5322661,0.7311988,0.0,1.0,0.27298972,0
0.0,0.0,0.0,1.0,0.2098577,0
0.3062168,0.2791003,0.0,1.0,0.17884913,0
0.0,0.0,0.0,1.0,0.17430377,0
1.0,1.0,0.0,0.7654222,0.092756756,0
0.4892531,0.64517283,0.0,0.7759476,0.07809352,0
0.53225124,0.7311691,0.0,1.0,0.24854434,0
0.0,0.0,0.0,1.0,0.1618197,0
0.0,0.0,0.0,1.0,0.32379153,0
0.5322661,0.7311988,0.0,1.0,0.19126639,0
0.0,0.0,0.0,1.0,0.06779732,0
0.3062168,0.2791003,0.0,1.0,0.14194843,0
0.0,0.0,0.0,1.0,0.15340509,0
1.0,1.0,0.0,1.0,0.23132564,0
0.4892531,0.64517283,0.0,1.0,0.28115156,0
0.53225124,0.7311691,0.0,1.0,0.080508195,0
0.0,0.0,0.0,1.0,0.36326477,0
0.0,0.0,0.0,1.0,0.32379153,0
0.5322661,0.7311988,0.0,1.0,0.14004195,0
0.0,0.0,0.0,1.0,0.27243176,0
0.3062168,0.2791003,0.0,1.0,0.19474271,0
0.0,0.0,0.0,0.84713936,0.06185884,0
1.0,1.0,0.0,1.0,0.10391843,0
0.4892531,0.64517283,0.0,1.0,0.16838267,0
0.53225124,0.7311691,0.0,0.59842515,0.08405388,1
0.0,0.0,0.0,1.0,0.27298972,0
0.0,0.0,0.0,1.0,0.19126639,0
0.0,0.0,0.0,1.0,0.14004195,0
0.0,0.0,0.0,1.0,0.13384561,0
0.3062168,0.2791003,0.0,1.0,0.09647579,0
0.0,0.0,0.0,1.0,0.13512823,0
1.0,1.0,0.0,1.0,0.06030022,0
0.4892531,0.64517283,0.0,1.0,0.101218395,0
0.53225124,0.7311691,0.0,1.0,0.20372179,0
0.0,0.0,0.0,1.0,0.2098577,0
0.0,0.0,0.0,1.0,0.06779732,0
0.0,0.0,0.0,1.0,0.27243176,0
0.5322661,0.7311988,0.0,1.0,0.13384561,0
0.3062168,0.2791003,0.0,1.0,0.117511205,0
0.0,0.0,0.0,1.0,0.043116983,0
1.0,1.0,0.0,0.27851456,0.05746601,2
0.4892531,0.64517283,0.0,0.6253378,0.08651998,0
0.53225124,0.7311691,0.0,1.0,0.11467671,0
0.0,0.0,0.0,1.0,0.17884913,0
0.0,0.0,0.0,1.0,0.14194843,0
0.0,0.0,0.0,1.0,0.19474271,0
0.5322661,0.7311988,0.0,1.0,0.09647579,0
0.0,0.0,0.0,1.0,0.117511205,0
1.0,1.0,0.0,1.0,0.08215059,0
0.4892531,0.64517283,0.0,1.0,0.12820561,0
0.53225124,0.7311691,0.0,1.0,0.074807614,0
0.0,0.0,0.0,1.0,0.22115098,0
0.0,0.0,0.0,1.0,0.17430377,0
0.0,0.0,0.0,1.0,0.15340509,0
0.5322661,0.7311988,0.0,0.8472353,0.06185884,0
0.0,0.0,0.0,1.0,0.13512823,0
0.3062168,0.2791003,0.0,1.0,0.043116983,0
0.0,0.0,0.0,1.0,0.08215059,0
0.4892531,0.64517283,0.0,0.6252727,0.06953007,0
0.53225124,0.7311691,0.0,1.0,0.1558732,0
0.0,0.0,0.0,1.0,0.18179382,0
0.0,0.0,0.0,0.7644957,0.092756756,0
0.0,0.0,0.0,1.0,0.23132564,0
0.5322661,0.7311988,0.0,1.0,0.10391843,0
0.0,0.0,0.0,1.0,0.06030022,0
0.3062168,0.2791003,0.0,0.27794302,0.05746601,2
0.0,0.0,0.0,1.0,0.12820561,0
1.0,1.0,0.0,0.6252727,0.06953007,0
0.53225124,0.7311691,0.0,1.0,0.20119618,0
0.0,0.0,0.0,0.96374893,0.113193505,0
0.0,0.0,0.0,0.77516705,0.07809352,0
0.0,0.0,0.0,1.0,0.28115156,0
0.5322661,0.7311988,0.0,1.0,0.16838267,0
0.0,0.0,0.0,1.0,0.101218395,0
0.3062168,0.2791003,0.0,0.62458867,0.08651998,0
0.0,0.0,0.0,1.0,0.074807614,0
1.0,1.0,0.0,1.0,0.1558732,0
0.4892531,0.64517283,0.0,1.0,0.20119618,0
0.0,0.0,0.0,1.0,0.2838443,0
0.0,0.0,0.0,1.0,0.24854434,0
0.0,0.0,0.0,1.0,0.080508195,0
0.5322661,0.7311988,0.0,0.5976608,0.08405388,1
0.0,0.0,0.0,1.0,0.20372179,0
0.3062168,0.2791003,0.0,1.0,0.11467671,0
0.0,0.0,0.0,1.0,0.22115098,0
1.0,1.0,0.0,1.0,0.18179382,0
0.4892531,0.64517283,0.0,0.96374893,0.113193505,0
0.53225124,0.7311691,0.0,1.0,0.2838443,0
0.0,0.0,0.0,1.0,0.1618197,0
0.0,0.0,0.0,1.0,0.36326477,0
0.5322661,0.7311988,0.0,1.0,0.27298972,0
0.0,0.0,0.0,1.0,0.2098577,0
0.3062168,0.2791003,0.0,1.0,0.17884913,0
0.0,0.0,0.0,1.0,0.17430377,0
1.0,1.0,0.0,0.7644957,0.092756756,0
0.4892531,0.64517283,0.0,0.77516705,0.07809352,0
0.53225124,0.7311691,0.0,1.0,0.24854434,0
0.0,0.0,0.0,1.0,0.1618197,0
0.0,0.0,0.0,1.0,0.32379153,0
0.5322661,0.7311988,0.0,1.0,0.19126639,0
0.0,0.0,0.0,1.0,0.06779732,0
0.3062168,0.2791003,0.0,1.0,0.14194843,0
0.0,0.0,0.0,1.0,0.15340509,0
1.0,1.0,0.0,1.0,0.23132564,0
0.4892531,0.64517283,0.0,1.0,0.28115156,0
0.53225124,0.7311691,0.0,1.0,0.080508195,0
0.0,0.0,0.0,1.0,0.36326477,0
0.0,0.0,0.0,1.0,0.32379153,0
0.5322661,0.7311988,0.0,1.0,0.14004195,0
0.0,0.0,0.0,1.0,0.27243176,0
0.3062168,0.2791003,0.0,1.0,0.19474271,0
0.0,0.0,0.0,0.8472353,0.06185884,0
1.0,1.0,0.0,1.0,0.10391843,0
0.4892531,0.64517283,0.0,1.0,0.16838267,0
0.53225124,0.7311691,0.0,0.5976608,0.08405388,1
0.0,0.0,0.0,1.0,0.27298972,0
0.0,0.0,0.0,1.0,0.19126639,0
0.0,0.0,0.0,1.0,0.14004195,0
0.0,0.0,0.0,1.0,0.13384561,0
0.3062168,0.2791003,0.0,1.0,0.09647579,0
0.0,0.0,0.0,1.0,0.13512823,0
1.0,1.0,0.0,1.0,0.06030022,0
0.4892531,0.64517283,0.0,1.0,0.101218395,0
0.53225124,0.7311691,0.0,1.0,0.20372179,0
0.0,0.0,0.0,1.0,0.2098577,0
0.0,0.0,0.0,1.0,0.06779732,0
0.0,0.0,0.0,1.0,0.27243176,0
0.5322661,0.7311988,0.0,1.0,0.13384561,0
0.3062168,0.2791003,0.0,1.0,0.117511205,0
0.0,0.0,0.0,1.0,0.043116983,0
1.0,1.0,0.0,0.27794302,0.05746601,2
0.4892531,0.64517283,0.0,0.62458867,0.08651998,0
0.53225124,0.7311691,0.0,1.0,0.11467671,0
0.0,0.0,0.0,1.0,0.17884913,0
0.0,0.0,0.0,1.0,0.14194843,0
0.0,0.0,0.0,1.0,0.19474271,0
0.5322661,0.7311988,0.0,1.0,0.09647579,0
0.0,0.0,0.0,1.0,0.117511205,0
1.0,1.0,0.0,1.0,0.08215059,0
0.4892531,0.64517283,0.0,1.0,0.12820561,0
0.53225124,0.7311691,0.0,1.0,0.074807614,0
0.0,0.0,0.0,1.0,0.22115098,0
0.0,0.0,0.0,1.0,0.17430377,0
0.0,0.0,0.0,1.0,0.15340509,0
0.5322661,0.7311988,0.0,0.84733176,0.06185884,0
0.0,0.0,0.0,1.0,0.13512823,0
0.3062168,0.2791003,0.0,1.0,0.043116983,0
0.0,0.0,0.0,1.0,0.08215059,0
0.4892531,0.64517283,0.0,0.6245989,0.06953007,0
0.53225124,0.7311691,0.0,1.0,0.1558732,0
0.0,0.0,0.0,1.0,0.18179382,0
0.0,0.0,0.0,0.7635691,0.092756756,0
0.0,0.0,0.0,1.0,0.23132564,0
0.5322661,0.7311988,0.0,1.0,0.10391843,0
0.0,0.0,0.0,1.0,0.06030022,0
0.3062168,0.2791003,0.0,0.2773715,0.05746601,2
0.0,0.0,0.0,1.0,0.12820561,0
1.0,1.0,0.0,0.6245989,0.06953007,0
0.53225124,0.7311691,0.0,1.0,0.20119618,0
0.0,0.0,0.0,0.9627337,0.113193505,0
0.0,0.0,0.0,0.7743865,0.07809352,0
0.0,0.0,0.0,1.0,0.28115156,0
0.5322661,0.7311988,0.0,1.0,0.16838267,0
0.0,0.0,0.0,1.0,0.101218395,0
0.3062168,0.2791003,0.0,0.6238398,0.08651998,0
0.0,0.0,0.0,1.0,0.074807614,0
1.0,1.0,0.0,1.0,0.1558732,0
0.4892531,0.64517283,0.0,1.0,0.20119618,0
0.0,0.0,0.0,1.0,0.2838443,0
0.0,0.0,0.0,1.0,0.24854434,0
0.0,0.0,0.0,1.0,0.080508195,0
0.5322661,0.7311988,0.0,0.5968966,0.08405388,1
0.0,0.0,0.0,1.0,0.20372179,0
0.3062168,0.2791003,0.0,1.0,0.11467671,0
0.0,0.0,0.0,1.0,0.22115098,0
1.0,1.0,0.0,1.0,0.18179382,0
0.4892531,0.64517283,0.0,0.9627337,0.113193505,0
0.53225124,0.7311691,0.0,1.0,0.2838443,0
0.0,0.0,0.0,1.0,0.1618197,0
0.0,0.0,0.0,1.0,0.36326477,0
0.5322661,0.7311988,0.0,1.0,0.27298972,0
0.0,0.0,0.0,1.0,0.2098577,0
0.3062168,0.2791003,0.0,1.0,0.17884913,0
0.0,0.0,0.0,1.0,0.17430377,0
1.0,1.0,0.0,0.7635691,0.092756756,0
0.4892531,0.64517283,0.0,0.7743865,0.07809352,0
0.53225124,0.7311691,0.0,1.0,0.24854434,0
0.0,0.0,0.0,1.0,0.1618197,0
0.0,0.0,0.0,1.0,0.32379153,0
0.5322661,0.7311988,0.0,1.0,0.19126639,0
0.0,0.0,0.0,1.0,0.06779732,0
0.3062168,0.2791003,0.0,1.0,0.14194843,0
0.0,0.0,0.0,1.0,0.15340509,0
1.0,1.0,0.0,1.0,0.23132564,0
0.4892531,0.64517283,0.0,1.0,0.28115156,0
0.53225124,0.7311691,0.0,1.0,0.080508195,0
0.0,0.0,0.0,1.0,0.36326477,0
0.0,0.0,0.0,1.0,0.32379153,0
0.5322661,0.7311988,0.0,1.0,0.14004195,0
0.0,0.0,0.0,1.0,0.27243176,0
0.3062168,0.2791003,0.0,1.0,0.19474271,0
0.0,0.0,0.0,0.84733176,0.06185884,0
1.0,1.0,0.0,1.0,0.10391843,0
0.4892531,0.64517283,0.0,1.0,0.16838267,0
0.53225124,0.7311691,0.0,0.5968966,0.08405388,1
0.0,0.0,0.0,1.0,0.27298972,0
0.0,0.0,0.0,1.0,0.19126639,0
0.0,0.0,0.0,1.0,0.14004195,0
0.0,0.0,0.0,1.0,0.13384561,0
0.3062168,0.2791003,0.0,1.0,0.09647579,0
0.0,0.0,0.0,1.0,0.13512823,0
1.0,1.0,0.0,1.0,0.06030022,0
0.4892531,0.64517283,0.0,1.0,0.101218395,0
0.53225124,0.7311691,0.0,1.0,0.20372179,0
0.0,0.0,0.0,1.0,0.2098577,0
0.0,0.0,0.0,1.0,0.06779732,0
0.0,0.0,0.0,1.0,0.27243176,0
0.5322661,0.7311988,0.0,1.0,0.13384561,0
0.3062168,0.2791003,0.0,1.0,0.117511205,0
0.0,0.0,0.0,1.0,0.043116983,0
1.0,1.0,0.0,0.2773715,0.05746601,2
0.4892531,0.64517283,0.0,0.6238398,0.08651998,0
0.53225124,0.7311691,0.0,1.0,0.11467671,0
0.0,0.0,0.0,1.0,0.17884913,0
0.0,0.0,0.0,1.0,0.14194843,0
0.0,0.0,0.0,1.0,0.19474271,0
0.5322661,0.7311988,0.0,1.0,0.09647579,0
0.0,0.0,0.0,1.0,0.117511205,0
1.0,1.0,0.0,1.0,0.08215059,0
0.4892531,0.64517283,0.0,1.0,0.12820561,0
0.53225124,0.7311691,0.0,1.0,0.074807614,0
0.0,0.0,0.0,1.0,0.22115098,0
0.0,0.0,0.0,1.0,0.17430377,0
0.0,0.0,0.0,1.0,0.15340509,0
0.5322661,0.7311988,0.0,0.8474286,0.06185884,0
0.0,0.0,0.0,1.0,0.13512823,0
0.3062168,0.2791003,0.0,1.0,0.043116983,0
0.0,0.0,0.0,1.0,0.08215059,0
0.4892531,0.64517283,0.0,0.62392515,0.06953007,0
0.53225124,0.7311691,0.0,1.0,0.1558732,0
0.0,0.0,0.0,1.0,0.18179382,0
0.0,0.0,0.0,0.76264256,0.092756756,0
0.0,0.0,0.0,1.0,0.23132564,0
0.5322661,0.7311988,0.0,1.0,0.10391843,0
0.0,0.0,0.0,1.0,0.06030022,0
0.3062168,0.2791003,0.0,0.27679995,0.05746601,2
0.0,0.0,0.0,1.0,0.12820561,0
1.0,1.0,0.0,0.62392515,0.06953007,0
0.53225124,0.7311691,0.0,1.0,0.20119618,0
0.0,0.0,0.0,0.96171874,0.113193505,0
0.0,0.0,0.0,0.77360594,0.07809352,0
0.0,0.0,0.0,1.0,0.28115156,0
0.5322661,0.7311988,0.0,1.0,0.16838267,0
0.0,0.0,0.0,1.0,0.101218395,0
0.3062168,0.2791003,0.0,0.6230913,0.08651998,0
0.0,0.0,0.0,1.0,0.074807614,0
1.0,1.0,0.0,1.0,0.1558732,0
0.4892531,0.64517283,0.0,1.0,0.20119618,0
0.0,0.0,0.0,1.0,0.2838443,0
0.0,0.0,0.0,1.0,0.24854434,0
0.0,0.0,0.0,1.0,0.080508195,0
0.5322661,0.7311988,0.0,0.59613264,0.08405388,1
0.0,0.0,0.0,1.0,0.20372179,0
0.3062168,0.2791003,0.0,1.0,0.11467671,0
0.0,0.0,0.0,1.0,0.22115098,0
1.0,1.0,0.0,1.0,0.18179382,0
0.4892531,0.64517283,0.0,0.96171874,0.113193505,0
0.53225124,0.7311691,0.0,1.0,0.2838443,0
0.0,0.0,0.0,1.0,0.1618197,0
0.0,0.0,0.0,1.0,0.36326477,0
0.5322661,0.7311988,0.0,1.0,0.27298972,0
0.0,0.0,0.0,1.0,0.2098577,0
0.3062168,0.2791003,0.0,1.0,0.17884913,0
0.0,0.0,0.0,1.0,0.17430377,0
1.0,1.0,0.0,0.76264256,0.092756756,0
0.4892531,0.64517283,0.0,0.77360594,0.07809352,0
0.53225124,0.7311691,0.0,1.0,0.24854434,0
0.0,0.0,0.0,1.0,0.1618197,0
0.0,0.0,0.0,1.0,0.32379153,0
0.5322661,0.7311988,0.0,1.0,0.19126639,0
0.0,0.0,0.0,1.0,0.06779732,0
0.3062168,0.2791003,0.0,0.9998347,0.14194843,0
0.0,0.0,0.0,1.0,0.15340509,0
1.0,1.0,0.0,1.0,0.23132564,0
0.4892531,0.64517283,0.0,1.0,0.28115156,0
0.53225124,0.7311691,0.0,1.0,0.080508195,0
0.0,0.0,0.0,1.0,0.36326477,0
0.0,0.0,0.0,1.0,0.32379153,0
0.5322661,0.7311988,0.0,1.0,0.14004195,0
0.0,0.0,0.0,1.0,0.27243176,0
0.3062168,0.2791003,0.0,1.0,0.19474271,0
0.0,0.0,0.0,0.8474286,0.06185884,0
1.0,1.0,0.0,1.0,0.10391843,0
0.4892531,0.64517283,0.0,1.0,0.16838267,0
0.53225124,0.7311691,0.0,0.59613264,0.08405388,1
0.0,0.0,0.0,1.0,0.27298972,0
0.0,0.0,0.0,1.0,0.19126639,0
0.0,0.0,0.0,1.0,0.14004195,0
0.0,0.0,0.0,1.0,0.13384561,0
0.3062168,0.2791003,0.0,1.0,0.09647579,0
0.0,0.0,0.0,1.0,0.13512823,0
1.0,1.0,0.0,1.0,0.06030022,0
0.4892531,0.64517283,0.0,1.0,0.101218395,0
0.53225124,0.7311691,0.0,1.0,0.20372179,0
0.0,0.0,0.0,1.0,0.2098577,0
0.0,0.0,0.0,1.0,0.06779732,0
0.0,0.0,0.0,1.0,0.27243176,0
0.5322661,0.7311988,0.0,1.0,0.13384561,0
0.3062168,0.2791003,0.0,1.0,0.117511205,0
0.0,0.0,0.0,1.0,0.043116983,0
1.0,1.0,0.0,0.27679995,0.05746601,2
0.4892531,0.64517283,0.0,0.6230913,0.08651998,0
0.53225124,0.7311691,0.0,1.0,0.11467671,0
0.0,0.0,0.0,1.0,0.17884913,0
0.0,0.0,0.0,0.9998347,0.14194843,0
0.0,0.0,0.0,1.0,0.19474271,0
0.5322661,0.7311988,0.0,1.0,0.09647579,0
0.0,0.0,0.0,1.0,0.117511205,0
1.0,1.0,0.0,1.0,0.08215059,0
0.4892531,0.64517283,0.0,1.0,0.12820561,0
0.53225124,0.7311691,0.0,1.0,0.074807614,0
0.0,0.0,0.0,1.0,0.22115098,0
0.0,0.0,0.0,1.0,0.17430377,0
0.0,0.0,0.0,1.0,0.15340509,0
0.5322661,0.7311988,0.0,0.84752595,0.06185884,0
0.0,0.0,0.0,1.0,0.13512823,0
0.3062168,0.2791003,0.0,1.0,0.043116983,0
0.0,0.0,0.0,1.0,0.08215059,0
0.4892531,0.64517283,0.0,0.6232515,0.06953007,0
0.53225124,0.7311691,0.0,1.0,0.1558732,0
0.0,0.0,0.0,1.0,0.18179382,0
0.0,0.0,0.0,0.761716,0.092756756,0
0.0,0.0,0.0,1.0,0.23132564,0
0.5322661,0.7311988,0.0,1.0,0.10391843,0
0.0,0.0,0.0,1.0,0.06030022,0
0.3062168,0.2791003,0.0,0.27622846,0.05746601,2
0.0,0.0,0.0,1.0,0.12820561,0
1.0,1.0,0.0,0.6232515,0.06953007,0
0.53225124,0.7311691,0.0,1.0,0.20119618,0
0.0,0.0,0.0,0.96070397,0.113193505,0
0.0,0.0,0.0,0.7728254,0.07809352,0
0.0,0.0,0.0,1.0,0.28115156,0
0.5322661,0.7311988,0.0,1.0,0.16838267,0
0.0,0.0,0.0,1.0,0.101218395,0
0.3062168,0.2791003,0.0,0.622343,0.08651998,0
0.0,0.0,0.0,1.0,0.074807614,0
1.0,1.0,0.0,1.0,0.1558732,0
0.4892531,0.64517283,0.0,1.0,0.20119618,0
0.0,0.0,0.0,1.0,0.2838443,0
0.0,0.0,0.0,1.0,0.24854434,0
0.0,0.0,0.0,1.0,0.080508195,0
0.5322661,0.7311988,0.0,0.59536886,0.08405388,1
0.0,0.0,0.0,1.0,0.20372179,0
0.3062168,0.2791003,0.0,1.0,0.11467671,0
0.0,0.0,0.0,1.0,0.22115098,0
1.0,1.0,0.0,1.0,0.18179382,0
0.4892531,0.64517283,0.0,0.96070397,0.113193505,0
0.53225124,0.7311691,0.0,1.0,0.2838443,0
0.0,0.0,0.0,1.0,0.1618197,0
0.0,0.0,0.0,1.0,0.36326477,0
0.5322661,0.7311988,0.0,1.0,0.27298972,0
0.0,0.0,0.0,1.0,0.2098577,0
0.3062168,0.2791003,0.0,1.0,0.17884913,0
0.0,0.0,0.0,1.0,0.17430377,0
1.0,1.0,0.0,0.761716,0.092756756,0
0.4892531,0.64517283,0.0,0.7728254,0.07809352,0
0.53225124,0.7311691,0.0,1.0,0.24854434,0
0.0,0.0,0.0,1.0,0.1618197,0
0.0,0.0,0.0,1.0,0.32379153,0
0.5322661,0.7311988,0.0,1.0,0.19126639,0
0.0,0.0,0.0,1.0,0.06779732,0
0.3062168,0.2791003,0.0,0.9984297,0.14194843,0
0.0,0.0,0.0,1.0,0.15340509,0
1.0,1.0,0.0,1.0,0.23132564,0
0.4892531,0.64517283,0.0,1.0,0.28115156,0
0.53225124,0.7311691,0.0,1.0,0.080508195,0
0.0,0.0,0.0,1.0,0.36326477,0
0.0,0.0,0.0,1.0,0.32379153,0
0.5322661,0.7311988,0.0,1.0,0.14004195,0
0.0,0.0,0.0,1.0,0.27243176,0
0.3062168,0.2791003,0.0,1.0,0.19474271,0
0.0,0.0,0.0,0.84752595,0.06185884,0
1.0,1.0,0.0,1.0,0.10391843,0
0.4892531,0.64517283,0.0,1.0,0.16838267,0
0.53225124,0.7311691,0.0,0.59536886,0.08405388,1
0.0,0.0,0.0,1.0,0.27298972,0
0.0,0.0,0.0,1.0,0.19126639,0
0.0,0.0,0.0,1.0,0.14004195,0
0.0,0.0,0.0,1.0,0.13384561,0
0.3062168,0.2791003,0.0,1.0,0.09647579,0
0.0,0.0,0.0,1.0,0.13512823,0
1.0,1.0,0.0,1.0,0.06030022,0
0.4892531,0.64517283,0.0,1.0,0.101218395,0
0.53225124,0.7311691,0.0,1.0,0.20372179,0
0.0,0.0,0.0,1.0,0.2098577,0
0.0,0.0,0.0,1.0,0.06779732,0
0.0,0.0,0.0,1.0,0.27243176,0
0.5322661,0.7311988,0.0,1.0,0.13384561,0
0.3062168,0.2791003,0.0,1.0,0.117511205,0
0.0,0.0,0.0,1.0,0.043116983,0
1.0,1.0,0.0,0.27622846,0.05746601,2
0.4892531,0.64517283,0.0,0.622343,0.08651998,0
0.53225124,0.7311691,0.0,1.0,0.11467671,0
0.0,0.0,0.0,1.0,0.17884913,0
0.0,0.0,0.0,0.9984297,0.14194843,0
0.0,0.0,0.0,1.0,0.19474271,0
0.5322661,0.7311988,0.0,1.0,0.09647579,0
0.0,0.0,0.0,1.0,0.117511205,0
1.0,1.0,0.0,1.0,0.08215059,0
0.4892531,0.64517283,0.0,1.0,0.12820561,0
0.53225124,0.7311691,0.0,1.0,0.074807614,0
0.0,0.0,0.0,1.0,0.22115098,0
0.0,0.0,0.0,1.0,0.17430377,0
0.0,0.0,0.0,1.0,0.15340509,0
0.5322661,0.7311988,0.0,0.8476237,0.06185884,0
0.0,0.0,0.0,1.0,0.13512823,0
0.3062168,0.2791003,0.0,1.0,0.043116983,0
0.0,0.0,0.0,1.0,0.08215059,0
0.4892531,0.64517283,0.0,0.62257785,0.06953007,0
0.53225124,0.7311691,0.0,1.0,0.1558732,0
0.0,0.0,0.0,1.0,0.18179382,0
0.0,0.0,0.0,0.76078945,0.092756756,0
0.0,0.0,0.0,1.0,0.23132564,0
0.5322661,0.7311988,0.0,1.0,0.10391843,0
0.0,0.0,0.0,1.0,0.06030022,0
0.3062168,0.2791003,0.0,0.27565694,0.05746601,2
0.0,0.0,0.0,1.0,0.12820561,0
1.0,1.0,0.0,0.62257785,0.06953007,0
0.53225124,0.7311691,0.0,1.0,0.20119618,0
0.0,0.0,0.0,0.9596895,0.113193505,0
0.0,0.0,0.0,0.7720449,0.07809352,0
0.0,0.0,0.0,1.0,0.28115156,0
0.5322661,0.7311988,0.0,1.0,0.16838267,0
0.0,0.0,0.0,1.0,0.101218395,0
0.3062168,0.2791003,0.0,0.6215951,0.08651998,0
0.0,0.0,0.0,1.0,0.074807614,0
1.0,1.0,0.0,1.0,0.1558732,0
0.4892531,0.64517283,0.0,1.0,0.20119618,0
0.0,0.0,0.0,1.0,0.2838443,0
0.0,0.0,0.0,1.0,0.24854434,0
0.0,0.0,0.0,1.0,0.080508195,0
0.5322661,0.7311988,0.0,0.5946053,0.08405388,1
0.0,0.0,0.0,1.0,0.20372179,0
0.3062168,0.2791003,0.0,1.0,0.11467671,0
0.0,0.0,0.0,1.0,0.22115098,0
1.0,1.0,0.0,1.0,0.18179382,0
0.4892531,0.64517283,0.0,0.9596895,0.113193505,0
0.53225124,0.7311691,0.0,1.0,0.2838443,0
0.0,0.0,0.0,1.0,0.1618197,0
0.0,0.0,0.0,1.0,0.36326477,0
0.5322661,0.7311988,0.0,1.0,0.27298972,0
0.0,0.0,0.0,1.0,0.2098577,0
0.3062168,0.2791003,0.0,1.0,0.17884913,0
0.0,0.0,0.0,1.0,0.17430377,0
1.0,1.0,0.0,0.76078945,0.092756756,0
0.4892531,0.64517283,0.0,0.7720449,0.07809352,0
0.53225124,0.7311691,0.0,1.0,0.24854434,0
0.0,0.0,0.0,1.0,0.1618197,0
0.0,0.0,0.0,1.0,0.32379153,0
0.5322661,0.7311988,0.0,1.0,0.19126639,0
0.0,0.0,0.0,1.0,0.06779732,0
0.3062168,0.2791003,0.0,0.9970247,0.14194843,0
0.0,0.0,0.0,1.0,0.15340509,0
1.0,1.0,0.0,1.0,0.23132564,0
0.4892531,0.64517283,0.0,1.0,0.28115156,0
0.53225124,0.7311691,0.0,1.0,0.080508195,0
0.0,0.0,0.0,1.0,0.36326477,0
0.0,0.0,0.0,1.0,0.32379153,0
0.5322661,0.7311988,0.0,1.0,0.14004195,0
0.0,0.0,0.0,1.0,0.27243176,0
0.3062168,0.2791003,0.0,1.0,0.19474271,0
0.0,0.0,0.0,0.8476237,0.06185884,0
1.0,1.0,0.0,1.0,0.10391843,0
0.4892531,0.64517283,0.0,1.0,0.16838267,0
0.53225124,0.7311691,0.0,0.5946053,0.08405388,1
0.0,0.0,0.0,1.0,0.27298972,0
0.0,0.0,0.0,1.0,0.19126639,0
0.0,0.0,0.0,1.0,0.14004195,0
0.0,0.0,0.0,1.0,0.13384561,0
0.3062168,0.2791003,0.0,1.0,0.09647579,0
0.0,0.0,0.0,1.0,0.13512823,0
1.0,1.0,0.0,1.0,0.06030022,0
0.4892531,0.64517283,0.0,1.0,0.101218395,0
0.53225124,0.7311691,0.0,1.0,0.20372179,0
0.0,0.0,0.0,1.0,0.2098577,0
0.0,0.0,0.0,1.0,0.06779732,0
0.0,0.0,0.0,1.0,0.27243176,0
0.5322661,0.7311988,0.0,1.0,0.13384561,0
0.3062168,0.2791003,0.0,1.0,0.117511205,0
0.0,0.0,0.0,1.0,0.043116983,0
1.0,1.0,0.0,0.27565694,0.05746601,2
0.4892531,0.64517283,0.0,0.6215951,0.08651998,0
0.53225124,0.7311691,0.0,1.0,0.11467671,0
0.0,0.0,0.0,1.0,0.17884913,0
0.0,0.0,0.0,0.9970247,0.14194843,0
0.0,0.0,0.0,1.0,0.19474271,0
0.5322661,0.7311988,0.0,1.0,0.09647579,0
0.0,0.0,0.0,1.0,0.117511205,0
1.0,1.0,0.0,1.0,0.08215059,0
0.4892531,0.64517283,0.0,1.0,0.12820561,0
0.53225124,0.7311691,0.0,1.0,0.074807614,0
0.0,0.0,0.0,1.0,0.22115098,0
0.0,0.0,0.0,1.0,0.17430377,0
0.0,0.0,0.0,1.0,0.15340509,0
0.5322661,0.7311988,0.0,0.84772193,0.06185884,0
0.0,0.0,0.0,1.0,0.13512823,0
0.3062168,0.2791003,0.0,1.0,0.043116983,0
0.0,0.0,0.0,1.0,0.08215059,0
0.4892531,0.64517283,0.0,0.62190425,0.06953007,0
0.53225124,0.7311691,0.0,1.0,0.1558732,0
0.0,0.0,0.0,1.0,0.18179382,0
0.0,0.0,0.0,0.7598629,0.092756756,0
0.0,0.0,0.0,1.0,0.23132564,0
0.5322661,0.7311988,0.0,1.0,0.10391843,0
0.0,0.0,0.0,1.0,0.06030022,0
0.3062168,0.2791003,0.0,0.27508548,0.05746601,2
0.0,0.0,0.0,1.0,0.12820561,0
1.0,1.0,0.0,0.62190425,0.06953007,0
0.53225124,0.7311691,0.0,1.0,0.20119618,0
0.0,0.0,0.0,0.9586753,0.113193505,0
0.0,0.0,0.0,0.7712643,0.07809352,0
0.0,0.0,0.0,1.0,0.28115156,0
0.5322661,0.7311988,0.0,1.0,0.16838267,0
0.0,0.0,0.0,1.0,0.101218395,0
0.3062168,0.2791003,0.0,0.62084746,0.08651998,0
0.0,0.0,0.0,1.0,0.074807614,0
1.0,1.0,0.0,1.0,0.1558732,0
0.4892531,0.64517283,0.0,1.0,0.20119618,0
0.0,0.0,0.0,1.0,0.2838443,0
0.0,0.0,0.0,1.0,0.24854434,0
0.0,0.0,0.0,1.0,0.080508195,0
0.5322661,0.7311988,0.0,0.59384197,0.08405388,1
0.0,0.0,0.0,1.0,0.20372179,0
0.3062168,0.2791003,0.0,1.0,0.11467671,0
0.0,0.0,0.0,1.0,0.22115098,0
1.0,1.0,0.0,1.0,0.18179382,0
0.4892531,0.64517283,0.0,0.9586753,0.113193505,0
0.53225124,0.7311691,0.0,1.0,0.2838443,0
0.0,0.0,0.0,1.0,0.1618197,0
0.0,0.0,0.0,1.0,0.36326477,0
0.5322661,0.7311988,0.0,1.0,0.27298972,0
0.0,0.0,0.0,1.0,0.2098577,0
0.3062168,0.2791003,0.0,1.0,0.17884913,0
0.0,0.0,0.0,1.0,0.17430377,0
1.0,1.0,0.0,0.7598629,0.092756756,0
0.4892531,0.64517283,0.0,0.7712643,0.07809352,0
0.53225124,0.7311691,0.0,1.0,0.24854434,0
0.0,0.0,0.0,1.0,0.1618197,0
0.0,0.0,0.0,1.0,0.32379153,0
0.5322661,0.7311988,0.0,1.0,0.19126639,0
0.0,0.0,0.0,1.0,0.06779732,0
0.3062168,0.2791003,0.0,0.9956197,0.14194843,0
0.0,0.0,0.0,1.0,0.15340509,0
1.0,1.0,0.0,1.0,0.23132564,0
0.4892531,0.64517283,0.0,1.0,0.28115156,0
0.53225124,0.7311691,0.0,1.0,0.080508195,0
0.0,0.0,0.0,1.0,0.36326477,0
0.0,0.0,0.0,1.0,0.32379153,0
0.5322661,0.7311988,0.0,1.0,0.14004195,0
0.0,0.0,0.0,1.0,0.27243176,0
0.3062168,0.2791003,0.0,1.0,0.19474271,0
0.0,0.0,0.0,0.84772193,0.06185884,0
1.0,1.0,0.0,1.0,0.10391843,0
0.4892531,0.64517283,0.0,1.0,0.16838267,0
0.53225124,0.7311691,0.0,0.59384197,0.08405388,1
0.0,0.0,0.0,1.0,0.27298972,0
0.0,0.0,0.0,1.0,0.19126639,0
0.0,0.0,0.0,1.0,0.14004195,0
0.0,0.0,0.0,1.0,0.13384561,0
0.3062168,0.2791003,0.0,1.0,0.09647579,0
0.0,0.0,0.0,1.0,0.13512823,0
1.0,1.0,0.0,1.0,0.06030022,0
0.4892531,0.64517283,0.0,1.0,0.101218395,0
0.53225124,0.7311691,0.0,1.0,0.20372179,0
0.0,0.0,0.0,1.0,0.2098577,0
0.0,0.0,0.0,1.0,0.06779732,0
0.0,0.0,0.0,1.0,0.27243176,0
0.5322661,0.7311988,0.0,1.0,0.13384561,0
0.3062168,0.2791003,0.0,1.0,0.117511205,0
0.0,0.0,0.0,1.0,0.043116983,0
1.0,1.0,0.0,0.27508548,0.05746601,2
0.4892531,0.64517283,0.0,0.62084746,0.08651998,0
0.53225124,0.7311691,0.0,1.0,0.11467671,0
0.0,0.0,0.0,1.0,0.17884913,0
0.0,0.0,0.0,0.9956197,0.14194843,0
0.0,0.0,0.0,1.0,0.19474271,0
0.5322661,0.7311988,0.0,1.0,0.09647579,0
0.0,0.0,0.0,1.0,0.117511205,0
1.0,1.0,0.0,1.0,0.08215059,0
0.49839953,0.66346574,0.0,1.0,0.12820561,0
0.53225124,0.7311691,0.0,1.0,0.074807614,0
0.0,0.0,0.0,1.0,0.22115098,0
0.0,0.0,0.0,1.0,0.17430377,0
0.0,0.0,0.0,1.0,0.15340509,0
0.5322661,0.7311988,0.0,0.8478205,0.06185884,0
0.0,0.0,0.0,1.0,0.13512823,0
1.0,1.0,0.0,1.0,0.043116983,0
0.0,0.0,0.0,1.0,0.08215059,0
0.49839953,0.66346574,0.0,0.6212307,0.06953007,0
0.53225124,0.7311691,0.0,1.0,0.1558732,0
0.0,0.0,0.0,1.0,0.18179382,0
0.0,0.0,0.0,0.75893635,0.092756756,0
0.0,0.0,0.0,1.0,0.23132564,0
0.5322661,0.7311988,0.0,1.0,0.10391843,0
0.0,0.0,0.0,1.0,0.06030022,0
1.0,1.0,0.0,0.274514,0.05746601,2
0.0,0.0,0.0,1.0,0.12820561,0
1.0,1.0,0.0,0.6212307,0.06953007,0
0.53225124,0.7311691,0.0,1.0,0.20119618,0
0.0,0.0,0.0,0.9576614,0.113193505,0
0.0,0.0,0.0,0.7704838,0.07809352,0
0.0,0.0,0.0,1.0,0.28115156,0
0.5322661,0.7311988,0.0,1.0,0.16838267,0
0.0,0.0,0.0,1.0,0.101218395,0
1.0,1.0,0.0,0.62010014,0.08651998,0
0.0,0.0,0.0,1.0,0.074807614,0
1.0,1.0,0.0,1.0,0.1558732,0
0.49839953,0.66346574,0.0,1.0,0.20119618,0
0.0,0.0,0.0,1.0,0.2838443,0
0.0,0.0,0.0,1.0,0.24854434,0
0.0,0.0,0.0,1.0,0.080508195,0
0.5322661,0.7311988,0.0,0.5930788,0.08405388,1
0.0,0.0,0.0,1.0,0.20372179,0
1.0,1.0,0.0,1.0,0.11467671,0
0.0,0.0,0.0,1.0,0.22115098,0
1.0,1.0,0.0,1.0,0.18179382,0
0.49839953,0.66346574,0.0,0.9576614,0.113193505,0
0.53225124,0.7311691,0.0,1.0,0.2838443,0
0.0,0.0,0.0,1.0,0.1618197,0
0.0,0.0,0.0,1.0,0.36326477,0
0.5322661,0.7311988,0.0,1.0,0.27298972,0
0.0,0.0,0.0,1.0,0.2098577,0
1.0,1.0,0.0,1.0,0.17884913,0
0.0,0.0,0.0,1.0,0.17430377,0
1.0,1.0,0.0,0.75893635,0.092756756,0
0.49839953,0.66346574,0.0,0.7704838,0.07809352,0
0.53225124,0.7311691,0.0,1.0,0.24854434,0
0.0,0.0,0.0,1.0,0.1618197,0
0.0,0.0,0.0,1.0,0.32379153,0
0.5322661,0.7311988,0.0,1.0,0.19126639,0
0.0,0.0,0.0,1.0,0.06779732,0
1.0,1.0,0.0,0.99421483,0.14194843,0
0.0,0.0,0.0,1.0,0.15340509,0
1.0,1.0,0.0,1.0,0.23132564,0
0.49839953,0.66346574,0.0,1.0,0.28115156,0
0.53225124,0.7311691,0.0,1.0,0.080508195,0
0.0,0.0,0.0,1.0,0.36326477,0
0.0,0.0,0.0,1.0,0.32379153,0
0.5322661,0.7311988,0.0,1.0,0.14004195,0
0.0,0.0,0.0,1.0,0.27243176,0
1.0,1.0,0.0,1.0,0.19474271,0
0.0,0.0,0.0,0.8478205,0.06185884,0
1.0,1.0,0.0,1.0,0.10391843,0
0.49839953,0.66346574,0.0,1.0,0.16838267,0
0.53225124,0.7311691,0.0,0.5930788,0.08405388,1
0.0,0.0,0.0,1.0,0.27298972,0
0.0,0.0,0.0,1.0,0.19126639,0
0.0,0.0,0.0,1.0,0.14004195,0
0.0,0.0,0.0,1.0,0.13384561,0
1.0,1.0,0.0,1.0,0.09647579,0
0.0,0.0,0.0,1.0,0.13512823,0
1.0,1.0,0.0,1.0,0.06030022,0
0.49839953,0.66346574,0.0,1.0,0.101218395,0
0.53225124,0.7311691,0.0,1.0,0.20372179,0
0.0,0.0,0.0,1.0,0.2098577,0
0.0,0.0,0.0,1.0,0.06779732,0
0.0,0.0,0.0,1.0,0.27243176,0
0.5322661,0.7311988,0.0,1.0,0.13384561,0
1.0,1.0,0.0,1.0,0.117511205,0
0.0,0.0,0.0,1.0,0.043116983,0
1.0,1.0,0.0,0.274514,0.05746601,2
0.49839953,0.66346574,0.0,0.62010014,0.08651998,0
0.53225124,0.7311691,0.0,1.0,0.11467671,0
0.0,0.0,0.0,1.0,0.17884913,0
0.0,0.0,0.0,0.99421483,0.14194843,0
0.0,0.0,0.0,1.0,0.19474271,0
0.5322661,0.7311988,0.0,1.0,0.09647579,0
0.0,0.0,0.0,1.0,0.117511205,0
1.0,1.0,0.0,1.0,0.08215059,0
0.49839953,0.66346574,0.0,1.0,0.12820561,0
0.53225124,0.7311691,0.0,1.0,0.074807614,0
0.0,0.0,0.0,1.0,0.22115098,0
0.0,0.0,0.0,1.0,0.17430377,0
0.0,0.0,0.0,1.0,0.15340509,0
0.5322661,0.7311988,0.0,0.84791964,0.06185884,0
0.0,0.0,0.0,1.0,0.13512823,0
1.0,1.0,0.0,1.0,0.043116983,0
0.0,0.0,0.0,1.0,0.08215059,0
0.49839953,0.66346574,0.0,0.6205572,0.06953007,0
0.53225124,0.7311691,0.0,1.0,0.1558732,0
0.0,0.0,0.0,1.0,0.18179382,0
0.0,0.0,0.0,0.7580098,0.092756756,0
0.0,0.0,0.0,1.0,0.23132564,0
0.5322661,0.7311988,0.0,1.0,0.10391843,0
0.0,0.0,0.0,1.0,0.06030022,0
1.0,1.0,0.0,0.27394253,0.05746601,2
0.0,0.0,0.0,1.0,0.12820561,0
1.0,1.0,0.0,0.6205572,0.06953007,0
0.53225124,0.7311691,0.0,1.0,0.20119618,0
0.0,0.0,0.0,0.9566477,0.113193505,0
0.0,0.0,0.0,0.76970327,0.07809352,0
0.0,0.0,0.0,1.0,0.28115156,0
0.5322661,0.7311988,0.0,1.0,0.16838267,0
0.0,0.0,0.0,1.0,0.101218395,0
1.0,1.0,0.0,0.6193531,0.08651998,0
0.0,0.0,0.0,1.0,0.074807614,0
1.0,1.0,0.0,1.0,0.1558732,0
0.49839953,0.66346574,0.0,1.0,0.20119618,0
0.0,0.0,0.0,1.0,0.2838443,0
0.0,0.0,0.0,1.0,0.24854434,0
0.0,0.0,0.0,1.0,0.080508195,0
0.5322661,0.7311988,0.0,0.5923159,0.08405388,1
0.0,0.0,0.0,1.0,0.20372179,0
1.0,1.0,0.0,1.0,0.11467671,0
0.0,0.0,0.0,1.0,0.22115098,0
1.0,1.0,0.0,1.0,0.18179382,0
0.49839953,0.66346574,0.0,0.9566477,0.113193505,0
0.53225124,0.7311691,0.0,1.0,0.2838443,0
0.0,0.0,0.0,1.0,0.1618197,0
0.0,0.0,0.0,1.0,0.36326477,0
0.5322661,0.7311988,0.0,1.0,0.27298972,0
0.0,0.0,0.0,1.0,0.2098577,0
1.0,1.0,0.0,1.0,0.17884913,0
0.0,0.0,0.0,1.0,0.17430377,0
1.0,1.0,0.0,0.7580098,0.092756756,0
0.49839953,0.66346574,0.0,0.76970327,0.07809352,0
0.53225124,0.7311691,0.0,1.0,0.24854434,0
0.0,0.0,0.0,1.0,0.1618197,0
0.0,0.0,0.0,1.0,0.32379153,0
0.5322661,0.7311988,0.0,1.0,0.19126639,0
0.0,0.0,0.0,1.0,0.06779732,0
1.0,1.0,0.0,0.99280995,0.14194843,0
0.0,0.0,0.0,1.0,0.15340509,0
1.0,1.0,0.0,1.0,0.23132564,0
0.49839953,0.66346574,0.0,1.0,0.28115156,0
0.53225124,0.7311691,0.0,1.0,0.080508195,0
0.0,0.0,0.0,1.0,0.36326477,0
0.0,0.0,0.0,1.0,0.32379153,0
0.5322661,0.7311988,0.0,1.0,0.14004195,0
0.0,0.0,0.0,1.0,0.27243176,0
1.0,1.0,0.0,1.0,0.19474271,0
0.0,0.0,0.0,0.84791964,0.06185884,0
1.0,1.0,0.0,1.0,0.10391843,0
0.49839953,0.66346574,0.0,1.0,0.16838267,0
0.53225124,0.7311691,0.0,0.5923159,0.08405388,1
0.0,0.0,0.0,1.0,0.27298972,0
0.0,0.0,0.0,1.0,0.19126639,0
0.0,0.0,0.0,1.0,0.14004195,0
0.0,0.0,0.0,1.0,0.13384561,0
1.0,1.0,0.0,1.0,0.09647579,0
0.0,0.0,0.0,1.0,0.13512823,0
1.0,1.0,0.0,1.0,0.06030022,0
0.49839953,0.66346574,0.0,1.0,0.101218395,0
0.53225124,0.7311691,0.0,1.0,0.20372179,0
0.0,0.0,0.0,1.0,0.2098577,0
0.0,0.0,0.0,1.0,0.06779732,0
0.0,0.0,0.0,1.0,0.27243176,0
0.5322661,0.7311988,0.0,1.0,0.13384561,0
1.0,1.0,0.0,1.0,0.117511205,0
0.0,0.0,0.0,1.0,0.043116983,0
1.0,1.0,0.0,0.27394253,0.05746601,2
0.49839953,0.66346574,0.0,0.6193531,0.08651998,0
0.53225124,0.7311691,0.0,1.0,0.11467671,0
0.0,0.0,0.0,1.0,0.17884913,0
0.0,0.0,0.0,0.99280995,0.14194843,0
0.0,0.0,0.0,1.0,0.19474271,0
0.5322661,0.7311988,0.0,1.0,0.09647579,0
0.0,0.0,0.0,1.0,0.117511205,0
1.0,1.0,0.0,1.0,0.08215059,0
0.49839953,0.66346574,0.0,1.0,0.12820561,0
0.5450063,0.75667924,0.0,1.0,0.074807614,0
0.0,0.0,0.0,1.0,0.22115098,0
0.0,0.0,0.0,1.0,0.17430377,0
0.0,0.0,0.0,1.0,0.15340509,0
0.54516655,0.7569998,0.0,0.8480191,0.06185884,0
0.0,0.0,0.0,1.0,0.13512823,0
1.0,1.0,0.0,1.0,0.043116983,0
0.0,0.0,0.0,1.0,0.08215059,0
0.49839953,0.66346574,0.0,0.6198838,0.06953007,0
0.5450063,0.75667924,0.0,1.0,0.1558732,0
0.0,0.0,0.0,1.0,0.18179382,0
0.0,0.0,0.0,0.75708324,0.092756756,0
0.0,0.0,0.0,1.0,0.23132564,0
0.54516655,0.7569998,0.0,1.0,0.10391843,0
0.0,0.0,0.0,1.0,0.06030022,0
1.0,1.0,0.0,0.2733711,0.05746601,2
0.0,0.0,0.0,1.0,0.12820561,0
1.0,1.0,0.0,0.6198838,0.06953007,0
0.5450063,0.75667924,0.0,1.0,0.20119618,0
0.0,0.0,0.0,0.9556343,0.113193505,0
0.0,0.0,0.0,0.76892275,0.07809352,0
0.0,0.0,0.0,1.0,0.28115156,0
0.54516655,0.7569998,0.0,1.0,0.16838267,0
0.0,0.0,0.0,1.0,0.101218395,0
1.0,1.0,0.0,0.6186064,0.08651998,0
0.0,0.0,0.0,1.0,0.074807614,0
1.0,1.0,0.0,1.0,0.1558732,0
0.49839953,0.66346574,0.0,1.0,0.20119618,0
0.0,0.0,0.0,1.0,0.2838443,0
0.0,0.0,0.0,1.0,0.24854434,0
0.0,0.0,0.0,1.0,0.080508195,0
0.54516655,0.7569998,0.0,0.59155315,0.08405388,1
0.0,0.0,0.0,1.0,0.20372179,0
1.0,1.0,0.0,1.0,0.11467671,0
0.0,0.0,0.0,1.0,0.22115098,0
1.0,1.0,0.0,1.0,0.18179382,0
0.49839953,0.66346574,0.0,0.9556343,0.113193505,0
0.5450063,0.75667924,0.0,1.0,0.2838443,0
0.0,0.0,0.0,1.0,0.1618197,0
0.0,0.0,0.0,1.0,0.36326477,0
0.54516655,0.7569998,0.0,1.0,0.27298972,0
0.0,0.0,0.0,1.0,0.2098577,0
1.0,1.0,0.0,1.0,0.17884913,0
0.0,0.0,0.0,1.0,0.17430377,0
1.0,1.0,0.0,0.75708324,0.092756756,0
0.49839953,0.66346574,0.0,0.76892275,0.07809352,0
0.5450063,0.75667924,0.0,1.0,0.24854434,0
0.0,0.0,0.0,1.0,0.1618197,0
0.0,0.0,0.0,1.0,0.32379153,0
0.54516655,0.7569998,0.0,1.0,0.19126639,0
0.0,0.0,0.0,1.0,0.06779732,0
1.0,1.0,0.0,0.9914051,0.14194843,0
0.0,0.0,0.0,1.0,0.15340509,0
1.0,1.0,0.0,1.0,0.23132564,0
0.49839953,0.66346574,0.0,1.0,0.28115156,0
0.5450063,0.75667924,0.0,1.0,0.080508195,0
0.0,0.0,0.0,1.0,0.36326477,0
0.0,0.0,0.0,1.0,0.32379153,0
0.54516655,0.7569998,0.0,1.0,0.14004195,0
0.0,0.0,0.0,1.0,0.27243176,0
1.0,1.0,0.0,1.0,0.19474271,0
0.0,0.0,0.0,0.8480191,0.06185884,0
1.0,1.0,0.0,1.0,0.10391843,0
0.49839953,0.66346574,0.0,1.0,0.16838267,0
0.5450063,0.75667924,0.0,0.59155315,0.08405388,1
0.0,0.0,0.0,1.0,0.27298972,0
0.0,0.0,0.0,1.0,0.19126639,0
0.0,0.0,0.0,1.0,0.14004195,0
0.0,0.0,0.0,1.0,0.13384561,0
1.0,1.0,0.0,1.0,0.09647579,0
0.0,0.0,0.0,1.0,0.13512823,0
1.0,1.0,0.0,1.0,0.06030022,0
0.49839953,0.66346574,0.0,1.0,0.101218395,0
0.5450063,0.75667924,0.0,1.0,0.20372179,0
0.0,0.0,0.0,1.0,0.2098577,0
0.0,0.0,0.0,1.0,0.06779732,0
0.0,0.0,0.0,1.0,0.27243176,0
0.54516655,0.7569998,0.0,1.0,0.13384561,0
1.0,1.0,0.0,1.0,0.117511205,0
0.0,0.0,0.0,1.0,0.043116983,0
1.0,1.0,0.0,0.2733711,0.05746601,2
0.49839953,0.66346574,0.0,0.6186064,0.08651998,0
0.5450063,0.75667924,0.0,1.0,0.11467671,0
0.0,0.0,0.0,1.0,0.17884913,0
0.0,0.0,0.0,0.9914051,0.14194843,0
0.0,0.0,0.0,1.0,0.19474271,0
0.54516655,0.7569998,0.0,1.0,0.09647579,0
0.0,0.0,0.0,1.0,0.117511205,0
1.0,1.0,0.0,1.0,0.08215059,0
0.49839953,0.66346574,0.0,1.0,0.12820561,0
0.5450063,0.75667924,0.0,1.0,0.074807614,0
0.0,0.0,0.0,1.0,0.22115098,0
0.0,0.0,0.0,1.0,0.17430377,0
0.0,0.0,0.0,1.0,0.15340509,0
0.54516655,0.7569998,0.0,0.8481191,0.06185884,0
0.0,0.0,0.0,1.0,0.13512823,0
1.0,1.0,0.0,1.0,0.043116983,0
0.0,0.0,0.0,1.0,0.08215059,0
0.49839953,0.66346574,0.0,0.61921036,0.06953007,0
0.5450063,0.75667924,0.0,1.0,0.1558732,0
0.0,0.0,0.0,1.0,0.18179382,0
0.0,0.0,0.0,0.7561567,0.092756756,0
0.0,0.0,0.0,1.0,0.23132564,0
0.54516655,0.7569998,0.0,1.0,0.10391843,0
0.0,0.0,0.0,1.0,0.06030022,0
1.0,1.0,0.0,0.27279967,0.05746601,2
0.0,0.0,0.0,1.0,0.12820561,0
1.0,1.0,0.0,0.61921036,0.06953007,0
0.5450063,0.75667924,0.0,1.0,0.20119618,0
0.0,0.0,0.0,0.95462114,0.113193505,0
0.0,0.0,0.0,0.7681422,0.07809352,0
0.0,0.0,0.0,1.0,0.28115156,0
0.54516655,0.7569998,0.0,1.0,0.16838267,0
0.0,0.0,0.0,1.0,0.101218395,0
1.0,1.0,0.0,0.61785996,0.08651998,0
0.0,0.0,0.0,1.0,0.074807614,0
1.0,1.0,0.0,1.0,0.1558732,0
0.49839953,0.66346574,0.0,1.0,0.20119618,0
0.0,0.0,0.0,1.0,0.2838443,0
0.0,0.0,0.0,1.0,0.24854434,0
0.0,0.0,0.0,1.0,0.080508195,0
0.54516655,0.7569998,0.0,0.5907907,0.08405388,1
0.0,0.0,0.0,1.0,0.20372179,0
1.0,1.0,0.0,1.0,0.11467671,0
0.0,0.0,0.0,1.0,0.22115098,0
1.0,1.0,0.0,1.0,0.18179382,0
0.49839953,0.66346574,0.0,0.95462114,0.113193505,0
0.5450063,0.75667924,0.0,1.0,0.2838443,0
0.0,0.0,0.0,1.0,0.1618197,0
0.0,0.0,0.0,1.0,0.36326477,0
0.54516655,0.7569998,0.0,1.0,0.27298972,0
0.0,0.0,0.0,1.0,0.2098577,0
1.0,1.0,0.0,1.0,0.17884913,0
0.0,0.0,0.0,1.0,0.17430377,0
1.0,1.0,0.0,0.7561567,0.092756756,0
0.49839953,0.66346574,0.0,0.7681422,0.07809352,0
0.5450063,0.75667924,0.0,1.0,0.24854434,0
0.0,0.0,0.0,1.0,0.1618197,0
0.0,0.0,0.0,1.0,0.32379153,0
0.54516655,0.7569998,0.0,1.0,0.19126639,0
0.0,0.0,0.0,1.0,0.06779732,0
1.0,1.0,0.0,0.9900003,0.14194843,0
0.0,0.0,0.0,1.0,0.15340509,0
1.0,1.0,0.0,1.0,0.23132564,0
0.49839953,0.66346574,0.0,1.0,0.28115156,0
0.5450063,0.75667924,0.0,1.0,0.080508195,0
0.0,0.0,0.0,1.0,0.36326477,0
0.0,0.0,0.0,1.0,0.32379153,0
0.54516655,0.7569998,0.0,1.0,0.14004195,0
0.0,0.0,0.0,1.0,0.27243176,0
1.0,1.0,0.0,1.0,0.19474271,0
0.0,0.0,0.0,0.8481191,0.06185884,0
1.0,1.0,0.0,1.0,0.10391843,0
0.49839953,0.66346574,0.0,1.0,0.16838267,0
0.5450063,0.75667924,0.0,0.5907907,0.08405388,1
0.0,0.0,0.0,1.0,0.27298972,0
0.0,0.0,0.0,1.0,0.19126639,0
0.0,0.0,0.0,1.0,0.14004195,0
0.0,0.0,0.0,1.0,0.13384561,0
1.0,1.0,0.0,1.0,0.09647579,0
0.0,0.0,0.0,1.0,0.13512823,0
1.0,1.0,0.0,1.0,0.06030022,0
0.49839953,0.66346574,0.0,1.0,0.101218395,0
0.5450063,0.75667924,0.0,1.0,0.20372179,0
0.0,0.0,0.0,1.0,0.2098577,0
0.0,0.0,0.0,1.0,0.06779732,0
0.0,0.0,0.0,1.0,0.27243176,0
0.54516655,0.7569998,0.0,1.0,0.13384561,0
1.0,1.0,0.0,1.0,0.117511205,0
0.0,0.0,0.0,1.0,0.043116983,0
1.0,1.0,0.0,0.27279967,0.05746601,2
0.49839953,0.66346574,0.0,0.61785996,0.08651998,0
0.5450063,0.75667924,0.0,1.0,0.11467671,0
0.0,0.0,0.0,1.0,0.17884913,0
0.0,0.0,0.0,0.9900003,0.14194843,0
0.0,0.0,0.0,1.0,0.19474271,0
0.54516655,0.7569998,0.0,1.0,0.09647579,0
0.0,0.0,0.0,1.0,0.117511205,0
1.0,1.0,0.0,1.0,0.08215059,0
0.49839953,0.66346574,0.0,1.0,0.12820561,0
0.5450063,0.75667924,0.0,1.0,0.074807614,0
0.0,0.0,0.0,1.0,0.22115098,0
0.0,0.0,0.0,1.0,0.17430377,0
0.0,0.0,0.0,1.0,0.15340509,0
0.54516655,0.7569998,0.0,0.84821945,0.06185884,0
0.0,0.0,0.0,1.0,0.13512823,0
1.0,1.0,0.0,1.0,0.043116983,0
0.0,0.0,0.0,1.0,0.08215059,0
0.49839953,0.66346574,0.0,0.618537,0.06953007,0
0.5450063,0.75667924,0.0,1.0,0.1558732,0
0.0,0.0,0.0,1.0,0.18179382,0
0.0,0.0,0.0,0.7552302,0.092756756,0
0.0,0.0,0.0,1.0,0.23132564,0
0.54516655,0.7569998,0.0,1.0,0.10391843,0
0.0,0.0,0.0,1.0,0.06030022,0
1.0,1.0,0.0,0.27222824,0.05746601,2
0.0,0.0,0.0,1.0,0.12820561,0
1.0,1.0,0.0,0.618537,0.06953007,0
0.5450063,0.75667924,0.0,1.0,0.20119618,0
0.0,0.0,0.0,0.9536083,0.113193505,0
0.0,0.0,0.0,0.76736164,0.07809352,0
0.0,0.0,0.0,1.0,0.28115156,0
0.54516655,0.7569998,0.0,1.0,0.16838267,0
0.0,0.0,0.0,1.0,0.101218395,0
1.0,1.0,0.0,0.6171139,0.08651998,0
0.0,0.0,0.0,1.0,0.074807614,0
1.0,1.0,0.0,1.0,0.1558732,0
0.49839953,0.66346574,0.0,1.0,0.20119618,0
0.0,0.0,0.0,1.0,0.2838443,0
0.0,0.0,0.0,1.0,0.24854434,0
0.0,0.0,0.0,1.0,0.080508195,0
0.54516655,0.7569998,0.0,0.59002835,0.08405388,1
0.0,0.0,0.0,1.0,0.20372179,0
1.0,1.0,0.0,1.0,0.11467671,0
0.0,0.0,0.0,1.0,0.22115098,0
1.0,1.0,0.0,1.0,0.18179382,0
0.49839953,0.66346574,0.0,0.9536083,0.113193505,0
0.5450063,0.75667924,0.0,1.0,0.2838443,0
0.0,0.0,0.0,1.0,0.1618197,0
0.0,0.0,0.0,1.0,0.36326477,0
0.54516655,0.7569998,0.0,1.0,0.27298972,0
0.0,0.0,0.0,1.0,0.2098577,0
1.0,1.0,0.0,1.0,0.17884913,0
0.0,0.0,0.0,1.0,0.17430377,0
1.0,1.0,0.0,0.7552302,0.092756756,0
0.49839953,0.66346574,0.0,0.76736164,0.07809352,0
0.5450063,0.75667924,0.0,1.0,0.24854434,0
0.0,0.0,0.0,1.0,0.1618197,0
0.0,0.0,0.0,1.0,0.32379153,0
0.54516655,0.7569998,0.0,1.0,0.19126639,0
0.0,0.0,0.0,1.0,0.06779732,0
1.0,1.0,0.0,0.9885956,0.14194843,0
0.0,0.0,0.0,1.0,0.15340509,0
1.0,1.0,0.0,1.0,0.23132564,0
0.49839953,0.66346574,0.0,1.0,0.28115156,0
0.5450063,0.75667924,0.0,1.0,0.080508195,0
0.0,0.0,0.0,1.0,0.36326477,0
0.0,0.0,0.0,1.0,0.32379153,0
0.54516655,0.7569998,0.0,1.0,0.14004195,0
0.0,0.0,0.0,1.0,0.27243176,0
1.0,1.0,0.0,1.0,0.19474271,0
0.0,0.0,0.0,0.84821945,0.06185884,0
1.0,1.0,0.0,1.0,0.10391843,0
0.49839953,0.66346574,0.0,1.0,0.16838267,0
0.5450063,0.75667924,0.0,0.59002835,0.08405388,1
0.0,0.0,0.0,1.0,0.27298972,0
0.0,0.0,0.0,1.0,0.19126639,0
0.0,0.0,0.0,1.0,0.14004195,0
0.0,0.0,0.0,1.0,0.13384561,0
1.0,1.0,0.0,1.0,0.09647579,0
0.0,0.0,0.0,1.0,0.13512823,0
1.0,1.0,0.0,1.0,0.06030022,0
0.49839953,0.66346574,0.0,1.0,0.101218395,0
0.5450063,0.75667924,0.0,1.0,0.20372179,0
0.0,0.0,0.0,1.0,0.2098577,0
0.0,0.0,0.0,1.0,0.06779732,0
0.0,0.0,0.0,1.0,0.27243176,0
0.54516655,0.7569998,0.0,1.0,0.13384561,0
1.0,1.0,0.0,1.0,0.117511205,0
0.0,0.0,0.0,1.0,0.043116983,0
1.0,1.0,0.0,0.27222824,0.05746601,2
0.49839953,0.66346574,0.0,0.6171139,0.08651998,0
0.5450063,0.75667924,0.0,1.0,0.11467671,0
0.0,0.0,0.0,1.0,0.17884913,0
0.0,0.0,0.0,0.9885956,0.14194843,0
0.0,0.0,0.0,1.0,0.19474271,0
0.54516655,0.7569998,0.0,1.0,0.09647579,0
0.0,0.0,0.0,1.0,0.117511205,0
1.0,1.0,0.0,1.0,0.08215059,0
0.49839953,0.66346574,0.0,1.0,0.12820561,0
0.5450063,0.75667924,0.0,1.0,0.074807614,0
0.0,0.0,0.0,1.0,0.22115098,0
0.0,0.0,0.0,1.0,0.17430377,0
0.0,0.0,0.0,1.0,0.15340509,0
0.54516655,0.7569998,0.0,0.8483203,0.06185884,0
0.0,0.0,0.0,1.0,0.13512823,0
1.0,1.0,0.0,1.0,0.043116983,0
0.0,0.0,0.0,1.0,0.08215059,0
0.49839953,0.66346574,0.0,0.6178637,0.06953007,0
0.5450063,0.75667924,0.0,1.0,0.1558732,0
0.0,0.0,0.0,1.0,0.18179382,0
0.0,0.0,0.0,0.75430363,0.092756756,0
0.0,0.0,0.0,1.0,0.23132564,0
0.54516655,0.7569998,0.0,1.0,0.10391843,0
0.0,0.0,0.0,1.0,0.06030022,0
1.0,1.0,0.0,0.27165684,0.05746601,2
0.0,0.0,0.0,1.0,0.12820561,0
1.0,1.0,0.0,0.6178637,0.06953007,0
0.5450063,0.75667924,0.0,1.0,0.20119618,0
0.0,0.0,0.0,0.95259565,0.113193505,0
0.0,0.0,0.0,0.7665811,0.07809352,0
0.0,0.0,0.0,1.0,0.28115156,0
0.54516655,0.7569998,0.0,1.0,0.16838267,0
0.0,0.0,0.0,1.0,0.101218395,0
1.0,1.0,0.0,0.6163681,0.08651998,0
0.0,0.0,0.0,1.0,0.074807614,0
1.0,1.0,0.0,1.0,0.1558732,0
0.49839953,0.66346574,0.0,1.0,0.20119618,0
0.0,0.0,0.0,1.0,0.2838443,0
0.0,0.0,0.0,1.0,0.24854434,0
0.0,0.0,0.0,1.0,0.080508195,0
0.54516655,0.7569998,0.0,0.5892663,0.08405388,1
0.0,0.0,0.0,1.0,0.20372179,0
1.0,1.0,0.0,1.0,0.11467671,0
0.0,0.0,0.0,1.0,0.22115098,0
1.0,1.0,0.0,1.0,0.18179382,0
0.49839953,0.66346574,0.0,0.95259565,0.113193505,0
0.5450063,0.75667924,0.0,1.0,0.2838443,0
0.0,0.0,0.0,1.0,0.1618197,0
0.0,0.0,0.0,1.0,0.36326477,0
0.54516655,0.7569998,0.0,1.0,0.27298972,0
0.0,0.0,0.0,1.0,0.2098577,0
1.0,1.0,0.0,1.0,0.17884913,0
0.0,0.0,0.0,1.0,0.17430377,0
1.0,1.0,0.0,0.75430363,0.092756756,0
0.49839953,0.66346574,0.0,0.7665811,0.07809352,0
0.5450063,0.75667924,0.0,1.0,0.24854434,0
0.0,0.0,0.0,1.0,0.1618197,0
0.0,0.0,0.0,1.0,0.32379153,0
0.54516655,0.7569998,0.0,1.0,0.19126639,0
0.0,0.0,0.0,1.0,0.06779732,0
1.0,1.0,0.0,0.9871909,0.14194843,0
0.0,0.0,0.0,1.0,0.15340509,0
1.0,1.0,0.0,1.0,0.23132564,0
0.49839953,0.66346574,0.0,1.0,0.28115156,0
0.5450063,0.75667924,0.0,1.0,0.080508195,0
0.0,0.0,0.0,1.0,0.36326477,0
0.0,0.0,0.0,1.0,0.32379153,0
0.54516655,0.7569998,0.0,1.0,0.14004195,0
0.0,0.0,0.0,1.0,0.27243176,0
1.0,1.0,0.0,1.0,0.19474271,0
0.0,0.0,0.0,0.8483203,0.06185884,0
1.0,1.0,0.0,1.0,0.10391843,0
0.49839953,0.66346574,0.0,1.0,0.16838267,0
0.5450063,0.75667924,0.0,0.5892663,0.08405388,1
0.0,0.0,0.0,1.0,0.27298972,0
0.0,0.0,0.0,1.0,0.19126639,0
0.0,0.0,0.0,1.0,0.14004195,0
0.0,0.0,0.0,1.0,0.13384561,0
1.0,1.0,0.0,1.0,0.09647579,0
0.0,0.0,0.0,1.0,0.13512823,0
1.0,1.0,0.0,1.0,0.06030022,0
0.49839953,0.66346574,0.0,1.0,0.101218395,0
0.5450063,0.75667924,0.0,1.0,0.20372179,0
0.0,0.0,0.0,1.0,0.2098577,0
0.0,0.0,0.0,1.0,0.06779732,0
0.0,0.0,0.0,1.0,0.27243176,0
0.54516655,0.7569998,0.0,1.0,0.13384561,0
1.0,1.0,0.0,1.0,0.117511205,0
0.0,0.0,0.0,1.0,0.043116983,0
1.0,1.0,0.0,0.27165684,0.05746601,2
0.49839953,0.66346574,0.0,0.6163681,0.08651998,0
0.5450063,0.75667924,0.0,1.0,0.11467671,0
0.0,0.0,0.0,1.0,0.17884913,0
0.0,0.0,0.0,0.9871909,0.14194843,0
0.0,0.0,0.0,1.0,0.19474271,0
0.54516655,0.7569998,0.0,1.0,0.09647579,0
0.0,0.0,0.0,1.0,0.117511205,0
1.0,1.0,0.0,1.0,0.08215059,0
0.49839953,0.66346574,0.0,1.0,0.12820561,0
0.5450063,0.75667924,0.0,1.0,0.074807614,0
0.0,0.0,0.0,1.0,0.22115098,0
0.0,0.0,0.0,1.0,0.17430377,0
0.0,0.0,0.0,1.0,0.15340509,0
0.54516655,0.7569998,0.0,0.8484216,0.06185884,0
0.0,0.0,0.0,1.0,0.13512823,0
1.0,1.0,0.0,1.0,0.043116983,0
0.0,0.0,0.0,1.0,0.08215059,0
0.49839953,0.66346574,0.0,0.6171905,0.06953007,0
0.5450063,0.75667924,0.0,1.0,0.1558732,0
0.0,0.0,0.0,1.0,0.18179382,0
0.0,0.0,0.0,0.7533771,0.092756756,0
0.0,0.0,0.0,1.0,0.23132564,0
0.54516655,0.7569998,0.0,1.0,0.10391843,0
0.0,0.0,0.0,1.0,0.06030022,0
1.0,1.0,0.0,0.27108547,0.05746601,2
0.0,0.0,0.0,1.0,0.12820561,0
1.0,1.0,0.0,0.6171905,0.06953007,0
0.5450063,0.75667924,0.0,1.0,0.20119618,0
0.0,0.0,0.0,0.95158327,0.113193505,0
0.0,0.0,0.0,0.7658006,0.07809352,0
0.0,0.0,0.0,1.0,0.28115156,0
0.54516655,0.7569998,0.0,1.0,0.16838267,0
0.0,0.0,0.0,1.0,0.101218395,0
1.0,1.0,0.0,0.61562264,0.08651998,0
0.0,0.0,0.0,1.0,0.074807614,0
1.0,1.0,0.0,1.0,0.1558732,0
0.49839953,0.66346574,0.0,1.0,0.20119618,0
0.0,0.0,0.0,1.0,0.2838443,0
0.0,0.0,0.0,1.0,0.24854434,0
0.0,0.0,0.0,1.0,0.080508195,0
0.54516655,0.7569998,0.0,0.58850443,0.08405388,1
0.0,0.0,0.0,1.0,0.20372179,0
1.0,1.0,0.0,1.0,0.11467671,0
0.0,0.0,0.0,1.0,0.22115098,0
1.0,1.0,0.0,1.0,0.18179382,0
0.49839953,0.66346574,0.0,0.95158327,0.113193505,0
0.5450063,0.75667924,0.0,1.0,0.2838443,0
0.0,0.0,0.0,1.0,0.1618197,0
0.0,0.0,0.0,1.0,0.36326477,0
0.54516655,0.7569998,0.0,1.0,0.27298972,0
0.0,0.0,0.0,1.0,0.2098577,0
1.0,1.0,0.0,1.0,0.17884913,0
0.0,0.0,0.0,1.0,0.17430377,0
1.0,1.0,0.0,0.7533771,0.092756756,0
0.49839953,0.66346574,0.0,0.7658006,0.07809352,0
0.5450063,0.75667924,0.0,1.0,0.24854434,0
0.0,0.0,0.0,1.0,0.1618197,0
0.0,0.0,0.0,1.0,0.32379153,0
0.54516655,0.7569998,0.0,1.0,0.19126639,0
0.0,0.0,0.0,1.0,0.06779732,0
1.0,1.0,0.0,0.9857862,0.14194843,0
0.0,0.0,0.0,1.0,0.15340509,0
1.0,1.0,0.0,1.0,0.23132564,0
0.49839953,0.66346574,0.0,1.0,0.28115156,0
0.5450063,0.75667924,0.0,1.0,0.080508195,0
0.0,0.0,0.0,1.0,0.36326477,0
0.0,0.0,0.0,1.0,0.32379153,0
0.54516655,0.7569998,0.0,1.0,0.14004195,0
0.0,0.0,0.0,1.0,0.27243176,0
1.0,1.0,0.0,1.0,0.19474271,0
0.0,0.0,0.0,0.8484216,0.06185884,0
1.0,1.0,0.0,1.0,0.10391843,0
0.49839953,0.66346574,0.0,1.0,0.16838267,0
0.5450063,0.75667924,0.0,0.58850443,0.08405388,1
0.0,0.0,0.0,1.0,0.27298972,0
0.0,0.0,0.0,1.0,0.19126639,0
0.0,0.0,0.0,1.0,0.14004195,0
0.0,0.0,0.0,1.0,0.13384561,0
1.0,1.0,0.0,1.0,0.09647579,0
0.0,0.0,0.0,1.0,0.13512823,0
1.0,1.0,0.0,1.0,0.06030022,0
0.49839953,0.66346574,0.0,1.0,0.101218395,0
0.5450063,0.75667924,0.0,1.0,0.20372179,0
0.0,0.0,0.0,1.0,0.2098577,0
0.0,0.0,0.0,1.0,0.06779732,0
0.0,0.0,0.0,1.0,0.27243176,0
0.54516655,0.7569998,0.0,1.0,0.13384561,0
1.0,1.0,0.0,1.0,0.117511205,0
0.0,0.0,0.0,1.0,0.043116983,0
1.0,1.0,0.0,0.27108547,0.05746601,2
0.49839953,0.66346574,0.0,0.61562264,0.08651998,0
0.5450063,0.75667924,0.0,1.0,0.11467671,0
0.0,0.0,0.0,1.0,0.17884913,0
0.0,0.0,0.0,0.9857862,0.14194843,0
0.0,0.0,0.0,1.0,0.19474271,0
0.54516655,0.7569998,0.0,1.0,0.09647579,0
0.0,0.0,0.0,1.0,0.117511205,0
1.0,1.0,0.0,1.0,0.08215059,0
0.49839953,0.66346574,0.0,1.0,0.12820561,0
0.5450063,0.75667924,0.0,1.0,0.074807614,0
0.0,0.0,0.0,1.0,0.22115098,0
0.0,0.0,0.0,1.0,0.17430377,0
0.0,0.0,0.0,1.0,0.15340509,0
0.54516655,0.7569998,0.0,0.84852326,0.06185884,0
0.0,0.0,0.0,1.0,0.13512823,0
1.0,1.0,0.0,1.0,0.043116983,0
0.0,0.0,0.0,1.0,0.08215059,0
0.49839953,0.66346574,0.0,0.61651725,0.06953007,0
0.5450063,0.75667924,0.0,1.0,0.1558732,0
0.0,0.0,0.0,1.0,0.18179382,0
0.0,0.0,0.0,0.7524506,0.092756756,0
0.0,0.0,0.0,1.0,0.23132564,0
0.54516655,0.7569998,0.0,1.0,0.10391843,0
0.0,0.0,0.0,1.0,0.06030022,0
1.0,1.0,0.0,0.2705141,0.05746601,2
0.0,0.0,0.0,1.0,0.12820561,0
1.0,1.0,0.0,0.61651725,0.06953007,0
0.5450063,0.75667924,0.0,1.0,0.20119618,0
0.0,0.0,0.0,0.95057124,0.113193505,0
0.0,0.0,0.0,0.7650201,0.07809352,0
0.0,0.0,0.0,1.0,0.28115156,0
0.54516655,0.7569998,0.0,1.0,0.16838267,0
0.0,0.0,0.0,1.0,0.101218395,0
1.0,1.0,0.0,0.61487746,0.08651998,0
0.0,0.0,0.0,1.0,0.074807614,0
1.0,1.0,0.0,1.0,0.1558732,0
0.49839953,0.66346574,0.0,1.0,0.20119618,0
0.0,0.0,0.0,1.0,0.2838443,0
0.0,0.0,0.0,1.0,0.24854434,0
0.0,0.0,0.0,1.0,0.080508195,0
0.54516655,0.7569998,0.0,0.58774275,0.08405388,1
0.0,0.0,0.0,1.0,0.20372179,0
1.0,1.0,0.0,1.0,0.11467671,0
0.0,0.0,0.0,1.0,0.22115098,0
1.0,1.0,0.0,1.0,0.18179382,0
0.49839953,0.66346574,0.0,0.95057124,0.113193505,0
0.5450063,0.75667924,0.0,1.0,0.2838443,0
0.0,0.0,0.0,1.0,0.1618197,0
0.0,0.0,0.0,1.0,0.36326477,0
0.54516655,0.7569998,0.0,1.0,0.27298972,0
0.0,0.0,0.0,1.0,0.2098577,0
1.0,1.0,0.0,1.0,0.17884913,0
0.0,0.0,0.0,1.0,0.17430377,0
1.0,1.0,0.0,0.7524506,0.092756756,0
0.49839953,0.66346574,0.0,0.7650201,0.07809352,0
0.5450063,0.75667924,0.0,1.0,0.24854434,0
0.0,0.0,0.0,1.0,0.1618197,0
0.0,0.0,0.0,1.0,0.32379153,0
0.54516655,0.7569998,0.0,1.0,0.19126639,0
0.0,0.0,0.0,1.0,0.06779732,0
1.0,1.0,0.0,0.9843816,0.14194843,0
0.0,0.0,0.0,1.0,0.15340509,0
1.0,1.0,0.0,1.0,0.23132564,0
0.49839953,0.66346574,0.0,1.0,0.28115156,0
0.5450063,0.75667924,0.0,1.0,0.080508195,0
0.0,0.0,0.0,1.0,0.36326477,0
0.0,0.0,0.0,1.0,0.32379153,0
0.54516655,0.7569998,0.0,1.0,0.14004195,0
0.0,0.0,0.0,1.0,0.27243176,0
1.0,1.0,0.0,1.0,0.19474271,0
0.0,0.0,0.0,0.84852326,0.06185884,0
1.0,1.0,0.0,1.0,0.10391843,0
0.49839953,0.66346574,0.0,1.0,0.16838267,0
0.5450063,0.75667924,0.0,0.58774275,0.08405388,1
0.0,0.0,0.0,1.0,0.27298972,0
0.0,0.0,0.0,1.0,0.19126639,0
0.0,0.0,0.0,1.0,0.14004195,0
0.0,0.0,0.0,1.0,0.13384561,0
1.0,1.0,0.0,1.0,0.09647579,0
0.0,0.0,0.0,1.0,0.13512823,0
1.0,1.0,0.0,1.0,0.06030022,0
0.49839953,0.66346574,0.0,1.0,0.101218395,0
0.5450063,0.75667924,0.0,1.0,0.20372179,0
0.0,0.0,0.0,1.0,0.2098577,0
0.0,0.0,0.0,1.0,0.06779732,0
0.0,0.0,0.0,1.0,0.27243176,0
0.54516655,0.7569998,0.0,1.0,0.13384561,0
1.0,1.0,0.0,1.0,0.117511205,0
0.0,0.0,0.0,1.0,0.043116983,0
1.0,1.0,0.0,0.2705141,0.05746601,2
0.49839953,0.66346574,0.0,0.61487746,0.08651998,0
0.5450063,0.75667924,0.0,1.0,0.11467671,0
0.0,0.0,0.0,1.0,0.17884913,0
0.0,0.0,0.0,0.9843816,0.14194843,0
0.0,0.0,0.0,1.0,0.19474271,0
0.54516655,0.7569998,0.0,1.0,0.09647579,0
0.0,0.0,0.0,1.0,0.117511205,0
1.0,1.0,0.0,1.0,0.08215059,0
0.49839953,0.66346574,0.0,1.0,0.12820561,0
0.5450063,0.75667924,0.0,1.0,0.074807614,0
0.0,0.0,0.0,1.0,0.22115098,0
0.0,0.0,0.0,1.0,0.17430377,0
0.0,0.0,0.0,1.0,0.15340509,0
0.54516655,0.7569998,0.0,0.8486254,0.06185884,0
0.0,0.0,0.0,1.0,0.13512823,0
1.0,1.0,0.0,1.0,0.043116983,0
0.0,0.0,0.0,1.0,0.08215059,0
0.49839953,0.66346574,0.0,0.6158441,0.06953007,0
0.5450063,0.75667924,0.0,1.0,0.1558732,0
0.0,0.0,0.0,1.0,0.18179382,0
0.0,0.0,0.0,0.75152403,0.092756756,0
0.0,0.0,0.0,1.0,0.23132564,0
0.54516655,0.7569998,0.0,1.0,0.10391843,0
0.0,0.0,0.0,1.0,0.06030022,0
1.0,1.0,0.0,0.26994273,0.05746601,2
0.0,0.0,0.0,1.0,0.12820561,0
1.0,1.0,0.0,0.6158441,0.06953007,0
0.5450063,0.75667924,0.0,1.0,0.20119618,0
0.0,0.0,0.0,0.94955945,0.113193505,0
0.0,0.0,0.0,0.76423955,0.07809352,0
0.0,0.0,0.0,1.0,0.28115156,0
0.54516655,0.7569998,0.0,1.0,0.16838267,0
0.0,0.0,0.0,1.0,0.101218395,0
1.0,1.0,0.0,0.61413264,0.08651998,0
0.0,0.0,0.0,1.0,0.074807614,0
1.0,1.0,0.0,1.0,0.1558732,0
0.49839953,0.66346574,0.0,1.0,0.20119618,0
0.0,0.0,0.0,1.0,0.2838443,0
0.0,0.0,0.0,1.0,0.24854434,0
0.0,0.0,0.0,1.0,0.080508195,0
0.54516655,0.7569998,0.0,0.5869813,0.08405388,1
0.0,0.0,0.0,1.0,0.20372179,0
1.0,1.0,0.0,1.0,0.11467671,0
0.0,0.0,0.0,1.0,0.22115098,0
1.0,1.0,0.0,1.0,0.18179382,0
0.49839953,0.66346574,0.0,0.94955945,0.113193505,0
0.5450063,0.75667924,0.0,1.0,0.2838443,0
0.0,0.0,0.0,1.0,0.1618197,0
0.0,0.0,0.0,1.0,0.36326477,0
0.54516655,0.7569998,0.0,1.0,0.27298972,0
0.0,0.0,0.0,1.0,0.2098577,0
1.0,1.0,0.0,1.0,0.17884913,0
0.0,0.0,0.0,1.0,0.17430377,0
1.0,1.0,0.0,0.75152403,0.092756756,0
0.49839953,0.66346574,0.0,0.76423955,0.07809352,0
0.5450063,0.75667924,0.0,1.0,0.24854434,0
0.0,0.0,0.0,1.0,0.1618197,0
0.0,0.0,0.0,1.0,0.32379153,0
0.54516655,0.7569998,0.0,1.0,0.19126639,0
0.0,0.0,0.0,1.0,0.06779732,0
1.0,1.0,0.0,0.98297703,0.14194843,0
0.0,0.0,0.0,1.0,0.15340509,0
1.0,1.0,0.0,1.0,0.23132564,0
0.49839953,0.66346574,0.0,1.0,0.28115156,0
0.5450063,0.75667924,0.0,1.0,0.080508195,0
0.0,0.0,0.0,1.0,0.36326477,0
0.0,0.0,0.0,1.0,0.32379153,0
0.54516655,0.7569998,0.0,1.0,0.14004195,0
0.0,0.0,0.0,1.0,0.27243176,0
1.0,1.0,0.0,1.0,0.19474271,0
0.0,0.0,0.0,0.8486254,0.06185884,0
1.0,1.0,0.0,1.0,0.10391843,0
0.49839953,0.66346574,0.0,1.0,0.16838267,0
0.5450063,0.75667924,0.0,0.5869813,0.08405388,1
0.0,0.0,0.0,1.0,0.27298972,0
0.0,0.0,0.0,1.0,0.19126639,0
0.0,0.0,0.0,1.0,0.14004195,0
0.0,0.0,0.0,1.0,0.13384561,0
1.0,1.0,0.0,1.0,0.09647579,0
0.0,0.0,0.0,1.0,0.13512823,0
1.0,1.0,0.0,1.0,0.06030022,0
0.49839953,0.66346574,0.0,1.0,0.101218395,0
0.5450063,0.75667924,0.0,1.0,0.20372179,0
0.0,0.0,0.0,1.0,0.2098577,0
0.0,0.0,0.0,1.0,0.06779732,0
0.0,0.0,0.0,1.0,0.27243176,0
0.54516655,0.7569998,0.0,1.0,0.13384561,0
1.0,1.0,0.0,1.0,0.117511205,0
0.0,0.0,0.0,1.0,0.043116983,0
1.0,1.0,0.0,0.26994273,0.05746601,2
0.49839953,0.66346574,0.0,0.61413264,0.08651998,0
0.5450063,0.75667924,0.0,1.0,0.11467671,0
0.0,0.0,0.0,1.0,0.17884913,0
0.0,0.0,0.0,0.98297703,0.14194843,0
0.0,0.0,0.0,1.0,0.19474271,0
0.54516655,0.7569998,0.0,1.0,0.09647579,0
0.0,0.0,0.0,1.0,0.117511205,0
1.0,1.0,0.0,1.0,0.08215059,0
0.49839953,0.66346574,0.0,1.0,0.12820561,0
0.5450063,0.75667924,0.0,1.0,0.074807614,0
0.0,0.0,0.0,1.0,0.22115098,0
0.0,0.0,0.0,1.0,0.17430377,0
0.0,0.0,0.0,1.0,0.15340509,0
0.54516655,0.7569998,0.0,0.848728,0.06185884,0
0.0,0.0,0.0,1.0,0.13512823,0
1.0,1.0,0.0,1.0,0.043116983,0
0.0,0.0,0.0,1.0,0.08215059,0
0.49839953,0.66346574,0.0,0.615171,0.06953007,0
0.5450063,0.75667924,0.0,1.0,0.1558732,0
0.0,0.0,0.0,1.0,0.18179382,0
0.0,0.0,0.0,0.7505975,0.092756756,0
0.0,0.0,0.0,1.0,0.23132564,0
0.54516655,0.7569998,0.0,1.0,0.10391843,0
0.0,0.0,0.0,1.0,0.06030022,0
1.0,1.0,0.0,0.2693714,0.05746601,2
0.0,0.0,0.0,1.0,0.12820561,0
1.0,1.0,0.0,0.615171,0.06953007,0
0.5450063,0.75667924,0.0,1.0,0.20119618,0
0.0,0.0,0.0,0.9485479,0.113193505,0
0.0,0.0,0.0,0.763459,0.07809352,0
0.0,0.0,0.0,1.0,0.28115156,0
0.54516655,0.7569998,0.0,1.0,0.16838267,0
0.0,0.0,0.0,1.0,0.101218395,0
1.0,1.0,0.0,0.6133881,0.08651998,0
0.0,0.0,0.0,1.0,0.074807614,0
1.0,1.0,0.0,1.0,0.1558732,0
0.49839953,0.66346574,0.0,1.0,0.20119618,0
0.0,0.0,0.0,1.0,0.2838443,0
0.0,0.0,0.0,1.0,0.24854434,0
0.0,0.0,0.0,1.0,0.080508195,0
0.54516655,0.7569998,0.0,0.5862201,0.08405388,1
0.0,0.0,0.0,1.0,0.20372179,0
1.0,1.0,0.0,1.0,0.11467671,0
0.0,0.0,0.0,1.0,0.22115098,0
1.0,1.0,0.0,1.0,0.18179382,0
0.49839953,0.66346574,0.0,0.9485479,0.113193505,0
0.5450063,0.75667924,0.0,1.0,0.2838443,0
0.0,0.0,0.0,1.0,0.1618197,0
0.0,0.0,0.0,1.0,0.36326477,0
0.54516655,0.7569998,0.0,1.0,0.27298972,0
0.0,0.0,0.0,1.0,0.2098577,0
1.0,1.0,0.0,1.0,0.17884913,0
0.0,0.0,0.0,1.0,0.17430377,0
1.0,1.0,0.0,0.7505975,0.092756756,0
0.49839953,0.66346574,0.0,0.763459,0.07809352,0
0.5450063,0.75667924,0.0,1.0,0.24854434,0
0.0,0.0,0.0,1.0,0.1618197,0
0.0,0.0,0.0,1.0,0.32379153,0
0.54516655,0.7569998,0.0,1.0,0.19126639,0
0.0,0.0,0.0,1.0,0.06779732,0
1.0,1.0,0.0,0.9815725,0.14194843,0
0.0,0.0,0.0,1.0,0.15340509,0
1.0,1.0,0.0,1.0,0.23132564,0
0.49839953,0.66346574,0.0,1.0,0.28115156,0
0.5450063,0.75667924,0.0,1.0,0.080508195,0
0.0,0.0,0.0,1.0,0.36326477,0
0.0,0.0,0.0,1.0,0.32379153,0
0.54516655,0.7569998,0.0,1.0,0.14004195,0
0.0,0.0,0.0,1.0,0.27243176,0
1.0,1.0,0.0,1.0,0.19474271,0
0.0,0.0,0.0,0.848728,0.06185884,0
1.0,1.0,0.0,1.0,0.10391843,0
0.49839953,0.66346574,0.0,1.0,0.16838267,0
0.5450063,0.75667924,0.0,0.5862201,0.08405388,1
0.0,0.0,0.0,1.0,0.27298972,0
0.0,0.0,0.0,1.0,0.19126639,0
0.0,0.0,0.0,1.0,0.14004195,0
0.0,0.0,0.0,1.0,0.13384561,0
1.0,1.0,0.0,1.0,0.09647579,0
0.0,0.0,0.0,1.0,0.13512823,0
1.0,1.0,0.0,1.0,0.06030022,0
0.49839953,0.66346574,0.0,1.0,0.101218395,0
0.5450063,0.75667924,0.0,1.0,0.20372179,0
0.0,0.0,0.0,1.0,0.2098577,0
0.0,0.0,0.0,1.0,0.06779732,0
0.0,0.0,0.0,1.0,0.27243176,0
0.54516655,0.7569998,0.0,1.0,0.13384561,0
1.0,1.0,0.0,1.0,0.117511205,0
0.0,0.0,0.0,1.0,0.043116983,0
1.0,1.0,0.0,0.2693714,0.05746601,2
0.49839953,0.66346574,0.0,0.6133881,0.08651998,0
0.5450063,0.75667924,0.0,1.0,0.11467671,0
0.0,0.0,0.0,1.0,0.17884913,0
0.0,0.0,0.0,0.9815725,0.14194843,0
0.0,0.0,0.0,1.0,0.19474271,0
0.54516655,0.7569998,0.0,1.0,0.09647579,0
0.0,0.0,0.0,1.0,0.117511205,0
0.5082471,0.68316084,0.0,1.0,0.08215059,0
0.5082572,0.68318105,0.0,1.0,0.12820561,0
0.5450063,0.75667924,0.0,1.0,0.074807614,0
0.0,0.0,0.0,1.0,0.22115098,0
0.0,0.0,0.0,1.0,0.17430377,0
0.0,0.0,0.0,1.0,0.15340509,0
0.54516655,0.7569998,0.0,0.84883106,0.06185884,0
0.0,0.0,0.0,1.0,0.13512823,0
1.0,1.0,0.0,1.0,0.043116983,0
0.0,0.0,0.0,1.0,0.08215059,0
0.5082572,0.68318105,0.0,0.61449796,0.06953007,0
0.5450063,0.75667924,0.0,1.0,0.1558732,0
0.0,0.0,0.0,1.0,0.18179382,0
0.0,0.0,0.0,0.749671,0.092756756,0
0.0,0.0,0.0,1.0,0.23132564,0
0.54516655,0.7569998,0.0,1.0,0.10391843,0
0.0,0.0,0.0,1.0,0.06030022,0
1.0,1.0,0.0,0.26880005,0.05746601,2
0.0,0.0,0.0,1.0,0.12820561,0
0.5082471,0.68316084,0.0,0.61449796,0.06953007,0
0.5450063,0.75667924,0.0,1.0,0.20119618,0
0.0,0.0,0.0,0.94753665,0.113193505,0
0.0,0.0,0.0,0.76267844,0.07809352,0
0.0,0.0,0.0,1.0,0.28115156,0
0.54516655,0.7569998,0.0,1.0,0.16838267,0
0.0,0.0,0.0,1.0,0.101218395,0
1.0,1.0,0.0,0.6126439,0.08651998,0
0.0,0.0,0.0,1.0,0.074807614,0
0.5082471,0.68316084,0.0,1.0,0.1558732,0
0.5082572,0.68318105,0.0,1.0,0.20119618,0
0.0,0.0,0.0,1.0,0.2838443,0
0.0,0.0,0.0,1.0,0.24854434,0
0.0,0.0,0.0,1.0,0.080508195,0
0.54516655,0.7569998,0.0,0.5854591,0.08405388,1
0.0,0.0,0.0,1.0,0.20372179,0
1.0,1.0,0.0,1.0,0.11467671,0
0.0,0.0,0.0,1.0,0.22115098,0
0.5082471,0.68316084,0.0,1.0,0.18179382,0
0.5082572,0.68318105,0.0,0.94753665,0.113193505,0
0.5450063,0.75667924,0.0,1.0,0.2838443,0
0.0,0.0,0.0,1.0,0.1618197,0
0.0,0.0,0.0,1.0,0.36326477,0
0.54516655,0.7569998,0.0,1.0,0.27298972,0
0.0,0.0,0.0,1.0,0.2098577,0
1.0,1.0,0.0,1.0,0.17884913,0
0.0,0.0,0.0,1.0,0.17430377,0
0.5082471,0.68316084,0.0,0.749671,0.092756756,0
0.5082572,0.68318105,0.0,0.76267844,0.07809352,0
0.5450063,0.75667924,0.0,1.0,0.24854434,0
0.0,0.0,0.0,1.0,0.1618197,0
0.0,0.0,0.0,1.0,0.32379153,0
0.54516655,0.7569998,0.0,1.0,0.19126639,0
0.0,0.0,0.0,1.0,0.06779732,0
1.0,1.0,0.0,0.980168,0.14194843,0
0.0,0.0,0.0,1.0,0.15340509,0
0.5082471,0.68316084,0.0,1.0,0.23132564,0
0.5082572,0.68318105,0.0,1.0,0.28115156,0
0.5450063,0.75667924,0.0,1.0,0.080508195,0
0.0,0.0,0.0,1.0,0.36326477,0
0.0,0.0,0.0,1.0,0.32379153,0
0.54516655,0.7569998,0.0,1.0,0.14004195,0
0.0,0.0,0.0,1.0,0.27243176,0
1.0,1.0,0.0,1.0,0.19474271,0
0.0,0.0,0.0,0.84883106,0.06185884,0
0.5082471,0.68316084,0.0,1.0,0.10391843,0
0.5082572,0.68318105,0.0,1.0,0.16838267,0
0.5450063,0.75667924,0.0,0.5854591,0.08405388,1
0.0,0.0,0.0,1.0,0.27298972,0
0.0,0.0,0.0,1.0,0.19126639,0
0.0,0.0,0.0,1.0,0.14004195,0
0.0,0.0,0.0,1.0,0.13384561,0
1.0,1.0,0.0,1.0,0.09647579,0
0.0,0.0,0.0,1.0,0.13512823,0
0.5082471,0.68316084,0.0,1.0,0.06030022,0
0.5082572,0.68318105,0.0,1.0,0.101218395,0
0.5450063,0.75667924,0.0,1.0,0.20372179,0
0.0,0.0,0.0,1.0,0.2098577,0
0.0,0.0,0.0,1.0,0.06779732,0
0.0,0.0,0.0,1.0,0.27243176,0
0.54516655,0.7569998,0.0,1.0,0.13384561,0
1.0,1.0,0.0,1.0,0.117511205,0
0.0,0.0,0.0,1.0,0.043116983,0
0.5082471,0.68316084,0.0,0.26880005,0.05746601,2
0.5082572,0.68318105,0.0,0.6126439,0.08651998,0
0.5450063,0.75667924,0.0,1.0,0.11467671,0
0.0,0.0,0.0,1.0,0.17884913,0
0.0,0.0,0.0,0.980168,0.14194843,0
0.0,0.0,0.0,1.0,0.19474271,0
0.54516655,0.7569998,0.0,1.0,0.09647579,0
0.0,0.0,0.0,1.0,0.117511205,0
0.5082471,0.68316084,0.0,1.0,0.08215059,0
0.5082572,0.68318105,0.0,1.0,0.12820561,0
0.5450063,0.75667924,0.0,1.0,0.074807614,0
0.0,0.0,0.0,1.0,0.22115098,0
0.0,0.0,0.0,1.0,0.17430377,0
0.0,0.0,0.0,1.0,0.15340509,0
0.54516655,0.7569998,0.0,0.8489345,0.06185884,0
0.0,0.0,0.0,1.0,0.13512823,0
1.0,1.0,0.0,1.0,0.043116983,0
0.0,0.0,0.0,1.0,0.08215059,0
0.5082572,0.68318105,0.0,0.6138249,0.06953007,0
0.5450063,0.75667924,0.0,1.0,0.1558732,0
0.0,0.0,0.0,1.0,0.18179382,0
0.0,0.0,0.0,0.7487445,0.092756756,0
0.0,0.0,0.0,1.0,0.23132564,0
0.54516655,0.7569998,0.0,1.0,0.10391843,0
0.0,0.0,0.0,1.0,0.06030022,0
1.0,1.0,0.0,0.26822874,0.05746601,2
0.0,0.0,0.0,1.0,0.12820561,0
0.5082471,0.68316084,0.0,0.6138249,0.06953007,0
0.5450063,0.75667924,0.0,1.0,0.20119618,0
0.0,0.0,0.0,0.94652563,0.113193505,0
0.0,0.0,0.0,0.7618979,0.07809352,0
0.0,0.0,0.0,1.0,0.28115156,0
0.54516655,0.7569998,0.0,1.0,0.16838267,0
0.0,0.0,0.0,1.0,0.101218395,0
1.0,1.0,0.0,0.61190003,0.08651998,0
0.0,0.0,0.0,1.0,0.074807614,0
0.5082471,0.68316084,0.0,1.0,0.1558732,0
0.5082572,0.68318105,0.0,1.0,0.20119618,0
0.0,0.0,0.0,1.0,0.2838443,0
0.0,0.0,0.0,1.0,0.24854434,0
0.0,0.0,0.0,1.0,0.080508195,0
0.54516655,0.7569998,0.0,0.5846983,0.08405388,1
0.0,0.0,0.0,1.0,0.20372179,0
1.0,1.0,0.0,1.0,0.11467671,0
0.0,0.0,0.0,1.0,0.22115098,0
0.5082471,0.68316084,0.0,1.0,0.18179382,0
0.5082572,0.68318105,0.0,0.94652563,0.113193505,0
0.5450063,0.75667924,0.0,1.0,0.2838443,0
0.0,0.0,0.0,1.0,0.1618197,0
0.0,0.0,0.0,1.0,0.36326477,0
0.54516655,0.7569998,0.0,1.0,0.27298972,0
0.0,0.0,0.0,1.0,0.2098577,0
1.0,1.0,0.0,1.0,0.17884913,0
0.0,0.0,0.0,1.0,0.17430377,0
0.5082471,0.68316084,0.0,0.7487445,0.092756756,0
0.5082572,0.68318105,0.0,0.7618979,0.07809352,0
0.5450063,0.75667924,0.0,1.0,0.24854434,0
0.0,0.0,0.0,1.0,0.1618197,0
0.0,0.0,0.0,1.0,0.32379153,0
0.54516655,0.7569998,0.0,1.0,0.19126639,0
0.0,0.0,0.0,1.0,0.06779732,0
1.0,1.0,0.0,0.9787636,0.14194843,0
0.0,0.0,0.0,1.0,0.15340509,0
0.5082471,0.68316084,0.0,1.0,0.23132564,0
0.5082572,0.68318105,0.0,1.0,0.28115156,0
0.5450063,0.75667924,0.0,1.0,0.080508195,0
0.0,0.0,0.0,1.0,0.36326477,0
0.0,0.0,0.0,1.0,0.32379153,0
0.54516655,0.7569998,0.0,1.0,0.14004195,0
0.0,0.0,0.0,1.0,0.27243176,0
1.0,1.0,0.0,1.0,0.19474271,0
0.0,0.0,0.0,0.8489345,0.06185884,0
0.5082471,0.68316084,0.0,1.0,0.10391843,0
0.5082572,0.68318105,0.0,1.0,0.16838267,0
0.5450063,0.75667924,0.0,0.5846983,0.08405388,1
0.0,0.0,0.0,1.0,0.27298972,0
0.0,0.0,0.0,1.0,0.19126639,0
0.0,0.0,0.0,1.0,0.14004195,0
0.0,0.0,0.0,1.0,0.13384561,0
1.0,1.0,0.0,1.0,0.09647579,0
0.0,0.0,0.0,1.0,0.13512823,0
0.5082471,0.68316084,0.0,1.0,0.06030022,0
0.5082572,0.68318105,0.0,1.0,0.101218395,0
0.5450063,0.75667924,0.0,1.0,0.20372179,0
0.0,0.0,0.0,1.0,0.2098577,0
0.0,0.0,0.0,1.0,0.06779732,0
0.0,0.0,0.0,1.0,0.27243176,0
0.54516655,0.7569998,0.0,1.0,0.13384561,0
1.0,1.0,0.0,1.0,0.117511205,0
0.0,0.0,0.0,1.0,0.043116983,0
0.5082471,0.68316084,0.0,0.26822874,0.05746601,2
0.5082572,0.68318105,0.0,0.61190003,0.08651998,0
0.5450063,0.75667924,0.0,1.0,0.11467671,0
0.0,0.0,0.0,1.0,0.17884913,0
0.0,0.0,0.0,0.9787636,0.14194843,0
0.0,0.0,0.0,1.0,0.19474271,0
0.54516655,0.7569998,0.0,1.0,0.09647579,0
0.0,0.0,0.0,1.0,0.117511205,0
0.5082471,0.68316084,0.0,1.0,0.08215059,0
0.5082572,0.68318105,0.0,1.0,0.12820561,0
0.55849314,0.7836529,0.0,1.0,0.074807614,0
0.0,0.0,0.0,1.0,0.22115098,0
0.0,0.0,0.0,1.0,0.17430377,0
0.0,0.0,0.0,1.0,0.15340509,0
0.55860573,0.78387815,0.0,0.8490384,0.06185884,0
0.0,0.0,0.0,1.0,0.13512823,0
1.0,1.0,0.0,1.0,0.043116983,0
0.0,0.0,0.0,1.0,0.08215059,0
0.5082572,0.68318105,0.0,0.61315197,0.06953007,0
0.55849314,0.7836529,0.0,1.0,0.1558732,0
0.0,0.0,0.0,1.0,0.18179382,0
0.0,0.0,0.0,0.74781793,0.092756756,0
0.0,0.0,0.0,1.0,0.23132564,0
0.55860573,0.78387815,0.0,1.0,0.10391843,0
0.0,0.0,0.0,1.0,0.06030022,0
1.0,1.0,0.0,0.26765743,0.05746601,2
0.0,0.0,0.0,1.0,0.12820561,0
0.5082471,0.68316084,0.0,0.61315197,0.06953007,0
0.55849314,0.7836529,0.0,1.0,0.20119618,0
0.0,0.0,0.0,0.9455149,0.113193505,0
0.0,0.0,0.0,0.7611174,0.07809352,0
0.0,0.0,0.0,1.0,0.28115156,0
0.55860573,0.78387815,0.0,1.0,0.16838267,0
0.0,0.0,0.0,1.0,0.101218395,0
1.0,1.0,0.0,0.61115646,0.08651998,0
0.0,0.0,0.0,1.0,0.074807614,0
0.5082471,0.68316084,0.0,1.0,0.1558732,0
0.5082572,0.68318105,0.0,1.0,0.20119618,0
0.0,0.0,0.0,1.0,0.2838443,0
0.0,0.0,0.0,1.0,0.24854434,0
0.0,0.0,0.0,1.0,0.080508195,0
0.55860573,0.78387815,0.0,0.5839377,0.08405388,1
0.0,0.0,0.0,1.0,0.20372179,0
1.0,1.0,0.0,1.0,0.11467671,0
0.0,0.0,0.0,1.0,0.22115098,0
0.5082471,0.68316084,0.0,1.0,0.18179382,0
0.5082572,0.68318105,0.0,0.9455149,0.113193505,0
0.55849314,0.7836529,0.0,1.0,0.2838443,0
0.0,0.0,0.0,1.0,0.1618197,0
0.0,0.0,0.0,1.0,0.36326477,0
0.55860573,0.78387815,0.0,1.0,0.27298972,0
0.0,0.0,0.0,1.0,0.2098577,0
1.0,1.0,0.0,1.0,0.17884913,0
0.0,0.0,0.0,1.0,0.17430377,0
0.5082471,0.68316084,0.0,0.74781793,0.092756756,0
0.5082572,0.68318105,0.0,0.7611174,0.07809352,0
0.55849314,0.7836529,0.0,1.0,0.24854434,0
0.0,0.0,0.0,1.0,0.1618197,0
0.0,0.0,0.0,1.0,0.32379153,0
0.55860573,0.78387815,0.0,1.0,0.19126639,0
0.0,0.0,0.0,1.0,0.06779732,0
1.0,1.0,0.0,0.9773592,0.14194843,0
0.0,0.0,0.0,1.0,0.15340509,0
0.5082471,0.68316084,0.0,1.0,0.23132564,0
0.5082572,0.68318105,0.0,1.0,0.28115156,0
0.55849314,0.7836529,0.0,1.0,0.080508195,0
0.0,0.0,0.0,1.0,0.36326477,0
0.0,0.0,0.0,1.0,0.32379153,0
0.55860573,0.78387815,0.0,1.0,0.14004195,0
0.0,0.0,0.0,1.0,0.27243176,0
1.0,1.0,0.0,1.0,0.19474271,0
0.0,0.0,0.0,0.8490384,0.06185884,0
0.5082471,0.68316084,0.0,1.0,0.10391843,0
0.5082572,0.68318105,0.0,1.0,0.16838267,0
0.55849314,0.7836529,0.0,0.5839377,0.08405388,1
0.0,0.0,0.0,1.0,0.27298972,0
0.0,0.0,0.0,1.0,0.19126639,0
0.0,0.0,0.0,1.0,0.14004195,0
0.0,0.0,0.0,1.0,0.13384561,0
1.0,1.0,0.0,1.0,0.09647579,0
0.0,0.0,0.0,1.0,0.13512823,0
0.5082471,0.68316084,0.0,1.0,0.06030022,0
0.5082572,0.68318105,0.0,1.0,0.101218395,0
0.55849314,0.7836529,0.0,1.0,0.20372179,0
0.0,0.0,0.0,1.0,0.2098577,0
0.0,0.0,0.0,1.0,0.06779732,0
0.0,0.0,0.0,1.0,0.27243176,0
0.55860573,0.78387815,0.0,1.0,0.13384561,0
1.0,1.0,0.0,1.0,0.117511205,0
0.0,0.0,0.0,1.0,0.043116983,0
0.5082471,0.68316084,0.0,0.26765743,0.05746601,2
0.5082572,0.68318105,0.0,0.61115646,0.08651998,0
0.55849314,0.7836529,0.0,1.0,0.11467671,0
0.0,0.0,0.0,1.0,0.17884913,0
0.0,0.0,0.0,0.9773592,0.14194843,0
0.0,0.0,0.0,1.0,0.19474271,0
0.55860573,0.78387815,0.0,1.0,0.09647579,0
0.0,0.0,0.0,1.0,0.117511205,0
0.5082471,0.68316084,0.0,1.0,0.08215059,0
0.5082572,0.68318105,0.0,1.0,0.12820561,0
0.55849314,0.7836529,0.0,1.0,0.074807614,0
0.0,0.0,0.0,1.0,0.22115098,0
0.0,0.0,0.0,1.0,0.17430377,0
0.0,0.0,0.0,1.0,0.15340509,0
0.55860573,0.78387815,0.0,0.84914273,0.06185884,0
0.0,0.0,0.0,1.0,0.13512823,0
1.0,1.0,0.0,1.0,0.043116983,0
0.0,0.0,0.0,1.0,0.08215059,0
0.5082572,0.68318105,0.0,0.6124791,0.06953007,0
0.55849314,0.7836529,0.0,1.0,0.1558732,0
0.0,0.0,0.0,1.0,0.18179382,0
0.0,0.0,0.0,0.74689144,0.092756756,0
0.0,0.0,0.0,1.0,0.23132564,0
0.55860573,0.78387815,0.0,1.0,0.10391843,0
0.0,0.0,0.0,1.0,0.06030022,0
1.0,1.0,0.0,0.26708612,0.05746601,2
0.0,0.0,0.0,1.0,0.12820561,0
0.5082471,0.68316084,0.0,0.6124791,0.06953007,0
0.55849314,0.7836529,0.0,1.0,0.20119618,0
0.0,0.0,0.0,0.9445045,0.113193505,0
0.0,0.0,0.0,0.7603369,0.07809352,0
0.0,0.0,0.0,1.0,0.28115156,0
0.55860573,0.78387815,0.0,1.0,0.16838267,0
0.0,0.0,0.0,1.0,0.101218395,0
1.0,1.0,0.0,0.6104132,0.08651998,0
0.0,0.0,0.0,1.0,0.074807614,0
0.5082471,0.68316084,0.0,1.0,0.1558732,0
0.5082572,0.68318105,0.0,1.0,0.20119618,0
0.0,0.0,0.0,1.0,0.2838443,0
0.0,0.0,0.0,1.0,0.24854434,0
0.0,0.0,0.0,1.0,0.080508195,0
0.55860573,0.78387815,0.0,0.5831774,0.08405388,1
0.0,0.0,0.0,1.0,0.20372179,0
1.0,1.0,0.0,1.0,0.11467671,0
0.0,0.0,0.0,1.0,0.22115098,0
0.5082471,0.68316084,0.0,1.0,0.18179382,0
0.5082572,0.68318105,0.0,0.9445045,0.113193505,0
0.55849314,0.7836529,0.0,1.0,0.2838443,0
0.0,0.0,0.0,1.0,0.1618197,0
0.0,0.0,0.0,1.0,0.36326477,0
0.55860573,0.78387815,0.0,1.0,0.27298972,0
0.0,0.0,0.0,1.0,0.2098577,0
1.0,1.0,0.0,1.0,0.17884913,0
0.0,0.0,0.0,1.0,0.17430377,0
0.5082471,0.68316084,0.0,0.74689144,0.092756756,0
0.5082572,0.68318105,0.0,0.7603369,0.07809352,0
0.55849314,0.7836529,0.0,1.0,0.24854434,0
0.0,0.0,0.0,1.0,0.1618197,0
0.0,0.0,0.0,1.0,0.32379153,0
0.55860573,0.78387815,0.0,1.0,0.19126639,0
0.0,0.0,0.0,1.0,0.06779732,0
1.0,1.0,0.0,0.9759548,0.14194843,0
0.0,0.0,0.0,1.0,0.15340509,0
0.5082471,0.68316084,0.0,1.0,0.23132564,0
0.5082572,0.68318105,0.0,1.0,0.28115156,0
0.55849314,0.7836529,0.0,1.0,0.080508195,0
0.0,0.0,0.0,1.0,0.36326477,0
0.0,0.0,0.0,1.0,0.32379153,0
0.55860573,0.78387815,0.0,1.0,0.14004195,0
0.0,0.0,0.0,1.0,0.27243176,0
1.0,1.0,0.0,1.0,0.19474271,0
0.0,0.0,0.0,0.84914273,0.06185884,0
0.5082471,0.68316084,0.0,1.0,0.10391843,0
0.5082572,0.68318105,0.0,1.0,0.16838267,0
0.55849314,0.7836529,0.0,0.5831774,0.08405388,1
0.0,0.0,0.0,1.0,0.27298972,0
0.0,0.0,0.0,1.0,0.19126639,0
0.0,0.0,0.0,1.0,0.14004195,0
0.0,0.0,0.0,1.0,0.13384561,0
1.0,1.0,0.0,1.0,0.09647579,0
0.0,0.0,0.0,1.0,0.13512823,0
0.5082471,0.68316084,0.0,1.0,0.06030022,0
0.5082572,0.68318105,0.0,1.0,0.101218395,0
0.55849314,0.7836529,0.0,1.0,0.20372179,0
0.0,0.0,0.0,1.0,0.2098577,0
0.0,0.0,0.0,1.0,0.06779732,0
0.0,0.0,0.0,1.0,0.27243176,0
0.55860573,0.78387815,0.0,1.0,0.13384561,0
1.0,1.0,0.0,1.0,0.117511205,0
0.0,0.0,0.0,1.0,0.043116983,0
0.5082471,0.68316084,0.0,0.26708612,0.05746601,2
0.5082572,0.68318105,0.0,0.6104132,0.08651998,0
0.55849314,0.7836529,0.0,1.0,0.11467671,0
0.0,0.0,0.0,1.0,0.17884913,0
0.0,0.0,0.0,0.9759548,0.14194843,0
0.0,0.0,0.0,1.0,0.19474271,0
0.55860573,0.78387815,0.0,1.0,0.09647579,0
0.0,0.0,0.0,1.0,0.117511205,0
0.5082471,0.68316084,0.0,1.0,0.08215059,0
0.5082572,0.68318105,0.0,1.0,0.12820561,0
0.55849314,0.7836529,0.0,1.0,0.074807614,0
0.0,0.0,0.0,1.0,0.22115098,0
0.0,0.0,0.0,1.0,0.17430377,0
0.0,0.0,0.0,1.0,0.15340509,0
0.55860573,0.78387815,0.0,0.8492475,0.06185884,0
0.0,0.0,0.0,1.0,0.13512823,0
1.0,1.0,0.0,1.0,0.043116983,0
0.0,0.0,0.0,1.0,0.08215059,0
0.5082572,0.68318105,0.0,0.6118062,0.06953007,0
0.55849314,0.7836529,0.0,1.0,0.1558732,0
0.0,0.0,0.0,1.0,0.18179382,0
0.0,0.0,0.0,0.7459649,0.092756756,0
0.0,0.0,0.0,1.0,0.23132564,0
0.55860573,0.78387815,0.0,1.0,0.10391843,0
0.0,0.0,0.0,1.0,0.06030022,0
1.0,1.0,0.0,0.26651487,0.05746601,2
0.0,0.0,0.0,1.0,0.12820561,0
0.5082471,0.68316084,0.0,0.6118062,0.06953007,0
0.55849314,0.7836529,0.0,1.0,0.20119618,0
0.0,0.0,0.0,0.9434943,0.113193505,0
0.0,0.0,0.0,0.75955635,0.07809352,0
0.0,0.0,0.0,1.0,0.28115156,0
0.55860573,0.78387815,0.0,1.0,0.16838267,0
0.0,0.0,0.0,1.0,0.101218395,0
1.0,1.0,0.0,0.6096703,0.08651998,0
0.0,0.0,0.0,1.0,0.074807614,0
0.5082471,0.68316084,0.0,1.0,0.1558732,0
0.5082572,0.68318105,0.0,1.0,0.20119618,0
0.0,0.0,0.0,1.0,0.2838443,0
0.0,0.0,0.0,1.0,0.24854434,0
0.0,0.0,0.0,1.0,0.080508195,0
0.55860573,0.78387815,0.0,0.58241725,0.08405388,1
0.0,0.0,0.0,1.0,0.20372179,0
1.0,1.0,0.0,1.0,0.11467671,0
0.0,0.0,0.0,1.0,0.22115098,0
0.5082471,0.68316084,0.0,1.0,0.18179382,0
0.5082572,0.68318105,0.0,0.9434943,0.113193505,0
0.55849314,0.7836529,0.0,1.0,0.2838443,0
0.0,0.0,0.0,1.0,0.1618197,0
0.0,0.0,0.0,1.0,0.36326477,0
0.55860573,0.78387815,0.0,1.0,0.27298972,0
0.0,0.0,0.0,1.0,0.2098577,0
1.0,1.0,0.0,1.0,0.17884913,0
0.0,0.0,0.0,1.0,0.17430377,0
0.5082471,0.68316084,0.0,0.7459649,0.092756756,0
0.5082572,0.68318105,0.0,0.75955635,0.07809352,0
0.55849314,0.7836529,0.0,1.0,0.24854434,0
0.0,0.0,0.0,1.0,0.1618197,0
0.0,0.0,0.0,1.0,0.32379153,0
0.55860573,0.78387815,0.0,1.0,0.19126639,0
0.0,0.0,0.0,1.0,0.06779732,0
1.0,1.0,0.0,0.9745505,0.14194843,0
0.0,0.0,0.0,1.0,0.15340509,0
0.5082471,0.68316084,0.0,1.0,0.23132564,0
0.5082572,0.68318105,0.0,1.0,0.28115156,0
0.55849314,0.7836529,0.0,1.0,0.080508195,0
0.0,0.0,0.0,1.0,0.36326477,0
0.0,0.0,0.0,1.0,0.32379153,0
0.55860573,0.78387815,0.0,1.0,0.14004195,0
0.0,0.0,0.0,1.0,0.27243176,0
1.0,1.0,0.0,1.0,0.19474271,0
0.0,0.0,0.0,0.8492475,0.06185884,0
0.5082471,0.68316084,0.0,1.0,0.10391843,0
0.5082572,0.68318105,0.0,1.0,0.16838267,0
0.55849314,0.7836529,0.0,0.58241725,0.08405388,1
0.0,0.0,0.0,1.0,0.27298972,0
0.0,0.0,0.0,1.0,0.19126639,0
0.0,0.0,0.0,1.0,0.14004195,0
0.0,0.0,0.0,1.0,0.13384561,0
1.0,1.0,0.0,1.0,0.09647579,0
0.0,0.0,0.0,1.0,0.13512823,0
0.5082471,0.68316084,0.0,1.0,0.06030022,0
0.5082572,0.68318105,0.0,1.0,0.101218395,0
0.55849314,0.7836529,0.0,1.0,0.20372179,0
0.0,0.0,0.0,1.0,0.2098577,0
0.0,0.0,0.0,1.0,0.06779732,0
0.0,0.0,0.0,1.0,0.27243176,0
0.55860573,0.78387815,0.0,1.0,0.13384561,0
1.0,1.0,0.0,1.0,0.117511205,0
0.0,0.0,0.0,1.0,0.043116983,0
0.5082471,0.68316084,0.0,0.26651487,0.05746601,2
0.5082572,0.68318105,0.0,0.6096703,0.08651998,0
0.55849314,0.7836529,0.0,1.0,0.11467671,0
0.0,0.0,0.0,1.0,0.17884913,0
0.0,0.0,0.0,0.9745505,0.14194843,0
0.0,0.0,0.0,1.0,0.19474271,0
0.55860573,0.78387815,0.0,1.0,0.09647579,0
0.0,0.0,0.0,1.0,0.117511205,0
0.5082471,0.68316084,0.0,1.0,0.08215059,0
0.5082572,0.68318105,0.0,1.0,0.12820561,0
0.55849314,0.7836529,0.0,1.0,0.074807614,0
0.0,0.0,0.0,1.0,0.22115098,0
0.0,0.0,0.0,1.0,0.17430377,0
0.0,0.0,0.0,1.0,0.15340509,0
0.55860573,0.78387815,0.0,0.8493527,0.06185884,0
0.0,0.0,0.0,1.0,0.13512823,0
1.0,1.0,0.0,1.0,0.043116983,0
0.0,0.0,0.0,1.0,0.08215059,0
0.5082572,0.68318105,0.0,0.6111334,0.06953007,0
0.55849314,0.7836529,0.0,1.0,0.1558732,0
0.0,0.0,0.0,1.0,0.18179382,0
0.0,0.0,0.0,0.7450384,0.092756756,0
0.0,0.0,0.0,1.0,0.23132564,0
0.55860573,0.78387815,0.0,1.0,0.10391843,0
0.0,0.0,0.0,1.0,0.06030022,0
1.0,1.0,0.0,0.2659436,0.05746601,2
0.0,0.0,0.0,1.0,0.12820561,0
0.5082471,0.68316084,0.0,0.6111334,0.06953007,0
0.55849314,0.7836529,0.0,1.0,0.20119618,0
0.0,0.0,0.0,0.94248444,0.113193505,0
0.0,0.0,0.0,0.75877583,0.07809352,0
0.0,0.0,0.0,1.0,0.28115156,0
0.55860573,0.78387815,0.0,1.0,0.16838267,0
0.0,0.0,0.0,1.0,0.101218395,0
1.0,1.0,0.0,0.60892767,0.08651998,0
0.0,0.0,0.0,1.0,0.074807614,0
0.5082471,0.68316084,0.0,1.0,0.1558732,0
0.5082572,0.68318105,0.0,1.0,0.20119618,0
0.0,0.0,0.0,1.0,0.2838443,0
0.0,0.0,0.0,1.0,0.24854434,0
0.0,0.0,0.0,1.0,0.080508195,0
0.55860573,0.78387815,0.0,0.58165735,0.08405388,1
0.0,0.0,0.0,1.0,0.20372179,0
1.0,1.0,0.0,1.0,0.11467671,0
0.0,0.0,0.0,1.0,0.22115098,0
0.5082471,0.68316084,0.0,1.0,0.18179382,0
0.5082572,0.68318105,0.0,0.94248444,0.113193505,0
0.55849314,0.7836529,0.0,1.0,0.2838443,0
0.0,0.0,0.0,1.0,0.1618197,0
0.0,0.0,0.0,1.0,0.36326477,0
0.55860573,0.78387815,0.0,1.0,0.27298972,0
0.0,0.0,0.0,1.0,0.2098577,0
1.0,1.0,0.0,1.0,0.17884913,0
0.0,0.0,0.0,1.0,0.17430377,0
0.5082471,0.68316084,0.0,0.7450384,0.092756756,0
0.5082572,0.68318105,0.0,0.75877583,0.07809352,0
0.55849314,0.7836529,0.0,1.0,0.24854434,0
0.0,0.0,0.0,1.0,0.1618197,0
0.0,0.0,0.0,1.0,0.32379153,0
0.55860573,0.78387815,0.0,1.0,0.19126639,0
0.0,0.0,0.0,1.0,0.06779732,0
1.0,1.0,0.0,0.9731462,0.14194843,0
0.0,0.0,0.0,1.0,0.15340509,0
0.5082471,0.68316084,0.0,1.0,0.23132564,0
0.5082572,0.68318105,0.0,1.0,0.28115156,0
0.55849314,0.7836529,0.0,1.0,0.080508195,0
0.0,0.0,0.0,1.0,0.36326477,0
0.0,0.0,0.0,1.0,0.32379153,0
0.55860573,0.78387815,0.0,1.0,0.14004195,0
0.0,0.0,0.0,1.0,0.27243176,0
1.0,1.0,0.0,1.0,0.19474271,0
0.0,0.0,0.0,0.8493527,0.06185884,0
0.5082471,0.68316084,0.0,1.0,0.10391843,0
0.5082572,0.68318105,0.0,1.0,0.16838267,0
0.55849314,0.7836529,0.0,0.58165735,0.08405388,1
0.0,0.0,0.0,1.0,0.27298972,0
0.0,0.0,0.0,1.0,0.19126639,0
0.0,0.0,0.0,1.0,0.14004195,0
0.0,0.0,0.0,1.0,0.13384561,0
1.0,1.0,0.0,1.0,0.09647579,0
0.0,0.0,0.0,1.0,0.13512823,0
0.5082471,0.68316084,0.0,1.0,0.06030022,0
0.5082572,0.68318105,0.0,1.0,0.101218395,0
0.55849314,0.7836529,0.0,1.0,0.20372179,0
0.0,0.0,0.0,1.0,0.2098577,0
0.0,0.0,0.0,1.0,0.06779732,0
0.0,0.0,0.0,1.0,0.27243176,0
0.55860573,0.78387815,0.0,1.0,0.13384561,0
1.0,1.0,0.0,1.0,0.117511205,0
0.0,0.0,0.0,1.0,0.043116983,0
0.5082471,0.68316084,0.0,0.2659436,0.05746601,2
0.5082572,0.68318105,0.0,0.60892767,0.08651998,0
0.55849314,0.7836529,0.0,1.0,0.11467671,0
0.0,0.0,0.0,1.0,0.17884913,0
0.0,0.0,0.0,0.9731462,0.14194843,0
0.0,0.0,0.0,1.0,0.19474271,0
0.55860573,0.78387815,0.0,1.0,0.09647579,0
0.0,0.0,0.0,1.0,0.117511205,0
0.5082471,0.68316084,0.0,1.0,0.08215059,0
0.5082572,0.68318105,0.0,1.0,0.12820561,0
0.55849314,0.7836529,0.0,1.0,0.074807614,0
0.0,0.0,0.0,1.0,0.22115098,0
0.0,0.0,0.0,1.0,0.17430377,0
0.0,0.0,0.0,1.0,0.15340509,0
0.55860573,0.78387815,0.0,0.8494584,0.06185884,0
0.0,0.0,0.0,1.0,0.13512823,0
1.0,1.0,0.0,1.0,0.043116983,0
0.0,0.0,0.0,1.0,0.08215059,0
0.5082572,0.68318105,0.0,0.61046064,0.06953007,0
0.55849314,0.7836529,0.0,1.0,0.1558732,0
0.0,0.0,0.0,1.0,0.18179382,0
0.0,0.0,0.0,0.7441119,0.092756756,0
0.0,0.0,0.0,1.0,0.23132564,0
0.55860573,0.78387815,0.0,1.0,0.10391843,0
0.0,0.0,0.0,1.0,0.06030022,0
1.0,1.0,0.0,0.26537234,0.05746601,2
0.0,0.0,0.0,1.0,0.12820561,0
0.5082471,0.68316084,0.0,0.61046064,0.06953007,0
0.55849314,0.7836529,0.0,1.0,0.20119618,0
0.0,0.0,0.0,0.94147485,0.113193505,0
0.0,0.0,0.0,0.7579953,0.07809352,0
0.0,0.0,0.0,1.0,0.28115156,0
0.55860573,0.78387815,0.0,1.0,0.16838267,0
0.0,0.0,0.0,1.0,0.101218395,0
1.0,1.0,0.0,0.6081854,0.08651998,0
0.0,0.0,0.0,1.0,0.074807614,0
0.5082471,0.68316084,0.0,1.0,0.1558732,0
0.5082572,0.68318105,0.0,1.0,0.20119618,0
0.0,0.0,0.0,1.0,0.2838443,0
0.0,0.0,0.0,1.0,0.24854434,0
0.0,0.0,0.0,1.0,0.080508195,0
0.55860573,0.78387815,0.0,0.5808976,0.08405388,1
0.0,0.0,0.0,1.0,0.20372179,0
1.0,1.0,0.0,1.0,0.11467671,0
0.0,0.0,0.0,1.0,0.22115098,0
0.5082471,0.68316084,0.0,1.0,0.18179382,0
0.5082572,0.68318105,0.0,0.94147485,0.113193505,0
0.55849314,0.7836529,0.0,1.0,0.2838443,0
0.0,0.0,0.0,1.0,0.1618197,0
0.0,0.0,0.0,1.0,0.36326477,0
0.55860573,0.78387815,0.0,1.0,0.27298972,0
0.0,0.0,0.0,1.0,0.2098577,0
1.0,1.0,0.0,1.0,0.17884913,0
0.0,0.0,0.0,1.0,0.17430377,0
0.5082471,0.68316084,0.0,0.7441119,0.092756756,0
0.5082572,0.68318105,0.0,0.7579953,0.07809352,0
0.55849314,0.7836529,0.0,1.0,0.24854434,0
0.0,0.0,0.0,1.0,0.1618197,0
0.0,0.0,0.0,1.0,0.32379153,0
0.55860573,0.78387815,0.0,1.0,0.19126639,0
0.0,0.0,0.0,1.0,0.06779732,0
1.0,1.0,0.0,0.971742,0.14194843,0
0.0,0.0,0.0,1.0,0.15340509,0
0.5082471,0.68316084,0.0,1.0,0.23132564,0
0.5082572,0.68318105,0.0,1.0,0.28115156,0
0.55849314,0.7836529,0.0,1.0,0.080508195,0
0.0,0.0,0.0,1.0,0.36326477,0
0.0,0.0,0.0,1.0,0.32379153,0
0.55860573,0.78387815,0.0,1.0,0.14004195,0
0.0,0.0,0.0,1.0,0.27243176,0
1.0,1.0,0.0,1.0,0.19474271,0
0.0,0.0,0.0,0.8494584,0.06185884,0
0.5082471,0.68316084,0.0,1.0,0.10391843,0
0.5082572,0.68318105,0.0,1.0,0.16838267,0
0.55849314,0.7836529,0.0,0.5808976,0.08405388,1
0.0,0.0,0.0,1.0,0.27298972,0
0.0,0.0,0.0,1.0,0.19126639,0
0.0,0.0,0.0,1.0,0.14004195,0
0.0,0.0,0.0,1.0,0.13384561,0
1.0,1.0,0.0,1.0,0.09647579,0
0.0,0.0,0.0,1.0,0.13512823,0
0.5082471,0.68316084,0.0,1.0,0.06030022,0
0.5082572,0.68318105,0.0,1.0,0.101218395,0
0.55849314,0.7836529,0.0,1.0,0.20372179,0
0.0,0.0,0.0,1.0,0.2098577,0
0.0,0.0,0.0,1.0,0.06779732,0
0.0,0.0,0.0,1.0,0.27243176,0
0.55860573,0.78387815,0.0,1.0,0.13384561,0
1.0,1.0,0.0,1.0,0.117511205,0
0.0,0.0,0.0,1.0,0.043116983,0
0.5082471,0.68316084,0.0,0.26537234,0.05746601,2
0.5082572,0.68318105,0.0,0.6081854,0.08651998,0
0.55849314,0.7836529,0.0,1.0,0.11467671,0
0.0,0.0,0.0,1.0,0.17884913,0
0.0,0.0,0.0,0.971742,0.14194843,0
0.0,0.0,0.0,1.0,0.19474271,0
0.55860573,0.78387815,0.0,1.0,0.09647579,0
0.0,0.0,0.0,1.0,0.117511205,0
0.5082471,0.68316084,0.0,1.0,0.08215059,0
0.5082572,0.68318105,0.0,1.0,0.12820561,0
0.55849314,0.7836529,0.0,1.0,0.074807614,0
0.0,0.0,0.0,1.0,0.22115098,0
0.0,0.0,0.0,1.0,0.17430377,0
0.0,0.0,0.0,1.0,0.15340509,0
0.55860573,0.78387815,0.0,0.8495645,0.06185884,0
0.0,0.0,0.0,1.0,0.13512823,0
1.0,1.0,0.0,1.0,0.043116983,0
0.0,0.0,0.0,1.0,0.08215059,0
0.5082572,0.68318105,0.0,0.60978794,0.06953007,0
0.55849314,0.7836529,0.0,1.0,0.1558732,0
0.0,0.0,0.0,1.0,0.18179382,0
0.0,0.0,0.0,0.7431854,0.092756756,0
0.0,0.0,0.0,1.0,0.23132564,0
0.55860573,0.78387815,0.0,1.0,0.10391843,0
0.0,0.0,0.0,1.0,0.06030022,0
1.0,1.0,0.0,0.2648011,0.05746601,2
0.0,0.0,0.0,1.0,0.12820561,0
0.5082471,0.68316084,0.0,0.60978794,0.06953007,0
0.55849314,0.7836529,0.0,1.0,0.20119618,0
0.0,0.0,0.0,0.9404655,0.113193505,0
0.0,0.0,0.0,0.7572148,0.07809352,0
0.0,0.0,0.0,1.0,0.28115156,0
0.55860573,0.78387815,0.0,1.0,0.16838267,0
0.0,0.0,0.0,1.0,0.101218395,0
1.0,1.0,0.0,0.60744345,0.08651998,0
0.0,0.0,0.0,1.0,0.074807614,0
0.5082471,0.68316084,0.0,1.0,0.1558732,0
0.5082572,0.68318105,0.0,1.0,0.20119618,0
0.0,0.0,0.0,1.0,0.2838443,0
0.0,0.0,0.0,1.0,0.24854434,0
0.0,0.0,0.0,1.0,0.080508195,0
0.55860573,0.78387815,0.0,0.5801382,0.08405388,1
0.0,0.0,0.0,1.0,0.20372179,0
1.0,1.0,0.0,1.0,0.11467671,0
0.0,0.0,0.0,1.0,0.22115098,0
0.5082471,0.68316084,0.0,1.0,0.18179382,0
0.5082572,0.68318105,0.0,0.9404655,0.113193505,0
0.55849314,0.7836529,0.0,1.0,0.2838443,0
0.0,0.0,0.0,1.0,0.1618197,0
0.0,0.0,0.0,1.0,0.36326477,0
0.55860573,0.78387815,0.0,1.0,0.27298972,0
0.0,0.0,0.0,1.0,0.2098577,0
1.0,1.0,0.0,1.0,0.17884913,0
0.0,0.0,0.0,1.0,0.17430377,0
0.5082471,0.68316084,0.0,0.7431854,0.092756756,0
0.5082572,0.68318105,0.0,0.7572148,0.07809352,0
0.55849314,0.7836529,0.0,1.0,0.24854434,0
0.0,0.0,0.0,1.0,0.1618197,0
0.0,0.0,0.0,1.0,0.32379153,0
0.55860573,0.78387815,0.0,1.0,0.19126639,0
0.0,0.0,0.0,1.0,0.06779732,0
1.0,1.0,0.0,0.9703378,0.14194843,0
0.0,0.0,0.0,1.0,0.15340509,0
0.5082471,0.68316084,0.0,1.0,0.23132564,0
0.5082572,0.68318105,0.0,1.0,0.28115156,0
0.55849314,0.7836529,0.0,1.0,0.080508195,0
0.0,0.0,0.0,1.0,0.36326477,0
0.0,0.0,0.0,1.0,0.32379153,0
0.55860573,0.78387815,0.0,1.0,0.14004195,0
0.0,0.0,0.0,1.0,0.27243176,0
1.0,1.0,0.0,1.0,0.19474271,0
0.0,0.0,0.0,0.8495645,0.06185884,0
0.5082471,0.68316084,0.0,1.0,0.10391843,0
0.5082572,0.68318105,0.0,1.0,0.16838267,0
0.55849314,0.7836529,0.0,0.5801382,0.08405388,1
0.0,0.0,0.0,1.0,0.27298972,0
0.0,0.0,0.0,1.0,0.19126639,0
0.0,0.0,0.0,1.0,0.14004195,0
0.0,0.0,0.0,1.0,0.13384561,0
1.0,1.0,0.0,1.0,0.09647579,0
0.0,0.0,0.0,1.0,0.13512823,0
0.5082471,0.68316084,0.0,1.0,0.06030022,0
0.5082572,0.68318105,0.0,1.0,0.101218395,0
0.55849314,0.7836529,0.0,1.0,0.20372179,0
0.0,0.0,0.0,1.0,0.2098577,0
0.0,0.0,0.0,1.0,0.06779732,0
0.0,0.0,0.0,1.0,0.27243176,0
0.55860573,0.78387815,0.0,1.0,0.13384561,0
1.0,1.0,0.0,1.0,0.117511205,0
0.0,0.0,0.0,1.0,0.043116983,0
0.5082471,0.68316084,0.0,0.2648011,0.05746601,2
0.5082572,0.68318105,0.0,0.60744345,0.08651998,0
0.55849314,0.7836529,0.0,1.0,0.11467671,0
0.0,0.0,0.0,1.0,0.17884913,0
0.0,0.0,0.0,0.9703378,0.14194843,0
0.0,0.0,0.0,1.0,0.19474271,0
0.55860573,0.78387815,0.0,1.0,0.09647579,0
0.0,0.0,0.0,1.0,0.117511205,0
1.0,1.0,0.0,1.0,0.08215059,0
0.5200888,0.7068442,0.0,1.0,0.12820561,0
0.55849314,0.7836529,0.0,1.0,0.074807614,0
0.0,0.0,0.0,1.0,0.22115098,0
0.0,0.0,0.0,1.0,0.17430377,0
0.0,0.0,0.0,1.0,0.15340509,0
0.55860573,0.78387815,0.0,0.849671,0.06185884,0
0.0,0.0,0.0,1.0,0.13512823,0
0.3165551,0.29977688,0.0,1.0,0.043116983,0
0.0,0.0,0.0,1.0,0.08215059,0
0.5200888,0.7068442,0.0,0.6091153,0.06953007,0
0.55849314,0.7836529,0.0,1.0,0.1558732,0
0.0,0.0,0.0,1.0,0.18179382,0
0.0,0.0,0.0,0.7422589,0.092756756,0
0.0,0.0,0.0,1.0,0.23132564,0
0.55860573,0.78387815,0.0,1.0,0.10391843,0
0.0,0.0,0.0,1.0,0.06030022,0
0.3165551,0.29977688,0.0,0.2642299,0.05746601,2
0.0,0.0,0.0,1.0,0.12820561,0
1.0,1.0,0.0,0.6091153,0.06953007,0
0.55849314,0.7836529,0.0,1.0,0.20119618,0
0.0,0.0,0.0,0.93945646,0.113193505,0
0.0,0.0,0.0,0.75643426,0.07809352,0
0.0,0.0,0.0,1.0,0.28115156,0
0.55860573,0.78387815,0.0,1.0,0.16838267,0
0.0,0.0,0.0,1.0,0.101218395,0
0.3165551,0.29977688,0.0,0.6067018,0.08651998,0
0.0,0.0,0.0,1.0,0.074807614,0
1.0,1.0,0.0,1.0,0.1558732,0
0.5200888,0.7068442,0.0,1.0,0.20119618,0
0.0,0.0,0.0,1.0,0.2838443,0
0.0,0.0,0.0,1.0,0.24854434,0
0.0,0.0,0.0,1.0,0.080508195,0
0.55860573,0.78387815,0.0,0.57937896,0.08405388,1
0.0,0.0,0.0,1.0,0.20372179,0
0.3165551,0.29977688,0.0,1.0,0.11467671,0
0.0,0.0,0.0,1.0,0.22115098,0
1.0,1.0,0.0,1.0,0.18179382,0
0.5200888,0.7068442,0.0,0.93945646,0.113193505,0
0.55849314,0.7836529,0.0,1.0,0.2838443,0
0.0,0.0,0.0,1.0,0.1618197,0
0.0,0.0,0.0,1.0,0.36326477,0
0.55860573,0.78387815,0.0,1.0,0.27298972,0
0.0,0.0,0.0,1.0,0.2098577,0
0.3165551,0.29977688,0.0,1.0,0.17884913,0
0.0,0.0,0.0,1.0,0.17430377,0
1.0,1.0,0.0,0.7422589,0.092756756,0
0.5200888,0.7068442,0.0,0.75643426,0.07809352,0
0.55849314,0.7836529,0.0,1.0,0.24854434,0
0.0,0.0,0.0,1.0,0.1618197,0
0.0,0.0,0.0,1.0,0.32379153,0
0.55860573,0.78387815,0.0,1.0,0.19126639,0
0.0,0.0,0.0,1.0,0.06779732,0
0.3165551,0.29977688,0.0,0.96893364,0.14194843,0
0.0,0.0,0.0,1.0,0.15340509,0
1.0,1.0,0.0,1.0,0.23132564,0
0.5200888,0.7068442,0.0,1.0,0.28115156,0
0.55849314,0.7836529,0.0,1.0,0.080508195,0
0.0,0.0,0.0,1.0,0.36326477,0
0.0,0.0,0.0,1.0,0.32379153,0
0.55860573,0.78387815,0.0,1.0,0.14004195,0
0.0,0.0,0.0,1.0,0.27243176,0
0.3165551,0.29977688,0.0,1.0,0.19474271,0
0.0,0.0,0.0,0.849671,0.06185884,0
1.0,1.0,0.0,1.0,0.10391843,0
0.5200888,0.7068442,0.0,1.0,0.16838267,0
0.55849314,0.7836529,0.0,0.57937896,0.08405388,1
0.0,0.0,0.0,1.0,0.27298972,0
0.0,0.0,0.0,1.0,0.19126639,0
0.0,0.0,0.0,1.0,0.14004195,0
0.0,0.0,0.0,1.0,0.13384561,0
0.3165551,0.29977688,0.0,1.0,0.09647579,0
0.0,0.0,0.0,1.0,0.13512823,0
1.0,1.0,0.0,1.0,0.06030022,0
0.5200888,0.7068442,0.0,1.0,0.101218395,0
0.55849314,0.7836529,0.0,1.0,0.20372179,0
0.0,0.0,0.0,1.0,0.2098577,0
0.0,0.0,0.0,1.0,0.06779732,0
0.0,0.0,0.0,1.0,0.27243176,0
0.55860573,0.78387815,0.0,1.0,0.13384561,0
0.3165551,0.29977688,0.0,1.0,0.117511205,0
0.0,0.0,0.0,1.0,0.043116983,0
1.0,1.0,0.0,0.2642299,0.05746601,2
0.5200888,0.7068442,0.0,0.6067018,0.08651998,0
0.55849314,0.7836529,0.0,1.0,0.11467671,0
0.0,0.0,0.0,1.0,0.17884913,0
0.0,0.0,0.0,0.96893364,0.14194843,0
0.0,0.0,0.0,1.0,0.19474271,0
0.55860573,0.78387815,0.0,1.0,0.09647579,0
0.0,0.0,0.0,1.0,0.117511205,0
1.0,1.0,0.0,1.0,0.08215059,0
0.5200888,0.7068442,0.0,1.0,0.12820561,0
0.55849314,0.7836529,0.0,1.0,0.074807614,0
0.0,0.0,0.0,1.0,0.22115098,0
0.0,0.0,0.0,1.0,0.17430377,0
0.0,0.0,0.0,1.0,0.15340509,0
0.55860573,0.78387815,0.0,0.84977794,0.06185884,0
0.0,0.0,0.0,1.0,0.13512823,0
0.3165551,0.29977688,0.0,1.0,0.043116983,0
0.0,0.0,0.0,1.0,0.08215059,0
0.5200888,0.7068442,0.0,0.60844266,0.06953007,0
0.55849314,0.7836529,0.0,1.0,0.1558732,0
0.0,0.0,0.0,1.0,0.18179382,0
0.0,0.0,0.0,0.74133235,0.092756756,0
0.0,0.0,0.0,1.0,0.23132564,0
0.55860573,0.78387815,0.0,1.0,0.10391843,0
0.0,0.0,0.0,1.0,0.06030022,0
0.3165551,0.29977688,0.0,0.2636587,0.05746601,2
0.0,0.0,0.0,1.0,0.12820561,0
1.0,1.0,0.0,0.60844266,0.06953007,0
0.55849314,0.7836529,0.0,1.0,0.20119618,0
0.0,0.0,0.0,0.9384477,0.113193505,0
0.0,0.0,0.0,0.75565374,0.07809352,0
0.0,0.0,0.0,1.0,0.28115156,0
0.55860573,0.78387815,0.0,1.0,0.16838267,0
0.0,0.0,0.0,1.0,0.101218395,0
0.3165551,0.29977688,0.0,0.6059605,0.08651998,0
0.0,0.0,0.0,1.0,0.074807614,0
1.0,1.0,0.0,1.0,0.1558732,0
0.5200888,0.7068442,0.0,1.0,0.20119618,0
0.0,0.0,0.0,1.0,0.2838443,0
0.0,0.0,0.0,1.0,0.24854434,0
0.0,0.0,0.0,1.0,0.080508195,0
0.55860573,0.78387815,0.0,0.57861996,0.08405388,1
0.0,0.0,0.0,1.0,0.20372179,0
0.3165551,0.29977688,0.0,1.0,0.11467671,0
0.0,0.0,0.0,1.0,0.22115098,0
1.0,1.0,0.0,1.0,0.18179382,0
0.5200888,0.7068442,0.0,0.9384477,0.113193505,0
0.55849314,0.7836529,0.0,1.0,0.2838443,0
0.0,0.0,0.0,1.0,0.1618197,0
0.0,0.0,0.0,1.0,0.36326477,0
0.55860573,0.78387815,0.0,1.0,0.27298972,0
0.0,0.0,0.0,1.0,0.2098577,0
0.3165551,0.29977688,0.0,1.0,0.17884913,0
0.0,0.0,0.0,1.0,0.17430377,0
1.0,1.0,0.0,0.74133235,0.092756756,0
0.5200888,0.7068442,0.0,0.75565374,0.07809352,0
0.55849314,0.7836529,0.0,1.0,0.24854434,0
0.0,0.0,0.0,1.0,0.1618197,0
0.0,0.0,0.0,1.0,0.32379153,0
0.55860573,0.78387815,0.0,1.0,0.19126639,0
0.0,0.0,0.0,1.0,0.06779732,0
0.3165551,0.29977688,0.0,0.96752954,0.14194843,0
0.0,0.0,0.0,1.0,0.15340509,0
1.0,1.0,0.0,1.0,0.23132564,0
0.5200888,0.7068442,0.0,1.0,0.28115156,0
0.55849314,0.7836529,0.0,1.0,0.080508195,0
0.0,0.0,0.0,1.0,0.36326477,0
0.0,0.0,0.0,1.0,0.32379153,0
0.55860573,0.78387815,0.0,1.0,0.14004195,0
0.0,0.0,0.0,1.0,0.27243176,0
0.3165551,0.29977688,0.0,1.0,0.19474271,0
0.0,0.0,0.0,0.84977794,0.06185884,0
1.0,1.0,0.0,1.0,0.10391843,0
0.5200888,0.7068442,0.0,1.0,0.16838267,0
0.55849314,0.7836529,0.0,0.57861996,0.08405388,1
0.0,0.0,0.0,1.0,0.27298972,0
0.0,0.0,0.0,1.0,0.19126639,0
0.0,0.0,0.0,1.0,0.14004195,0
0.0,0.0,0.0,1.0,0.13384561,0
0.3165551,0.29977688,0.0,1.0,0.09647579,0
0.0,0.0,0.0,1.0,0.13512823,0
1.0,1.0,0.0,1.0,0.06030022,0
0.5200888,0.7068442,0.0,1.0,0.101218395,0
0.55849314,0.7836529,0.0,1.0,0.20372179,0
0.0,0.0,0.0,1.0,0.2098577,0
0.0,0.0,0.0,1.0,0.06779732,0
0.0,0.0,0.0,1.0,0.27243176,0
0.55860573,0.78387815,0.0,1.0,0.13384561,0
0.3165551,0.29977688,0.0,1.0,0.117511205,0
0.0,0.0,0.0,1.0,0.043116983,0
1.0,1.0,0.0,0.2636587,0.05746601,2
0.5200888,0.7068442,0.0,0.6059605,0.08651998,0
0.55849314,0.7836529,0.0,1.0,0.11467671,0
0.0,0.0,0.0,1.0,0.17884913,0
0.0,0.0,0.0,0.96752954,0.14194843,0
0.0,0.0,0.0,1.0,0.19474271,0
0.55860573,0.78387815,0.0,1.0,0.09647579,0
0.0,0.0,0.0,1.0,0.117511205,0
1.0,1.0,0.0,1.0,0.08215059,0
0.5200888,0.7068442,0.0,1.0,0.12820561,0
0.5696802,0.80602705,0.0,1.0,0.074807614,0
0.0,0.0,0.0,1.0,0.22115098,0
0.0,0.0,0.0,1.0,0.17430377,0
0.0,0.0,0.0,1.0,0.15340509,0
0.5697399,0.8061464,0.0,0.84988534,0.06185884,0
0.0,0.0,0.0,1.0,0.13512823,0
0.3165551,0.29977688,0.0,1.0,0.043116983,0
0.0,0.0,0.0,1.0,0.08215059,0
0.5200888,0.7068442,0.0,0.60777014,0.06953007,0
0.5696802,0.80602705,0.0,1.0,0.1558732,0
0.0,0.0,0.0,1.0,0.18179382,0
0.0,0.0,0.0,0.74040586,0.092756756,0
0.0,0.0,0.0,1.0,0.23132564,0
0.5697399,0.8061464,0.0,1.0,0.10391843,0
0.0,0.0,0.0,1.0,0.06030022,0
0.3165551,0.29977688,0.0,0.2630875,0.05746601,2
0.0,0.0,0.0,1.0,0.12820561,0
1.0,1.0,0.0,0.60777014,0.06953007,0
0.5696802,0.80602705,0.0,1.0,0.20119618,0
0.0,0.0,0.0,0.93743926,0.113193505,0
0.0,0.0,0.0,0.7548732,0.07809352,0
0.0,0.0,0.0,1.0,0.28115156,0
0.5697399,0.8061464,0.0,1.0,0.16838267,0
0.0,0.0,0.0,1.0,0.101218395,0
0.3165551,0.29977688,0.0,0.60521954,0.08651998,0
0.0,0.0,0.0,1.0,0.074807614,0
1.0,1.0,0.0,1.0,0.1558732,0
0.5200888,0.7068442,0.0,1.0,0.20119618,0
0.0,0.0,0.0,1.0,0.2838443,0
0.0,0.0,0.0,1.0,0.24854434,0
0.0,0.0,0.0,1.0,0.080508195,0
0.5697399,0.8061464,0.0,0.57786113,0.08405388,1
0.0,0.0,0.0,1.0,0.20372179,0
0.3165551,0.29977688,0.0,1.0,0.11467671,0
0.0,0.0,0.0,1.0,0.22115098,0
1.0,1.0,0.0,1.0,0.18179382,0
0.5200888,0.7068442,0.0,0.93743926,0.113193505,0
0.5696802,0.80602705,0.0,1.0,0.2838443,0
0.0,0.0,0.0,1.0,0.1618197,0
0.0,0.0,0.0,1.0,0.36326477,0
0.5697399,0.8061464,0.0,1.0,0.27298972,0
0.0,0.0,0.0,1.0,0.2098577,0
0.3165551,0.29977688,0.0,1.0,0.17884913,0
0.0,0.0,0.0,1.0,0.17430377,0
1.0,1.0,0.0,0.74040586,0.092756756,0
0.5200888,0.7068442,0.0,0.7548732,0.07809352,0
0.5696802,0.80602705,0.0,1.0,0.24854434,0
0.0,0.0,0.0,1.0,0.1618197,0
0.0,0.0,0.0,1.0,0.32379153,0
0.5697399,0.8061464,0.0,1.0,0.19126639,0
0.0,0.0,0.0,1.0,0.06779732,0
0.3165551,0.29977688,0.0,0.9661255,0.14194843,0
0.0,0.0,0.0,1.0,0.15340509,0
1.0,1.0,0.0,1.0,0.23132564,0
0.5200888,0.7068442,0.0,1.0,0.28115156,0
0.5696802,0.80602705,0.0,1.0,0.080508195,0
0.0,0.0,0.0,1.0,0.36326477,0
0.0,0.0,0.0,1.0,0.32379153,0
0.5697399,0.8061464,0.0,1.0,0.14004195,0
0.0,0.0,0.0,1.0,0.27243176,0
0.3165551,0.29977688,0.0,1.0,0.19474271,0
0.0,0.0,0.0,0.84988534,0.06185884,0
1.0,1.0,0.0,1.0,0.10391843,0
0.5200888,0.7068442,0.0,1.0,0.16838267,0
0.5696802,0.80602705,0.0,0.57786113,0.08405388,1
0.0,0.0,0.0,1.0,0.27298972,0
0.0,0.0,0.0,1.0,0.19126639,0
0.0,0.0,0.0,1.0,0.14004195,0
0.0,0.0,0.0,1.0,0.13384561,0
0.3165551,0.29977688,0.0,1.0,0.09647579,0
0.0,0.0,0.0,1.0,0.13512823,0
1.0,1.0,0.0,1.0,0.06030022,0
0.5200888,0.7068442,0.0,1.0,0.101218395,0
0.5696802,0.80602705,0.0,1.0,0.20372179,0
0.0,0.0,0.0,1.0,0.2098577,0
0.0,0.0,0.0,1.0,0.06779732,0
0.0,0.0,0.0,1.0,0.27243176,0
0.5697399,0.8061464,0.0,1.0,0.13384561,0
0.3165551,0.29977688,0.0,1.0,0.117511205,0
0.0,0.0,0.0,1.0,0.043116983,0
1.0,1.0,0.0,0.2630875,0.05746601,2
0.5200888,0.7068442,0.0,0.60521954,0.08651998,0
0.5696802,0.80602705,0.0,1.0,0.11467671,0
0.0,0.0,0.0,1.0,0.17884913,0
0.0,0.0,0.0,0.9661255,0.14194843,0
0.0,0.0,0.0,1.0,0.19474271,0
0.5697399,0.8061464,0.0,1.0,0.09647579,0
0.0,0.0,0.0,1.0,0.117511205,0
1.0,1.0,0.0,1.0,0.08215059,0
0.5200888,0.7068442,0.0,1.0,0.12820561,0
0.5696802,0.80602705,0.0,1.0,0.074807614,0
0.0,0.0,0.0,1.0,0.22115098,0
0.0,0.0,0.0,1.0,0.17430377,0
0.0,0.0,0.0,1.0,0.15340509,0
0.5697399,0.8061464,0.0,0.84999317,0.06185884,0
0.0,0.0,0.0,1.0,0.13512823,0
0.3165551,0.29977688,0.0,1.0,0.043116983,0
0.0,0.0,0.0,1.0,0.08215059,0
0.5200888,0.7068442,0.0,0.6070976,0.06953007,0
0.5696802,0.80602705,0.0,1.0,0.1558732,0
0.0,0.0,0.0,1.0,0.18179382,0
0.0,0.0,0.0,0.73947936,0.092756756,0
0.0,0.0,0.0,1.0,0.23132564,0
0.5697399,0.8061464,0.0,1.0,0.10391843,0
0.0,0.0,0.0,1.0,0.06030022,0
0.3165551,0.29977688,0.0,0.26251635,0.05746601,2
0.0,0.0,0.0,1.0,0.12820561,0
1.0,1.0,0.0,0.6070976,0.06953007,0
0.5696802,0.80602705,0.0,1.0,0.20119618,0
0.0,0.0,0.0,0.93643105,0.113193505,0
0.0,0.0,0.0,0.7540927,0.07809352,0
0.0,0.0,0.0,1.0,0.28115156,0
0.5697399,0.8061464,0.0,1.0,0.16838267,0
0.0,0.0,0.0,1.0,0.101218395,0
0.3165551,0.29977688,0.0,0.6044789,0.08651998,0
0.0,0.0,0.0,1.0,0.074807614,0
1.0,1.0,0.0,1.0,0.1558732,0
0.5200888,0.7068442,0.0,1.0,0.20119618,0
0.0,0.0,0.0,1.0,0.2838443,0
0.0,0.0,0.0,1.0,0.24854434,0
0.0,0.0,0.0,1.0,0.080508195,0
0.5697399,0.8061464,0.0,0.5771026,0.08405388,1
0.0,0.0,0.0,1.0,0.20372179,0
0.3165551,0.29977688,0.0,1.0,0.11467671,0
0.0,0.0,0.0,1.0,0.22115098,0
1.0,1.0,0.0,1.0,0.18179382,0
0.5200888,0.7068442,0.0,0.93643105,0.113193505,0
0.5696802,0.80602705,0.0,1.0,0.2838443,0
0.0,0.0,0.0,1.0,0.1618197,0
0.0,0.0,0.0,1.0,0.36326477,0
0.5697399,0.8061464,0.0,1.0,0.27298972,0
0.0,0.0,0.0,1.0,0.2098577,0
0.3165551,0.29977688,0.0,1.0,0.17884913,0
0.0,0.0,0.0,1.0,0.17430377,0
1.0,1.0,0.0,0.73947936,0.092756756,0
0.5200888,0.7068442,0.0,0.7540927,0.07809352,0
0.5696802,0.80602705,0.0,1.0,0.24854434,0
0.0,0.0,0.0,1.0,0.1618197,0
0.0,0.0,0.0,1.0,0.32379153,0
0.5697399,0.8061464,0.0,1.0,0.19126639,0
0.0,0.0,0.0,1.0,0.06779732,0
0.3165551,0.29977688,0.0,0.9647215,0.14194843,0
0.0,0.0,0.0,1.0,0.15340509,0
1.0,1.0,0.0,1.0,0.23132564,0
0.5200888,0.7068442,0.0,1.0,0.28115156,0
0.5696802,0.80602705,0.0,1.0,0.080508195,0
0.0,0.0,0.0,1.0,0.36326477,0
0.0,0.0,0.0,1.0,0.32379153,0
0.5697399,0.8061464,0.0,1.0,0.14004195,0
0.0,0.0,0.0,1.0,0.27243176,0
0.3165551,0.29977688,0.0,1.0,0.19474271,0
0.0,0.0,0.0,0.84999317,0.06185884,0
1.0,1.0,0.0,1.0,0.10391843,0
0.5200888,0.7068442,0.0,1.0,0.16838267,0
0.5696802,0.80602705,0.0,0.5771026,0.08405388,1
0.0,0.0,0.0,1.0,0.27298972,0
0.0,0.0,0.0,1.0,0.19126639,0
0.0,0.0,0.0,1.0,0.14004195,0
0.0,0.0,0.0,1.0,0.13384561,0
0.3165551,0.29977688,0.0,1.0,0.09647579,0
0.0,0.0,0.0,1.0,0.13512823,0
1.0,1.0,0.0,1.0,0.06030022,0
0.5200888,0.7068442,0.0,1.0,0.101218395,0
0.5696802,0.80602705,0.0,1.0,0.20372179,0
0.0,0.0,0.0,1.0,0.2098577,0
0.0,0.0,0.0,1.0,0.06779732,0
0.0,0.0,0.0,1.0,0.27243176,0
0.5697399,0.8061464,0.0,1.0,0.13384561,0
0.3165551,0.29977688,0.0,1.0,0.117511205,0
0.0,0.0,0.0,1.0,0.043116983,0
1.0,1.0,0.0,0.26251635,0.05746601,2
0.5200888,0.7068442,0.0,0.6044789,0.08651998,0
0.5696802,0.80602705,0.0,1.0,0.11467671,0
0.0,0.0,0.0,1.0,0.17884913,0
0.0,0.0,0.0,0.9647215,0.14194843,0
0.0,0.0,0.0,1.0,0.19474271,0
0.5697399,0.8061464,0.0,1.0,0.09647579,0
0.0,0.0,0.0,1.0,0.117511205,0
1.0,1.0,0.0,1.0,0.08215059,0
0.5200888,0.7068442,0.0,1.0,0.12820561,0
0.5696802,0.80602705,0.0,1.0,0.074807614,0
0.0,0.0,0.0,1.0,0.22115098,0
0.0,0.0,0.0,1.0,0.17430377,0
0.0,0.0,0.0,1.0,0.15340509,0
0.5697399,0.8061464,0.0,0.8501015,0.06185884,0
0.0,0.0,0.0,1.0,0.13512823,0
0.3165551,0.29977688,0.0,1.0,0.043116983,0
0.0,0.0,0.0,1.0,0.08215059,0
0.5200888,0.7068442,0.0,0.60642517,0.06953007,0
0.5696802,0.80602705,0.0,1.0,0.1558732,0
0.0,0.0,0.0,1.0,0.18179382,0
0.0,0.0,0.0,0.73855287,0.092756756,0
0.0,0.0,0.0,1.0,0.23132564,0
0.5697399,0.8061464,0.0,1.0,0.10391843,0
0.0,0.0,0.0,1.0,0.06030022,0
0.3165551,0.29977688,0.0,0.2619452,0.05746601,2
0.0,0.0,0.0,1.0,0.12820561,0
1.0,1.0,0.0,0.60642517,0.06953007,0
0.5696802,0.80602705,0.0,1.0,0.20119618,0
0.0,0.0,0.0,0.93542314,0.113193505,0
0.0,0.0,0.0,0.7533122,0.07809352,0
0.0,0.0,0.0,1.0,0.28115156,0
0.5697399,0.8061464,0.0,1.0,0.16838267,0
0.0,0.0,0.0,1.0,0.101218395,0
0.3165551,0.29977688,0.0,0.60373855,0.08651998,0
0.0,0.0,0.0,1.0,0.074807614,0
1.0,1.0,0.0,1.0,0.1558732,0
0.5200888,0.7068442,0.0,1.0,0.20119618,0
0.0,0.0,0.0,1.0,0.2838443,0
0.0,0.0,0.0,1.0,0.24854434,0
0.0,0.0,0.0,1.0,0.080508195,0
0.5697399,0.8061464,0.0,0.57634425,0.08405388,1
0.0,0.0,0.0,1.0,0.20372179,0
0.3165551,0.29977688,0.0,1.0,0.11467671,0
0.0,0.0,0.0,1.0,0.22115098,0
1.0,1.0,0.0,1.0,0.18179382,0
0.5200888,0.7068442,0.0,0.93542314,0.113193505,0
0.5696802,0.80602705,0.0,1.0,0.2838443,0
0.0,0.0,0.0,1.0,0.1618197,0
0.0,0.0,0.0,1.0,0.36326477,0
0.5697399,0.8061464,0.0,1.0,0.27298972,0
0.0,0.0,0.0,1.0,0.2098577,0
0.3165551,0.29977688,0.0,1.0,0.17884913,0
0.0,0.0,0.0,1.0,0.17430377,0
1.0,1.0,0.0,0.73855287,0.092756756,0
0.5200888,0.7068442,0.0,0.7533122,0.07809352,0
0.5696802,0.80602705,0.0,1.0,0.24854434,0
0.0,0.0,0.0,1.0,0.1618197,0
0.0,0.0,0.0,1.0,0.32379153,0
0.5697399,0.8061464,0.0,1.0,0.19126639,0
0.0,0.0,0.0,1.0,0.06779732,0
0.3165551,0.29977688,0.0,0.9633175,0.14194843,0
0.0,0.0,0.0,1.0,0.15340509,0
1.0,1.0,0.0,1.0,0.23132564,0
0.5200888,0.7068442,0.0,1.0,0.28115156,0
0.5696802,0.80602705,0.0,1.0,0.080508195,0
0.0,0.0,0.0,1.0,0.36326477,0
0.0,0.0,0.0,1.0,0.32379153,0
0.5697399,0.8061464,0.0,1.0,0.14004195,0
0.0,0.0,0.0,1.0,0.27243176,0
0.3165551,0.29977688,0.0,1.0,0.19474271,0
0.0,0.0,0.0,0.8501015,0.06185884,0
1.0,1.0,0.0,1.0,0.10391843,0
0.5200888,0.7068442,0.0,1.0,0.16838267,0
0.5696802,0.80602705,0.0,0.57634425,0.08405388,1
0.0,0.0,0.0,1.0,0.27298972,0
0.0,0.0,0.0,1.0,0.19126639,0
0.0,0.0,0.0,1.0,0.14004195,0
0.0,0.0,0.0,1.0,0.13384561,0
0.3165551,0.29977688,0.0,1.0,0.09647579,0
0.0,0.0,0.0,1.0,0.13512823,0
1.0,1.0,0.0,1.0,0.06030022,0
0.5200888,0.7068442,0.0,1.0,0.101218395,0
0.5696802,0.80602705,0.0,1.0,0.20372179,0
0.0,0.0,0.0,1.0,0.2098577,0
0.0,0.0,0.0,1.0,0.06779732,0
0.0,0.0,0.0,1.0,0.27243176,0
0.5697399,0.8061464,0.0,1.0,0.13384561,0
0.3165551,0.29977688,0.0,1.0,0.117511205,0
0.0,0.0,0.0,1.0,0.043116983,0
1.0,1.0,0.0,0.2619452,0.05746601,2
0.5200888,0.7068442,0.0,0.60373855,0.08651998,0
0.5696802,0.80602705,0.0,1.0,0.11467671,0
0.0,0.0,0.0,1.0,0.17884913,0
0.0,0.0,0.0,0.9633175,0.14194843,0
0.0,0.0,0.0,1.0,0.19474271,0
0.5697399,0.8061464,0.0,1.0,0.09647579,0
0.0,0.0,0.0,1.0,0.117511205,0
1.0,1.0,0.0,1.0,0.08215059,0
0.5200888,0.7068442,0.0,1.0,0.12820561,0
0.5696802,0.80602705,0.0,1.0,0.074807614,0
0.0,0.0,0.0,1.0,0.22115098,0
0.0,0.0,0.0,1.0,0.17430377,0
0.0,0.0,0.0,1.0,0.15340509,0
0.5697399,0.8061464,0.0,0.8502102,0.06185884,0
0.0,0.0,0.0,1.0,0.13512823,0
0.3165551,0.29977688,0.0,1.0,0.043116983,0
0.0,0.0,0.0,1.0,0.08215059,0
0.5200888,0.7068442,0.0,0.60575277,0.06953007,0
0.5696802,0.80602705,0.0,1.0,0.1558732,0
0.0,0.0,0.0,1.0,0.18179382,0
0.0,0.0,0.0,0.7376264,0.092756756,0
0.0,0.0,0.0,1.0,0.23132564,0
0.5697399,0.8061464,0.0,1.0,0.10391843,0
0.0,0.0,0.0,1.0,0.06030022,0
0.3165551,0.29977688,0.0,0.26137406,0.05746601,2
0.0,0.0,0.0,1.0,0.12820561,0
1.0,1.0,0.0,0.60575277,0.06953007,0
0.5696802,0.80602705,0.0,1.0,0.20119618,0
0.0,0.0,0.0,0.93441546,0.113193505,0
0.0,0.0,0.0,0.75253165,0.07809352,0
0.0,0.0,0.0,1.0,0.28115156,0
0.5697399,0.8061464,0.0,1.0,0.16838267,0
0.0,0.0,0.0,1.0,0.101218395,0
0.3165551,0.29977688,0.0,0.6029986,0.08651998,0
0.0,0.0,0.0,1.0,0.074807614,0
1.0,1.0,0.0,1.0,0.1558732,0
0.5200888,0.7068442,0.0,1.0,0.20119618,0
0.0,0.0,0.0,1.0,0.2838443,0
0.0,0.0,0.0,1.0,0.24854434,0
0.0,0.0,0.0,1.0,0.080508195,0
0.5697399,0.8061464,0.0,0.57558614,0.08405388,1
0.0,0.0,0.0,1.0,0.20372179,0
0.3165551,0.29977688,0.0,1.0,0.11467671,0
0.0,0.0,0.0,1.0,0.22115098,0
1.0,1.0,0.0,1.0,0.18179382,0
0.5200888,0.7068442,0.0,0.93441546,0.113193505,0
0.5696802,0.80602705,0.0,1.0,0.2838443,0
0.0,0.0,0.0,1.0,0.1618197,0
0.0,0.0,0.0,1.0,0.36326477,0
0.5697399,0.8061464,0.0,1.0,0.27298972,0
0.0,0.0,0.0,1.0,0.2098577,0
0.3165551,0.29977688,0.0,1.0,0.17884913,0
0.0,0.0,0.0,1.0,0.17430377,0
1.0,1.0,0.0,0.7376264,0.092756756,0
0.5200888,0.7068442,0.0,0.75253165,0.07809352,0
0.5696802,0.80602705,0.0,1.0,0.24854434,0
0.0,0.0,0.0,1.0,0.1618197,0
0.0,0.0,0.0,1.0,0.32379153,0
0.5697399,0.8061464,0.0,1.0,0.19126639,0
0.0,0.0,0.0,1.0,0.06779732,0
0.3165551,0.29977688,0.0,0.96191365,0.14194843,0
0.0,0.0,0.0,1.0,0.15340509,0
1.0,1.0,0.0,1.0,0.23132564,0
0.5200888,0.7068442,0.0,1.0,0.28115156,0
0.5696802,0.80602705,0.0,1.0,0.080508195,0
0.0,0.0,0.0,1.0,0.36326477,0
0.0,0.0,0.0,1.0,0.32379153,0
0.5697399,0.8061464,0.0,1.0,0.14004195,0
0.0,0.0,0.0,1.0,0.27243176,0
0.3165551,0.29977688,0.0,1.0,0.19474271,0
0.0,0.0,0.0,0.8502102,0.06185884,0
1.0,1.0,0.0,1.0,0.10391843,0
0.5200888,0.7068442,0.0,1.0,0.16838267,0
0.5696802,0.80602705,0.0,0.57558614,0.08405388,1
0.0,0.0,0.0,1.0,0.27298972,0
0.0,0.0,0.0,1.0,0.19126639,0
0.0,0.0,0.0,1.0,0.14004195,0
0.0,0.0,0.0,1.0,0.13384561,0
0.3165551,0.29977688,0.0,1.0,0.09647579,0
0.0,0.0,0.0,1.0,0.13512823,0
1.0,1.0,0.0,1.0,0.06030022,0
0.5200888,0.7068442,0.0,1.0,0.101218395,0
0.5696802,0.80602705,0.0,1.0,0.20372179,0
0.0,0.0,0.0,1.0,0.2098577,0
0.0,0.0,0.0,1.0,0.06779732,0
0.0,0.0,0.0,1.0,0.27243176,0
0.5697399,0.8061464,0.0,1.0,0.13384561,0
0.3165551,0.29977688,0.0,1.0,0.117511205,0
0.0,0.0,0.0,1.0,0.043116983,0
1.0,1.0,0.0,0.26137406,0.05746601,2
0.5200888,0.7068442,0.0,0.6029986,0.08651998,0
0.5696802,0.80602705,0.0,1.0,0.11467671,0
0.0,0.0,0.0,1.0,0.17884913,0
0.0,0.0,0.0,0.96191365,0.14194843,0
0.0,0.0,0.0,1.0,0.19474271,0
0.5697399,0.8061464,0.0,1.0,0.09647579,0
0.0,0.0,0.0,1.0,0.117511205,0
1.0,1.0,0.0,1.0,0.08215059,0
0.5200888,0.7068442,0.0,1.0,0.12820561,0
0.5696802,0.80602705,0.0,1.0,0.074807614,0
0.0,0.0,0.0,1.0,0.22115098,0
0.0,0.0,0.0,1.0,0.17430377,0
0.0,0.0,0.0,1.0,0.15340509,0
0.5697399,0.8061464,0.0,0.8503193,0.06185884,0
0.0,0.0,0.0,1.0,0.13512823,0
0.3165551,0.29977688,0.0,1.0,0.043116983,0
0.0,0.0,0.0,1.0,0.08215059,0
0.5200888,0.7068442,0.0,0.6050804,0.06953007,0
0.5696802,0.80602705,0.0,1.0,0.1558732,0
0.0,0.0,0.0,1.0,0.18179382,0
0.0,0.0,0.0,0.73669994,0.092756756,0
0.0,0.0,0.0,1.0,0.23132564,0
0.5697399,0.8061464,0.0,1.0,0.10391843,0
0.0,0.0,0.0,1.0,0.06030022,0
0.3165551,0.29977688,0.0,0.26080292,0.05746601,2
0.0,0.0,0.0,1.0,0.12820561,0
1.0,1.0,0.0,0.6050804,0.06953007,0
0.5696802,0.80602705,0.0,1.0,0.20119618,0
0.0,0.0,0.0,0.93340814,0.113193505,0
0.0,0.0,0.0,0.7517511,0.07809352,0
0.0,0.0,0.0,1.0,0.28115156,0
0.5697399,0.8061464,0.0,1.0,0.16838267,0
0.0,0.0,0.0,1.0,0.101218395,0
0.3165551,0.29977688,0.0,0.6022589,0.08651998,0
0.0,0.0,0.0,1.0,0.074807614,0
1.0,1.0,0.0,1.0,0.1558732,0
0.5200888,0.7068442,0.0,1.0,0.20119618,0
0.0,0.0,0.0,1.0,0.2838443,0
0.0,0.0,0.0,1.0,0.24854434,0
0.0,0.0,0.0,1.0,0.080508195,0
0.5697399,0.8061464,0.0,0.57482827,0.08405388,1
0.0,0.0,0.0,1.0,0.20372179,0
0.3165551,0.29977688,0.0,1.0,0.11467671,0
0.0,0.0,0.0,1.0,0.22115098,0
1.0,1.0,0.0,1.0,0.18179382,0
0.5200888,0.7068442,0.0,0.93340814,0.113193505,0
0.5696802,0.80602705,0.0,1.0,0.2838443,0
0.0,0.0,0.0,1.0,0.1618197,0
0.0,0.0,0.0,1.0,0.36326477,0
0.5697399,0.8061464,0.0,1.0,0.27298972,0
0.0,0.0,0.0,1.0,0.2098577,0
0.3165551,0.29977688,0.0,1.0,0.17884913,0
0.0,0.0,0.0,1.0,0.17430377,0
1.0,1.0,0.0,0.73669994,0.092756756,0
0.5200888,0.7068442,0.0,0.7517511,0.07809352,0
0.5696802,0.80602705,0.0,1.0,0.24854434,0
0.0,0.0,0.0,1.0,0.1618197,0
0.0,0.0,0.0,1.0,0.32379153,0
0.5697399,0.8061464,0.0,1.0,0.19126639,0
0.0,0.0,0.0,1.0,0.06779732,0
0.3165551,0.29977688,0.0,0.9605098,0.14194843,0
0.0,0.0,0.0,1.0,0.15340509,0
1.0,1.0,0.0,1.0,0.23132564,0
0.5200888,0.7068442,0.0,1.0,0.28115156,0
0.5696802,0.80602705,0.0,1.0,0.080508195,0
0.0,0.0,0.0,1.0,0.36326477,0
0.0,0.0,0.0,1.0,0.32379153,0
0.5697399,0.8061464,0.0,1.0,0.14004195,0
0.0,0.0,0.0,1.0,0.27243176,0
0.3165551,0.29977688,0.0,1.0,0.19474271,0
0.0,0.0,0.0,0.8503193,0.06185884,0
1.0,1.0,0.0,1.0,0.10391843,0
0.5200888,0.7068442,0.0,1.0,0.16838267,0
0.5696802,0.80602705,0.0,0.57482827,0.08405388,1
0.0,0.0,0.0,1.0,0.27298972,0
0.0,0.0,0.0,1.0,0.19126639,0
0.0,0.0,0.0,1.0,0.14004195,0
0.0,0.0,0.0,1.0,0.13384561,0
0.3165551,0.29977688,0.0,1.0,0.09647579,0
0.0,0.0,0.0,1.0,0.13512823,0
1.0,1.0,0.0,1.0,0.06030022,0
0.5200888,0.7068442,0.0,1.0,0.101218395,0
0.5696802,0.80602705,0.0,1.0,0.20372179,0
0.0,0.0,0.0,1.0,0.2098577,0
0.0,0.0,0.0,1.0,0.06779732,0
0.0,0.0,0.0,1.0,0.27243176,0
0.5697399,0.8061464,0.0,1.0,0.13384561,0
0.3165551,0.29977688,0.0,1.0,0.117511205,0
0.0,0.0,0.0,1.0,0.043116983,0
1.0,1.0,0.0,0.26080292,0.05746601,2
0.5200888,0.7068442,0.0,0.6022589,0.08651998,0
0.5696802,0.80602705,0.0,1.0,0.11467671,0
0.0,0.0,0.0,1.0,0.17884913,0
0.0,0.0,0.0,0.9605098,0.14194843,0
0.0,0.0,0.0,1.0,0.19474271,0
0.5697399,0.8061464,0.0,1.0,0.09647579,0
0.0,0.0,0.0,1.0,0.117511205,0
1.0,1.0,0.0,1.0,0.08215059,0
0.5200888,0.7068442,0.0,1.0,0.12820561,0
0.5696802,0.80602705,0.0,1.0,0.074807614,0
0.0,0.0,0.0,1.0,0.22115098,0
0.0,0.0,0.0,1.0,0.17430377,0
0.0,0.0,0.0,1.0,0.15340509,0
0.5697399,0.8061464,0.0,0.8504289,0.06185884,0
0.0,0.0,0.0,1.0,0.13512823,0
0.3165551,0.29977688,0.0,1.0,0.043116983,0
0.0,0.0,0.0,1.0,0.08215059,0
0.5200888,0.7068442,0.0,0.60440814,0.06953007,0
0.5696802,0.80602705,0.0,1.0,0.1558732,0
0.0,0.0,0.0,1.0,0.18179382,0
0.0,0.0,0.0,0.73577344,0.092756756,0
0.0,0.0,0.0,1.0,0.23132564,0
0.5697399,0.8061464,0.0,1.0,0.10391843,0
0.0,0.0,0.0,1.0,0.06030022,0
0.3165551,0.29977688,0.0,0.26023182,0.05746601,2
0.0,0.0,0.0,1.0,0.12820561,0
1.0,1.0,0.0,0.60440814,0.06953007,0
0.5696802,0.80602705,0.0,1.0,0.20119618,0
0.0,0.0,0.0,0.93240106,0.113193505,0
0.0,0.0,0.0,0.75097066,0.07809352,0
0.0,0.0,0.0,1.0,0.28115156,0
0.5697399,0.8061464,0.0,1.0,0.16838267,0
0.0,0.0,0.0,1.0,0.101218395,0
0.3165551,0.29977688,0.0,0.60151964,0.08651998,0
0.0,0.0,0.0,1.0,0.074807614,0
1.0,1.0,0.0,1.0,0.1558732,0
0.5200888,0.7068442,0.0,1.0,0.20119618,0
0.0,0.0,0.0,1.0,0.2838443,0
0.0,0.0,0.0,1.0,0.24854434,0
0.0,0.0,0.0,1.0,0.080508195,0
0.5697399,0.8061464,0.0,0.57407063,0.08405388,1
0.0,0.0,0.0,1.0,0.20372179,0
0.3165551,0.29977688,0.0,1.0,0.11467671,0
0.0,0.0,0.0,1.0,0.22115098,0
1.0,1.0,0.0,1.0,0.18179382,0
0.5200888,0.7068442,0.0,0.93240106,0.113193505,0
0.5696802,0.80602705,0.0,1.0,0.2838443,0
0.0,0.0,0.0,1.0,0.1618197,0
0.0,0.0,0.0,1.0,0.36326477,0
0.5697399,0.8061464,0.0,1.0,0.27298972,0
0.0,0.0,0.0,1.0,0.2098577,0
0.3165551,0.29977688,0.0,1.0,0.17884913,0
0.0,0.0,0.0,1.0,0.17430377,0
1.0,1.0,0.0,0.73577344,0.092756756,0
0.5200888,0.7068442,0.0,0.75097066,0.07809352,0
0.5696802,0.80602705,0.0,1.0,0.24854434,0
0.0,0.0,0.0,1.0,0.1618197,0
0.0,0.0,0.0,1.0,0.32379153,0
0.5697399,0.8061464,0.0,1.0,0.19126639,0
0.0,0.0,0.0,1.0,0.06779732,0
0.3165551,0.29977688,0.0,0.95910597,0.14194843,0
0.0,0.0,0.0,1.0,0.15340509,0
1.0,1.0,0.0,1.0,0.23132564,0
0.5200888,0.7068442,0.0,1.0,0.28115156,0
0.5696802,0.80602705,0.0,1.0,0.080508195,0
0.0,0.0,0.0,1.0,0.36326477,0
0.0,0.0,0.0,1.0,0.32379153,0
0.5697399,0.8061464,0.0,1.0,0.14004195,0
0.0,0.0,0.0,1.0,0.27243176,0
0.3165551,0.29977688,0.0,1.0,0.19474271,0
0.0,0.0,0.0,0.8504289,0.06185884,0
1.0,1.0,0.0,1.0,0.10391843,0
0.5200888,0.7068442,0.0,1.0,0.16838267,0
0.5696802,0.80602705,0.0,0.57407063,0.08405388,1
0.0,0.0,0.0,1.0,0.27298972,0
0.0,0.0,0.0,1.0,0.19126639,0
0.0,0.0,0.0,1.0,0.14004195,0
0.0,0.0,0.0,1.0,0.13384561,0
0.3165551,0.29977688,0.0,1.0,0.09647579,0
0.0,0.0,0.0,1.0,0.13512823,0
1.0,1.0,0.0,1.0,0.06030022,0
0.5200888,0.7068442,0.0,1.0,0.101218395,0
0.5696802,0.80602705,0.0,1.0,0.20372179,0
0.0,0.0,0.0,1.0,0.2098577,0
0.0,0.0,0.0,1.0,0.06779732,0
0.0,0.0,0.0,1.0,0.27243176,0
0.5697399,0.8061464,0.0,1.0,0.13384561,0
0.3165551,0.29977688,0.0,1.0,0.117511205,0
0.0,0.0,0.0,1.0,0.043116983,0
1.0,1.0,0.0,0.26023182,0.05746601,2
0.5200888,0.7068442,0.0,0.60151964,0.08651998,0
0.5696802,0.80602705,0.0,1.0,0.11467671,0
0.0,0.0,0.0,1.0,0.17884913,0
0.0,0.0,0.0,0.95910597,0.14194843,0
0.0,0.0,0.0,1.0,0.19474271,0
0.5697399,0.8061464,0.0,1.0,0.09647579,0
0.0,0.0,0.0,1.0,0.117511205,0
1.0,1.0,0.0,1.0,0.08215059,0
0.5200888,0.7068442,0.0,1.0,0.12820561,0
0.5696802,0.80602705,0.0,1.0,0.074807614,0
0.0,0.0,0.0,1.0,0.22115098,0
0.0,0.0,0.0,1.0,0.17430377,0
0.0,0.0,0.0,1.0,0.15340509,0
0.5697399,0.8061464,0.0,0.8505389,0.06185884,0
0.0,0.0,0.0,1.0,0.13512823,0
0.3165551,0.29977688,0.0,1.0,0.043116983,0
0.0,0.0,0.0,1.0,0.08215059,0
0.5200888,0.7068442,0.0,0.6037359,0.06953007,0
0.5696802,0.80602705,0.0,1.0,0.1558732,0
0.0,0.0,0.0,1.0,0.18179382,0
0.0,0.0,0.0,0.73484695,0.092756756,0
0.0,0.0,0.0,1.0,0.23132564,0
0.5697399,0.8061464,0.0,1.0,0.10391843,0
0.0,0.0,0.0,1.0,0.06030022,0
0.3165551,0.29977688,0.0,0.25966072,0.05746601,2
0.0,0.0,0.0,1.0,0.12820561,0
1.0,1.0,0.0,0.6037359,0.06953007,0
0.5696802,0.80602705,0.0,1.0,0.20119618,0
0.0,0.0,0.0,0.9313943,0.113193505,0
0.0,0.0,0.0,0.75019014,0.07809352,0
0.0,0.0,0.0,1.0,0.28115156,0
0.5697399,0.8061464,0.0,1.0,0.16838267,0
0.0,0.0,0.0,1.0,0.101218395,0
0.3165551,0.29977688,0.0,0.60078067,0.08651998,0
0.0,0.0,0.0,1.0,0.074807614,0
1.0,1.0,0.0,1.0,0.1558732,0
0.5200888,0.7068442,0.0,1.0,0.20119618,0
0.0,0.0,0.0,1.0,0.2838443,0
0.0,0.0,0.0,1.0,0.24854434,0
0.0,0.0,0.0,1.0,0.080508195,0
0.5697399,0.8061464,0.0,0.5733132,0.08405388,1
0.0,0.0,0.0,1.0,0.20372179,0
0.3165551,0.29977688,0.0,1.0,0.11467671,0
0.0,0.0,0.0,1.0,0.22115098,0
1.0,1.0,0.0,1.0,0.18179382,0
0.5200888,0.7068442,0.0,0.9313943,0.113193505,0
0.5696802,0.80602705,0.0,1.0,0.2838443,0
0.0,0.0,0.0,1.0,0.1618197,0
0.0,0.0,0.0,1.0,0.36326477,0
0.5697399,0.8061464,0.0,1.0,0.27298972,0
0.0,0.0,0.0,1.0,0.2098577,0
0.3165551,0.29977688,0.0,1.0,0.17884913,0
0.0,0.0,0.0,1.0,0.17430377,0
1.0,1.0,0.0,0.73484695,0.092756756,0
0.5200888,0.7068442,0.0,0.75019014,0.07809352,0
0.5696802,0.80602705,0.0,1.0,0.24854434,0
0.0,0.0,0.0,1.0,0.1618197,0
0.0,0.0,0.0,1.0,0.32379153,0
0.5697399,0.8061464,0.0,1.0,0.19126639,0
0.0,0.0,0.0,1.0,0.06779732,0
0.3165551,0.29977688,0.0,0.95770216,0.14194843,0
0.0,0.0,0.0,1.0,0.15340509,0
1.0,1.0,0.0,1.0,0.23132564,0
0.5200888,0.7068442,0.0,1.0,0.28115156,0
0.5696802,0.80602705,0.0,1.0,0.080508195,0
0.0,0.0,0.0,1.0,0.36326477,0
0.0,0.0,0.0,1.0,0.32379153,0
0.5697399,0.8061464,0.0,1.0,0.14004195,0
0.0,0.0,0.0,1.0,0.27243176,0
0.3165551,0.29977688,0.0,1.0,0.19474271,0
0.0,0.0,0.0,0.8505389,0.06185884,0
1.0,1.0,0.0,1.0,0.10391843,0
0.5200888,0.7068442,0.0,1.0,0.16838267,0
0.5696802,0.80602705,0.0,0.5733132,0.08405388,1
0.0,0.0,0.0,1.0,0.27298972,0
0.0,0.0,0.0,1.0,0.19126639,0
0.0,0.0,0.0,1.0,0.14004195,0
0.0,0.0,0.0,1.0,0.13384561,0
0.3165551,0.29977688,0.0,1.0,0.09647579,0
0.0,0.0,0.0,1.0,0.13512823,0
1.0,1.0,0.0,1.0,0.06030022,0
0.5200888,0.7068442,0.0,1.0,0.101218395,0
0.5696802,0.80602705,0.0,1.0,0.20372179,0
0.0,0.0,0.0,1.0,0.2098577,0
0.0,0.0,0.0,1.0,0.06779732,0
0.0,0.0,0.0,1.0,0.27243176,0
0.5697399,0.8061464,0.0,1.0,0.13384561,0
0.3165551,0.29977688,0.0,1.0,0.117511205,0
0.0,0.0,0.0,1.0,0.043116983,0
1.0,1.0,0.0,0.25966072,0.05746601,2
0.5200888,0.7068442,0.0,0.60078067,0.08651998,0
0.5696802,0.80602705,0.0,1.0,0.11467671,0
0.0,0.0,0.0,1.0,0.17884913,0
0.0,0.0,0.0,0.95770216,0.14194843,0
0.0,0.0,0.0,1.0,0.19474271,0
0.5697399,0.8061464,0.0,1.0,0.09647579,0
0.0,0.0,0.0,1.0,0.117511205,0
1.0,1.0,0.0,1.0,0.08215059,0
0.5200888,0.7068442,0.0,1.0,0.12820561,0
0.5696802,0.80602705,0.0,1.0,0.074807614,0
0.0,0.0,0.0,1.0,0.22115098,0
0.0,0.0,0.0,1.0,0.17430377,0
0.0,0.0,0.0,1.0,0.15340509,0
0.5697399,0.8061464,0.0,0.85064936,0.06185884,0
0.0,0.0,0.0,1.0,0.13512823,0
0.3165551,0.29977688,0.0,1.0,0.043116983,0
0.0,0.0,0.0,1.0,0.08215059,0
0.5200888,0.7068442,0.0,0.6030637,0.06953007,0
0.5696802,0.80602705,0.0,1.0,0.1558732,0
0.0,0.0,0.0,1.0,0.18179382,0
0.0,0.0,0.0,0.73392045,0.092756756,0
0.0,0.0,0.0,1.0,0.23132564,0
0.5697399,0.8061464,0.0,1.0,0.10391843,0
0.0,0.0,0.0,1.0,0.06030022,0
0.3165551,0.29977688,0.0,0.25908965,0.05746601,2
0.0,0.0,0.0,1.0,0.12820561,0
1.0,1.0,0.0,0.6030637,0.06953007,0
0.5696802,0.80602705,0.0,1.0,0.20119618,0
0.0,0.0,0.0,0.9303878,0.113193505,0
0.0,0.0,0.0,0.7494096,0.07809352,0
0.0,0.0,0.0,1.0,0.28115156,0
0.5697399,0.8061464,0.0,1.0,0.16838267,0
0.0,0.0,0.0,1.0,0.101218395,0
0.3165551,0.29977688,0.0,0.60004205,0.08651998,0
0.0,0.0,0.0,1.0,0.074807614,0
1.0,1.0,0.0,1.0,0.1558732,0
0.5200888,0.7068442,0.0,1.0,0.20119618,0
0.0,0.0,0.0,1.0,0.2838443,0
0.0,0.0,0.0,1.0,0.24854434,0
0.0,0.0,0.0,1.0,0.080508195,0
0.5697399,0.8061464,0.0,0.572556,0.08405388,1
0.0,0.0,0.0,1.0,0.20372179,0
0.3165551,0.29977688,0.0,1.0,0.11467671,0
0.0,0.0,0.0,1.0,0.22115098,0
1.0,1.0,0.0,1.0,0.18179382,0
0.5200888,0.7068442,0.0,0.9303878,0.113193505,0
0.5696802,0.80602705,0.0,1.0,0.2838443,0
0.0,0.0,0.0,1.0,0.1618197,0
0.0,0.0,0.0,1.0,0.36326477,0
0.5697399,0.8061464,0.0,1.0,0.27298972,0
0.0,0.0,0.0,1.0,0.2098577,0
0.3165551,0.29977688,0.0,1.0,0.17884913,0
0.0,0.0,0.0,1.0,0.17430377,0
1.0,1.0,0.0,0.73392045,0.092756756,0
0.5200888,0.7068442,0.0,0.7494096,0.07809352,0
0.5696802,0.80602705,0.0,1.0,0.24854434,0
0.0,0.0,0.0,1.0,0.1618197,0
0.0,0.0,0.0,1.0,0.32379153,0
0.5697399,0.8061464,0.0,1.0,0.19126639,0
0.0,0.0,0.0,1.0,0.06779732,0
0.3165551,0.29977688,0.0,0.9562984,0.14194843,0
0.0,0.0,0.0,1.0,0.15340509,0
1.0,1.0,0.0,1.0,0.23132564,0
0.5200888,0.7068442,0.0,1.0,0.28115156,0
0.5696802,0.80602705,0.0,1.0,0.080508195,0
0.0,0.0,0.0,1.0,0.36326477,0
0.0,0.0,0.0,1.0,0.32379153,0
0.5697399,0.8061464,0.0,1.0,0.14004195,0
0.0,0.0,0.0,1.0,0.27243176,0
0.3165551,0.29977688,0.0,1.0,0.19474271,0
0.0,0.0,0.0,0.85064936,0.06185884,0
1.0,1.0,0.0,1.0,0.10391843,0
0.5200888,0.7068442,0.0,1.0,0.16838267,0
0.5696802,0.80602705,0.0,0.572556,0.08405388,1
0.0,0.0,0.0,1.0,0.27298972,0
0.0,0.0,0.0,1.0,0.19126639,0
0.0,0.0,0.0,1.0,0.14004195,0
0.0,0.0,0.0,1.0,0.13384561,0
0.3165551,0.29977688,0.0,1.0,0.09647579,0
0.0,0.0,0.0,1.0,0.13512823,0
1.0,1.0,0.0,1.0,0.06030022,0
0.5200888,0.7068442,0.0,1.0,0.101218395,0
0.5696802,0.80602705,0.0,1.0,0.20372179,0
0.0,0.0,0.0,1.0,0.2098577,0
0.0,0.0,0.0,1.0,0.06779732,0
0.0,0.0,0.0,1.0,0.27243176,0
0.5697399,0.8061464,0.0,1.0,0.13384561,0
0.3165551,0.29977688,0.0,1.0,0.117511205,0
0.0,0.0,0.0,1.0,0.043116983,0
1.0,1.0,0.0,0.25908965,0.05746601,2
0.5200888,0.7068442,0.0,0.60004205,0.08651998,0
0.5696802,0.80602705,0.0,1.0,0.11467671,0
0.0,0.0,0.0,1.0,0.17884913,0
0.0,0.0,0.0,0.9562984,0.14194843,0
0.0,0.0,0.0,1.0,0.19474271,0
0.5697399,0.8061464,0.0,1.0,0.09647579,0
0.0,0.0,0.0,1.0,0.117511205,0
0.5271504,0.7209674,0.0,1.0,0.08215059,0
0.53205776,0.73078215,0.0,1.0,0.12820561,0
0.5696802,0.80602705,0.0,1.0,0.074807614,0
0.0,0.0,0.0,1.0,0.22115098,0
0.0,0.0,0.0,1.0,0.17430377,0
0.0,0.0,0.0,1.0,0.15340509,0
0.5697399,0.8061464,0.0,0.8507603,0.06185884,0
0.0,0.0,0.0,1.0,0.13512823,0
0.5321085,0.73088366,0.0,1.0,0.043116983,0
0.0,0.0,0.0,1.0,0.08215059,0
0.53205776,0.73078215,0.0,0.60239154,0.06953007,0
0.5696802,0.80602705,0.0,1.0,0.1558732,0
0.0,0.0,0.0,1.0,0.18179382,0
0.0,0.0,0.0,0.732994,0.092756756,0
0.0,0.0,0.0,1.0,0.23132564,0
0.5697399,0.8061464,0.0,1.0,0.10391843,0
0.0,0.0,0.0,1.0,0.06030022,0
0.5321085,0.73088366,0.0,0.25851858,0.05746601,2
0.0,0.0,0.0,1.0,0.12820561,0
0.5271504,0.7209674,0.0,0.60239154,0.06953007,0
0.5696802,0.80602705,0.0,1.0,0.20119618,0
0.0,0.0,0.0,0.9293816,0.113193505,0
0.0,0.0,0.0,0.7486291,0.07809352,0
0.0,0.0,0.0,1.0,0.28115156,0
0.5697399,0.8061464,0.0,1.0,0.16838267,0
0.0,0.0,0.0,1.0,0.101218395,0
0.5321085,0.73088366,0.0,0.5993037,0.08651998,1
0.0,0.0,0.0,1.0,0.074807614,0
0.5271504,0.7209674,0.0,1.0,0.1558732,0
0.53205776,0.73078215,0.0,1.0,0.20119618,0
0.0,0.0,0.0,1.0,0.2838443,0
0.0,0.0,0.0,1.0,0.24854434,0
0.0,0.0,0.0,1.0,0.080508195,0
0.5697399,0.8061464,0.0,0.57179904,0.08405388,1
0.0,0.0,0.0,1.0,0.20372179,0
0.5321085,0.73088366,0.0,1.0,0.11467671,0
0.0,0.0,0.0,1.0,0.22115098,0
0.5271504,0.7209674,0.0,1.0,0.18179382,0
0.53205776,0.73078215,0.0,0.9293816,0.113193505,0
0.5696802,0.80602705,0.0,1.0,0.2838443,0
0.0,0.0,0.0,1.0,0.1618197,0
0.0,0.0,0.0,1.0,0.36326477,0
0.5697399,0.8061464,0.0,1.0,0.27298972,0
0.0,0.0,0.0,1.0,0.2098577,0
0.5321085,0.73088366,0.0,1.0,0.17884913,0
0.0,0.0,0.0,1.0,0.17430377,0
0.5271504,0.7209674,0.0,0.732994,0.092756756,0
0.53205776,0.73078215,0.0,0.7486291,0.07809352,0
0.5696802,0.80602705,0.0,1.0,0.24854434,0
0.0,0.0,0.0,1.0,0.1618197,0
0.0,0.0,0.0,1.0,0.32379153,0
0.5697399,0.8061464,0.0,1.0,0.19126639,0
0.0,0.0,0.0,1.0,0.06779732,0
0.5321085,0.73088366,0.0,0.9548948,0.14194843,0
0.0,0.0,0.0,1.0,0.15340509,0
0.5271504,0.7209674,0.0,1.0,0.23132564,0
0.53205776,0.73078215,0.0,1.0,0.28115156,0
0.5696802,0.80602705,0.0,1.0,0.080508195,0
0.0,0.0,0.0,1.0,0.36326477,0
0.0,0.0,0.0,1.0,0.32379153,0
0.5697399,0.8061464,0.0,1.0,0.14004195,0
0.0,0.0,0.0,1.0,0.27243176,0
0.5321085,0.73088366,0.0,1.0,0.19474271,0
0.0,0.0,0.0,0.8507603,0.06185884,0
0.5271504,0.7209674,0.0,1.0,0.10391843,0
0.53205776,0.73078215,0.0,1.0,0.16838267,0
0.5696802,0.80602705,0.0,0.57179904,0.08405388,1
0.0,0.0,0.0,1.0,0.27298972,0
0.0,0.0,0.0,1.0,0.19126639,0
0.0,0.0,0.0,1.0,0.14004195,0
0.0,0.0,0.0,1.0,0.13384561,0
0.5321085,0.73088366,0.0,1.0,0.09647579,0
0.0,0.0,0.0,1.0,0.13512823,0
0.5271504,0.7209674,0.0,1.0,0.06030022,0
0.53205776,0.73078215,0.0,1.0,0.101218395,0
0.5696802,0.80602705,0.0,1.0,0.20372179,0
0.0,0.0,0.0,1.0,0.2098577,0
0.0,0.0,0.0,1.0,0.06779732,0
0.0,0.0,0.0,1.0,0.27243176,0
0.5697399,0.8061464,0.0,1.0,0.13384561,0
0.5321085,0.73088366,0.0,1.0,0.117511205,0
0.0,0.0,0.0,1.0,0.043116983,0
0.5271504,0.7209674,0.0,0.25851858,0.05746601,2
0.53205776,0.73078215,0.0,0.5993037,0.08651998,1
0.5696802,0.80602705,0.0,1.0,0.11467671,0
0.0,0.0,0.0,1.0,0.17884913,0
0.0,0.0,0.0,0.9548948,0.14194843,0
0.0,0.0,0.0,1.0,0.19474271,0
0.5697399,0.8061464,0.0,1.0,0.09647579,0
0.0,0.0,0.0,1.0,0.117511205,0
0.5271504,0.7209674,0.0,1.0,0.08215059,0
0.53205776,0.73078215,0.0,1.0,0.12820561,0
0.5696802,0.80602705,0.0,1.0,0.074807614,0
0.0,0.0,0.0,1.0,0.22115098,0
0.0,0.0,0.0,1.0,0.17430377,0
0.0,0.0,0.0,1.0,0.15340509,0
0.5697399,0.8061464,0.0,0.85087156,0.06185884,0
0.0,0.0,0.0,1.0,0.13512823,0
0.5321085,0.73088366,0.0,1.0,0.043116983,0
0.0,0.0,0.0,1.0,0.08215059,0
0.53205776,0.73078215,0.0,0.6017195,0.06953007,0
0.5696802,0.80602705,0.0,1.0,0.1558732,0
0.0,0.0,0.0,1.0,0.18179382,0
0.0,0.0,0.0,0.7320675,0.092756756,0
0.0,0.0,0.0,1.0,0.23132564,0
0.5697399,0.8061464,0.0,1.0,0.10391843,0
0.0,0.0,0.0,1.0,0.06030022,0
0.5321085,0.73088366,0.0,0.25794753,0.05746601,2
0.0,0.0,0.0,1.0,0.12820561,0
0.5271504,0.7209674,0.0,0.6017195,0.06953007,0
0.5696802,0.80602705,0.0,1.0,0.20119618,0
0.0,0.0,0.0,0.92837566,0.113193505,0
0.0,0.0,0.0,0.7478486,0.07809352,0
0.0,0.0,0.0,1.0,0.28115156,0
0.5697399,0.8061464,0.0,1.0,0.16838267,0
0.0,0.0,0.0,1.0,0.101218395,0
0.5321085,0.73088366,0.0,0.59856576,0.08651998,1
0.0,0.0,0.0,1.0,0.074807614,0
0.5271504,0.7209674,0.0,1.0,0.1558732,0
0.53205776,0.73078215,0.0,1.0,0.20119618,0
0.0,0.0,0.0,1.0,0.2838443,0
0.0,0.0,0.0,1.0,0.24854434,0
0.0,0.0,0.0,1.0,0.080508195,0
0.5697399,0.8061464,0.0,0.57104236,0.08405388,1
0.0,0.0,0.0,1.0,0.20372179,0
0.5321085,0.73088366,0.0,1.0,0.11467671,0
0.0,0.0,0.0,1.0,0.22115098,0
0.5271504,0.7209674,0.0,1.0,0.18179382,0
0.53205776,0.73078215,0.0,0.92837566,0.113193505,0
0.5696802,0.80602705,0.0,1.0,0.2838443,0
0.0,0.0,0.0,1.0,0.1618197,0
0.0,0.0,0.0,1.0,0.36326477,0
0.5697399,0.8061464,0.0,1.0,0.27298972,0
0.0,0.0,0.0,1.0,0.2098577,0
0.5321085,0.73088366,0.0,1.0,0.17884913,0
0.0,0.0,0.0,1.0,0.17430377,0
0.5271504,0.7209674,0.0,0.7320675,0.092756756,0
0.53205776,0.73078215,0.0,0.7478486,0.07809352,0
0.5696802,0.80602705,0.0,1.0,0.24854434,0
0.0,0.0,0.0,1.0,0.1618197,0
0.0,0.0,0.0,1.0,0.32379153,0
0.5697399,0.8061464,0.0,1.0,0.19126639,0
0.0,0.0,0.0,1.0,0.06779732,0
0.5321085,0.73088366,0.0,0.9534911,0.14194843,0
0.0,0.0,0.0,1.0,0.15340509,0
0.5271504,0.7209674,0.0,1.0,0.23132564,0
0.53205776,0.73078215,0.0,1.0,0.28115156,0
0.5696802,0.80602705,0.0,1.0,0.080508195,0
0.0,0.0,0.0,1.0,0.36326477,0
0.0,0.0,0.0,1.0,0.32379153,0
0.5697399,0.8061464,0.0,1.0,0.14004195,0
0.0,0.0,0.0,1.0,0.27243176,0
0.5321085,0.73088366,0.0,1.0,0.19474271,0
0.0,0.0,0.0,0.85087156,0.06185884,0
0.5271504,0.7209674,0.0,1.0,0.10391843,0
0.53205776,0.73078215,0.0,1.0,0.16838267,0
0.5696802,0.80602705,0.0,0.57104236,0.08405388,1
0.0,0.0,0.0,1.0,0.27298972,0
0.0,0.0,0.0,1.0,0.19126639,0
0.0,0.0,0.0,1.0,0.14004195,0
0.0,0.0,0.0,1.0,0.13384561,0
0.5321085,0.73088366,0.0,1.0,0.09647579,0
0.0,0.0,0.0,1.0,0.13512823,0
0.5271504,0.7209674,0.0,1.0,0.06030022,0
0.53205776,0.73078215,0.0,1.0,0.101218395,0
0.5696802,0.80602705,0.0,1.0,0.20372179,0
0.0,0.0,0.0,1.0,0.2098577,0
0.0,0.0,0.0,1.0,0.06779732,0
0.0,0.0,0.0,1.0,0.27243176,0
0.5697399,0.8061464,0.0,1.0,0.13384561,0
0.5321085,0.73088366,0.0,1.0,0.117511205,0
0.0,0.0,0.0,1.0,0.043116983,0
0.5271504,0.7209674,0.0,0.25794753,0.05746601,2
0.53205776,0.73078215,0.0,0.59856576,0.08651998,1
0.5696802,0.80602705,0.0,1.0,0.11467671,0
0.0,0.0,0.0,1.0,0.17884913,0
0.0,0.0,0.0,0.9534911,0.14194843,0
0.0,0.0,0.0,1.0,0.19474271,0
0.5697399,0.8061464,0.0,1.0,0.09647579,0
0.0,0.0,0.0,1.0,0.117511205,0
0.5271504,0.7209674,0.0,1.0,0.08215059,0
0.53205776,0.73078215,0.0,1.0,0.12820561,0
0.58439064,0.83544797,0.0,1.0,0.074807614,0
0.0,0.0,0.0,1.0,0.22115098,0
0.0,0.0,0.0,1.0,0.17430377,0
0.0,0.0,0.0,1.0,0.15340509,0
0.58437836,0.8354234,0.0,0.8509833,0.06185884,0
0.0,0.0,0.0,1.0,0.13512823,0
0.5321085,0.73088366,0.0,1.0,0.043116983,0
0.0,0.0,0.0,1.0,0.08215059,0
0.53205776,0.73078215,0.0,0.60104746,0.06953007,0
0.58439064,0.83544797,0.0,1.0,0.1558732,0
0.0,0.0,0.0,1.0,0.18179382,0
0.0,0.0,0.0,0.73114103,0.092756756,0
0.0,0.0,0.0,1.0,0.23132564,0
0.58437836,0.8354234,0.0,1.0,0.10391843,0
0.0,0.0,0.0,1.0,0.06030022,0
0.5321085,0.73088366,0.0,0.2573765,0.05746601,2
0.0,0.0,0.0,1.0,0.12820561,0
0.5271504,0.7209674,0.0,0.60104746,0.06953007,0
0.58439064,0.83544797,0.0,1.0,0.20119618,0
0.0,0.0,0.0,0.9273701,0.113193505,0
0.0,0.0,0.0,0.74706805,0.07809352,0
0.0,0.0,0.0,1.0,0.28115156,0
0.58437836,0.8354234,0.0,1.0,0.16838267,0
0.0,0.0,0.0,1.0,0.101218395,0
0.5321085,0.73088366,0.0,0.59782815,0.08651998,1
0.0,0.0,0.0,1.0,0.074807614,0
0.5271504,0.7209674,0.0,1.0,0.1558732,0
0.53205776,0.73078215,0.0,1.0,0.20119618,0
0.0,0.0,0.0,1.0,0.2838443,0
0.0,0.0,0.0,1.0,0.24854434,0
0.0,0.0,0.0,1.0,0.080508195,0
0.58437836,0.8354234,0.0,0.57028586,0.08405388,1
0.0,0.0,0.0,1.0,0.20372179,0
0.5321085,0.73088366,0.0,1.0,0.11467671,0
0.0,0.0,0.0,1.0,0.22115098,0
0.5271504,0.7209674,0.0,1.0,0.18179382,0
0.53205776,0.73078215,0.0,0.9273701,0.113193505,0
0.58439064,0.83544797,0.0,1.0,0.2838443,0
0.0,0.0,0.0,1.0,0.1618197,0
0.0,0.0,0.0,1.0,0.36326477,0
0.58437836,0.8354234,0.0,1.0,0.27298972,0
0.0,0.0,0.0,1.0,0.2098577,0
0.5321085,0.73088366,0.0,1.0,0.17884913,0
0.0,0.0,0.0,1.0,0.17430377,0
0.5271504,0.7209674,0.0,0.73114103,0.092756756,0
0.53205776,0.73078215,0.0,0.74706805,0.07809352,0
0.58439064,0.83544797,0.0,1.0,0.24854434,0
0.0,0.0,0.0,1.0,0.1618197,0
0.0,0.0,0.0,1.0,0.32379153,0
0.58437836,0.8354234,0.0,1.0,0.19126639,0
0.0,0.0,0.0,1.0,0.06779732,0
0.5321085,0.73088366,0.0,0.9520875,0.14194843,0
0.0,0.0,0.0,1.0,0.15340509,0
0.5271504,0.7209674,0.0,1.0,0.23132564,0
0.53205776,0.73078215,0.0,1.0,0.28115156,0
0.58439064,0.83544797,0.0,1.0,0.080508195,0
0.0,0.0,0.0,1.0,0.36326477,0
0.0,0.0,0.0,1.0,0.32379153,0
0.58437836,0.8354234,0.0,1.0,0.14004195,0
0.0,0.0,0.0,1.0,0.27243176,0
0.5321085,0.73088366,0.0,1.0,0.19474271,0
0.0,0.0,0.0,0.8509833,0.06185884,0
0.5271504,0.7209674,0.0,1.0,0.10391843,0
0.53205776,0.73078215,0.0,1.0,0.16838267,0
0.58439064,0.83544797,0.0,0.57028586,0.08405388,1
0.0,0.0,0.0,1.0,0.27298972,0
0.0,0.0,0.0,1.0,0.19126639,0
0.0,0.0,0.0,1.0,0.14004195,0
0.0,0.0,0.0,1.0,0.13384561,0
0.5321085,0.73088366,0.0,1.0,0.09647579,0
0.0,0.0,0.0,1.0,0.13512823,0
0.5271504,0.7209674,0.0,1.0,0.06030022,0
0.53205776,0.73078215,0.0,1.0,0.101218395,0
0.58439064,0.83544797,0.0,1.0,0.20372179,0
0.0,0.0,0.0,1.0,0.2098577,0
0.0,0.0,0.0,1.0,0.06779732,0
0.0,0.0,0.0,1.0,0.27243176,0
0.58437836,0.8354234,0.0,1.0,0.13384561,0
0.5321085,0.73088366,0.0,1.0,0.117511205,0
0.0,0.0,0.0,1.0,0.043116983,0
0.5271504,0.7209674,0.0,0.2573765,0.05746601,2
0.53205776,0.73078215,0.0,0.59782815,0.08651998,1
0.58439064,0.83544797,0.0,1.0,0.11467671,0
0.0,0.0,0.0,1.0,0.17884913,0
0.0,0.0,0.0,0.9520875,0.14194843,0
0.0,0.0,0.0,1.0,0.19474271,0
0.58437836,0.8354234,0.0,1.0,0.09647579,0
0.0,0.0,0.0,1.0,0.117511205,0
0.5271504,0.7209674,0.0,1.0,0.08215059,0
0.53205776,0.73078215,0.0,1.0,0.12820561,0
0.58439064,0.83544797,0.0,1.0,0.074807614,0
0.0,0.0,0.0,1.0,0.22115098,0
0.0,0.0,0.0,1.0,0.17430377,0
0.0,0.0,0.0,1.0,0.15340509,0
0.58437836,0.8354234,0.0,0.8510955,0.06185884,0
0.0,0.0,0.0,1.0,0.13512823,0
0.5321085,0.73088366,0.0,1.0,0.043116983,0
0.0,0.0,0.0,1.0,0.08215059,0
0.53205776,0.73078215,0.0,0.6003755,0.06953007,0
0.58439064,0.83544797,0.0,1.0,0.1558732,0
0.0,0.0,0.0,1.0,0.18179382,0
0.0,0.0,0.0,0.7302146,0.092756756,0
0.0,0.0,0.0,1.0,0.23132564,0
0.58437836,0.8354234,0.0,1.0,0.10391843,0
0.0,0.0,0.0,1.0,0.06030022,0
0.5321085,0.73088366,0.0,0.25680548,0.05746601,2
0.0,0.0,0.0,1.0,0.12820561,0
0.5271504,0.7209674,0.0,0.6003755,0.06953007,0
0.58439064,0.83544797,0.0,1.0,0.20119618,0
0.0,0.0,0.0,0.9263647,0.113193505,0
0.0,0.0,0.0,0.7462875,0.07809352,0
0.0,0.0,0.0,1.0,0.28115156,0
0.58437836,0.8354234,0.0,1.0,0.16838267,0
0.0,0.0,0.0,1.0,0.101218395,0
0.5321085,0.73088366,0.0,0.5970909,0.08651998,1
0.0,0.0,0.0,1.0,0.074807614,0
0.5271504,0.7209674,0.0,1.0,0.1558732,0
0.53205776,0.73078215,0.0,1.0,0.20119618,0
0.0,0.0,0.0,1.0,0.2838443,0
0.0,0.0,0.0,1.0,0.24854434,0
0.0,0.0,0.0,1.0,0.080508195,0
0.58437836,0.8354234,0.0,0.5695296,0.08405388,1
0.0,0.0,0.0,1.0,0.20372179,0
0.5321085,0.73088366,0.0,1.0,0.11467671,0
0.0,0.0,0.0,1.0,0.22115098,0
0.5271504,0.7209674,0.0,1.0,0.18179382,0
0.53205776,0.73078215,0.0,0.9263647,0.113193505,0
0.58439064,0.83544797,0.0,1.0,0.2838443,0
0.0,0.0,0.0,1.0,0.1618197,0
0.0,0.0,0.0,1.0,0.36326477,0
0.58437836,0.8354234,0.0,1.0,0.27298972,0
0.0,0.0,0.0,1.0,0.2098577,0
0.5321085,0.73088366,0.0,1.0,0.17884913,0
0.0,0.0,0.0,1.0,0.17430377,0
0.5271504,0.7209674,0.0,0.7302146,0.092756756,0
0.53205776,0.73078215,0.0,0.7462875,0.07809352,0
0.58439064,0.83544797,0.0,1.0,0.24854434,0
0.0,0.0,0.0,1.0,0.1618197,0
0.0,0.0,0.0,1.0,0.32379153,0
0.58437836,0.8354234,0.0,1.0,0.19126639,0
0.0,0.0,0.0,1.0,0.06779732,0
0.5321085,0.73088366,0.0,0.950684,0.14194843,0
0.0,0.0,0.0,1.0,0.15340509,0
0.5271504,0.7209674,0.0,1.0,0.23132564,0
0.53205776,0.73078215,0.0,1.0,0.28115156,0
0.58439064,0.83544797,0.0,1.0,0.080508195,0
0.0,0.0,0.0,1.0,0.36326477,0
0.0,0.0,0.0,1.0,0.32379153,0
0.58437836,0.8354234,0.0,1.0,0.14004195,0
0.0,0.0,0.0,1.0,0.27243176,0
0.5321085,0.73088366,0.0,1.0,0.19474271,0
0.0,0.0,0.0,0.8510955,0.06185884,0
0.5271504,0.7209674,0.0,1.0,0.10391843,0
0.53205776,0.73078215,0.0,1.0,0.16838267,0
0.58439064,0.83544797,0.0,0.5695296,0.08405388,1
0.0,0.0,0.0,1.0,0.27298972,0
0.0,0.0,0.0,1.0,0.19126639,0
0.0,0.0,0.0,1.0,0.14004195,0
0.0,0.0,0.0,1.0,0.13384561,0
0.5321085,0.73088366,0.0,1.0,0.09647579,0
0.0,0.0,0.0,1.0,0.13512823,0
0.5271504,0.7209674,0.0,1.0,0.06030022,0
0.53205776,0.73078215,0.0,1.0,0.101218395,0
0.58439064,0.83544797,0.0,1.0,0.20372179,0
0.0,0.0,0.0,1.0,0.2098577,0
0.0,0.0,0.0,1.0,0.06779732,0
0.0,0.0,0.0,1.0,0.27243176,0
0.58437836,0.8354234,0.0,1.0,0.13384561,0
0.5321085,0.73088366,0.0,1.0,0.117511205,0
0.0,0.0,0.0,1.0,0.043116983,0
0.5271504,0.7209674,0.0,0.25680548,0.05746601,2
0.53205776,0.73078215,0.0,0.5970909,0.08651998,1
0.58439064,0.83544797,0.0,1.0,0.11467671,0
0.0,0.0,0.0,1.0,0.17884913,0
0.0,0.0,0.0,0.950684,0.14194843,0
0.0,0.0,0.0,1.0,0.19474271,0
0.58437836,0.8354234,0.0,1.0,0.09647579,0
0.0,0.0,0.0,1.0,0.117511205,0
0.5271504,0.7209674,0.0,1.0,0.08215059,0
0.53205776,0.73078215,0.0,1.0,0.12820561,0
0.58439064,0.83544797,0.0,1.0,0.074807614,0
0.0,0.0,0.0,1.0,0.22115098,0
0.0,0.0,0.0,1.0,0.17430377,0
0.0,0.0,0.0,1.0,0.15340509,0
0.58437836,0.8354234,0.0,0.85120815,0.06185884,0
0.0,0.0,0.0,1.0,0.13512823,0
0.5321085,0.73088366,0.0,1.0,0.043116983,0
0.0,0.0,0.0,1.0,0.08215059,0
0.53205776,0.73078215,0.0,0.59970355,0.06953007,1
0.58439064,0.83544797,0.0,1.0,0.1558732,0
0.0,0.0,0.0,1.0,0.18179382,0
0.0,0.0,0.0,0.7292881,0.092756756,0
0.0,0.0,0.0,1.0,0.23132564,0
0.58437836,0.8354234,0.0,1.0,0.10391843,0
0.0,0.0,0.0,1.0,0.06030022,0
0.5321085,0.73088366,0.0,0.2562345,0.05746601,2
0.0,0.0,0.0,1.0,0.12820561,0
0.5271504,0.7209674,0.0,0.59970355,0.06953007,1
0.58439064,0.83544797,0.0,1.0,0.20119618,0
0.0,0.0,0.0,0.92535967,0.113193505,0
0.0,0.0,0.0,0.74550706,0.07809352,0
0.0,0.0,0.0,1.0,0.28115156,0
0.58437836,0.8354234,0.0,1.0,0.16838267,0
0.0,0.0,0.0,1.0,0.101218395,0
0.5321085,0.73088366,0.0,0.59635395,0.08651998,1
0.0,0.0,0.0,1.0,0.074807614,0
0.5271504,0.7209674,0.0,1.0,0.1558732,0
0.53205776,0.73078215,0.0,1.0,0.20119618,0
0.0,0.0,0.0,1.0,0.2838443,0
0.0,0.0,0.0,1.0,0.24854434,0
0.0,0.0,0.0,1.0,0.080508195,0
0.58437836,0.8354234,0.0,0.5687736,0.08405388,1
0.0,0.0,0.0,1.0,0.20372179,0
0.5321085,0.73088366,0.0,1.0,0.11467671,0
0.0,0.0,0.0,1.0,0.22115098,0
0.5271504,0.7209674,0.0,1.0,0.18179382,0
0.53205776,0.73078215,0.0,0.92535967,0.113193505,0
0.58439064,0.83544797,0.0,1.0,0.2838443,0
0.0,0.0,0.0,1.0,0.1618197,0
0.0,0.0,0.0,1.0,0.36326477,0
0.58437836,0.8354234,0.0,1.0,0.27298972,0
0.0,0.0,0.0,1.0,0.2098577,0
0.5321085,0.73088366,0.0,1.0,0.17884913,0
0.0,0.0,0.0,1.0,0.17430377,0
0.5271504,0.7209674,0.0,0.7292881,0.092756756,0
0.53205776,0.73078215,0.0,0.74550706,0.07809352,0
0.58439064,0.83544797,0.0,1.0,0.24854434,0
0.0,0.0,0.0,1.0,0.1618197,0
0.0,0.0,0.0,1.0,0.32379153,0
0.58437836,0.8354234,0.0,1.0,0.19126639,0
0.0,0.0,0.0,1.0,0.06779732,0
0.5321085,0.73088366,0.0,0.9492805,0.14194843,0
0.0,0.0,0.0,1.0,0.15340509,0
0.5271504,0.7209674,0.0,1.0,0.23132564,0
0.53205776,0.73078215,0.0,1.0,0.28115156,0
0.58439064,0.83544797,0.0,1.0,0.080508195,0
0.0,0.0,0.0,1.0,0.36326477,0
0.0,0.0,0.0,1.0,0.32379153,0
0.58437836,0.8354234,0.0,1.0,0.14004195,0
0.0,0.0,0.0,1.0,0.27243176,0
0.5321085,0.73088366,0.0,1.0,0.19474271,0
0.0,0.0,0.0,0.85120815,0.06185884,0
0.5271504,0.7209674,0.0,1.0,0.10391843,0
0.53205776,0.73078215,0.0,1.0,0.16838267,0
0.58439064,0.83544797,0.0,0.5687736,0.08405388,1
0.0,0.0,0.0,1.0,0.27298972,0
0.0,0.0,0.0,1.0,0.19126639,0
0.0,0.0,0.0,1.0,0.14004195,0
0.0,0.0,0.0,1.0,0.13384561,0
0.5321085,0.73088366,0.0,1.0,0.09647579,0
0.0,0.0,0.0,1.0,0.13512823,0
0.5271504,0.7209674,0.0,1.0,0.06030022,0
0.53205776,0.73078215,0.0,1.0,0.101218395,0
0.58439064,0.83544797,0.0,1.0,0.20372179,0
0.0,0.0,0.0,1.0,0.2098577,0
0.0,0.0,0.0,1.0,0.06779732,0
0.0,0.0,0.0,1.0,0.27243176,0
0.58437836,0.8354234,0.0,1.0,0.13384561,0
0.5321085,0.73088366,0.0,1.0,0.117511205,0
0.0,0.0,0.0,1.0,0.043116983,0
0.5271504,0.7209674,0.0,0.2562345,0.05746601,2
0.53205776,0.73078215,0.0,0.59635395,0.08651998,1
0.58439064,0.83544797,0.0,1.0,0.11467671,0
0.0,0.0,0.0,1.0,0.17884913,0
0.0,0.0,0.0,0.9492805,0.14194843,0
0.0,0.0,0.0,1.0,0.19474271,0
0.58437836,0.8354234,0.0,1.0,0.09647579,0
0.0,0.0,0.0,1.0,0.117511205,0
0.5271504,0.7209674,0.0,1.0,0.08215059,0
0.53205776,0.73078215,0.0,1.0,0.12820561,0
0.58439064,0.83544797,0.0,1.0,0.074807614,0
0.0,0.0,0.0,1.0,0.22115098,0
0.0,0.0,0.0,1.0,0.17430377,0
0.0,0.0,0.0,1.0,0.15340509,0
0.58437836,0.8354234,0.0,0.8513212,0.06185884,0
0.0,0.0,0.0,1.0,0.13512823,0
0.5321085,0.73088366,0.0,1.0,0.043116983,0
0.0,0.0,0.0,1.0,0.08215059,0
0.53205776,0.73078215,0.0,0.5990317,0.06953007,1
0.58439064,0.83544797,0.0,1.0,0.1558732,0
0.0,0.0,0.0,1.0,0.18179382,0
0.0,0.0,0.0,0.72836167,0.092756756,0
0.0,0.0,0.0,1.0,0.23132564,0
0.58437836,0.8354234,0.0,1.0,0.10391843,0
0.0,0.0,0.0,1.0,0.06030022,0
0.5321085,0.73088366,0.0,0.2556635,0.05746601,2
0.0,0.0,0.0,1.0,0.12820561,0
0.5271504,0.7209674,0.0,0.5990317,0.06953007,1
0.58439064,0.83544797,0.0,1.0,0.20119618,0
0.0,0.0,0.0,0.924355,0.113193505,0
0.0,0.0,0.0,0.74472654,0.07809352,0
0.0,0.0,0.0,1.0,0.28115156,0
0.58437836,0.8354234,0.0,1.0,0.16838267,0
0.0,0.0,0.0,1.0,0.101218395,0
0.5321085,0.73088366,0.0,0.59561735,0.08651998,1
0.0,0.0,0.0,1.0,0.074807614,0
0.5271504,0.7209674,0.0,1.0,0.1558732,0
0.53205776,0.73078215,0.0,1.0,0.20119618,0
0.0,0.0,0.0,1.0,0.2838443,0
0.0,0.0,0.0,1.0,0.24854434,0
0.0,0.0,0.0,1.0,0.080508195,0
0.58437836,0.8354234,0.0,0.56801784,0.08405388,1
0.0,0.0,0.0,1.0,0.20372179,0
0.5321085,0.73088366,0.0,1.0,0.11467671,0
0.0,0.0,0.0,1.0,0.22115098,0
0.5271504,0.7209674,0.0,1.0,0.18179382,0
0.53205776,0.73078215,0.0,0.924355,0.113193505,0
0.58439064,0.83544797,0.0,1.0,0.2838443,0
0.0,0.0,0.0,1.0,0.1618197,0
0.0,0.0,0.0,1.0,0.36326477,0
0.58437836,0.8354234,0.0,1.0,0.27298972,0
0.0,0.0,0.0,1.0,0.2098577,0
0.5321085,0.73088366,0.0,1.0,0.17884913,0
0.0,0.0,0.0,1.0,0.17430377,0
0.5271504,0.7209674,0.0,0.72836167,0.092756756,0
0.53205776,0.73078215,0.0,0.74472654,0.07809352,0
0.58439064,0.83544797,0.0,1.0,0.24854434,0
0.0,0.0,0.0,1.0,0.1618197,0
0.0,0.0,0.0,1.0,0.32379153,0
0.58437836,0.8354234,0.0,1.0,0.19126639,0
0.0,0.0,0.0,1.0,0.06779732,0
0.5321085,0.73088366,0.0,0.94787705,0.14194843,0
0.0,0.0,0.0,1.0,0.15340509,0
0.5271504,0.7209674,0.0,1.0,0.23132564,0
0.53205776,0.73078215,0.0,1.0,0.28115156,0
0.58439064,0.83544797,0.0,1.0,0.080508195,0
0.0,0.0,0.0,1.0,0.36326477,0
0.0,0.0,0.0,1.0,0.32379153,0
0.58437836,0.8354234,0.0,1.0,0.14004195,0
0.0,0.0,0.0,1.0,0.27243176,0
0.5321085,0.73088366,0.0,1.0,0.19474271,0
0.0,0.0,0.0,0.8513212,0.06185884,0
0.5271504,0.7209674,0.0,1.0,0.10391843,0
0.53205776,0.73078215,0.0,1.0,0.16838267,0
0.58439064,0.83544797,0.0,0.56801784,0.08405388,1
0.0,0.0,0.0,1.0,0.27298972,0
0.0,0.0,0.0,1.0,0.19126639,0
0.0,0.0,0.0,1.0,0.14004195,0
0.0,0.0,0.0,1.0,0.13384561,0
0.5321085,0.73088366,0.0,1.0,0.09647579,0
0.0,0.0,0.0,1.0,0.13512823,0
0.5271504,0.7209674,0.0,1.0,0.06030022,0
0.53205776,0.73078215,0.0,1.0,0.101218395,0
0.58439064,0.83544797,0.0,1.0,0.20372179,0
0.0,0.0,0.0,1.0,0.2098577,0
0.0,0.0,0.0,1.0,0.06779732,0
0.0,0.0,0.0,1.0,0.27243176,0
0.58437836,0.8354234,0.0,1.0,0.13384561,0
0.5321085,0.73088366,0.0,1.0,0.117511205,0
0.0,0.0,0.0,1.0,0.043116983,0
0.5271504,0.7209674,0.0,0.2556635,0.05746601,2
0.53205776,0.73078215,0.0,0.59561735,0.08651998,1
0.58439064,0.83544797,0.0,1.0,0.11467671,0
0.0,0.0,0.0,1.0,0.17884913,0
0.0,0.0,0.0,0.94787705,0.14194843,0
0.0,0.0,0.0,1.0,0.19474271,0
0.58437836,0.8354234,0.0,1.0,0.09647579,0
0.0,0.0,0.0,1.0,0.117511205,0
0.5271504,0.7209674,0.0,1.0,0.08215059,0
0.53205776,0.73078215,0.0,1.0,0.12820561,0
0.58439064,0.83544797,0.0,1.0,0.074807614,0
0.0,0.0,0.0,1.0,0.22115098,0
0.0,0.0,0.0,1.0,0.17430377,0
0.0,0.0,0.0,1.0,0.15340509,0
0.58437836,0.8354234,0.0,0.8514347,0.06185884,0
0.0,0.0,0.0,1.0,0.13512823,0
0.5321085,0.73088366,0.0,1.0,0.043116983,0
0.0,0.0,0.0,1.0,0.08215059,0
0.53205776,0.73078215,0.0,0.5983599,0.06953007,1
0.58439064,0.83544797,0.0,1.0,0.1558732,0
0.0,0.0,0.0,1.0,0.18179382,0
0.0,0.0,0.0,0.7274352,0.092756756,0
0.0,0.0,0.0,1.0,0.23132564,0
0.58437836,0.8354234,0.0,1.0,0.10391843,0
0.0,0.0,0.0,1.0,0.06030022,0
0.5321085,0.73088366,0.0,0.25509253,0.05746601,2
0.0,0.0,0.0,1.0,0.12820561,0
0.5271504,0.7209674,0.0,0.5983599,0.06953007,1
0.58439064,0.83544797,0.0,1.0,0.20119618,0
0.0,0.0,0.0,0.9233505,0.113193505,0
0.0,0.0,0.0,0.743946,0.07809352,0
0.0,0.0,0.0,1.0,0.28115156,0
0.58437836,0.8354234,0.0,1.0,0.16838267,0
0.0,0.0,0.0,1.0,0.101218395,0
0.5321085,0.73088366,0.0,0.5948811,0.08651998,1
0.0,0.0,0.0,1.0,0.074807614,0
0.5271504,0.7209674,0.0,1.0,0.1558732,0
0.53205776,0.73078215,0.0,1.0,0.20119618,0
0.0,0.0,0.0,1.0,0.2838443,0
0.0,0.0,0.0,1.0,0.24854434,0
0.0,0.0,0.0,1.0,0.080508195,0
0.58437836,0.8354234,0.0,0.5672623,0.08405388,1
0.0,0.0,0.0,1.0,0.20372179,0
0.5321085,0.73088366,0.0,1.0,0.11467671,0
0.0,0.0,0.0,1.0,0.22115098,0
0.5271504,0.7209674,0.0,1.0,0.18179382,0
0.53205776,0.73078215,0.0,0.9233505,0.113193505,0
0.58439064,0.83544797,0.0,1.0,0.2838443,0
0.0,0.0,0.0,1.0,0.1618197,0
0.0,0.0,0.0,1.0,0.36326477,0
0.58437836,0.8354234,0.0,1.0,0.27298972,0
0.0,0.0,0.0,1.0,0.2098577,0
0.5321085,0.73088366,0.0,1.0,0.17884913,0
0.0,0.0,0.0,1.0,0.17430377,0
0.5271504,0.7209674,0.0,0.7274352,0.092756756,0
0.53205776,0.73078215,0.0,0.743946,0.07809352,0
0.58439064,0.83544797,0.0,1.0,0.24854434,0
0.0,0.0,0.0,1.0,0.1618197,0
0.0,0.0,0.0,1.0,0.32379153,0
0.58437836,0.8354234,0.0,1.0,0.19126639,0
0.0,0.0,0.0,1.0,0.06779732,0
0.5321085,0.73088366,0.0,0.94647366,0.14194843,0
0.0,0.0,0.0,1.0,0.15340509,0
0.5271504,0.7209674,0.0,1.0,0.23132564,0
0.53205776,0.73078215,0.0,1.0,0.28115156,0
0.58439064,0.83544797,0.0,1.0,0.080508195,0
0.0,0.0,0.0,1.0,0.36326477,0
0.0,0.0,0.0,1.0,0.32379153,0
0.58437836,0.8354234,0.0,1.0,0.14004195,0
0.0,0.0,0.0,1.0,0.27243176,0
0.5321085,0.73088366,0.0,1.0,0.19474271,0
0.0,0.0,0.0,0.8514347,0.06185884,0
0.5271504,0.7209674,0.0,1.0,0.10391843,0
0.53205776,0.73078215,0.0,1.0,0.16838267,0
0.58439064,0.83544797,0.0,0.5672623,0.08405388,1
0.0,0.0,0.0,1.0,0.27298972,0
0.0,0.0,0.0,1.0,0.19126639,0
0.0,0.0,0.0,1.0,0.14004195,0
0.0,0.0,0.0,1.0,0.13384561,0
0.5321085,0.73088366,0.0,1.0,0.09647579,0
0.0,0.0,0.0,1.0,0.13512823,0
0.5271504,0.7209674,0.0,1.0,0.06030022,0
0.53205776,0.73078215,0.0,1.0,0.101218395,0
0.58439064,0.83544797,0.0,1.0,0.20372179,0
0.0,0.0,0.0,1.0,0.2098577,0
0.0,0.0,0.0,1.0,0.06779732,0
0.0,0.0,0.0,1.0,0.27243176,0
0.58437836,0.8354234,0.0,1.0,0.13384561,0
0.5321085,0.73088366,0.0,1.0,0.117511205,0
0.0,0.0,0.0,1.0,0.043116983,0
0.5271504,0.7209674,0.0,0.25509253,0.05746601,2
0.53205776,0.73078215,0.0,0.5948811,0.08651998,1
0.58439064,0.83544797,0.0,1.0,0.11467671,0
0.0,0.0,0.0,1.0,0.17884913,0
0.0,0.0,0.0,0.94647366,0.14194843,0
0.0,0.0,0.0,1.0,0.19474271,0
0.58437836,0.8354234,0.0,1.0,0.09647579,0
0.0,0.0,0.0,1.0,0.117511205,0
0.5271504,0.7209674,0.0,1.0,0.08215059,0
0.53205776,0.73078215,0.0,1.0,0.12820561,0
0.58439064,0.83544797,0.0,1.0,0.074807614,0
0.0,0.0,0.0,1.0,0.22115098,0
0.0,0.0,0.0,1.0,0.17430377,0
0.0,0.0,0.0,1.0,0.15340509,0
0.58437836,0.8354234,0.0,0.8515487,0.06185884,0
0.0,0.0,0.0,1.0,0.13512823,0
0.5321085,0.73088366,0.0,1.0,0.043116983,0
0.0,0.0,0.0,1.0,0.08215059,0
0.53205776,0.73078215,0.0,0.5976881,0.06953007,1
0.58439064,0.83544797,0.0,1.0,0.1558732,0
0.0,0.0,0.0,1.0,0.18179382,0
0.0,0.0,0.0,0.72650874,0.092756756,0
0.0,0.0,0.0,1.0,0.23132564,0
0.58437836,0.8354234,0.0,1.0,0.10391843,0
0.0,0.0,0.0,1.0,0.06030022,0
0.5321085,0.73088366,0.0,0.2545216,0.05746601,2
0.0,0.0,0.0,1.0,0.12820561,0
0.5271504,0.7209674,0.0,0.5976881,0.06953007,1
0.58439064,0.83544797,0.0,1.0,0.20119618,0
0.0,0.0,0.0,0.92234635,0.113193505,0
0.0,0.0,0.0,0.7431655,0.07809352,0
0.0,0.0,0.0,1.0,0.28115156,0
0.58437836,0.8354234,0.0,1.0,0.16838267,0
0.0,0.0,0.0,1.0,0.101218395,0
0.5321085,0.73088366,0.0,0.59414524,0.08651998,1
0.0,0.0,0.0,1.0,0.074807614,0
0.5271504,0.7209674,0.0,1.0,0.1558732,0
0.53205776,0.73078215,0.0,1.0,0.20119618,0
0.0,0.0,0.0,1.0,0.2838443,0
0.0,0.0,0.0,1.0,0.24854434,0
0.0,0.0,0.0,1.0,0.080508195,0
0.58437836,0.8354234,0.0,0.566507,0.08405388,1
0.0,0.0,0.0,1.0,0.20372179,0
0.5321085,0.73088366,0.0,1.0,0.11467671,0
0.0,0.0,0.0,1.0,0.22115098,0
0.5271504,0.7209674,0.0,1.0,0.18179382,0
0.53205776,0.73078215,0.0,0.92234635,0.113193505,0
0.58439064,0.83544797,0.0,1.0,0.2838443,0
0.0,0.0,0.0,1.0,0.1618197,0
0.0,0.0,0.0,1.0,0.36326477,0
0.58437836,0.8354234,0.0,1.0,0.27298972,0
0.0,0.0,0.0,1.0,0.2098577,0
0.5321085,0.73088366,0.0,1.0,0.17884913,0
0.0,0.0,0.0,1.0,0.17430377,0
0.5271504,0.7209674,0.0,0.72650874,0.092756756,0
0.53205776,0.73078215,0.0,0.7431655,0.07809352,0
0.58439064,0.83544797,0.0,1.0,0.24854434,0
0.0,0.0,0.0,1.0,0.1618197,0
0.0,0.0,0.0,1.0,0.32379153,0
0.58437836,0.8354234,0.0,1.0,0.19126639,0
0.0,0.0,0.0,1.0,0.06779732,0
0.5321085,0.73088366,0.0,0.94507027,0.14194843,0
0.0,0.0,0.0,1.0,0.15340509,0
0.5271504,0.7209674,0.0,1.0,0.23132564,0
0.53205776,0.73078215,0.0,1.0,0.28115156,0
0.58439064,0.83544797,0.0,1.0,0.080508195,0
0.0,0.0,0.0,1.0,0.36326477,0
0.0,0.0,0.0,1.0,0.32379153,0
0.58437836,0.8354234,0.0,1.0,0.14004195,0
0.0,0.0,0.0,1.0,0.27243176,0
0.5321085,0.73088366,0.0,1.0,0.19474271,0
0.0,0.0,0.0,0.8515487,0.06185884,0
0.5271504,0.7209674,0.0,1.0,0.10391843,0
0.53205776,0.73078215,0.0,1.0,0.16838267,0
0.58439064,0.83544797,0.0,0.566507,0.08405388,1
0.0,0.0,0.0,1.0,0.27298972,0
0.0,0.0,0.0,1.0,0.19126639,0
0.0,0.0,0.0,1.0,0.14004195,0
0.0,0.0,0.0,1.0,0.13384561,0
0.5321085,0.73088366,0.0,1.0,0.09647579,0
0.0,0.0,0.0,1.0,0.13512823,0
0.5271504,0.7209674,0.0,1.0,0.06030022,0
0.53205776,0.73078215,0.0,1.0,0.101218395,0
0.58439064,0.83544797,0.0,1.0,0.20372179,0
0.0,0.0,0.0,1.0,0.2098577,0
0.0,0.0,0.0,1.0,0.06779732,0
0.0,0.0,0.0,1.0,0.27243176,0
0.58437836,0.8354234,0.0,1.0,0.13384561,0
0.5321085,0.73088366,0.0,1.0,0.117511205,0
0.0,0.0,0.0,1.0,0.043116983,0
0.5271504,0.7209674,0.0,0.2545216,0.05746601,2
0.53205776,0.73078215,0.0,0.59414524,0.08651998,1
0.58439064,0.83544797,0.0,1.0,0.11467671,0
0.0,0.0,0.0,1.0,0.17884913,0
0.0,0.0,0.0,0.94507027,0.14194843,0
0.0,0.0,0.0,1.0,0.19474271,0
0.58437836,0.8354234,0.0,1.0,0.09647579,0
0.0,0.0,0.0,1.0,0.117511205,0
0.5271504,0.7209674,0.0,1.0,0.08215059,0
0.53205776,0.73078215,0.0,1.0,0.12820561,0
0.58439064,0.83544797,0.0,1.0,0.074807614,0
0.0,0.0,0.0,1.0,0.22115098,0
0.0,0.0,0.0,1.0,0.17430377,0
0.0,0.0,0.0,1.0,0.15340509,0
0.58437836,0.8354234,0.0,0.851663,0.06185884,0
0.0,0.0,0.0,1.0,0.13512823,0
0.5321085,0.73088366,0.0,1.0,0.043116983,0
0.0,0.0,0.0,1.0,0.08215059,0
0.53205776,0.73078215,0.0,0.5970164,0.06953007,1
0.58439064,0.83544797,0.0,1.0,0.1558732,0
0.0,0.0,0.0,1.0,0.18179382,0
0.0,0.0,0.0,0.7255823,0.092756756,0
0.0,0.0,0.0,1.0,0.23132564,0
0.58437836,0.8354234,0.0,1.0,0.10391843,0
0.0,0.0,0.0,1.0,0.06030022,0
0.5321085,0.73088366,0.0,0.25395066,0.05746601,2
0.0,0.0,0.0,1.0,0.12820561,0
0.5271504,0.7209674,0.0,0.5970164,0.06953007,1
0.58439064,0.83544797,0.0,1.0,0.20119618,0
0.0,0.0,0.0,0.9213425,0.113193505,0
0.0,0.0,0.0,0.742385,0.07809352,0
0.0,0.0,0.0,1.0,0.28115156,0
0.58437836,0.8354234,0.0,1.0,0.16838267,0
0.0,0.0,0.0,1.0,0.101218395,0
0.5321085,0.73088366,0.0,0.59340966,0.08651998,1
0.0,0.0,0.0,1.0,0.074807614,0
0.5271504,0.7209674,0.0,1.0,0.1558732,0
0.53205776,0.73078215,0.0,1.0,0.20119618,0
0.0,0.0,0.0,1.0,0.2838443,0
0.0,0.0,0.0,1.0,0.24854434,0
0.0,0.0,0.0,1.0,0.080508195,0
0.58437836,0.8354234,0.0,0.56575197,0.08405388,1
0.0,0.0,0.0,1.0,0.20372179,0
0.5321085,0.73088366,0.0,1.0,0.11467671,0
0.0,0.0,0.0,1.0,0.22115098,0
0.5271504,0.7209674,0.0,1.0,0.18179382,0
0.53205776,0.73078215,0.0,0.9213425,0.113193505,0
0.58439064,0.83544797,0.0,1.0,0.2838443,0
0.0,0.0,0.0,1.0,0.1618197,0
0.0,0.0,0.0,1.0,0.36326477,0
0.58437836,0.8354234,0.0,1.0,0.27298972,0
0.0,0.0,0.0,1.0,0.2098577,0
0.5321085,0.73088366,0.0,1.0,0.17884913,0
0.0,0.0,0.0,1.0,0.17430377,0
0.5271504,0.7209674,0.0,0.7255823,0.092756756,0
0.53205776,0.73078215,0.0,0.742385,0.07809352,0
0.58439064,0.83544797,0.0,1.0,0.24854434,0
0.0,0.0,0.0,1.0,0.1618197,0
0.0,0.0,0.0,1.0,0.32379153,0
0.58437836,0.8354234,0.0,1.0,0.19126639,0
0.0,0.0,0.0,1.0,0.06779732,0
0.5321085,0.73088366,0.0,0.943667,0.14194843,0
0.0,0.0,0.0,1.0,0.15340509,0
0.5271504,0.7209674,0.0,1.0,0.23132564,0
0.53205776,0.73078215,0.0,1.0,0.28115156,0
0.58439064,0.83544797,0.0,1.0,0.080508195,0
0.0,0.0,0.0,1.0,0.36326477,0
0.0,0.0,0.0,1.0,0.32379153,0
0.58437836,0.8354234,0.0,1.0,0.14004195,0
0.0,0.0,0.0,1.0,0.27243176,0
0.5321085,0.73088366,0.0,1.0,0.19474271,0
0.0,0.0,0.0,0.851663,0.06185884,0
0.5271504,0.7209674,0.0,1.0,0.10391843,0
0.53205776,0.73078215,0.0,1.0,0.16838267,0
0.58439064,0.83544797,0.0,0.56575197,0.08405388,1
0.0,0.0,0.0,1.0,0.27298972,0
0.0,0.0,0.0,1.0,0.19126639,0
0.0,0.0,0.0,1.0,0.14004195,0
0.0,0.0,0.0,1.0,0.13384561,0
0.5321085,0.73088366,0.0,1.0,0.09647579,0
0.0,0.0,0.0,1.0,0.13512823,0
0.5271504,0.7209674,0.0,1.0,0.06030022,0
0.53205776,0.73078215,0.0,1.0,0.101218395,0
0.58439064,0.83544797,0.0,1.0,0.20372179,0
0.0,0.0,0.0,1.0,0.2098577,0
0.0,0.0,0.0,1.0,0.06779732,0
0.0,0.0,0.0,1.0,0.27243176,0
0.58437836,0.8354234,0.0,1.0,0.13384561,0
0.5321085,0.73088366,0.0,1.0,0.117511205,0
0.0,0.0,0.0,1.0,0.043116983,0
0.5271504,0.7209674,0.0,0.25395066,0.05746601,2
0.53205776,0.73078215,0.0,0.59340966,0.08651998,1
0.58439064,0.83544797,0.0,1.0,0.11467671,0
0.0,0.0,0.0,1.0,0.17884913,0
0.0,0.0,0.0,0.943667,0.14194843,0
0.0,0.0,0.0,1.0,0.19474271,0
0.58437836,0.8354234,0.0,1.0,0.09647579,0
0.0,0.0,0.0,1.0,0.117511205,0
0.5271504,0.7209674,0.0,1.0,0.08215059,0
0.53205776,0.73078215,0.0,1.0,0.12820561,0
0.58439064,0.83544797,0.0,1.0,0.074807614,0
0.0,0.0,0.0,1.0,0.22115098,0
0.0,0.0,0.0,1.0,0.17430377,0
0.0,0.0,0.0,1.0,0.15340509,0
0.58437836,0.8354234,0.0,0.8517778,0.06185884,0
0.0,0.0,0.0,1.0,0.13512823,0
0.5321085,0.73088366,0.0,1.0,0.043116983,0
0.0,0.0,0.0,1.0,0.08215059,0
0.53205776,0.73078215,0.0,0.5963447,0.06953007,1
0.58439064,0.83544797,0.0,1.0,0.1558732,0
0.0,0.0,0.0,1.0,0.18179382,0
0.0,0.0,0.0,0.7246558,0.092756756,0
0.0,0.0,0.0,1.0,0.23132564,0
0.58437836,0.8354234,0.0,1.0,0.10391843,0
0.0,0.0,0.0,1.0,0.06030022,0
0.5321085,0.73088366,0.0,0.25337976,0.05746601,2
0.0,0.0,0.0,1.0,0.12820561,0
0.5271504,0.7209674,0.0,0.5963447,0.06953007,1
0.58439064,0.83544797,0.0,1.0,0.20119618,0
0.0,0.0,0.0,0.9203389,0.113193505,0
0.0,0.0,0.0,0.7416045,0.07809352,0
0.0,0.0,0.0,1.0,0.28115156,0
0.58437836,0.8354234,0.0,1.0,0.16838267,0
0.0,0.0,0.0,1.0,0.101218395,0
0.5321085,0.73088366,0.0,0.5926745,0.08651998,1
0.0,0.0,0.0,1.0,0.074807614,0
0.5271504,0.7209674,0.0,1.0,0.1558732,0
0.53205776,0.73078215,0.0,1.0,0.20119618,0
0.0,0.0,0.0,1.0,0.2838443,0
0.0,0.0,0.0,1.0,0.24854434,0
0.0,0.0,0.0,1.0,0.080508195,0
0.58437836,0.8354234,0.0,0.56499714,0.08405388,1
0.0,0.0,0.0,1.0,0.20372179,0
0.5321085,0.73088366,0.0,1.0,0.11467671,0
0.0,0.0,0.0,1.0,0.22115098,0
0.5271504,0.7209674,0.0,1.0,0.18179382,0
0.53205776,0.73078215,0.0,0.9203389,0.113193505,0
0.58439064,0.83544797,0.0,1.0,0.2838443,0
0.0,0.0,0.0,1.0,0.1618197,0
0.0,0.0,0.0,1.0,0.36326477,0
0.58437836,0.8354234,0.0,1.0,0.27298972,0
0.0,0.0,0.0,1.0,0.2098577,0
0.5321085,0.73088366,0.0,1.0,0.17884913,0
0.0,0.0,0.0,1.0,0.17430377,0
0.5271504,0.7209674,0.0,0.7246558,0.092756756,0
0.53205776,0.73078215,0.0,0.7416045,0.07809352,0
0.58439064,0.83544797,0.0,1.0,0.24854434,0
0.0,0.0,0.0,1.0,0.1618197,0
0.0,0.0,0.0,1.0,0.32379153,0
0.58437836,0.8354234,0.0,1.0,0.19126639,0
0.0,0.0,0.0,1.0,0.06779732,0
0.5321085,0.73088366,0.0,0.9422637,0.14194843,0
0.0,0.0,0.0,1.0,0.15340509,0
0.5271504,0.7209674,0.0,1.0,0.23132564,0
0.53205776,0.73078215,0.0,1.0,0.28115156,0
0.58439064,0.83544797,0.0,1.0,0.080508195,0
0.0,0.0,0.0,1.0,0.36326477,0
0.0,0.0,0.0,1.0,0.32379153,0
0.58437836,0.8354234,0.0,1.0,0.14004195,0
0.0,0.0,0.0,1.0,0.27243176,0
0.5321085,0.73088366,0.0,1.0,0.19474271,0
0.0,0.0,0.0,0.8517778,0.06185884,0
0.5271504,0.7209674,0.0,1.0,0.10391843,0
0.53205776,0.73078215,0.0,1.0,0.16838267,0
0.58439064,0.83544797,0.0,0.56499714,0.08405388,1
0.0,0.0,0.0,1.0,0.27298972,0
0.0,0.0,0.0,1.0,0.19126639,0
0.0,0.0,0.0,1.0,0.14004195,0
0.0,0.0,0.0,1.0,0.13384561,0
0.5321085,0.73088366,0.0,1.0,0.09647579,0
0.0,0.0,0.0,1.0,0.13512823,0
0.5271504,0.7209674,0.0,1.0,0.06030022,0
0.53205776,0.73078215,0.0,1.0,0.101218395,0
0.58439064,0.83544797,0.0,1.0,0.20372179,0
0.0,0.0,0.0,1.0,0.2098577,0
0.0,0.0,0.0,1.0,0.06779732,0
0.0,0.0,0.0,1.0,0.27243176,0
0.58437836,0.8354234,0.0,1.0,0.13384561,0
0.5321085,0.73088366,0.0,1.0,0.117511205,0
0.0,0.0,0.0,1.0,0.043116983,0
0.5271504,0.7209674,0.0,0.25337976,0.05746601,2
0.53205776,0.73078215,0.0,0.5926745,0.08651998,1
0.58439064,0.83544797,0.0,1.0,0.11467671,0
0.0,0.0,0.0,1.0,0.17884913,0
0.0,0.0,0.0,0.9422637,0.14194843,0
0.0,0.0,0.0,1.0,0.19474271,0
0.58437836,0.8354234,0.0,1.0,0.09647579,0
0.0,0.0,0.0,1.0,0.117511205,0
0.5382142,0.7430951,0.0,1.0,0.08215059,0
0.54445416,0.755575,0.0,1.0,0.12820561,0
0.58439064,0.83544797,0.0,1.0,0.074807614,0
0.0,0.0,0.0,1.0,0.22115098,0
0.0,0.0,0.0,1.0,0.17430377,0
0.0,0.0,0.0,1.0,0.15340509,0
0.58437836,0.8354234,0.0,0.85189307,0.06185884,0
0.0,0.0,0.0,1.0,0.13512823,0
0.5444944,0.75565547,0.0,1.0,0.043116983,0
0.0,0.0,0.0,1.0,0.08215059,0
0.54445416,0.755575,0.0,0.59567314,0.06953007,1
0.58439064,0.83544797,0.0,1.0,0.1558732,0
0.0,0.0,0.0,1.0,0.18179382,0
0.0,0.0,0.0,0.7237294,0.092756756,0
0.0,0.0,0.0,1.0,0.23132564,0
0.58437836,0.8354234,0.0,1.0,0.10391843,0
0.0,0.0,0.0,1.0,0.06030022,0
0.5444944,0.75565547,0.0,0.25280884,0.05746601,2
0.0,0.0,0.0,1.0,0.12820561,0
0.5382142,0.7430951,0.0,0.59567314,0.06953007,1
0.58439064,0.83544797,0.0,1.0,0.20119618,0
0.0,0.0,0.0,0.91933566,0.113193505,0
0.0,0.0,0.0,0.740824,0.07809352,0
0.0,0.0,0.0,1.0,0.28115156,0
0.58437836,0.8354234,0.0,1.0,0.16838267,0
0.0,0.0,0.0,1.0,0.101218395,0
0.5444944,0.75565547,0.0,0.5919396,0.08651998,1
0.0,0.0,0.0,1.0,0.074807614,0
0.5382142,0.7430951,0.0,1.0,0.1558732,0
0.54445416,0.755575,0.0,1.0,0.20119618,0
0.0,0.0,0.0,1.0,0.2838443,0
0.0,0.0,0.0,1.0,0.24854434,0
0.0,0.0,0.0,1.0,0.080508195,0
0.58437836,0.8354234,0.0,0.56424254,0.08405388,1
0.0,0.0,0.0,1.0,0.20372179,0
0.5444944,0.75565547,0.0,1.0,0.11467671,0
0.0,0.0,0.0,1.0,0.22115098,0
0.5382142,0.7430951,0.0,1.0,0.18179382,0
0.54445416,0.755575,0.0,0.91933566,0.113193505,0
0.58439064,0.83544797,0.0,1.0,0.2838443,0
0.0,0.0,0.0,1.0,0.1618197,0
0.0,0.0,0.0,1.0,0.36326477,0
0.58437836,0.8354234,0.0,1.0,0.27298972,0
0.0,0.0,0.0,1.0,0.2098577,0
0.5444944,0.75565547,0.0,1.0,0.17884913,0
0.0,0.0,0.0,1.0,0.17430377,0
0.5382142,0.7430951,0.0,0.7237294,0.092756756,0
0.54445416,0.755575,0.0,0.740824,0.07809352,0
0.58439064,0.83544797,0.0,1.0,0.24854434,0
0.0,0.0,0.0,1.0,0.1618197,0
0.0,0.0,0.0,1.0,0.32379153,0
0.58437836,0.8354234,0.0,1.0,0.19126639,0
0.0,0.0,0.0,1.0,0.06779732,0
0.5444944,0.75565547,0.0,0.9408605,0.14194843,0
0.0,0.0,0.0,1.0,0.15340509,0
0.5382142,0.7430951,0.0,1.0,0.23132564,0
0.54445416,0.755575,0.0,1.0,0.28115156,0
0.58439064,0.83544797,0.0,1.0,0.080508195,0
0.0,0.0,0.0,1.0,0.36326477,0
0.0,0.0,0.0,1.0,0.32379153,0
0.58437836,0.8354234,0.0,1.0,0.14004195,0
0.0,0.0,0.0,1.0,0.27243176,0
0.5444944,0.75565547,0.0,1.0,0.19474271,0
0.0,0.0,0.0,0.85189307,0.06185884,0
0.5382142,0.7430951,0.0,1.0,0.10391843,0
0.54445416,0.755575,0.0,1.0,0.16838267,0
0.58439064,0.83544797,0.0,0.56424254,0.08405388,1
0.0,0.0,0.0,1.0,0.27298972,0
0.0,0.0,0.0,1.0,0.19126639,0
0.0,0.0,0.0,1.0,0.14004195,0
0.0,0.0,0.0,1.0,0.13384561,0
0.5444944,0.75565547,0.0,1.0,0.09647579,0
0.0,0.0,0.0,1.0,0.13512823,0
0.5382142,0.7430951,0.0,1.0,0.06030022,0
0.54445416,0.755575,0.0,1.0,0.101218395,0
0.58439064,0.83544797,0.0,1.0,0.20372179,0
0.0,0.0,0.0,1.0,0.2098577,0
0.0,0.0,0.0,1.0,0.06779732,0
0.0,0.0,0.0,1.0,0.27243176,0
0.58437836,0.8354234,0.0,1.0,0.13384561,0
0.5444944,0.75565547,0.0,1.0,0.117511205,0
0.0,0.0,0.0,1.0,0.043116983,0
0.5382142,0.7430951,0.0,0.25280884,0.05746601,2
0.54445416,0.755575,0.0,0.5919396,0.08651998,1
0.58439064,0.83544797,0.0,1.0,0.11467671,0
0.0,0.0,0.0,1.0,0.17884913,0
0.0,0.0,0.0,0.9408605,0.14194843,0
0.0,0.0,0.0,1.0,0.19474271,0
0.58437836,0.8354234,0.0,1.0,0.09647579,0
0.0,0.0,0.0,1.0,0.117511205,0
0.5382142,0.7430951,0.0,1.0,0.08215059,0
0.54445416,0.755575,0.0,1.0,0.12820561,0
0.58439064,0.83544797,0.0,1.0,0.074807614,0
0.0,0.0,0.0,1.0,0.22115098,0
0.0,0.0,0.0,1.0,0.17430377,0
0.0,0.0,0.0,1.0,0.15340509,0
0.58437836,0.8354234,0.0,0.8520087,0.06185884,0
0.0,0.0,0.0,1.0,0.13512823,0
0.5444944,0.75565547,0.0,1.0,0.043116983,0
0.0,0.0,0.0,1.0,0.08215059,0
0.54445416,0.755575,0.0,0.5950016,0.06953007,1
0.58439064,0.83544797,0.0,1.0,0.1558732,0
0.0,0.0,0.0,1.0,0.18179382,0
0.0,0.0,0.0,0.72280294,0.092756756,0
0.0,0.0,0.0,1.0,0.23132564,0
0.58437836,0.8354234,0.0,1.0,0.10391843,0
0.0,0.0,0.0,1.0,0.06030022,0
0.5444944,0.75565547,0.0,0.25223798,0.05746601,2
0.0,0.0,0.0,1.0,0.12820561,0
0.5382142,0.7430951,0.0,0.5950016,0.06953007,1
0.58439064,0.83544797,0.0,1.0,0.20119618,0
0.0,0.0,0.0,0.9183327,0.113193505,0
0.0,0.0,0.0,0.74004346,0.07809352,0
0.0,0.0,0.0,1.0,0.28115156,0
0.58437836,0.8354234,0.0,1.0,0.16838267,0
0.0,0.0,0.0,1.0,0.101218395,0
0.5444944,0.75565547,0.0,0.5912052,0.08651998,1
0.0,0.0,0.0,1.0,0.074807614,0
0.5382142,0.7430951,0.0,1.0,0.1558732,0
0.54445416,0.755575,0.0,1.0,0.20119618,0
0.0,0.0,0.0,1.0,0.2838443,0
0.0,0.0,0.0,1.0,0.24854434,0
0.0,0.0,0.0,1.0,0.080508195,0
0.58437836,0.8354234,0.0,0.56348825,0.08405388,1
0.0,0.0,0.0,1.0,0.20372179,0
0.5444944,0.75565547,0.0,1.0,0.11467671,0
0.0,0.0,0.0,1.0,0.22115098,0
0.5382142,0.7430951,0.0,1.0,0.18179382,0
0.54445416,0.755575,0.0,0.9183327,0.113193505,0
0.58439064,0.83544797,0.0,1.0,0.2838443,0
0.0,0.0,0.0,1.0,0.1618197,0
0.0,0.0,0.0,1.0,0.36326477,0
0.58437836,0.8354234,0.0,1.0,0.27298972,0
0.0,0.0,0.0,1.0,0.2098577,0
0.5444944,0.75565547,0.0,1.0,0.17884913,0
0.0,0.0,0.0,1.0,0.17430377,0
0.5382142,0.7430951,0.0,0.72280294,0.092756756,0
0.54445416,0.755575,0.0,0.74004346,0.07809352,0
0.58439064,0.83544797,0.0,1.0,0.24854434,0
0.0,0.0,0.0,1.0,0.1618197,0
0.0,0.0,0.0,1.0,0.32379153,0
0.58437836,0.8354234,0.0,1.0,0.19126639,0
0.0,0.0,0.0,1.0,0.06779732,0
0.5444944,0.75565547,0.0,0.93945736,0.14194843,0
0.0,0.0,0.0,1.0,0.15340509,0
0.5382142,0.7430951,0.0,1.0,0.23132564,0
0.54445416,0.755575,0.0,1.0,0.28115156,0
0.58439064,0.83544797,0.0,1.0,0.080508195,0
0.0,0.0,0.0,1.0,0.36326477,0
0.0,0.0,0.0,1.0,0.32379153,0
0.58437836,0.8354234,0.0,1.0,0.14004195,0
0.0,0.0,0.0,1.0,0.27243176,0
0.5444944,0.75565547,0.0,1.0,0.19474271,0
0.0,0.0,0.0,0.8520087,0.06185884,0
0.5382142,0.7430951,0.0,1.0,0.10391843,0
0.54445416,0.755575,0.0,1.0,0.16838267,0
0.58439064,0.83544797,0.0,0.56348825,0.08405388,1
0.0,0.0,0.0,1.0,0.27298972,0
0.0,0.0,0.0,1.0,0.19126639,0
0.0,0.0,0.0,1.0,0.14004195,0
0.0,0.0,0.0,1.0,0.13384561,0
0.5444944,0.75565547,0.0,1.0,0.09647579,0
0.0,0.0,0.0,1.0,0.13512823,0
0.5382142,0.7430951,0.0,1.0,0.06030022,0
0.54445416,0.755575,0.0,1.0,0.101218395,0
0.58439064,0.83544797,0.0,1.0,0.20372179,0
0.0,0.0,0.0,1.0,0.2098577,0
0.0,0.0,0.0,1.0,0.06779732,0
0.0,0.0,0.0,1.0,0.27243176,0
0.58437836,0.8354234,0.0,1.0,0.13384561,0
0.5444944,0.75565547,0.0,1.0,0.117511205,0
0.0,0.0,0.0,1.0,0.043116983,0
0.5382142,0.7430951,0.0,0.25223798,0.05746601,2
0.54445416,0.755575,0.0,0.5912052,0.08651998,1
0.58439064,0.83544797,0.0,1.0,0.11467671,0
0.0,0.0,0.0,1.0,0.17884913,0
0.0,0.0,0.0,0.93945736,0.14194843,0
0.0,0.0,0.0,1.0,0.19474271,0
0.58437836,0.8354234,0.0,1.0,0.09647579,0
0.0,0.0,0.0,1.0,0.117511205,0
0.5382142,0.7430951,0.0,1.0,0.08215059,0
0.54445416,0.755575,0.0,1.0,0.12820561,0
0.5997192,0.8661051,0.0,1.0,0.074807614,0
0.0,0.0,0.0,1.0,0.22115098,0
0.0,0.0,0.0,1.0,0.17430377,0
0.0,0.0,0.0,1.0,0.15340509,0
0.5996594,0.86598545,0.0,0.8521248,0.06185884,0
0.0,0.0,0.0,1.0,0.13512823,0
0.5444944,0.75565547,0.0,1.0,0.043116983,0
0.0,0.0,0.0,1.0,0.08215059,0
0.54445416,0.755575,0.0,0.5943301,0.06953007,1
0.5997192,0.8661051,0.0,1.0,0.1558732,0
0.0,0.0,0.0,1.0,0.18179382,0
0.0,0.0,0.0,0.7218765,0.092756756,0
0.0,0.0,0.0,1.0,0.23132564,0
0.5996594,0.86598545,0.0,1.0,0.10391843,0
0.0,0.0,0.0,1.0,0.06030022,0
0.5444944,0.75565547,0.0,0.2516671,0.05746601,2
0.0,0.0,0.0,1.0,0.12820561,0
0.5382142,0.7430951,0.0,0.5943301,0.06953007,1
0.5997192,0.8661051,0.0,1.0,0.20119618,0
0.0,0.0,0.0,0.91733,0.113193505,0
0.0,0.0,0.0,0.739263,0.07809352,0
0.0,0.0,0.0,1.0,0.28115156,0
0.5996594,0.86598545,0.0,1.0,0.16838267,0
0.0,0.0,0.0,1.0,0.101218395,0
0.5444944,0.75565547,0.0,0.590471,0.08651998,1
0.0,0.0,0.0,1.0,0.074807614,0
0.5382142,0.7430951,0.0,1.0,0.1558732,0
0.54445416,0.755575,0.0,1.0,0.20119618,0
0.0,0.0,0.0,1.0,0.2838443,0
0.0,0.0,0.0,1.0,0.24854434,0
0.0,0.0,0.0,1.0,0.080508195,0
0.5996594,0.86598545,0.0,0.5627341,0.08405388,1
0.0,0.0,0.0,1.0,0.20372179,0
0.5444944,0.75565547,0.0,1.0,0.11467671,0
0.0,0.0,0.0,1.0,0.22115098,0
0.5382142,0.7430951,0.0,1.0,0.18179382,0
0.54445416,0.755575,0.0,0.91733,0.113193505,0
0.5997192,0.8661051,0.0,1.0,0.2838443,0
0.0,0.0,0.0,1.0,0.1618197,0
0.0,0.0,0.0,1.0,0.36326477,0
0.5996594,0.86598545,0.0,1.0,0.27298972,0
0.0,0.0,0.0,1.0,0.2098577,0
0.5444944,0.75565547,0.0,1.0,0.17884913,0
0.0,0.0,0.0,1.0,0.17430377,0
0.5382142,0.7430951,0.0,0.7218765,0.092756756,0
0.54445416,0.755575,0.0,0.739263,0.07809352,0
0.5997192,0.8661051,0.0,1.0,0.24854434,0
0.0,0.0,0.0,1.0,0.1618197,0
0.0,0.0,0.0,1.0,0.32379153,0
0.5996594,0.86598545,0.0,1.0,0.19126639,0
0.0,0.0,0.0,1.0,0.06779732,0
0.5444944,0.75565547,0.0,0.93805426,0.14194843,0
0.0,0.0,0.0,1.0,0.15340509,0
0.5382142,0.7430951,0.0,1.0,0.23132564,0
0.54445416,0.755575,0.0,1.0,0.28115156,0
0.5997192,0.8661051,0.0,1.0,0.080508195,0
0.0,0.0,0.0,1.0,0.36326477,0
0.0,0.0,0.0,1.0,0.32379153,0
0.5996594,0.86598545,0.0,1.0,0.14004195,0
0.0,0.0,0.0,1.0,0.27243176,0
0.5444944,0.75565547,0.0,1.0,0.19474271,0
0.0,0.0,0.0,0.8521248,0.06185884,0
0.5382142,0.7430951,0.0,1.0,0.10391843,0
0.54445416,0.755575,0.0,1.0,0.16838267,0
0.5997192,0.8661051,0.0,0.5627341,0.08405388,1
0.0,0.0,0.0,1.0,0.27298972,0
0.0,0.0,0.0,1.0,0.19126639,0
0.0,0.0,0.0,1.0,0.14004195,0
0.0,0.0,0.0,1.0,0.13384561,0
0.5444944,0.75565547,0.0,1.0,0.09647579,0
0.0,0.0,0.0,1.0,0.13512823,0
0.5382142,0.7430951,0.0,1.0,0.06030022,0
0.54445416,0.755575,0.0,1.0,0.101218395,0
0.5997192,0.8661051,0.0,1.0,0.20372179,0
0.0,0.0,0.0,1.0,0.2098577,0
0.0,0.0,0.0,1.0,0.06779732,0
0.0,0.0,0.0,1.0,0.27243176,0
0.5996594,0.86598545,0.0,1.0,0.13384561,0
0.5444944,0.75565547,0.0,1.0,0.117511205,0
0.0,0.0,0.0,1.0,0.043116983,0
0.5382142,0.7430951,0.0,0.2516671,0.05746601,2
0.54445416,0.755575,0.0,0.590471,0.08651998,1
0.5997192,0.8661051,0.0,1.0,0.11467671,0
0.0,0.0,0.0,1.0,0.17884913,0
0.0,0.0,0.0,0.93805426,0.14194843,0
0.0,0.0,0.0,1.0,0.19474271,0
0.5996594,0.86598545,0.0,1.0,0.09647579,0
0.0,0.0,0.0,1.0,0.117511205,0
0.5382142,0.7430951,0.0,1.0,0.08215059,0
0.54445416,0.755575,0.0,1.0,0.12820561,0
0.5997192,0.8661051,0.0,1.0,0.074807614,0
0.0,0.0,0.0,1.0,0.22115098,0
0.0,0.0,0.0,1.0,0.17430377,0
0.0,0.0,0.0,1.0,0.15340509,0
0.5996594,0.86598545,0.0,0.85224134,0.06185884,0
0.0,0.0,0.0,1.0,0.13512823,0
0.5444944,0.75565547,0.0,1.0,0.043116983,0
0.0,0.0,0.0,1.0,0.08215059,0
0.54445416,0.755575,0.0,0.5936586,0.06953007,1
0.5997192,0.8661051,0.0,1.0,0.1558732,0
0.0,0.0,0.0,1.0,0.18179382,0
0.0,0.0,0.0,0.72095007,0.092756756,0
0.0,0.0,0.0,1.0,0.23132564,0
0.5996594,0.86598545,0.0,1.0,0.10391843,0
0.0,0.0,0.0,1.0,0.06030022,0
0.5444944,0.75565547,0.0,0.25109625,0.05746601,2
0.0,0.0,0.0,1.0,0.12820561,0
0.5382142,0.7430951,0.0,0.5936586,0.06953007,1
0.5997192,0.8661051,0.0,1.0,0.20119618,0
0.0,0.0,0.0,0.91632766,0.113193505,0
0.0,0.0,0.0,0.7384825,0.07809352,0
0.0,0.0,0.0,1.0,0.28115156,0
0.5996594,0.86598545,0.0,1.0,0.16838267,0
0.0,0.0,0.0,1.0,0.101218395,0
0.5444944,0.75565547,0.0,0.58973724,0.08651998,1
0.0,0.0,0.0,1.0,0.074807614,0
0.5382142,0.7430951,0.0,1.0,0.1558732,0
0.54445416,0.755575,0.0,1.0,0.20119618,0
0.0,0.0,0.0,1.0,0.2838443,0
0.0,0.0,0.0,1.0,0.24854434,0
0.0,0.0,0.0,1.0,0.080508195,0
0.5996594,0.86598545,0.0,0.5619803,0.08405388,1
0.0,0.0,0.0,1.0,0.20372179,0
0.5444944,0.75565547,0.0,1.0,0.11467671,0
0.0,0.0,0.0,1.0,0.22115098,0
0.5382142,0.7430951,0.0,1.0,0.18179382,0
0.54445416,0.755575,0.0,0.91632766,0.113193505,0
0.5997192,0.8661051,0.0,1.0,0.2838443,0
0.0,0.0,0.0,1.0,0.1618197,0
0.0,0.0,0.0,1.0,0.36326477,0
0.5996594,0.86598545,0.0,1.0,0.27298972,0
0.0,0.0,0.0,1.0,0.2098577,0
0.5444944,0.75565547,0.0,1.0,0.17884913,0
0.0,0.0,0.0,1.0,0.17430377,0
0.5382142,0.7430951,0.0,0.72095007,0.092756756,0
0.54445416,0.755575,0.0,0.7384825,0.07809352,0
0.5997192,0.8661051,0.0,1.0,0.24854434,0
0.0,0.0,0.0,1.0,0.1618197,0
0.0,0.0,0.0,1.0,0.32379153,0
0.5996594,0.86598545,0.0,1.0,0.19126639,0
0.0,0.0,0.0,1.0,0.06779732,0
0.5444944,0.75565547,0.0,0.93665123,0.14194843,0
0.0,0.0,0.0,1.0,0.15340509,0
0.5382142,0.7430951,0.0,1.0,0.23132564,0
0.54445416,0.755575,0.0,1.0,0.28115156,0
0.5997192,0.8661051,0.0,1.0,0.080508195,0
0.0,0.0,0.0,1.0,0.36326477,0
0.0,0.0,0.0,1.0,0.32379153,0
0.5996594,0.86598545,0.0,1.0,0.14004195,0
0.0,0.0,0.0,1.0,0.27243176,0
0.5444944,0.75565547,0.0,1.0,0.19474271,0
0.0,0.0,0.0,0.85224134,0.06185884,0
0.5382142,0.7430951,0.0,1.0,0.10391843,0
0.54445416,0.755575,0.0,1.0,0.16838267,0
0.5997192,0.8661051,0.0,0.5619803,0.08405388,1
0.0,0.0,0.0,1.0,0.27298972,0
0.0,0.0,0.0,1.0,0.19126639,0
0.0,0.0,0.0,1.0,0.14004195,0
0.0,0.0,0.0,1.0,0.13384561,0
0.5444944,0.75565547,0.0,1.0,0.09647579,0
0.0,0.0,0.0,1.0,0.13512823,0
0.5382142,0.7430951,0.0,1.0,0.06030022,0
0.54445416,0.755575,0.0,1.0,0.101218395,0
0.5997192,0.8661051,0.0,1.0,0.20372179,0
0.0,0.0,0.0,1.0,0.2098577,0
0.0,0.0,0.0,1.0,0.06779732,0
0.0,0.0,0.0,1.0,0.27243176,0
0.5996594,0.86598545,0.0,1.0,0.13384561,0
0.5444944,0.75565547,0.0,1.0,0.117511205,0
0.0,0.0,0.0,1.0,0.043116983,0
0.5382142,0.7430951,0.0,0.25109625,0.05746601,2
0.54445416,0.755575,0.0,0.58973724,0.08651998,1
0.5997192,0.8661051,0.0,1.0,0.11467671,0
0.0,0.0,0.0,1.0,0.17884913,0
0.0,0.0,0.0,0.93665123,0.14194843,0
0.0,0.0,0.0,1.0,0.19474271,0
0.5996594,0.86598545,0.0,1.0,0.09647579,0
0.0,0.0,0.0,1.0,0.117511205,0
0.5382142,0.7430951,0.0,1.0,0.08215059,0
0.54445416,0.755575,0.0,1.0,0.12820561,0
0.5997192,0.8661051,0.0,1.0,0.074807614,0
0.0,0.0,0.0,1.0,0.22115098,0
0.0,0.0,0.0,1.0,0.17430377,0
0.0,0.0,0.0,1.0,0.15340509,0
0.5996594,0.86598545,0.0,0.8523583,0.06185884,0
0.0,0.0,0.0,1.0,0.13512823,0
0.5444944,0.75565547,0.0,1.0,0.043116983,0
0.0,0.0,0.0,1.0,0.08215059,0
0.54445416,0.755575,0.0,0.59298724,0.06953007,1
0.5997192,0.8661051,0.0,1.0,0.1558732,0
0.0,0.0,0.0,1.0,0.18179382,0
0.0,0.0,0.0,0.72002363,0.092756756,0
0.0,0.0,0.0,1.0,0.23132564,0
0.5996594,0.86598545,0.0,1.0,0.10391843,0
0.0,0.0,0.0,1.0,0.06030022,0
0.5444944,0.75565547,0.0,0.25052544,0.05746601,2
0.0,0.0,0.0,1.0,0.12820561,0
0.5382142,0.7430951,0.0,0.59298724,0.06953007,1
0.5997192,0.8661051,0.0,1.0,0.20119618,0
0.0,0.0,0.0,0.9153256,0.113193505,0
0.0,0.0,0.0,0.737702,0.07809352,0
0.0,0.0,0.0,1.0,0.28115156,0
0.5996594,0.86598545,0.0,1.0,0.16838267,0
0.0,0.0,0.0,1.0,0.101218395,0
0.5444944,0.75565547,0.0,0.5890038,0.08651998,1
0.0,0.0,0.0,1.0,0.074807614,0
0.5382142,0.7430951,0.0,1.0,0.1558732,0
0.54445416,0.755575,0.0,1.0,0.20119618,0
0.0,0.0,0.0,1.0,0.2838443,0
0.0,0.0,0.0,1.0,0.24854434,0
0.0,0.0,0.0,1.0,0.080508195,0
0.5996594,0.86598545,0.0,0.5612267,0.08405388,1
0.0,0.0,0.0,1.0,0.20372179,0
0.5444944,0.75565547,0.0,1.0,0.11467671,0
0.0,0.0,0.0,1.0,0.22115098,0
0.5382142,0.7430951,0.0,1.0,0.18179382,0
0.54445416,0.755575,0.0,0.9153256,0.113193505,0
0.5997192,0.8661051,0.0,1.0,0.2838443,0
0.0,0.0,0.0,1.0,0.1618197,0
0.0,0.0,0.0,1.0,0.36326477,0
0.5996594,0.86598545,0.0,1.0,0.27298972,0
0.0,0.0,0.0,1.0,0.2098577,0
0.5444944,0.75565547,0.0,1.0,0.17884913,0
0.0,0.0,0.0,1.0,0.17430377,0
0.5382142,0.7430951,0.0,0.72002363,0.092756756,0
0.54445416,0.755575,0.0,0.737702,0.07809352,0
0.5997192,0.8661051,0.0,1.0,0.24854434,0
0.0,0.0,0.0,1.0,0.1618197,0
0.0,0.0,0.0,1.0,0.32379153,0
0.5996594,0.86598545,0.0,1.0,0.19126639,0
0.0,0.0,0.0,1.0,0.06779732,0
0.5444944,0.75565547,0.0,0.9352482,0.14194843,0
0.0,0.0,0.0,1.0,0.15340509,0
0.5382142,0.7430951,0.0,1.0,0.23132564,0
0.54445416,0.755575,0.0,1.0,0.28115156,0
0.5997192,0.8661051,0.0,1.0,0.080508195,0
0.0,0.0,0.0,1.0,0.36326477,0
0.0,0.0,0.0,1.0,0.32379153,0
0.5996594,0.86598545,0.0,1.0,0.14004195,0
0.0,0.0,0.0,1.0,0.27243176,0
0.5444944,0.75565547,0.0,1.0,0.19474271,0
0.0,0.0,0.0,0.8523583,0.06185884,0
0.5382142,0.7430951,0.0,1.0,0.10391843,0
0.54445416,0.755575,0.0,1.0,0.16838267,0
0.5997192,0.8661051,0.0,0.5612267,0.08405388,1
0.0,0.0,0.0,1.0,0.27298972,0
0.0,0.0,0.0,1.0,0.19126639,0
0.0,0.0,0.0,1.0,0.14004195,0
0.0,0.0,0.0,1.0,0.13384561,0
0.5444944,0.75565547,0.0,1.0,0.09647579,0
0.0,0.0,0.0,1.0,0.13512823,0
0.5382142,0.7430951,0.0,1.0,0.06030022,0
0.54445416,0.755575,0.0,1.0,0.101218395,0
0.5997192,0.8661051,0.0,1.0,0.20372179,0
0.0,0.0,0.0,1.0,0.2098577,0
0.0,0.0,0.0,1.0,0.06779732,0
0.0,0.0,0.0,1.0,0.27243176,0
0.5996594,0.86598545,0.0,1.0,0.13384561,0
0.5444944,0.75565547,0.0,1.0,0.117511205,0
0.0,0.0,0.0,1.0,0.043116983,0
0.5382142,0.7430951,0.0,0.25052544,0.05746601,2
0.54445416,0.755575,0.0,0.5890038,0.08651998,1
0.5997192,0.8661051,0.0,1.0,0.11467671,0
0.0,0.0,0.0,1.0,0.17884913,0
0.0,0.0,0.0,0.9352482,0.14194843,0
0.0,0.0,0.0,1.0,0.19474271,0
0.5996594,0.86598545,0.0,1.0,0.09647579,0
0.0,0.0,0.0,1.0,0.117511205,0
0.5382142,0.7430951,0.0,1.0,0.08215059,0
0.54445416,0.755575,0.0,1.0,0.12820561,0
0.5997192,0.8661051,0.0,1.0,0.074807614,0
0.0,0.0,0.0,1.0,0.22115098,0
0.0,0.0,0.0,1.0,0.17430377,0
0.0,0.0,0.0,1.0,0.15340509,0
0.5996594,0.86598545,0.0,0.8524757,0.06185884,0
0.0,0.0,0.0,1.0,0.13512823,0
0.5444944,0.75565547,0.0,1.0,0.043116983,0
0.0,0.0,0.0,1.0,0.08215059,0
0.54445416,0.755575,0.0,0.5923159,0.06953007,1
0.5997192,0.8661051,0.0,1.0,0.1558732,0
0.0,0.0,0.0,1.0,0.18179382,0
0.0,0.0,0.0,0.7190972,0.092756756,0
0.0,0.0,0.0,1.0,0.23132564,0
0.5996594,0.86598545,0.0,1.0,0.10391843,0
0.0,0.0,0.0,1.0,0.06030022,0
0.5444944,0.75565547,0.0,0.24995463,0.05746601,2
0.0,0.0,0.0,1.0,0.12820561,0
0.5382142,0.7430951,0.0,0.5923159,0.06953007,1
0.5997192,0.8661051,0.0,1.0,0.20119618,0
0.0,0.0,0.0,0.91432387,0.113193505,0
0.0,0.0,0.0,0.7369215,0.07809352,0
0.0,0.0,0.0,1.0,0.28115156,0
0.5996594,0.86598545,0.0,1.0,0.16838267,0
0.0,0.0,0.0,1.0,0.101218395,0
0.5444944,0.75565547,0.0,0.5882708,0.08651998,1
0.0,0.0,0.0,1.0,0.074807614,0
0.5382142,0.7430951,0.0,1.0,0.1558732,0
0.54445416,0.755575,0.0,1.0,0.20119618,0
0.0,0.0,0.0,1.0,0.2838443,0
0.0,0.0,0.0,1.0,0.24854434,0
0.0,0.0,0.0,1.0,0.080508195,0
0.5996594,0.86598545,0.0,0.5604734,0.08405388,1
0.0,0.0,0.0,1.0,0.20372179,0
0.5444944,0.75565547,0.0,1.0,0.11467671,0
0.0,0.0,0.0,1.0,0.22115098,0
0.5382142,0.7430951,0.0,1.0,0.18179382,0
0.54445416,0.755575,0.0,0.91432387,0.113193505,0
0.5997192,0.8661051,0.0,1.0,0.2838443,0
0.0,0.0,0.0,1.0,0.1618197,0
0.0,0.0,0.0,1.0,0.36326477,0
0.5996594,0.86598545,0.0,1.0,0.27298972,0
0.0,0.0,0.0,1.0,0.2098577,0
0.5444944,0.75565547,0.0,1.0,0.17884913,0
0.0,0.0,0.0,1.0,0.17430377,0
0.5382142,0.7430951,0.0,0.7190972,0.092756756,0
0.54445416,0.755575,0.0,0.7369215,0.07809352,0
0.5997192,0.8661051,0.0,1.0,0.24854434,0
0.0,0.0,0.0,1.0,0.1618197,0
0.0,0.0,0.0,1.0,0.32379153,0
0.5996594,0.86598545,0.0,1.0,0.19126639,0
0.0,0.0,0.0,1.0,0.06779732,0
0.5444944,0.75565547,0.0,0.9338452,0.14194843,0
0.0,0.0,0.0,1.0,0.15340509,0
0.5382142,0.7430951,0.0,1.0,0.23132564,0
0.54445416,0.755575,0.0,1.0,0.28115156,0
0.5997192,0.8661051,0.0,1.0,0.080508195,0
0.0,0.0,0.0,1.0,0.36326477,0
0.0,0.0,0.0,1.0,0.32379153,0
0.5996594,0.86598545,0.0,1.0,0.14004195,0
0.0,0.0,0.0,1.0,0.27243176,0
0.5444944,0.75565547,0.0,1.0,0.19474271,0
0.0,0.0,0.0,0.8524757,0.06185884,0
0.5382142,0.7430951,0.0,1.0,0.10391843,0
0.54445416,0.755575,0.0,1.0,0.16838267,0
0.5997192,0.8661051,0.0,0.5604734,0.08405388,1
0.0,0.0,0.0,1.0,0.27298972,0
0.0,0.0,0.0,1.0,0.19126639,0
0.0,0.0,0.0,1.0,0.14004195,0
0.0,0.0,0.0,1.0,0.13384561,0
0.5444944,0.75565547,0.0,1.0,0.09647579,0
0.0,0.0,0.0,1.0,0.13512823,0
0.5382142,0.7430951,0.0,1.0,0.06030022,0
0.54445416,0.755575,0.0,1.0,0.101218395,0
0.5997192,0.8661051,0.0,1.0,0.20372179,0
0.0,0.0,0.0,1.0,0.2098577,0
0.0,0.0,0.0,1.0,0.06779732,0
0.0,0.0,0.0,1.0,0.27243176,0
0.5996594,0.86598545,0.0,1.0,0.13384561,0
0.5444944,0.75565547,0.0,1.0,0.117511205,0
0.0,0.0,0.0,1.0,0.043116983,0
0.5382142,0.7430951,0.0,0.24995463,0.05746601,2
0.54445416,0.755575,0.0,0.5882708,0.08651998,1
0.5997192,0.8661051,0.0,1.0,0.11467671,0
0.0,0.0,0.0,1.0,0.17884913,0
0.0,0.0,0.0,0.9338452,0.14194843,0
0.0,0.0,0.0,1.0,0.19474271,0
0.5996594,0.86598545,0.0,1.0,0.09647579,0
0.0,0.0,0.0,1.0,0.117511205,0
0.5382142,0.7430951,0.0,1.0,0.08215059,0
0.54445416,0.755575,0.0,1.0,0.12820561,0
0.5997192,0.8661051,0.0,1.0,0.074807614,0
0.0,0.0,0.0,1.0,0.22115098,0
0.0,0.0,0.0,1.0,0.17430377,0
0.0,0.0,0.0,1.0,0.15340509,0
0.5996594,0.86598545,0.0,0.85259354,0.06185884,0
0.0,0.0,0.0,1.0,0.13512823,0
0.5444944,0.75565547,0.0,1.0,0.043116983,0
0.0,0.0,0.0,1.0,0.08215059,0
0.54445416,0.755575,0.0,0.59164464,0.06953007,1
0.5997192,0.8661051,0.0,1.0,0.1558732,0
0.0,0.0,0.0,1.0,0.18179382,0
0.0,0.0,0.0,0.71817076,0.092756756,0
0.0,0.0,0.0,1.0,0.23132564,0
0.5996594,0.86598545,0.0,1.0,0.10391843,0
0.0,0.0,0.0,1.0,0.06030022,0
0.5444944,0.75565547,0.0,0.24938382,0.05746601,2
0.0,0.0,0.0,1.0,0.12820561,0
0.5382142,0.7430951,0.0,0.59164464,0.06953007,1
0.5997192,0.8661051,0.0,1.0,0.20119618,0
0.0,0.0,0.0,0.9133224,0.113193505,0
0.0,0.0,0.0,0.73614097,0.07809352,0
0.0,0.0,0.0,1.0,0.28115156,0
0.5996594,0.86598545,0.0,1.0,0.16838267,0
0.0,0.0,0.0,1.0,0.101218395,0
0.5444944,0.75565547,0.0,0.58753806,0.08651998,1
0.0,0.0,0.0,1.0,0.074807614,0
0.5382142,0.7430951,0.0,1.0,0.1558732,0
0.54445416,0.755575,0.0,1.0,0.20119618,0
0.0,0.0,0.0,1.0,0.2838443,0
0.0,0.0,0.0,1.0,0.24854434,0
0.0,0.0,0.0,1.0,0.080508195,0
0.5996594,0.86598545,0.0,0.5597203,0.08405388,1
0.0,0.0,0.0,1.0,0.20372179,0
0.5444944,0.75565547,0.0,1.0,0.11467671,0
0.0,0.0,0.0,1.0,0.22115098,0
0.5382142,0.7430951,0.0,1.0,0.18179382,0
0.54445416,0.755575,0.0,0.9133224,0.113193505,0
0.5997192,0.8661051,0.0,1.0,0.2838443,0
0.0,0.0,0.0,1.0,0.1618197,0
0.0,0.0,0.0,1.0,0.36326477,0
0.5996594,0.86598545,0.0,1.0,0.27298972,0
0.0,0.0,0.0,1.0,0.2098577,0
0.5444944,0.75565547,0.0,1.0,0.17884913,0
0.0,0.0,0.0,1.0,0.17430377,0
0.5382142,0.7430951,0.0,0.71817076,0.092756756,0
0.54445416,0.755575,0.0,0.73614097,0.07809352,0
0.5997192,0.8661051,0.0,1.0,0.24854434,0
0.0,0.0,0.0,1.0,0.1618197,0
0.0,0.0,0.0,1.0,0.32379153,0
0.5996594,0.86598545,0.0,1.0,0.19126639,0
0.0,0.0,0.0,1.0,0.06779732,0
0.5444944,0.75565547,0.0,0.93244237,0.14194843,0
0.0,0.0,0.0,1.0,0.15340509,0
0.5382142,0.7430951,0.0,1.0,0.23132564,0
0.54445416,0.755575,0.0,1.0,0.28115156,0
0.5997192,0.8661051,0.0,1.0,0.080508195,0
0.0,0.0,0.0,1.0,0.36326477,0
0.0,0.0,0.0,1.0,0.32379153,0
0.5996594,0.86598545,0.0,1.0,0.14004195,0
0.0,0.0,0.0,1.0,0.27243176,0
0.5444944,0.75565547,0.0,1.0,0.19474271,0
0.0,0.0,0.0,0.85259354,0.06185884,0
0.5382142,0.7430951,0.0,1.0,0.10391843,0
0.54445416,0.755575,0.0,1.0,0.16838267,0
0.5997192,0.8661051,0.0,0.5597203,0.08405388,1
0.0,0.0,0.0,1.0,0.27298972,0
0.0,0.0,0.0,1.0,0.19126639,0
0.0,0.0,0.0,1.0,0.14004195,0
0.0,0.0,0.0,1.0,0.13384561,0
0.5444944,0.75565547,0.0,1.0,0.09647579,0
0.0,0.0,0.0,1.0,0.13512823,0
0.5382142,0.7430951,0.0,1.0,0.06030022,0
0.54445416,0.755575,0.0,1.0,0.101218395,0
0.5997192,0.8661051,0.0,1.0,0.20372179,0
0.0,0.0,0.0,1.0,0.2098577,0
0.0,0.0,0.0,1.0,0.06779732,0
0.0,0.0,0.0,1.0,0.27243176,0
0.5996594,0.86598545,0.0,1.0,0.13384561,0
0.5444944,0.75565547,0.0,1.0,0.117511205,0
0.0,0.0,0.0,1.0,0.043116983,0
0.5382142,0.7430951,0.0,0.24938382,0.05746601,2
0.54445416,0.755575,0.0,0.58753806,0.08651998,1
0.5997192,0.8661051,0.0,1.0,0.11467671,0
0.0,0.0,0.0,1.0,0.17884913,0
0.0,0.0,0.0,0.93244237,0.14194843,0
0.0,0.0,0.0,1.0,0.19474271,0
0.5996594,0.86598545,0.0,1.0,0.09647579,0
0.0,0.0,0.0,1.0,0.117511205,0
0.5382142,0.7430951,0.0,1.0,0.08215059,0
0.54445416,0.755575,0.0,1.0,0.12820561,0
0.5997192,0.8661051,0.0,1.0,0.074807614,0
0.0,0.0,0.0,1.0,0.22115098,0
0.0,0.0,0.0,1.0,0.17430377,0
0.0,0.0,0.0,1.0,0.15340509,0
0.5996594,0.86598545,0.0,0.8527118,0.06185884,0
0.0,0.0,0.0,1.0,0.13512823,0
0.5444944,0.75565547,0.0,1.0,0.043116983,0
0.0,0.0,0.0,1.0,0.08215059,0
0.54445416,0.755575,0.0,0.59097344,0.06953007,1
0.5997192,0.8661051,0.0,1.0,0.1558732,0
0.0,0.0,0.0,1.0,0.18179382,0
0.0,0.0,0.0,0.7172443,0.092756756,0
0.0,0.0,0.0,1.0,0.23132564,0
0.5996594,0.86598545,0.0,1.0,0.10391843,0
0.0,0.0,0.0,1.0,0.06030022,0
0.5444944,0.75565547,0.0,0.24881305,0.05746601,2
0.0,0.0,0.0,1.0,0.12820561,0
0.5382142,0.7430951,0.0,0.59097344,0.06953007,1
0.5997192,0.8661051,0.0,1.0,0.20119618,0
0.0,0.0,0.0,0.91232127,0.113193505,0
0.0,0.0,0.0,0.7353605,0.07809352,0
0.0,0.0,0.0,1.0,0.28115156,0
0.5996594,0.86598545,0.0,1.0,0.16838267,0
0.0,0.0,0.0,1.0,0.101218395,0
0.5444944,0.75565547,0.0,0.5868057,0.08651998,1
0.0,0.0,0.0,1.0,0.074807614,0
0.5382142,0.7430951,0.0,1.0,0.1558732,0
0.54445416,0.755575,0.0,1.0,0.20119618,0
0.0,0.0,0.0,1.0,0.2838443,0
0.0,0.0,0.0,1.0,0.24854434,0
0.0,0.0,0.0,1.0,0.080508195,0
0.5996594,0.86598545,0.0,0.5589674,0.08405388,1
0.0,0.0,0.0,1.0,0.20372179,0
0.5444944,0.75565547,0.0,1.0,0.11467671,0
0.0,0.0,0.0,1.0,0.22115098,0
0.5382142,0.7430951,0.0,1.0,0.18179382,0
0.54445416,0.755575,0.0,0.91232127,0.113193505,0
0.5997192,0.8661051,0.0,1.0,0.2838443,0
0.0,0.0,0.0,1.0,0.1618197,0
0.0,0.0,0.0,1.0,0.36326477,0
0.5996594,0.86598545,0.0,1.0,0.27298972,0
0.0,0.0,0.0,1.0,0.2098577,0
0.5444944,0.75565547,0.0,1.0,0.17884913,0
0.0,0.0,0.0,1.0,0.17430377,0
0.5382142,0.7430951,0.0,0.7172443,0.092756756,0
0.54445416,0.755575,0.0,0.7353605,0.07809352,0
0.5997192,0.8661051,0.0,1.0,0.24854434,0
0.0,0.0,0.0,1.0,0.1618197,0
0.0,0.0,0.0,1.0,0.32379153,0
0.5996594,0.86598545,0.0,1.0,0.19126639,0
0.0,0.0,0.0,1.0,0.06779732,0
0.5444944,0.75565547,0.0,0.93103945,0.14194843,0
0.0,0.0,0.0,1.0,0.15340509,0
0.5382142,0.7430951,0.0,1.0,0.23132564,0
0.54445416,0.755575,0.0,1.0,0.28115156,0
0.5997192,0.8661051,0.0,1.0,0.080508195,0
0.0,0.0,0.0,1.0,0.36326477,0
0.0,0.0,0.0,1.0,0.32379153,0
0.5996594,0.86598545,0.0,1.0,0.14004195,0
0.0,0.0,0.0,1.0,0.27243176,0
0.5444944,0.75565547,0.0,1.0,0.19474271,0
0.0,0.0,0.0,0.8527118,0.06185884,0
0.5382142,0.7430951,0.0,1.0,0.10391843,0
0.54445416,0.755575,0.0,1.0,0.16838267,0
0.5997192,0.8661051,0.0,0.5589674,0.08405388,1
0.0,0.0,0.0,1.0,0.27298972,0
0.0,0.0,0.0,1.0,0.19126639,0
0.0,0.0,0.0,1.0,0.14004195,0
0.0,0.0,0.0,1.0,0.13384561,0
0.5444944,0.75565547,0.0,1.0,0.09647579,0
0.0,0.0,0.0,1.0,0.13512823,0
0.5382142,0.7430951,0.0,1.0,0.06030022,0
0.54445416,0.755575,0.0,1.0,0.101218395,0
0.5997192,0.8661051,0.0,1.0,0.20372179,0
0.0,0.0,0.0,1.0,0.2098577,0
0.0,0.0,0.0,1.0,0.06779732,0
0.0,0.0,0.0,1.0,0.27243176,0
0.5996594,0.86598545,0.0,1.0,0.13384561,0
0.5444944,0.75565547,0.0,1.0,0.117511205,0
0.0,0.0,0.0,1.0,0.043116983,0
0.5382142,0.7430951,0.0,0.24881305,0.05746601,2
0.54445416,0.755575,0.0,0.5868057,0.08651998,1
0.5997192,0.8661051,0.0,1.0,0.11467671,0
0.0,0.0,0.0,1.0,0.17884913,0
0.0,0.0,0.0,0.93103945,0.14194843,0
0.0,0.0,0.0,1.0,0.19474271,0
0.5996594,0.86598545,0.0,1.0,0.09647579,0
0.0,0.0,0.0,1.0,0.117511205,0
0.5382142,0.7430951,0.0,1.0,0.08215059,0
0.54445416,0.755575,0.0,1.0,0.12820561,0
0.5997192,0.8661051,0.0,1.0,0.074807614,0
0.0,0.0,0.0,1.0,0.22115098,0
0.0,0.0,0.0,1.0,0.17430377,0
0.0,0.0,0.0,1.0,0.15340509,0
0.5996594,0.86598545,0.0,0.85283047,0.06185884,0
0.0,0.0,0.0,1.0,0.13512823,0
0.5444944,0.75565547,0.0,1.0,0.043116983,0
0.0,0.0,0.0,1.0,0.08215059,0
0.54445416,0.755575,0.0,0.5903023,0.06953007,1
0.5997192,0.8661051,0.0,1.0,0.1558732,0
0.0,0.0,0.0,1.0,0.18179382,0
0.0,0.0,0.0,0.7163179,0.092756756,0
0.0,0.0,0.0,1.0,0.23132564,0
0.5996594,0.86598545,0.0,1.0,0.10391843,0
0.0,0.0,0.0,1.0,0.06030022,0
0.5444944,0.75565547,0.0,0.24824229,0.05746601,2
0.0,0.0,0.0,1.0,0.12820561,0
0.5382142,0.7430951,0.0,0.5903023,0.06953007,1
0.5997192,0.8661051,0.0,1.0,0.20119618,0
0.0,0.0,0.0,0.9113204,0.113193505,0
0.0,0.0,0.0,0.73458,0.07809352,0
0.0,0.0,0.0,1.0,0.28115156,0
0.5996594,0.86598545,0.0,1.0,0.16838267,0
0.0,0.0,0.0,1.0,0.101218395,0
0.5444944,0.75565547,0.0,0.58607376,0.08651998,1
0.0,0.0,0.0,1.0,0.074807614,0
0.5382142,0.7430951,0.0,1.0,0.1558732,0
0.54445416,0.755575,0.0,1.0,0.20119618,0
0.0,0.0,0.0,1.0,0.2838443,0
0.0,0.0,0.0,1.0,0.24854434,0
0.0,0.0,0.0,1.0,0.080508195,0
0.5996594,0.86598545,0.0,0.55821484,0.08405388,1
0.0,0.0,0.0,1.0,0.20372179,0
0.5444944,0.75565547,0.0,1.0,0.11467671,0
0.0,0.0,0.0,1.0,0.22115098,0
0.5382142,0.7430951,0.0,1.0,0.18179382,0
0.54445416,0.755575,0.0,0.9113204,0.113193505,0
0.5997192,0.8661051,0.0,1.0,0.2838443,0
0.0,0.0,0.0,1.0,0.1618197,0
0.0,0.0,0.0,1.0,0.36326477,0
0.5996594,0.86598545,0.0,1.0,0.27298972,0
0.0,0.0,0.0,1.0,0.2098577,0
0.5444944,0.75565547,0.0,1.0,0.17884913,0
0.0,0.0,0.0,1.0,0.17430377,0
0.5382142,0.7430951,0.0,0.7163179,0.092756756,0
0.54445416,0.755575,0.0,0.73458,0.07809352,0
0.5997192,0.8661051,0.0,1.0,0.24854434,0
0.0,0.0,0.0,1.0,0.1618197,0
0.0,0.0,0.0,1.0,0.32379153,0
0.5996594,0.86598545,0.0,1.0,0.19126639,0
0.0,0.0,0.0,1.0,0.06779732,0
0.5444944,0.75565547,0.0,0.92963666,0.14194843,0
0.0,0.0,0.0,1.0,0.15340509,0
0.5382142,0.7430951,0.0,1.0,0.23132564,0
0.54445416,0.755575,0.0,1.0,0.28115156,0
0.5997192,0.8661051,0.0,1.0,0.080508195,0
0.0,0.0,0.0,1.0,0.36326477,0
0.0,0.0,0.0,1.0,0.32379153,0
0.5996594,0.86598545,0.0,1.0,0.14004195,0
0.0,0.0,0.0,1.0,0.27243176,0
0.5444944,0.75565547,0.0,1.0,0.19474271,0
0.0,0.0,0.0,0.85283047,0.06185884,0
0.5382142,0.7430951,0.0,1.0,0.10391843,0
0.54445416,0.755575,0.0,1.0,0.16838267,0
0.5997192,0.8661051,0.0,0.55821484,0.08405388,1
0.0,0.0,0.0,1.0,0.27298972,0
0.0,0.0,0.0,1.0,0.19126639,0
0.0,0.0,0.0,1.0,0.14004195,0
0.0,0.0,0.0,1.0,0.13384561,0
0.5444944,0.75565547,0.0,1.0,0.09647579,0
0.0,0.0,0.0,1.0,0.13512823,0
0.5382142,0.7430951,0.0,1.0,0.06030022,0
0.54445416,0.755575,0.0,1.0,0.101218395,0
0.5997192,0.8661051,0.0,1.0,0.20372179,0
0.0,0.0,0.0,1.0,0.2098577,0
0.0,0.0,0.0,1.0,0.06779732,0
0.0,0.0,0.0,1.0,0.27243176,0
0.5996594,0.86598545,0.0,1.0,0.13384561,0
0.5444944,0.75565547,0.0,1.0,0.117511205,0
0.0,0.0,0.0,1.0,0.043116983,0
0.5382142,0.7430951,0.0,0.24824229,0.05746601,2
0.54445416,0.755575,0.0,0.58607376,0.08651998,1
0.5997192,0.8661051,0.0,1.0,0.11467671,0
0.0,0.0,0.0,1.0,0.17884913,0
0.0,0.0,0.0,0.92963666,0.14194843,0
0.0,0.0,0.0,1.0,0.19474271,0
0.5996594,0.86598545,0.0,1.0,0.09647579,0
0.0,0.0,0.0,1.0,0.117511205,0
0.5382142,0.7430951,0.0,1.0,0.08215059,0
0.54445416,0.755575,0.0,1.0,0.12820561,0
0.5997192,0.8661051,0.0,1.0,0.074807614,0
0.0,0.0,0.0,1.0,0.22115098,0
0.0,0.0,0.0,1.0,0.17430377,0
0.0,0.0,0.0,1.0,0.15340509,0
0.5996594,0.86598545,0.0,0.8529496,0.06185884,0
0.0,0.0,0.0,1.0,0.13512823,0
0.5444944,0.75565547,0.0,1.0,0.043116983,0
0.0,0.0,0.0,1.0,0.08215059,0
0.54445416,0.755575,0.0,0.58963114,0.06953007,1
0.5997192,0.8661051,0.0,1.0,0.1558732,0
0.0,0.0,0.0,1.0,0.18179382,0
0.0,0.0,0.0,0.71539146,0.092756756,0
0.0,0.0,0.0,1.0,0.23132564,0
0.5996594,0.86598545,0.0,1.0,0.10391843,0
0.0,0.0,0.0,1.0,0.06030022,0
0.5444944,0.75565547,0.0,0.24767156,0.05746601,2
0.0,0.0,0.0,1.0,0.12820561,0
0.5382142,0.7430951,0.0,0.58963114,0.06953007,1
0.5997192,0.8661051,0.0,1.0,0.20119618,0
0.0,0.0,0.0,0.91031986,0.113193505,0
0.0,0.0,0.0,0.7337995,0.07809352,0
0.0,0.0,0.0,1.0,0.28115156,0
0.5996594,0.86598545,0.0,1.0,0.16838267,0
0.0,0.0,0.0,1.0,0.101218395,0
0.5444944,0.75565547,0.0,0.5853421,0.08651998,1
0.0,0.0,0.0,1.0,0.074807614,0
0.5382142,0.7430951,0.0,1.0,0.1558732,0
0.54445416,0.755575,0.0,1.0,0.20119618,0
0.0,0.0,0.0,1.0,0.2838443,0
0.0,0.0,0.0,1.0,0.24854434,0
0.0,0.0,0.0,1.0,0.080508195,0
0.5996594,0.86598545,0.0,0.5574625,0.08405388,1
0.0,0.0,0.0,1.0,0.20372179,0
0.5444944,0.75565547,0.0,1.0,0.11467671,0
0.0,0.0,0.0,1.0,0.22115098,0
0.5382142,0.7430951,0.0,1.0,0.18179382,0
0.54445416,0.755575,0.0,0.91031986,0.113193505,0
0.5997192,0.8661051,0.0,1.0,0.2838443,0
0.0,0.0,0.0,1.0,0.1618197,0
0.0,0.0,0.0,1.0,0.36326477,0
0.5996594,0.86598545,0.0,1.0,0.27298972,0
0.0,0.0,0.0,1.0,0.2098577,0
0.5444944,0.75565547,0.0,1.0,0.17884913,0
0.0,0.0,0.0,1.0,0.17430377,0
0.5382142,0.7430951,0.0,0.71539146,0.092756756,0
0.54445416,0.755575,0.0,0.7337995,0.07809352,0
0.5997192,0.8661051,0.0,1.0,0.24854434,0
0.0,0.0,0.0,1.0,0.1618197,0
0.0,0.0,0.0,1.0,0.32379153,0
0.5996594,0.86598545,0.0,1.0,0.19126639,0
0.0,0.0,0.0,1.0,0.06779732,0
0.5444944,0.75565547,0.0,0.9282339,0.14194843,0
0.0,0.0,0.0,1.0,0.15340509,0
0.5382142,0.7430951,0.0,1.0,0.23132564,0
0.54445416,0.755575,0.0,1.0,0.28115156,0
0.5997192,0.8661051,0.0,1.0,0.080508195,0
0.0,0.0,0.0,1.0,0.36326477,0
0.0,0.0,0.0,1.0,0.32379153,0
0.5996594,0.86598545,0.0,1.0,0.14004195,0
0.0,0.0,0.0,1.0,0.27243176,0
0.5444944,0.75565547,0.0,1.0,0.19474271,0
0.0,0.0,0.0,0.8529496,0.06185884,0
0.5382142,0.7430951,0.0,1.0,0.10391843,0
0.54445416,0.755575,0.0,1.0,0.16838267,0
0.5997192,0.8661051,0.0,0.5574625,0.08405388,1
0.0,0.0,0.0,1.0,0.27298972,0
0.0,0.0,0.0,1.0,0.19126639,0
0.0,0.0,0.0,1.0,0.14004195,0
0.0,0.0,0.0,1.0,0.13384561,0
0.5444944,0.75565547,0.0,1.0,0.09647579,0
0.0,0.0,0.0,1.0,0.13512823,0
0.5382142,0.7430951,0.0,1.0,0.06030022,0
0.54445416,0.755575,0.0,1.0,0.101218395,0
0.5997192,0.8661051,0.0,1.0,0.20372179,0
0.0,0.0,0.0,1.0,0.2098577,0
0.0,0.0,0.0,1.0,0.06779732,0
0.0,0.0,0.0,1.0,0.27243176,0
0.5996594,0.86598545,0.0,1.0,0.13384561,0
0.5444944,0.75565547,0.0,1.0,0.117511205,0
0.0,0.0,0.0,1.0,0.043116983,0
0.5382142,0.7430951,0.0,0.24767156,0.05746601,2
0.54445416,0.755575,0.0,0.5853421,0.08651998,1
0.5997192,0.8661051,0.0,1.0,0.11467671,0
0.0,0.0,0.0,1.0,0.17884913,0
0.0,0.0,0.0,0.9282339,0.14194843,0
0.0,0.0,0.0,1.0,0.19474271,0
0.5996594,0.86598545,0.0,1.0,0.09647579,0
0.0,0.0,0.0,1.0,0.117511205,0
1.0,1.0,0.0,1.0,0.08215059,0
0.55734444,0.78135556,0.0,1.0,0.12820561,0
0.5997192,0.8661051,0.0,1.0,0.074807614,0
0.0,0.0,0.0,1.0,0.22115098,0
0.0,0.0,0.0,1.0,0.17430377,0
0.0,0.0,0.0,1.0,0.15340509,0
0.5996594,0.86598545,0.0,0.8530692,0.06185884,0
0.0,0.0,0.0,1.0,0.13512823,0
1.0,1.0,0.0,1.0,0.043116983,0
0.0,0.0,0.0,1.0,0.08215059,0
0.55734444,0.78135556,0.0,0.5889601,0.06953007,1
0.5997192,0.8661051,0.0,1.0,0.1558732,0
0.0,0.0,0.0,1.0,0.18179382,0
0.0,0.0,0.0,0.7144651,0.092756756,0
0.0,0.0,0.0,1.0,0.23132564,0
0.5996594,0.86598545,0.0,1.0,0.10391843,0
0.0,0.0,0.0,1.0,0.06030022,0
1.0,1.0,0.0,0.24710083,0.05746601,2
0.0,0.0,0.0,1.0,0.12820561,0
1.0,1.0,0.0,0.5889601,0.06953007,1
0.5997192,0.8661051,0.0,1.0,0.20119618,0
0.0,0.0,0.0,0.90931964,0.113193505,0
0.0,0.0,0.0,0.733019,0.07809352,0
0.0,0.0,0.0,1.0,0.28115156,0
0.5996594,0.86598545,0.0,1.0,0.16838267,0
0.0,0.0,0.0,1.0,0.101218395,0
1.0,1.0,0.0,0.5846109,0.08651998,1
0.0,0.0,0.0,1.0,0.074807614,0
1.0,1.0,0.0,1.0,0.1558732,0
0.55734444,0.78135556,0.0,1.0,0.20119618,0
0.0,0.0,0.0,1.0,0.2838443,0
0.0,0.0,0.0,1.0,0.24854434,0
0.0,0.0,0.0,1.0,0.080508195,0
0.5996594,0.86598545,0.0,0.5567104,0.08405388,1
0.0,0.0,0.0,1.0,0.20372179,0
1.0,1.0,0.0,1.0,0.11467671,0
0.0,0.0,0.0,1.0,0.22115098,0
1.0,1.0,0.0,1.0,0.18179382,0
0.55734444,0.78135556,0.0,0.90931964,0.113193505,0
0.5997192,0.8661051,0.0,1.0,0.2838443,0
0.0,0.0,0.0,1.0,0.1618197,0
0.0,0.0,0.0,1.0,0.36326477,0
0.5996594,0.86598545,0.0,1.0,0.27298972,0
0.0,0.0,0.0,1.0,0.2098577,0
1.0,1.0,0.0,1.0,0.17884913,0
0.0,0.0,0.0,1.0,0.17430377,0
1.0,1.0,0.0,0.7144651,0.092756756,0
0.55734444,0.78135556,0.0,0.733019,0.07809352,0
0.5997192,0.8661051,0.0,1.0,0.24854434,0
0.0,0.0,0.0,1.0,0.1618197,0
0.0,0.0,0.0,1.0,0.32379153,0
0.5996594,0.86598545,0.0,1.0,0.19126639,0
0.0,0.0,0.0,1.0,0.06779732,0
1.0,1.0,0.0,0.9268312,0.14194843,0
0.0,0.0,0.0,1.0,0.15340509,0
1.0,1.0,0.0,1.0,0.23132564,0
0.55734444,0.78135556,0.0,1.0,0.28115156,0
0.5997192,0.8661051,0.0,1.0,0.080508195,0
0.0,0.0,0.0,1.0,0.36326477,0
0.0,0.0,0.0,1.0,0.32379153,0
0.5996594,0.86598545,0.0,1.0,0.14004195,0
0.0,0.0,0.0,1.0,0.27243176,0
1.0,1.0,0.0,1.0,0.19474271,0
0.0,0.0,0.0,0.8530692,0.06185884,0
1.0,1.0,0.0,1.0,0.10391843,0
0.55734444,0.78135556,0.0,1.0,0.16838267,0
0.5997192,0.8661051,0.0,0.5567104,0.08405388,1
0.0,0.0,0.0,1.0,0.27298972,0
0.0,0.0,0.0,1.0,0.19126639,0
0.0,0.0,0.0,1.0,0.14004195,0
0.0,0.0,0.0,1.0,0.13384561,0
1.0,1.0,0.0,1.0,0.09647579,0
0.0,0.0,0.0,1.0,0.13512823,0
1.0,1.0,0.0,1.0,0.06030022,0
0.55734444,0.78135556,0.0,1.0,0.101218395,0
0.5997192,0.8661051,0.0,1.0,0.20372179,0
0.0,0.0,0.0,1.0,0.2098577,0
0.0,0.0,0.0,1.0,0.06779732,0
0.0,0.0,0.0,1.0,0.27243176,0
0.5996594,0.86598545,0.0,1.0,0.13384561,0
1.0,1.0,0.0,1.0,0.117511205,0
0.0,0.0,0.0,1.0,0.043116983,0
1.0,1.0,0.0,0.24710083,0.05746601,2
0.55734444,0.78135556,0.0,0.5846109,0.08651998,1
0.5997192,0.8661051,0.0,1.0,0.11467671,0
0.0,0.0,0.0,1.0,0.17884913,0
0.0,0.0,0.0,0.9268312,0.14194843,0
0.0,0.0,0.0,1.0,0.19474271,0
0.5996594,0.86598545,0.0,1.0,0.09647579,0
0.0,0.0,0.0,1.0,0.117511205,0
1.0,1.0,0.0,1.0,0.08215059,0
0.55734444,0.78135556,0.0,1.0,0.12820561,0
0.5997192,0.8661051,0.0,1.0,0.074807614,0
0.0,0.0,0.0,1.0,0.22115098,0
0.0,0.0,0.0,1.0,0.17430377,0
0.0,0.0,0.0,1.0,0.15340509,0
0.5996594,0.86598545,0.0,0.8531892,0.06185884,0
0.0,0.0,0.0,1.0,0.13512823,0
1.0,1.0,0.0,1.0,0.043116983,0
0.0,0.0,0.0,1.0,0.08215059,0
0.55734444,0.78135556,0.0,0.58828914,0.06953007,1
0.5997192,0.8661051,0.0,1.0,0.1558732,0
0.0,0.0,0.0,1.0,0.18179382,0
0.0,0.0,0.0,0.71353865,0.092756756,0
0.0,0.0,0.0,1.0,0.23132564,0
0.5996594,0.86598545,0.0,1.0,0.10391843,0
0.0,0.0,0.0,1.0,0.06030022,0
1.0,1.0,0.0,0.24653013,0.05746601,2
0.0,0.0,0.0,1.0,0.12820561,0
1.0,1.0,0.0,0.58828914,0.06953007,1
0.5997192,0.8661051,0.0,1.0,0.20119618,0
0.0,0.0,0.0,0.9083197,0.113193505,0
0.0,0.0,0.0,0.7322385,0.07809352,0
0.0,0.0,0.0,1.0,0.28115156,0
0.5996594,0.86598545,0.0,1.0,0.16838267,0
0.0,0.0,0.0,1.0,0.101218395,0
1.0,1.0,0.0,0.58388,0.08651998,1
0.0,0.0,0.0,1.0,0.074807614,0
1.0,1.0,0.0,1.0,0.1558732,0
0.55734444,0.78135556,0.0,1.0,0.20119618,0
0.0,0.0,0.0,1.0,0.2838443,0
0.0,0.0,0.0,1.0,0.24854434,0
0.0,0.0,0.0,1.0,0.080508195,0
0.5996594,0.86598545,0.0,0.55595857,0.08405388,1
0.0,0.0,0.0,1.0,0.20372179,0
1.0,1.0,0.0,1.0,0.11467671,0
0.0,0.0,0.0,1.0,0.22115098,0
1.0,1.0,0.0,1.0,0.18179382,0
0.55734444,0.78135556,0.0,0.9083197,0.113193505,0
0.5997192,0.8661051,0.0,1.0,0.2838443,0
0.0,0.0,0.0,1.0,0.1618197,0
0.0,0.0,0.0,1.0,0.36326477,0
0.5996594,0.86598545,0.0,1.0,0.27298972,0
0.0,0.0,0.0,1.0,0.2098577,0
1.0,1.0,0.0,1.0,0.17884913,0
0.0,0.0,0.0,1.0,0.17430377,0
1.0,1.0,0.0,0.71353865,0.092756756,0
0.55734444,0.78135556,0.0,0.7322385,0.07809352,0
0.5997192,0.8661051,0.0,1.0,0.24854434,0
0.0,0.0,0.0,1.0,0.1618197,0
0.0,0.0,0.0,1.0,0.32379153,0
0.5996594,0.86598545,0.0,1.0,0.19126639,0
0.0,0.0,0.0,1.0,0.06779732,0
1.0,1.0,0.0,0.92542857,0.14194843,0
0.0,0.0,0.0,1.0,0.15340509,0
1.0,1.0,0.0,1.0,0.23132564,0
0.55734444,0.78135556,0.0,1.0,0.28115156,0
0.5997192,0.8661051,0.0,1.0,0.080508195,0
0.0,0.0,0.0,1.0,0.36326477,0
0.0,0.0,0.0,1.0,0.32379153,0
0.5996594,0.86598545,0.0,1.0,0.14004195,0
0.0,0.0,0.0,1.0,0.27243176,0
1.0,1.0,0.0,1.0,0.19474271,0
0.0,0.0,0.0,0.8531892,0.06185884,0
1.0,1.0,0.0,1.0,0.10391843,0
0.55734444,0.78135556,0.0,1.0,0.16838267,0
0.5997192,0.8661051,0.0,0.55595857,0.08405388,1
0.0,0.0,0.0,1.0,0.27298972,0
0.0,0.0,0.0,1.0,0.19126639,0
0.0,0.0,0.0,1.0,0.14004195,0
0.0,0.0,0.0,1.0,0.13384561,0
1.0,1.0,0.0,1.0,0.09647579,0
0.0,0.0,0.0,1.0,0.13512823,0
1.0,1.0,0.0,1.0,0.06030022,0
0.55734444,0.78135556,0.0,1.0,0.101218395,0
0.5997192,0.8661051,0.0,1.0,0.20372179,0
0.0,0.0,0.0,1.0,0.2098577,0
0.0,0.0,0.0,1.0,0.06779732,0
0.0,0.0,0.0,1.0,0.27243176,0
0.5996594,0.86598545,0.0,1.0,0.13384561,0
1.0,1.0,0.0,1.0,0.117511205,0
0.0,0.0,0.0,1.0,0.043116983,0
1.0,1.0,0.0,0.24653013,0.05746601,2
0.55734444,0.78135556,0.0,0.58388,0.08651998,1
0.5997192,0.8661051,0.0,1.0,0.11467671,0
0.0,0.0,0.0,1.0,0.17884913,0
0.0,0.0,0.0,0.92542857,0.14194843,0
0.0,0.0,0.0,1.0,0.19474271,0
0.5996594,0.86598545,0.0,1.0,0.09647579,0
0.0,0.0,0.0,1.0,0.117511205,0
1.0,1.0,0.0,1.0,0.08215059,0
0.55734444,0.78135556,0.0,1.0,0.12820561,0
0.6156772,0.89802104,0.0,1.0,0.074807614,0
0.0,0.0,0.0,1.0,0.22115098,0
0.0,0.0,0.0,1.0,0.17430377,0
0.0,0.0,0.0,1.0,0.15340509,0
0.6156309,0.89792854,0.0,0.8533096,0.06185884,0
0.0,0.0,0.0,1.0,0.13512823,0
1.0,1.0,0.0,1.0,0.043116983,0
0.0,0.0,0.0,1.0,0.08215059,0
0.55734444,0.78135556,0.0,0.5876182,0.06953007,1
0.6156772,0.89802104,0.0,1.0,0.1558732,0
0.0,0.0,0.0,1.0,0.18179382,0
0.0,0.0,0.0,0.7126122,0.092756756,0
0.0,0.0,0.0,1.0,0.23132564,0
0.6156309,0.89792854,0.0,1.0,0.10391843,0
0.0,0.0,0.0,1.0,0.06030022,0
1.0,1.0,0.0,0.24595945,0.05746601,2
0.0,0.0,0.0,1.0,0.12820561,0
1.0,1.0,0.0,0.5876182,0.06953007,1
0.6156772,0.89802104,0.0,1.0,0.20119618,0
0.0,0.0,0.0,0.90732014,0.113193505,0
0.0,0.0,0.0,0.731458,0.07809352,0
0.0,0.0,0.0,1.0,0.28115156,0
0.6156309,0.89792854,0.0,1.0,0.16838267,0
0.0,0.0,0.0,1.0,0.101218395,0
1.0,1.0,0.0,0.58314943,0.08651998,1
0.0,0.0,0.0,1.0,0.074807614,0
1.0,1.0,0.0,1.0,0.1558732,0
0.55734444,0.78135556,0.0,1.0,0.20119618,0
0.0,0.0,0.0,1.0,0.2838443,0
0.0,0.0,0.0,1.0,0.24854434,0
0.0,0.0,0.0,1.0,0.080508195,0
0.6156309,0.89792854,0.0,0.55520695,0.08405388,1
0.0,0.0,0.0,1.0,0.20372179,0
1.0,1.0,0.0,1.0,0.11467671,0
0.0,0.0,0.0,1.0,0.22115098,0
1.0,1.0,0.0,1.0,0.18179382,0
0.55734444,0.78135556,0.0,0.90732014,0.113193505,0
0.6156772,0.89802104,0.0,1.0,0.2838443,0
0.0,0.0,0.0,1.0,0.1618197,0
0.0,0.0,0.0,1.0,0.36326477,0
0.6156309,0.89792854,0.0,1.0,0.27298972,0
0.0,0.0,0.0,1.0,0.2098577,0
1.0,1.0,0.0,1.0,0.17884913,0
0.0,0.0,0.0,1.0,0.17430377,0
1.0,1.0,0.0,0.7126122,0.092756756,0
0.55734444,0.78135556,0.0,0.731458,0.07809352,0
0.6156772,0.89802104,0.0,1.0,0.24854434,0
0.0,0.0,0.0,1.0,0.1618197,0
0.0,0.0,0.0,1.0,0.32379153,0
0.6156309,0.89792854,0.0,1.0,0.19126639,0
0.0,0.0,0.0,1.0,0.06779732,0
1.0,1.0,0.0,0.92402595,0.14194843,0
0.0,0.0,0.0,1.0,0.15340509,0
1.0,1.0,0.0,1.0,0.23132564,0
0.55734444,0.78135556,0.0,1.0,0.28115156,0
0.6156772,0.89802104,0.0,1.0,0.080508195,0
0.0,0.0,0.0,1.0,0.36326477,0
0.0,0.0,0.0,1.0,0.32379153,0
0.6156309,0.89792854,0.0,1.0,0.14004195,0
0.0,0.0,0.0,1.0,0.27243176,0
1.0,1.0,0.0,1.0,0.19474271,0
0.0,0.0,0.0,0.8533096,0.06185884,0
1.0,1.0,0.0,1.0,0.10391843,0
0.55734444,0.78135556,0.0,1.0,0.16838267,0
0.6156772,0.89802104,0.0,0.55520695,0.08405388,1
0.0,0.0,0.0,1.0,0.27298972,0
0.0,0.0,0.0,1.0,0.19126639,0
0.0,0.0,0.0,1.0,0.14004195,0
0.0,0.0,0.0,1.0,0.13384561,0
1.0,1.0,0.0,1.0,0.09647579,0
0.0,0.0,0.0,1.0,0.13512823,0
1.0,1.0,0.0,1.0,0.06030022,0
0.55734444,0.78135556,0.0,1.0,0.101218395,0
0.6156772,0.89802104,0.0,1.0,0.20372179,0
0.0,0.0,0.0,1.0,0.2098577,0
0.0,0.0,0.0,1.0,0.06779732,0
0.0,0.0,0.0,1.0,0.27243176,0
0.6156309,0.89792854,0.0,1.0,0.13384561,0
1.0,1.0,0.0,1.0,0.117511205,0
0.0,0.0,0.0,1.0,0.043116983,0
1.0,1.0,0.0,0.24595945,0.05746601,2
0.55734444,0.78135556,0.0,0.58314943,0.08651998,1
0.6156772,0.89802104,0.0,1.0,0.11467671,0
0.0,0.0,0.0,1.0,0.17884913,0
0.0,0.0,0.0,0.92402595,0.14194843,0
0.0,0.0,0.0,1.0,0.19474271,0
0.6156309,0.89792854,0.0,1.0,0.09647579,0
0.0,0.0,0.0,1.0,0.117511205,0
1.0,1.0,0.0,1.0,0.08215059,0
0.55734444,0.78135556,0.0,1.0,0.12820561,0
0.6156772,0.89802104,0.0,1.0,0.074807614,0
0.0,0.0,0.0,1.0,0.22115098,0
0.0,0.0,0.0,1.0,0.17430377,0
0.0,0.0,0.0,1.0,0.15340509,0
0.6156309,0.89792854,0.0,0.85343045,0.06185884,0
0.0,0.0,0.0,1.0,0.13512823,0
1.0,1.0,0.0,1.0,0.043116983,0
0.0,0.0,0.0,1.0,0.08215059,0
0.55734444,0.78135556,0.0,0.5869473,0.06953007,1
0.6156772,0.89802104,0.0,1.0,0.1558732,0
0.0,0.0,0.0,1.0,0.18179382,0
0.0,0.0,0.0,0.71168584,0.092756756,0
0.0,0.0,0.0,1.0,0.23132564,0
0.6156309,0.89792854,0.0,1.0,0.10391843,0
0.0,0.0,0.0,1.0,0.06030022,0
1.0,1.0,0.0,0.24538878,0.05746601,2
0.0,0.0,0.0,1.0,0.12820561,0
1.0,1.0,0.0,0.5869473,0.06953007,1
0.6156772,0.89802104,0.0,1.0,0.20119618,0
0.0,0.0,0.0,0.9063208,0.113193505,0
0.0,0.0,0.0,0.7306775,0.07809352,0
0.0,0.0,0.0,1.0,0.28115156,0
0.6156309,0.89792854,0.0,1.0,0.16838267,0
0.0,0.0,0.0,1.0,0.101218395,0
1.0,1.0,0.0,0.58241934,0.08651998,1
0.0,0.0,0.0,1.0,0.074807614,0
1.0,1.0,0.0,1.0,0.1558732,0
0.55734444,0.78135556,0.0,1.0,0.20119618,0
0.0,0.0,0.0,1.0,0.2838443,0
0.0,0.0,0.0,1.0,0.24854434,0
0.0,0.0,0.0,1.0,0.080508195,0
0.6156309,0.89792854,0.0,0.55445564,0.08405388,1
0.0,0.0,0.0,1.0,0.20372179,0
1.0,1.0,0.0,1.0,0.11467671,0
0.0,0.0,0.0,1.0,0.22115098,0
1.0,1.0,0.0,1.0,0.18179382,0
0.55734444,0.78135556,0.0,0.9063208,0.113193505,0
0.6156772,0.89802104,0.0,1.0,0.2838443,0
0.0,0.0,0.0,1.0,0.1618197,0
0.0,0.0,0.0,1.0,0.36326477,0
0.6156309,0.89792854,0.0,1.0,0.27298972,0
0.0,0.0,0.0,1.0,0.2098577,0
1.0,1.0,0.0,1.0,0.17884913,0
0.0,0.0,0.0,1.0,0.17430377,0
1.0,1.0,0.0,0.71168584,0.092756756,0
0.55734444,0.78135556,0.0,0.7306775,0.07809352,0
0.6156772,0.89802104,0.0,1.0,0.24854434,0
0.0,0.0,0.0,1.0,0.1618197,0
0.0,0.0,0.0,1.0,0.32379153,0
0.6156309,0.89792854,0.0,1.0,0.19126639,0
0.0,0.0,0.0,1.0,0.06779732,0
1.0,1.0,0.0,0.9226234,0.14194843,0
0.0,0.0,0.0,1.0,0.15340509,0
1.0,1.0,0.0,1.0,0.23132564,0
0.55734444,0.78135556,0.0,1.0,0.28115156,0
0.6156772,0.89802104,0.0,1.0,0.080508195,0
0.0,0.0,0.0,1.0,0.36326477,0
0.0,0.0,0.0,1.0,0.32379153,0
0.6156309,0.89792854,0.0,1.0,0.14004195,0
0.0,0.0,0.0,1.0,0.27243176,0
1.0,1.0,0.0,1.0,0.19474271,0
0.0,0.0,0.0,0.85343045,0.06185884,0
1.0,1.0,0.0,1.0,0.10391843,0
0.55734444,0.78135556,0.0,1.0,0.16838267,0
0.6156772,0.89802104,0.0,0.55445564,0.08405388,1
0.0,0.0,0.0,1.0,0.27298972,0
0.0,0.0,0.0,1.0,0.19126639,0
0.0,0.0,0.0,1.0,0.14004195,0
0.0,0.0,0.0,1.0,0.13384561,0
1.0,1.0,0.0,1.0,0.09647579,0
0.0,0.0,0.0,1.0,0.13512823,0
1.0,1.0,0.0,1.0,0.06030022,0
0.55734444,0.78135556,0.0,1.0,0.101218395,0
0.6156772,0.89802104,0.0,1.0,0.20372179,0
0.0,0.0,0.0,1.0,0.2098577,0
0.0,0.0,0.0,1.0,0.06779732,0
0.0,0.0,0.0,1.0,0.27243176,0
0.6156309,0.89792854,0.0,1.0,0.13384561,0
1.0,1.0,0.0,1.0,0.117511205,0
0.0,0.0,0.0,1.0,0.043116983,0
1.0,1.0,0.0,0.24538878,0.05746601,2
0.55734444,0.78135556,0.0,0.58241934,0.08651998,1
0.6156772,0.89802104,0.0,1.0,0.11467671,0
0.0,0.0,0.0,1.0,0.17884913,0
0.0,0.0,0.0,0.9226234,0.14194843,0
0.0,0.0,0.0,1.0,0.19474271,0
0.6156309,0.89792854,0.0,1.0,0.09647579,0
0.0,0.0,0.0,1.0,0.117511205,0
1.0,1.0,0.0,1.0,0.08215059,0
0.55734444,0.78135556,0.0,1.0,0.12820561,0
0.6156772,0.89802104,0.0,1.0,0.074807614,0
0.0,0.0,0.0,1.0,0.22115098,0
0.0,0.0,0.0,1.0,0.17430377,0
0.0,0.0,0.0,1.0,0.15340509,0
0.6156309,0.89792854,0.0,0.85355175,0.06185884,0
0.0,0.0,0.0,1.0,0.13512823,0
1.0,1.0,0.0,1.0,0.043116983,0
0.0,0.0,0.0,1.0,0.08215059,0
0.55734444,0.78135556,0.0,0.5862765,0.06953007,1
0.6156772,0.89802104,0.0,1.0,0.1558732,0
0.0,0.0,0.0,1.0,0.18179382,0
0.0,0.0,0.0,0.7107594,0.092756756,0
0.0,0.0,0.0,1.0,0.23132564,0
0.6156309,0.89792854,0.0,1.0,0.10391843,0
0.0,0.0,0.0,1.0,0.06030022,0
1.0,1.0,0.0,0.24481814,0.05746601,2
0.0,0.0,0.0,1.0,0.12820561,0
1.0,1.0,0.0,0.5862765,0.06953007,1
0.6156772,0.89802104,0.0,1.0,0.20119618,0
0.0,0.0,0.0,0.90532184,0.113193505,0
0.0,0.0,0.0,0.729897,0.07809352,0
0.0,0.0,0.0,1.0,0.28115156,0
0.6156309,0.89792854,0.0,1.0,0.16838267,0
0.0,0.0,0.0,1.0,0.101218395,0
1.0,1.0,0.0,0.58168954,0.08651998,1
0.0,0.0,0.0,1.0,0.074807614,0
1.0,1.0,0.0,1.0,0.1558732,0
0.55734444,0.78135556,0.0,1.0,0.20119618,0
0.0,0.0,0.0,1.0,0.2838443,0
0.0,0.0,0.0,1.0,0.24854434,0
0.0,0.0,0.0,1.0,0.080508195,0
0.6156309,0.89792854,0.0,0.55370456,0.08405388,1
0.0,0.0,0.0,1.0,0.20372179,0
1.0,1.0,0.0,1.0,0.11467671,0
0.0,0.0,0.0,1.0,0.22115098,0
1.0,1.0,0.0,1.0,0.18179382,0
0.55734444,0.78135556,0.0,0.90532184,0.113193505,0
0.6156772,0.89802104,0.0,1.0,0.2838443,0
0.0,0.0,0.0,1.0,0.1618197,0
0.0,0.0,0.0,1.0,0.36326477,0
0.6156309,0.89792854,0.0,1.0,0.27298972,0
0.0,0.0,0.0,1.0,0.2098577,0
1.0,1.0,0.0,1.0,0.17884913,0
0.0,0.0,0.0,1.0,0.17430377,0
1.0,1.0,0.0,0.7107594,0.092756756,0
0.55734444,0.78135556,0.0,0.729897,0.07809352,0
0.6156772,0.89802104,0.0,1.0,0.24854434,0
0.0,0.0,0.0,1.0,0.1618197,0
0.0,0.0,0.0,1.0,0.32379153,0
0.6156309,0.89792854,0.0,1.0,0.19126639,0
0.0,0.0,0.0,1.0,0.06779732,0
1.0,1.0,0.0,0.9212209,0.14194843,0
0.0,0.0,0.0,1.0,0.15340509,0
1.0,1.0,0.0,1.0,0.23132564,0
0.55734444,0.78135556,0.0,1.0,0.28115156,0
0.6156772,0.89802104,0.0,1.0,0.080508195,0
0.0,0.0,0.0,1.0,0.36326477,0
0.0,0.0,0.0,1.0,0.32379153,0
0.6156309,0.89792854,0.0,1.0,0.14004195,0
0.0,0.0,0.0,1.0,0.27243176,0
1.0,1.0,0.0,1.0,0.19474271,0
0.0,0.0,0.0,0.85355175,0.06185884,0
1.0,1.0,0.0,1.0,0.10391843,0
0.55734444,0.78135556,0.0,1.0,0.16838267,0
0.6156772,0.89802104,0.0,0.55370456,0.08405388,1
0.0,0.0,0.0,1.0,0.27298972,0
0.0,0.0,0.0,1.0,0.19126639,0
0.0,0.0,0.0,1.0,0.14004195,0
0.0,0.0,0.0,1.0,0.13384561,0
1.0,1.0,0.0,1.0,0.09647579,0
0.0,0.0,0.0,1.0,0.13512823,0
1.0,1.0,0.0,1.0,0.06030022,0
0.55734444,0.78135556,0.0,1.0,0.101218395,0
0.6156772,0.89802104,0.0,1.0,0.20372179,0
0.0,0.0,0.0,1.0,0.2098577,0
0.0,0.0,0.0,1.0,0.06779732,0
0.0,0.0,0.0,1.0,0.27243176,0
0.6156309,0.89792854,0.0,1.0,0.13384561,0
1.0,1.0,0.0,1.0,0.117511205,0
0.0,0.0,0.0,1.0,0.043116983,0
1.0,1.0,0.0,0.24481814,0.05746601,2
0.55734444,0.78135556,0.0,0.58168954,0.08651998,1
0.6156772,0.89802104,0.0,1.0,0.11467671,0
0.0,0.0,0.0,1.0,0.17884913,0
0.0,0.0,0.0,0.9212209,0.14194843,0
0.0,0.0,0.0,1.0,0.19474271,0
0.6156309,0.89792854,0.0,1.0,0.09647579,0
0.0,0.0,0.0,1.0,0.117511205,0
1.0,1.0,0.0,1.0,0.08215059,0
0.55734444,0.78135556,0.0,1.0,0.12820561,0
0.6156772,0.89802104,0.0,1.0,0.074807614,0
0.0,0.0,0.0,1.0,0.22115098,0
0.0,0.0,0.0,1.0,0.17430377,0
0.0,0.0,0.0,1.0,0.15340509,0
0.6156309,0.89792854,0.0,0.85367346,0.06185884,0
0.0,0.0,0.0,1.0,0.13512823,0
1.0,1.0,0.0,1.0,0.043116983,0
0.0,0.0,0.0,1.0,0.08215059,0
0.55734444,0.78135556,0.0,0.5856057,0.06953007,1
0.6156772,0.89802104,0.0,1.0,0.1558732,0
0.0,0.0,0.0,1.0,0.18179382,0
0.0,0.0,0.0,0.709833,0.092756756,0
0.0,0.0,0.0,1.0,0.23132564,0
0.6156309,0.89792854,0.0,1.0,0.10391843,0
0.0,0.0,0.0,1.0,0.06030022,0
1.0,1.0,0.0,0.2442475,0.05746601,2
0.0,0.0,0.0,1.0,0.12820561,0
1.0,1.0,0.0,0.5856057,0.06953007,1
0.6156772,0.89802104,0.0,1.0,0.20119618,0
0.0,0.0,0.0,0.90432316,0.113193505,0
0.0,0.0,0.0,0.7291165,0.07809352,0
0.0,0.0,0.0,1.0,0.28115156,0
0.6156309,0.89792854,0.0,1.0,0.16838267,0
0.0,0.0,0.0,1.0,0.101218395,0
1.0,1.0,0.0,0.5809601,0.08651998,1
0.0,0.0,0.0,1.0,0.074807614,0
1.0,1.0,0.0,1.0,0.1558732,0
0.55734444,0.78135556,0.0,1.0,0.20119618,0
0.0,0.0,0.0,1.0,0.2838443,0
0.0,0.0,0.0,1.0,0.24854434,0
0.0,0.0,0.0,1.0,0.080508195,0
0.6156309,0.89792854,0.0,0.5529538,0.08405388,1
0.0,0.0,0.0,1.0,0.20372179,0
1.0,1.0,0.0,1.0,0.11467671,0
0.0,0.0,0.0,1.0,0.22115098,0
1.0,1.0,0.0,1.0,0.18179382,0
0.55734444,0.78135556,0.0,0.90432316,0.113193505,0
0.6156772,0.89802104,0.0,1.0,0.2838443,0
0.0,0.0,0.0,1.0,0.1618197,0
0.0,0.0,0.0,1.0,0.36326477,0
0.6156309,0.89792854,0.0,1.0,0.27298972,0
0.0,0.0,0.0,1.0,0.2098577,0
1.0,1.0,0.0,1.0,0.17884913,0
0.0,0.0,0.0,1.0,0.17430377,0
1.0,1.0,0.0,0.709833,0.092756756,0
0.55734444,0.78135556,0.0,0.7291165,0.07809352,0
0.6156772,0.89802104,0.0,1.0,0.24854434,0
0.0,0.0,0.0,1.0,0.1618197,0
0.0,0.0,0.0,1.0,0.32379153,0
0.6156309,0.89792854,0.0,1.0,0.19126639,0
0.0,0.0,0.0,1.0,0.06779732,0
1.0,1.0,0.0,0.91981846,0.14194843,0
0.0,0.0,0.0,1.0,0.15340509,0
1.0,1.0,0.0,1.0,0.23132564,0
0.55734444,0.78135556,0.0,1.0,0.28115156,0
0.6156772,0.89802104,0.0,1.0,0.080508195,0
0.0,0.0,0.0,1.0,0.36326477,0
0.0,0.0,0.0,1.0,0.32379153,0
0.6156309,0.89792854,0.0,1.0,0.14004195,0
0.0,0.0,0.0,1.0,0.27243176,0
1.0,1.0,0.0,1.0,0.19474271,0
0.0,0.0,0.0,0.85367346,0.06185884,0
1.0,1.0,0.0,1.0,0.10391843,0
0.55734444,0.78135556,0.0,1.0,0.16838267,0
0.6156772,0.89802104,0.0,0.5529538,0.08405388,1
0.0,0.0,0.0,1.0,0.27298972,0
0.0,0.0,0.0,1.0,0.19126639,0
0.0,0.0,0.0,1.0,0.14004195,0
0.0,0.0,0.0,1.0,0.13384561,0
1.0,1.0,0.0,1.0,0.09647579,0
0.0,0.0,0.0,1.0,0.13512823,0
1.0,1.0,0.0,1.0,0.06030022,0
0.55734444,0.78135556,0.0,1.0,0.101218395,0
0.6156772,0.89802104,0.0,1.0,0.20372179,0
0.0,0.0,0.0,1.0,0.2098577,0
0.0,0.0,0.0,1.0,0.06779732,0
0.0,0.0,0.0,1.0,0.27243176,0
0.6156309,0.89792854,0.0,1.0,0.13384561,0
1.0,1.0,0.0,1.0,0.117511205,0
0.0,0.0,0.0,1.0,0.043116983,0
1.0,1.0,0.0,0.2442475,0.05746601,2
0.55734444,0.78135556,0.0,0.5809601,0.08651998,1
0.6156772,0.89802104,0.0,1.0,0.11467671,0
0.0,0.0,0.0,1.0,0.17884913,0
0.0,0.0,0.0,0.91981846,0.14194843,0
0.0,0.0,0.0,1.0,0.19474271,0
0.6156309,0.89792854,0.0,1.0,0.09647579,0
0.0,0.0,0.0,1.0,0.117511205,0
1.0,1.0,0.0,1.0,0.08215059,0
0.55734444,0.78135556,0.0,1.0,0.12820561,0
0.6156772,0.89802104,0.0,1.0,0.074807614,0
0.0,0.0,0.0,1.0,0.22115098,0
0.0,0.0,0.0,1.0,0.17430377,0
0.0,0.0,0.0,1.0,0.15340509,0
0.6156309,0.89792854,0.0,0.8537956,0.06185884,0
0.0,0.0,0.0,1.0,0.13512823,0
1.0,1.0,0.0,1.0,0.043116983,0
0.0,0.0,0.0,1.0,0.08215059,0
0.55734444,0.78135556,0.0,0.584935,0.06953007,1
0.6156772,0.89802104,0.0,1.0,0.1558732,0
0.0,0.0,0.0,1.0,0.18179382,0
0.0,0.0,0.0,0.7089066,0.092756756,0
0.0,0.0,0.0,1.0,0.23132564,0
0.6156309,0.89792854,0.0,1.0,0.10391843,0
0.0,0.0,0.0,1.0,0.06030022,0
1.0,1.0,0.0,0.24367689,0.05746601,2
0.0,0.0,0.0,1.0,0.12820561,0
1.0,1.0,0.0,0.584935,0.06953007,1
0.6156772,0.89802104,0.0,1.0,0.20119618,0
0.0,0.0,0.0,0.90332484,0.113193505,0
0.0,0.0,0.0,0.72833604,0.07809352,0
0.0,0.0,0.0,1.0,0.28115156,0
0.6156309,0.89792854,0.0,1.0,0.16838267,0
0.0,0.0,0.0,1.0,0.101218395,0
1.0,1.0,0.0,0.5802311,0.08651998,1
0.0,0.0,0.0,1.0,0.074807614,0
1.0,1.0,0.0,1.0,0.1558732,0
0.55734444,0.78135556,0.0,1.0,0.20119618,0
0.0,0.0,0.0,1.0,0.2838443,0
0.0,0.0,0.0,1.0,0.24854434,0
0.0,0.0,0.0,1.0,0.080508195,0
0.6156309,0.89792854,0.0,0.5522032,0.08405388,1
0.0,0.0,0.0,1.0,0.20372179,0
1.0,1.0,0.0,1.0,0.11467671,0
0.0,0.0,0.0,1.0,0.22115098,0
1.0,1.0,0.0,1.0,0.18179382,0
0.55734444,0.78135556,0.0,0.90332484,0.113193505,0
0.6156772,0.89802104,0.0,1.0,0.2838443,0
0.0,0.0,0.0,1.0,0.1618197,0
0.0,0.0,0.0,1.0,0.36326477,0
0.6156309,0.89792854,0.0,1.0,0.27298972,0
0.0,0.0,0.0,1.0,0.2098577,0
1.0,1.0,0.0,1.0,0.17884913,0
0.0,0.0,0.0,1.0,0.17430377,0
1.0,1.0,0.0,0.7089066,0.092756756,0
0.55734444,0.78135556,0.0,0.72833604,0.07809352,0
0.6156772,0.89802104,0.0,1.0,0.24854434,0
0.0,0.0,0.0,1.0,0.1618197,0
0.0,0.0,0.0,1.0,0.32379153,0
0.6156309,0.89792854,0.0,1.0,0.19126639,0
0.0,0.0,0.0,1.0,0.06779732,0
1.0,1.0,0.0,0.9184161,0.14194843,0
0.0,0.0,0.0,1.0,0.15340509,0
1.0,1.0,0.0,1.0,0.23132564,0
0.55734444,0.78135556,0.0,1.0,0.28115156,0
0.6156772,0.89802104,0.0,1.0,0.080508195,0
0.0,0.0,0.0,1.0,0.36326477,0
0.0,0.0,0.0,1.0,0.32379153,0
0.6156309,0.89792854,0.0,1.0,0.14004195,0
0.0,0.0,0.0,1.0,0.27243176,0
1.0,1.0,0.0,1.0,0.19474271,0
0.0,0.0,0.0,0.8537956,0.06185884,0
1.0,1.0,0.0,1.0,0.10391843,0
0.55734444,0.78135556,0.0,1.0,0.16838267,0
0.6156772,0.89802104,0.0,0.5522032,0.08405388,1
0.0,0.0,0.0,1.0,0.27298972,0
0.0,0.0,0.0,1.0,0.19126639,0
0.0,0.0,0.0,1.0,0.14004195,0
0.0,0.0,0.0,1.0,0.13384561,0
1.0,1.0,0.0,1.0,0.09647579,0
0.0,0.0,0.0,1.0,0.13512823,0
1.0,1.0,0.0,1.0,0.06030022,0
0.55734444,0.78135556,0.0,1.0,0.101218395,0
0.6156772,0.89802104,0.0,1.0,0.20372179,0
0.0,0.0,0.0,1.0,0.2098577,0
0.0,0.0,0.0,1.0,0.06779732,0
0.0,0.0,0.0,1.0,0.27243176,0
0.6156309,0.89792854,0.0,1.0,0.13384561,0
1.0,1.0,0.0,1.0,0.117511205,0
0.0,0.0,0.0,1.0,0.043116983,0
1.0,1.0,0.0,0.24367689,0.05746601,2
0.55734444,0.78135556,0.0,0.5802311,0.08651998,1
0.6156772,0.89802104,0.0,1.0,0.11467671,0
0.0,0.0,0.0,1.0,0.17884913,0
0.0,0.0,0.0,0.9184161,0.14194843,0
0.0,0.0,0.0,1.0,0.19474271,0
0.6156309,0.89792854,0.0,1.0,0.09647579,0
0.0,0.0,0.0,1.0,0.117511205,0
1.0,1.0,0.0,1.0,0.08215059,0
0.55734444,0.78135556,0.0,1.0,0.12820561,0
0.6156772,0.89802104,0.0,1.0,0.074807614,0
0.0,0.0,0.0,1.0,0.22115098,0
0.0,0.0,0.0,1.0,0.17430377,0
0.0,0.0,0.0,1.0,0.15340509,0
0.6156309,0.89792854,0.0,0.8539182,0.06185884,0
0.0,0.0,0.0,1.0,0.13512823,0
1.0,1.0,0.0,1.0,0.043116983,0
0.0,0.0,0.0,1.0,0.08215059,0
0.55734444,0.78135556,0.0,0.58426434,0.06953007,1
0.6156772,0.89802104,0.0,1.0,0.1558732,0
0.0,0.0,0.0,1.0,0.18179382,0
0.0,0.0,0.0,0.7079802,0.092756756,0
0.0,0.0,0.0,1.0,0.23132564,0
0.6156309,0.89792854,0.0,1.0,0.10391843,0
0.0,0.0,0.0,1.0,0.06030022,0
1.0,1.0,0.0,0.2431063,0.05746601,2
0.0,0.0,0.0,1.0,0.12820561,0
1.0,1.0,0.0,0.58426434,0.06953007,1
0.6156772,0.89802104,0.0,1.0,0.20119618,0
0.0,0.0,0.0,0.90232676,0.113193505,0
0.0,0.0,0.0,0.7275556,0.07809352,0
0.0,0.0,0.0,1.0,0.28115156,0
0.6156309,0.89792854,0.0,1.0,0.16838267,0
0.0,0.0,0.0,1.0,0.101218395,0
1.0,1.0,0.0,0.5795024,0.08651998,1
0.0,0.0,0.0,1.0,0.074807614,0
1.0,1.0,0.0,1.0,0.1558732,0
0.55734444,0.78135556,0.0,1.0,0.20119618,0
0.0,0.0,0.0,1.0,0.2838443,0
0.0,0.0,0.0,1.0,0.24854434,0
0.0,0.0,0.0,1.0,0.080508195,0
0.6156309,0.89792854,0.0,0.55145293,0.08405388,1
0.0,0.0,0.0,1.0,0.20372179,0
1.0,1.0,0.0,1.0,0.11467671,0
0.0,0.0,0.0,1.0,0.22115098,0
1.0,1.0,0.0,1.0,0.18179382,0
0.55734444,0.78135556,0.0,0.90232676,0.113193505,0
0.6156772,0.89802104,0.0,1.0,0.2838443,0
0.0,0.0,0.0,1.0,0.1618197,0
0.0,0.0,0.0,1.0,0.36326477,0
0.6156309,0.89792854,0.0,1.0,0.27298972,0
0.0,0.0,0.0,1.0,0.2098577,0
1.0,1.0,0.0,1.0,0.17884913,0
0.0,0.0,0.0,1.0,0.17430377,0
1.0,1.0,0.0,0.7079802,0.092756756,0
0.55734444,0.78135556,0.0,0.7275556,0.07809352,0
0.6156772,0.89802104,0.0,1.0,0.24854434,0
0.0,0.0,0.0,1.0,0.1618197,0
0.0,0.0,0.0,1.0,0.32379153,0
0.6156309,0.89792854,0.0,1.0,0.19126639,0
0.0,0.0,0.0,1.0,0.06779732,0
1.0,1.0,0.0,0.9170137,0.14194843,0
0.0,0.0,0.0,1.0,0.15340509,0
1.0,1.0,0.0,1.0,0.23132564,0
0.55734444,0.78135556,0.0,1.0,0.28115156,0
0.6156772,0.89802104,0.0,1.0,0.080508195,0
0.0,0.0,0.0,1.0,0.36326477,0
0.0,0.0,0.0,1.0,0.32379153,0
0.6156309,0.89792854,0.0,1.0,0.14004195,0
0.0,0.0,0.0,1.0,0.27243176,0
1.0,1.0,0.0,1.0,0.19474271,0
0.0,0.0,0.0,0.8539182,0.06185884,0
1.0,1.0,0.0,1.0,0.10391843,0
0.55734444,0.78135556,0.0,1.0,0.16838267,0
0.6156772,0.89802104,0.0,0.55145293,0.08405388,1
0.0,0.0,0.0,1.0,0.27298972,0
0.0,0.0,0.0,1.0,0.19126639,0
0.0,0.0,0.0,1.0,0.14004195,0
0.0,0.0,0.0,1.0,0.13384561,0
1.0,1.0,0.0,1.0,0.09647579,0
0.0,0.0,0.0,1.0,0.13512823,0
1.0,1.0,0.0,1.0,0.06030022,0
0.55734444,0.78135556,0.0,1.0,0.101218395,0
0.6156772,0.89802104,0.0,1.0,0.20372179,0
0.0,0.0,0.0,1.0,0.2098577,0
0.0,0.0,0.0,1.0,0.06779732,0
0.0,0.0,0.0,1.0,0.27243176,0
0.6156309,0.89792854,0.0,1.0,0.13384561,0
1.0,1.0,0.0,1.0,0.117511205,0
0.0,0.0,0.0,1.0,0.043116983,0
1.0,1.0,0.0,0.2431063,0.05746601,2
0.55734444,0.78135556,0.0,0.5795024,0.08651998,1
0.6156772,0.89802104,0.0,1.0,0.11467671,0
0.0,0.0,0.0,1.0,0.17884913,0
0.0,0.0,0.0,0.9170137,0.14194843,0
0.0,0.0,0.0,1.0,0.19474271,0
0.6156309,0.89792854,0.0,1.0,0.09647579,0
0.0,0.0,0.0,1.0,0.117511205,0
1.0,1.0,0.0,1.0,0.08215059,0
0.55734444,0.78135556,0.0,1.0,0.12820561,0
0.6156772,0.89802104,0.0,1.0,0.074807614,0
0.0,0.0,0.0,1.0,0.22115098,0
0.0,0.0,0.0,1.0,0.17430377,0
0.0,0.0,0.0,1.0,0.15340509,0
0.6156309,0.89792854,0.0,0.85404116,0.06185884,0
0.0,0.0,0.0,1.0,0.13512823,0
1.0,1.0,0.0,1.0,0.043116983,0
0.0,0.0,0.0,1.0,0.08215059,0
0.55734444,0.78135556,0.0,0.5835937,0.06953007,1
0.6156772,0.89802104,0.0,1.0,0.1558732,0
0.0,0.0,0.0,1.0,0.18179382,0
0.0,0.0,0.0,0.70705384,0.092756756,0
0.0,0.0,0.0,1.0,0.23132564,0
0.6156309,0.89792854,0.0,1.0,0.10391843,0
0.0,0.0,0.0,1.0,0.06030022,0
1.0,1.0,0.0,0.24253573,0.05746601,2
0.0,0.0,0.0,1.0,0.12820561,0
1.0,1.0,0.0,0.5835937,0.06953007,1
0.6156772,0.89802104,0.0,1.0,0.20119618,0
0.0,0.0,0.0,0.90132904,0.113193505,0
0.0,0.0,0.0,0.72677505,0.07809352,0
0.0,0.0,0.0,1.0,0.28115156,0
0.6156309,0.89792854,0.0,1.0,0.16838267,0
0.0,0.0,0.0,1.0,0.101218395,0
1.0,1.0,0.0,0.57877415,0.08651998,1
0.0,0.0,0.0,1.0,0.074807614,0
1.0,1.0,0.0,1.0,0.1558732,0
0.55734444,0.78135556,0.0,1.0,0.20119618,0
0.0,0.0,0.0,1.0,0.2838443,0
0.0,0.0,0.0,1.0,0.24854434,0
0.0,0.0,0.0,1.0,0.080508195,0
0.6156309,0.89792854,0.0,0.55070287,0.08405388,1
0.0,0.0,0.0,1.0,0.20372179,0
1.0,1.0,0.0,1.0,0.11467671,0
0.0,0.0,0.0,1.0,0.22115098,0
1.0,1.0,0.0,1.0,0.18179382,0
0.55734444,0.78135556,0.0,0.90132904,0.113193505,0
0.6156772,0.89802104,0.0,1.0,0.2838443,0
0.0,0.0,0.0,1.0,0.1618197,0
0.0,0.0,0.0,1.0,0.36326477,0
0.6156309,0.89792854,0.0,1.0,0.27298972,0
0.0,0.0,0.0,1.0,0.2098577,0
1.0,1.0,0.0,1.0,0.17884913,0
0.0,0.0,0.0,1.0,0.17430377,0
1.0,1.0,0.0,0.70705384,0.092756756,0
0.55734444,0.78135556,0.0,0.72677505,0.07809352,0
0.6156772,0.89802104,0.0,1.0,0.24854434,0
0.0,0.0,0.0,1.0,0.1618197,0
0.0,0.0,0.0,1.0,0.32379153,0
0.6156309,0.89792854,0.0,1.0,0.19126639,0
0.0,0.0,0.0,1.0,0.06779732,0
1.0,1.0,0.0,0.91561145,0.14194843,0
0.0,0.0,0.0,1.0,0.15340509,0
1.0,1.0,0.0,1.0,0.23132564,0
0.55734444,0.78135556,0.0,1.0,0.28115156,0
0.6156772,0.89802104,0.0,1.0,0.080508195,0
0.0,0.0,0.0,1.0,0.36326477,0
0.0,0.0,0.0,1.0,0.32379153,0
0.6156309,0.89792854,0.0,1.0,0.14004195,0
0.0,0.0,0.0,1.0,0.27243176,0
1.0,1.0,0.0,1.0,0.19474271,0
0.0,0.0,0.0,0.85404116,0.06185884,0
1.0,1.0,0.0,1.0,0.10391843,0
0.55734444,0.78135556,0.0,1.0,0.16838267,0
0.6156772,0.89802104,0.0,0.55070287,0.08405388,1
0.0,0.0,0.0,1.0,0.27298972,0
0.0,0.0,0.0,1.0,0.19126639,0
0.0,0.0,0.0,1.0,0.14004195,0
0.0,0.0,0.0,1.0,0.13384561,0
1.0,1.0,0.0,1.0,0.09647579,0
0.0,0.0,0.0,1.0,0.13512823,0
1.0,1.0,0.0,1.0,0.06030022,0
0.55734444,0.78135556,0.0,1.0,0.101218395,0
0.6156772,0.89802104,0.0,1.0,0.20372179,0
0.0,0.0,0.0,1.0,0.2098577,0
0.0,0.0,0.0,1.0,0.06779732,0
0.0,0.0,0.0,1.0,0.27243176,0
0.6156309,0.89792854,0.0,1.0,0.13384561,0
1.0,1.0,0.0,1.0,0.117511205,0
0.0,0.0,0.0,1.0,0.043116983,0
1.0,1.0,0.0,0.24253573,0.05746601,2
0.55734444,0.78135556,0.0,0.57877415,0.08651998,1
0.6156772,0.89802104,0.0,1.0,0.11467671,0
0.0,0.0,0.0,1.0,0.17884913,0
0.0,0.0,0.0,0.91561145,0.14194843,0
0.0,0.0,0.0,1.0,0.19474271,0
0.6156309,0.89792854,0.0,1.0,0.09647579,0
0.0,0.0,0.0,1.0,0.117511205,0
1.0,1.0,0.0,1.0,0.08215059,0
0.55734444,0.78135556,0.0,1.0,0.12820561,0
0.6156772,0.89802104,0.0,1.0,0.074807614,0
0.0,0.0,0.0,1.0,0.22115098,0
0.0,0.0,0.0,1.0,0.17430377,0
0.0,0.0,0.0,1.0,0.15340509,0
0.6156309,0.89792854,0.0,0.8541646,0.06185884,0
0.0,0.0,0.0,1.0,0.13512823,0
1.0,1.0,0.0,1.0,0.043116983,0
0.0,0.0,0.0,1.0,0.08215059,0
0.55734444,0.78135556,0.0,0.58292323,0.06953007,1
0.6156772,0.89802104,0.0,1.0,0.1558732,0
0.0,0.0,0.0,1.0,0.18179382,0
0.0,0.0,0.0,0.7061274,0.092756756,0
0.0,0.0,0.0,1.0,0.23132564,0
0.6156309,0.89792854,0.0,1.0,0.10391843,0
0.0,0.0,0.0,1.0,0.06030022,0
1.0,1.0,0.0,0.24196517,0.05746601,2
0.0,0.0,0.0,1.0,0.12820561,0
1.0,1.0,0.0,0.58292323,0.06953007,1
0.6156772,0.89802104,0.0,1.0,0.20119618,0
0.0,0.0,0.0,0.9003316,0.113193505,0
0.0,0.0,0.0,0.7259946,0.07809352,0
0.0,0.0,0.0,1.0,0.28115156,0
0.6156309,0.89792854,0.0,1.0,0.16838267,0
0.0,0.0,0.0,1.0,0.101218395,0
1.0,1.0,0.0,0.57804626,0.08651998,1
0.0,0.0,0.0,1.0,0.074807614,0
1.0,1.0,0.0,1.0,0.1558732,0
0.55734444,0.78135556,0.0,1.0,0.20119618,0
0.0,0.0,0.0,1.0,0.2838443,0
0.0,0.0,0.0,1.0,0.24854434,0
0.0,0.0,0.0,1.0,0.080508195,0
0.6156309,0.89792854,0.0,0.5499531,0.08405388,1
0.0,0.0,0.0,1.0,0.20372179,0
1.0,1.0,0.0,1.0,0.11467671,0
0.0,0.0,0.0,1.0,0.22115098,0
1.0,1.0,0.0,1.0,0.18179382,0
0.55734444,0.78135556,0.0,0.9003316,0.113193505,0
0.6156772,0.89802104,0.0,1.0,0.2838443,0
0.0,0.0,0.0,1.0,0.1618197,0
0.0,0.0,0.0,1.0,0.36326477,0
0.6156309,0.89792854,0.0,1.0,0.27298972,0
0.0,0.0,0.0,1.0,0.2098577,0
1.0,1.0,0.0,1.0,0.17884913,0
0.0,0.0,0.0,1.0,0.17430377,0
1.0,1.0,0.0,0.7061274,0.092756756,0
0.55734444,0.78135556,0.0,0.7259946,0.07809352,0
0.6156772,0.89802104,0.0,1.0,0.24854434,0
0.0,0.0,0.0,1.0,0.1618197,0
0.0,0.0,0.0,1.0,0.32379153,0
0.6156309,0.89792854,0.0,1.0,0.19126639,0
0.0,0.0,0.0,1.0,0.06779732,0
1.0,1.0,0.0,0.9142092,0.14194843,0
0.0,0.0,0.0,1.0,0.15340509,0
1.0,1.0,0.0,1.0,0.23132564,0
0.55734444,0.78135556,0.0,1.0,0.28115156,0
0.6156772,0.89802104,0.0,1.0,0.080508195,0
0.0,0.0,0.0,1.0,0.36326477,0
0.0,0.0,0.0,1.0,0.32379153,0
0.6156309,0.89792854,0.0,1.0,0.14004195,0
0.0,0.0,0.0,1.0,0.27243176,0
1.0,1.0,0.0,1.0,0.19474271,0
0.0,0.0,0.0,0.8541646,0.06185884,0
1.0,1.0,0.0,1.0,0.10391843,0
0.55734444,0.78135556,0.0,1.0,0.16838267,0
0.6156772,0.89802104,0.0,0.5499531,0.08405388,1
0.0,0.0,0.0,1.0,0.27298972,0
0.0,0.0,0.0,1.0,0.19126639,0
0.0,0.0,0.0,1.0,0.14004195,0
0.0,0.0,0.0,1.0,0.13384561,0
1.0,1.0,0.0,1.0,0.09647579,0
0.0,0.0,0.0,1.0,0.13512823,0
1.0,1.0,0.0,1.0,0.06030022,0
0.55734444,0.78135556,0.0,1.0,0.101218395,0
0.6156772,0.89802104,0.0,1.0,0.20372179,0
0.0,0.0,0.0,1.0,0.2098577,0
0.0,0.0,0.0,1.0,0.06779732,0
0.0,0.0,0.0,1.0,0.27243176,0
0.6156309,0.89792854,0.0,1.0,0.13384561,0
1.0,1.0,0.0,1.0,0.117511205,0
0.0,0.0,0.0,1.0,0.043116983,0
1.0,1.0,0.0,0.24196517,0.05746601,2
0.55734444,0.78135556,0.0,0.57804626,0.08651998,1
0.6156772,0.89802104,0.0,1.0,0.11467671,0
0.0,0.0,0.0,1.0,0.17884913,0
0.0,0.0,0.0,0.9142092,0.14194843,0
0.0,0.0,0.0,1.0,0.19474271,0
0.6156309,0.89792854,0.0,1.0,0.09647579,0
0.0,0.0,0.0,1.0,0.117511205,0
0.56171274,0.7900921,0.0,1.0,0.08215059,0
0.56173724,0.79014117,0.0,1.0,0.12820561,0
0.6156772,0.89802104,0.0,1.0,0.074807614,0
0.0,0.0,0.0,1.0,0.22115098,0
0.0,0.0,0.0,1.0,0.17430377,0
0.0,0.0,0.0,1.0,0.15340509,0
0.6156309,0.89792854,0.0,0.8542885,0.06185884,0
0.0,0.0,0.0,1.0,0.13512823,0
1.0,1.0,0.0,1.0,0.043116983,0
0.0,0.0,0.0,1.0,0.08215059,0
0.56173724,0.79014117,0.0,0.58225274,0.06953007,1
0.6156772,0.89802104,0.0,1.0,0.1558732,0
0.0,0.0,0.0,1.0,0.18179382,0
0.0,0.0,0.0,0.705201,0.092756756,0
0.0,0.0,0.0,1.0,0.23132564,0
0.6156309,0.89792854,0.0,1.0,0.10391843,0
0.0,0.0,0.0,1.0,0.06030022,0
1.0,1.0,0.0,0.24139464,0.05746601,2
0.0,0.0,0.0,1.0,0.12820561,0
0.56171274,0.7900921,0.0,0.58225274,0.06953007,1
0.6156772,0.89802104,0.0,1.0,0.20119618,0
0.0,0.0,0.0,0.89933455,0.113193505,0
0.0,0.0,0.0,0.72521406,0.07809352,0
0.0,0.0,0.0,1.0,0.28115156,0
0.6156309,0.89792854,0.0,1.0,0.16838267,0
0.0,0.0,0.0,1.0,0.101218395,0
1.0,1.0,0.0,0.5773187,0.08651998,1
0.0,0.0,0.0,1.0,0.074807614,0
0.56171274,0.7900921,0.0,1.0,0.1558732,0
0.56173724,0.79014117,0.0,1.0,0.20119618,0
0.0,0.0,0.0,1.0,0.2838443,0
0.0,0.0,0.0,1.0,0.24854434,0
0.0,0.0,0.0,1.0,0.080508195,0
0.6156309,0.89792854,0.0,0.5492036,0.08405388,1
0.0,0.0,0.0,1.0,0.20372179,0
1.0,1.0,0.0,1.0,0.11467671,0
0.0,0.0,0.0,1.0,0.22115098,0
0.56171274,0.7900921,0.0,1.0,0.18179382,0
0.56173724,0.79014117,0.0,0.89933455,0.113193505,0
0.6156772,0.89802104,0.0,1.0,0.2838443,0
0.0,0.0,0.0,1.0,0.1618197,0
0.0,0.0,0.0,1.0,0.36326477,0
0.6156309,0.89792854,0.0,1.0,0.27298972,0
0.0,0.0,0.0,1.0,0.2098577,0
1.0,1.0,0.0,1.0,0.17884913,0
0.0,0.0,0.0,1.0,0.17430377,0
0.56171274,0.7900921,0.0,0.705201,0.092756756,0
0.56173724,0.79014117,0.0,0.72521406,0.07809352,0
0.6156772,0.89802104,0.0,1.0,0.24854434,0
0.0,0.0,0.0,1.0,0.1618197,0
0.0,0.0,0.0,1.0,0.32379153,0
0.6156309,0.89792854,0.0,1.0,0.19126639,0
0.0,0.0,0.0,1.0,0.06779732,0
1.0,1.0,0.0,0.912807,0.14194843,0
0.0,0.0,0.0,1.0,0.15340509,0
0.56171274,0.7900921,0.0,1.0,0.23132564,0
0.56173724,0.79014117,0.0,1.0,0.28115156,0
0.6156772,0.89802104,0.0,1.0,0.080508195,0
0.0,0.0,0.0,1.0,0.36326477,0
0.0,0.0,0.0,1.0,0.32379153,0
0.6156309,0.89792854,0.0,1.0,0.14004195,0
0.0,0.0,0.0,1.0,0.27243176,0
1.0,1.0,0.0,1.0,0.19474271,0
0.0,0.0,0.0,0.8542885,0.06185884,0
0.56171274,0.7900921,0.0,1.0,0.10391843,0
0.56173724,0.79014117,0.0,1.0,0.16838267,0
0.6156772,0.89802104,0.0,0.5492036,0.08405388,1
0.0,0.0,0.0,1.0,0.27298972,0
0.0,0.0,0.0,1.0,0.19126639,0
0.0,0.0,0.0,1.0,0.14004195,0
0.0,0.0,0.0,1.0,0.13384561,0
1.0,1.0,0.0,1.0,0.09647579,0
0.0,0.0,0.0,1.0,0.13512823,0
0.56171274,0.7900921,0.0,1.0,0.06030022,0
0.56173724,0.79014117,0.0,1.0,0.101218395,0
0.6156772,0.89802104,0.0,1.0,0.20372179,0
0.0,0.0,0.0,1.0,0.2098577,0
0.0,0.0,0.0,1.0,0.06779732,0
0.0,0.0,0.0,1.0,0.27243176,0
0.6156309,0.89792854,0.0,1.0,0.13384561,0
1.0,1.0,0.0,1.0,0.117511205,0
0.0,0.0,0.0,1.0,0.043116983,0
0.56171274,0.7900921,0.0,0.24139464,0.05746601,2
0.56173724,0.79014117,0.0,0.5773187,0.08651998,1
0.6156772,0.89802104,0.0,1.0,0.11467671,0
0.0,0.0,0.0,1.0,0.17884913,0
0.0,0.0,0.0,0.912807,0.14194843,0
0.0,0.0,0.0,1.0,0.19474271,0
0.6156309,0.89792854,0.0,1.0,0.09647579,0
0.0,0.0,0.0,1.0,0.117511205,0
0.56171274,0.7900921,0.0,1.0,0.08215059,0
0.56173724,0.79014117,0.0,1.0,0.12820561,0
0.6156772,0.89802104,0.0,1.0,0.074807614,0
0.0,0.0,0.0,1.0,0.22115098,0
0.0,0.0,0.0,1.0,0.17430377,0
0.0,0.0,0.0,1.0,0.15340509,0
0.6156309,0.89792854,0.0,0.8544128,0.06185884,0
0.0,0.0,0.0,1.0,0.13512823,0
1.0,1.0,0.0,1.0,0.043116983,0
0.0,0.0,0.0,1.0,0.08215059,0
0.56173724,0.79014117,0.0,0.5815823,0.06953007,1
0.6156772,0.89802104,0.0,1.0,0.1558732,0
0.0,0.0,0.0,1.0,0.18179382,0
0.0,0.0,0.0,0.70427465,0.092756756,0
0.0,0.0,0.0,1.0,0.23132564,0
0.6156309,0.89792854,0.0,1.0,0.10391843,0
0.0,0.0,0.0,1.0,0.06030022,0
1.0,1.0,0.0,0.24082413,0.05746601,2
0.0,0.0,0.0,1.0,0.12820561,0
0.56171274,0.7900921,0.0,0.5815823,0.06953007,1
0.6156772,0.89802104,0.0,1.0,0.20119618,0
0.0,0.0,0.0,0.8983378,0.113193505,0
0.0,0.0,0.0,0.7244336,0.07809352,0
0.0,0.0,0.0,1.0,0.28115156,0
0.6156309,0.89792854,0.0,1.0,0.16838267,0
0.0,0.0,0.0,1.0,0.101218395,0
1.0,1.0,0.0,0.57659155,0.08651998,1
0.0,0.0,0.0,1.0,0.074807614,0
0.56171274,0.7900921,0.0,1.0,0.1558732,0
0.56173724,0.79014117,0.0,1.0,0.20119618,0
0.0,0.0,0.0,1.0,0.2838443,0
0.0,0.0,0.0,1.0,0.24854434,0
0.0,0.0,0.0,1.0,0.080508195,0
0.6156309,0.89792854,0.0,0.54845434,0.08405388,1
0.0,0.0,0.0,1.0,0.20372179,0
1.0,1.0,0.0,1.0,0.11467671,0
0.0,0.0,0.0,1.0,0.22115098,0
0.56171274,0.7900921,0.0,1.0,0.18179382,0
0.56173724,0.79014117,0.0,0.8983378,0.113193505,0
0.6156772,0.89802104,0.0,1.0,0.2838443,0
0.0,0.0,0.0,1.0,0.1618197,0
0.0,0.0,0.0,1.0,0.36326477,0
0.6156309,0.89792854,0.0,1.0,0.27298972,0
0.0,0.0,0.0,1.0,0.2098577,0
1.0,1.0,0.0,1.0,0.17884913,0
0.0,0.0,0.0,1.0,0.17430377,0
0.56171274,0.7900921,0.0,0.70427465,0.092756756,0
0.56173724,0.79014117,0.0,0.7244336,0.07809352,0
0.6156772,0.89802104,0.0,1.0,0.24854434,0
0.0,0.0,0.0,1.0,0.1618197,0
0.0,0.0,0.0,1.0,0.32379153,0
0.6156309,0.89792854,0.0,1.0,0.19126639,0
0.0,0.0,0.0,1.0,0.06779732,0
1.0,1.0,0.0,0.91140485,0.14194843,0
0.0,0.0,0.0,1.0,0.15340509,0
0.56171274,0.7900921,0.0,1.0,0.23132564,0
0.56173724,0.79014117,0.0,1.0,0.28115156,0
0.6156772,0.89802104,0.0,1.0,0.080508195,0
0.0,0.0,0.0,1.0,0.36326477,0
0.0,0.0,0.0,1.0,0.32379153,0
0.6156309,0.89792854,0.0,1.0,0.14004195,0
0.0,0.0,0.0,1.0,0.27243176,0
1.0,1.0,0.0,1.0,0.19474271,0
0.0,0.0,0.0,0.8544128,0.06185884,0
0.56171274,0.7900921,0.0,1.0,0.10391843,0
0.56173724,0.79014117,0.0,1.0,0.16838267,0
0.6156772,0.89802104,0.0,0.54845434,0.08405388,1
0.0,0.0,0.0,1.0,0.27298972,0
0.0,0.0,0.0,1.0,0.19126639,0
0.0,0.0,0.0,1.0,0.14004195,0
0.0,0.0,0.0,1.0,0.13384561,0
1.0,1.0,0.0,1.0,0.09647579,0
0.0,0.0,0.0,1.0,0.13512823,0
0.56171274,0.7900921,0.0,1.0,0.06030022,0
0.56173724,0.79014117,0.0,1.0,0.101218395,0
0.6156772,0.89802104,0.0,1.0,0.20372179,0
0.0,0.0,0.0,1.0,0.2098577,0
0.0,0.0,0.0,1.0,0.06779732,0
0.0,0.0,0.0,1.0,0.27243176,0
0.6156309,0.89792854,0.0,1.0,0.13384561,0
1.0,1.0,0.0,1.0,0.117511205,0
0.0,0.0,0.0,1.0,0.043116983,0
0.56171274,0.7900921,0.0,0.24082413,0.05746601,2
0.56173724,0.79014117,0.0,0.57659155,0.08651998,1
0.6156772,0.89802104,0.0,1.0,0.11467671,0
0.0,0.0,0.0,1.0,0.17884913,0
0.0,0.0,0.0,0.91140485,0.14194843,0
0.0,0.0,0.0,1.0,0.19474271,0
0.6156309,0.89792854,0.0,1.0,0.09647579,0
0.0,0.0,0.0,1.0,0.117511205,0
0.56171274,0.7900921,0.0,1.0,0.08215059,0
0.56173724,0.79014117,0.0,1.0,0.12820561,0
0.6324973,0.93166125,0.0,1.0,0.074807614,0
0.0,0.0,0.0,1.0,0.22115098,0
0.0,0.0,0.0,1.0,0.17430377,0
0.0,0.0,0.0,1.0,0.15340509,0
0.6324488,0.9315643,0.0,0.85453755,0.06185884,0
0.0,0.0,0.0,1.0,0.13512823,0
1.0,1.0,0.0,1.0,0.043116983,0
0.0,0.0,0.0,1.0,0.08215059,0
0.56173724,0.79014117,0.0,0.58091193,0.06953007,1
0.6324973,0.93166125,0.0,1.0,0.1558732,0
0.0,0.0,0.0,1.0,0.18179382,0
0.0,0.0,0.0,0.7033483,0.092756756,0
0.0,0.0,0.0,1.0,0.23132564,0
0.6324488,0.9315643,0.0,1.0,0.10391843,0
0.0,0.0,0.0,1.0,0.06030022,0
1.0,1.0,0.0,0.24025364,0.05746601,2
0.0,0.0,0.0,1.0,0.12820561,0
0.56171274,0.7900921,0.0,0.58091193,0.06953007,1
0.6324973,0.93166125,0.0,1.0,0.20119618,0
0.0,0.0,0.0,0.8973413,0.113193505,0
0.0,0.0,0.0,0.72365314,0.07809352,0
0.0,0.0,0.0,1.0,0.28115156,0
0.6324488,0.9315643,0.0,1.0,0.16838267,0
0.0,0.0,0.0,1.0,0.101218395,0
1.0,1.0,0.0,0.5758648,0.08651998,1
0.0,0.0,0.0,1.0,0.074807614,0
0.56171274,0.7900921,0.0,1.0,0.1558732,0
0.56173724,0.79014117,0.0,1.0,0.20119618,0
0.0,0.0,0.0,1.0,0.2838443,0
0.0,0.0,0.0,1.0,0.24854434,0
0.0,0.0,0.0,1.0,0.080508195,0
0.6324488,0.9315643,0.0,0.54770535,0.08405388,1
0.0,0.0,0.0,1.0,0.20372179,0
1.0,1.0,0.0,1.0,0.11467671,0
0.0,0.0,0.0,1.0,0.22115098,0
0.56171274,0.7900921,0.0,1.0,0.18179382,0
0.56173724,0.79014117,0.0,0.8973413,0.113193505,0
0.6324973,0.93166125,0.0,1.0,0.2838443,0
0.0,0.0,0.0,1.0,0.1618197,0
0.0,0.0,0.0,1.0,0.36326477,0
0.6324488,0.9315643,0.0,1.0,0.27298972,0
0.0,0.0,0.0,1.0,0.2098577,0
1.0,1.0,0.0,1.0,0.17884913,0
0.0,0.0,0.0,1.0,0.17430377,0
0.56171274,0.7900921,0.0,0.7033483,0.092756756,0
0.56173724,0.79014117,0.0,0.72365314,0.07809352,0
0.6324973,0.93166125,0.0,1.0,0.24854434,0
0.0,0.0,0.0,1.0,0.1618197,0
0.0,0.0,0.0,1.0,0.32379153,0
0.6324488,0.9315643,0.0,1.0,0.19126639,0
0.0,0.0,0.0,1.0,0.06779732,0
1.0,1.0,0.0,0.91000277,0.14194843,0
0.0,0.0,0.0,1.0,0.15340509,0
0.56171274,0.7900921,0.0,1.0,0.23132564,0
0.56173724,0.79014117,0.0,1.0,0.28115156,0
0.6324973,0.93166125,0.0,1.0,0.080508195,0
0.0,0.0,0.0,1.0,0.36326477,0
0.0,0.0,0.0,1.0,0.32379153,0
0.6324488,0.9315643,0.0,1.0,0.14004195,0
0.0,0.0,0.0,1.0,0.27243176,0
1.0,1.0,0.0,1.0,0.19474271,0
0.0,0.0,0.0,0.85453755,0.06185884,0
0.56171274,0.7900921,0.0,1.0,0.10391843,0
0.56173724,0.79014117,0.0,1.0,0.16838267,0
0.6324973,0.93166125,0.0,0.54770535,0.08405388,1
0.0,0.0,0.0,1.0,0.27298972,0
0.0,0.0,0.0,1.0,0.19126639,0
0.0,0.0,0.0,1.0,0.14004195,0
0.0,0.0,0.0,1.0,0.13384561,0
1.0,1.0,0.0,1.0,0.09647579,0
0.0,0.0,0.0,1.0,0.13512823,0
0.56171274,0.7900921,0.0,1.0,0.06030022,0
0.56173724,0.79014117,0.0,1.0,0.101218395,0
0.6324973,0.93166125,0.0,1.0,0.20372179,0
0.0,0.0,0.0,1.0,0.2098577,0
0.0,0.0,0.0,1.0,0.06779732,0
0.0,0.0,0.0,1.0,0.27243176,0
0.6324488,0.9315643,0.0,1.0,0.13384561,0
1.0,1.0,0.0,1.0,0.117511205,0
0.0,0.0,0.0,1.0,0.043116983,0
0.56171274,0.7900921,0.0,0.24025364,0.05746601,2
0.56173724,0.79014117,0.0,0.5758648,0.08651998,1
0.6324973,0.93166125,0.0,1.0,0.11467671,0
0.0,0.0,0.0,1.0,0.17884913,0
0.0,0.0,0.0,0.91000277,0.14194843,0
0.0,0.0,0.0,1.0,0.19474271,0
0.6324488,0.9315643,0.0,1.0,0.09647579,0
0.0,0.0,0.0,1.0,0.117511205,0
0.56171274,0.7900921,0.0,1.0,0.08215059,0
0.56173724,0.79014117,0.0,1.0,0.12820561,0
0.6324973,0.93166125,0.0,1.0,0.074807614,0
0.0,0.0,0.0,1.0,0.22115098,0
0.0,0.0,0.0,1.0,0.17430377,0
0.0,0.0,0.0,1.0,0.15340509,0
0.6324488,0.9315643,0.0,0.85466266,0.06185884,0
0.0,0.0,0.0,1.0,0.13512823,0
1.0,1.0,0.0,1.0,0.043116983,0
0.0,0.0,0.0,1.0,0.08215059,0
0.56173724,0.79014117,0.0,0.5802416,0.06953007,1
0.6324973,0.93166125,0.0,1.0,0.1558732,0
0.0,0.0,0.0,1.0,0.18179382,0
0.0,0.0,0.0,0.7024219,0.092756756,0
0.0,0.0,0.0,1.0,0.23132564,0
0.6324488,0.9315643,0.0,1.0,0.10391843,0
0.0,0.0,0.0,1.0,0.06030022,0
1.0,1.0,0.0,0.23968317,0.05746601,2
0.0,0.0,0.0,1.0,0.12820561,0
0.56171274,0.7900921,0.0,0.5802416,0.06953007,1
0.6324973,0.93166125,0.0,1.0,0.20119618,0
0.0,0.0,0.0,0.8963452,0.113193505,0
0.0,0.0,0.0,0.7228726,0.07809352,0
0.0,0.0,0.0,1.0,0.28115156,0
0.6324488,0.9315643,0.0,1.0,0.16838267,0
0.0,0.0,0.0,1.0,0.101218395,0
1.0,1.0,0.0,0.5751384,0.08651998,1
0.0,0.0,0.0,1.0,0.074807614,0
0.56171274,0.7900921,0.0,1.0,0.1558732,0
0.56173724,0.79014117,0.0,1.0,0.20119618,0
0.0,0.0,0.0,1.0,0.2838443,0
0.0,0.0,0.0,1.0,0.24854434,0
0.0,0.0,0.0,1.0,0.080508195,0
0.6324488,0.9315643,0.0,0.54695666,0.08405388,1
0.0,0.0,0.0,1.0,0.20372179,0
1.0,1.0,0.0,1.0,0.11467671,0
0.0,0.0,0.0,1.0,0.22115098,0
0.56171274,0.7900921,0.0,1.0,0.18179382,0
0.56173724,0.79014117,0.0,0.8963452,0.113193505,0
0.6324973,0.93166125,0.0,1.0,0.2838443,0
0.0,0.0,0.0,1.0,0.1618197,0
0.0,0.0,0.0,1.0,0.36326477,0
0.6324488,0.9315643,0.0,1.0,0.27298972,0
0.0,0.0,0.0,1.0,0.2098577,0
1.0,1.0,0.0,1.0,0.17884913,0
0.0,0.0,0.0,1.0,0.17430377,0
0.56171274,0.7900921,0.0,0.7024219,0.092756756,0
0.56173724,0.79014117,0.0,0.7228726,0.07809352,0
0.6324973,0.93166125,0.0,1.0,0.24854434,0
0.0,0.0,0.0,1.0,0.1618197,0
0.0,0.0,0.0,1.0,0.32379153,0
0.6324488,0.9315643,0.0,1.0,0.19126639,0
0.0,0.0,0.0,1.0,0.06779732,0
1.0,1.0,0.0,0.90860075,0.14194843,0
0.0,0.0,0.0,1.0,0.15340509,0
0.56171274,0.7900921,0.0,1.0,0.23132564,0
0.56173724,0.79014117,0.0,1.0,0.28115156,0
0.6324973,0.93166125,0.0,1.0,0.080508195,0
0.0,0.0,0.0,1.0,0.36326477,0
0.0,0.0,0.0,1.0,0.32379153,0
0.6324488,0.9315643,0.0,1.0,0.14004195,0
0.0,0.0,0.0,1.0,0.27243176,0
1.0,1.0,0.0,1.0,0.19474271,0
0.0,0.0,0.0,0.85466266,0.06185884,0
0.56171274,0.7900921,0.0,1.0,0.10391843,0
0.56173724,0.79014117,0.0,1.0,0.16838267,0
0.6324973,0.93166125,0.0,0.54695666,0.08405388,1
0.0,0.0,0.0,1.0,0.27298972,0
0.0,0.0,0.0,1.0,0.19126639,0
0.0,0.0,0.0,1.0,0.14004195,0
0.0,0.0,0.0,1.0,0.13384561,0
1.0,1.0,0.0,1.0,0.09647579,0
0.0,0.0,0.0,1.0,0.13512823,0
0.56171274,0.7900921,0.0,1.0,0.06030022,0
0.56173724,0.79014117,0.0,1.0,0.101218395,0
0.6324973,0.93166125,0.0,1.0,0.20372179,0
0.0,0.0,0.0,1.0,0.2098577,0
0.0,0.0,0.0,1.0,0.06779732,0
0.0,0.0,0.0,1.0,0.27243176,0
0.6324488,0.9315643,0.0,1.0,0.13384561,0
1.0,1.0,0.0,1.0,0.117511205,0
0.0,0.0,0.0,1.0,0.043116983,0
0.56171274,0.7900921,0.0,0.23968317,0.05746601,2
0.56173724,0.79014117,0.0,0.5751384,0.08651998,1
0.6324973,0.93166125,0.0,1.0,0.11467671,0
0.0,0.0,0.0,1.0,0.17884913,0
0.0,0.0,0.0,0.90860075,0.14194843,0
0.0,0.0,0.0,1.0,0.19474271,0
0.6324488,0.9315643,0.0,1.0,0.09647579,0
0.0,0.0,0.0,1.0,0.117511205,0
0.56171274,0.7900921,0.0,1.0,0.08215059,0
0.56173724,0.79014117,0.0,1.0,0.12820561,0
0.6324973,0.93166125,0.0,1.0,0.074807614,0
0.0,0.0,0.0,1.0,0.22115098,0
0.0,0.0,0.0,1.0,0.17430377,0
0.0,0.0,0.0,1.0,0.15340509,0
0.6324488,0.9315643,0.0,0.85478824,0.06185884,0
0.0,0.0,0.0,1.0,0.13512823,0
1.0,1.0,0.0,1.0,0.043116983,0
0.0,0.0,0.0,1.0,0.08215059,0
0.56173724,0.79014117,0.0,0.5795714,0.06953007,1
0.6324973,0.93166125,0.0,1.0,0.1558732,0
0.0,0.0,0.0,1.0,0.18179382,0
0.0,0.0,0.0,0.7014955,0.092756756,0
0.0,0.0,0.0,1.0,0.23132564,0
0.6324488,0.9315643,0.0,1.0,0.10391843,0
0.0,0.0,0.0,1.0,0.06030022,0
1.0,1.0,0.0,0.23911272,0.05746601,2
0.0,0.0,0.0,1.0,0.12820561,0
0.56171274,0.7900921,0.0,0.5795714,0.06953007,1
0.6324973,0.93166125,0.0,1.0,0.20119618,0
0.0,0.0,0.0,0.8953494,0.113193505,0
0.0,0.0,0.0,0.72209215,0.07809352,0
0.0,0.0,0.0,1.0,0.28115156,0
0.6324488,0.9315643,0.0,1.0,0.16838267,0
0.0,0.0,0.0,1.0,0.101218395,0
1.0,1.0,0.0,0.5744124,0.08651998,1
0.0,0.0,0.0,1.0,0.074807614,0
0.56171274,0.7900921,0.0,1.0,0.1558732,0
0.56173724,0.79014117,0.0,1.0,0.20119618,0
0.0,0.0,0.0,1.0,0.2838443,0
0.0,0.0,0.0,1.0,0.24854434,0
0.0,0.0,0.0,1.0,0.080508195,0
0.6324488,0.9315643,0.0,0.5462082,0.08405388,1
0.0,0.0,0.0,1.0,0.20372179,0
1.0,1.0,0.0,1.0,0.11467671,0
0.0,0.0,0.0,1.0,0.22115098,0
0.56171274,0.7900921,0.0,1.0,0.18179382,0
0.56173724,0.79014117,0.0,0.8953494,0.113193505,0
0.6324973,0.93166125,0.0,1.0,0.2838443,0
0.0,0.0,0.0,1.0,0.1618197,0
0.0,0.0,0.0,1.0,0.36326477,0
0.6324488,0.9315643,0.0,1.0,0.27298972,0
0.0,0.0,0.0,1.0,0.2098577,0
1.0,1.0,0.0,1.0,0.17884913,0
0.0,0.0,0.0,1.0,0.17430377,0
0.56171274,0.7900921,0.0,0.7014955,0.092756756,0
0.56173724,0.79014117,0.0,0.72209215,0.07809352,0
0.6324973,0.93166125,0.0,1.0,0.24854434,0
0.0,0.0,0.0,1.0,0.1618197,0
0.0,0.0,0.0,1.0,0.32379153,0
0.6324488,0.9315643,0.0,1.0,0.19126639,0
0.0,0.0,0.0,1.0,0.06779732,0
1.0,1.0,0.0,0.9071988,0.14194843,0
0.0,0.0,0.0,1.0,0.15340509,0
0.56171274,0.7900921,0.0,1.0,0.23132564,0
0.56173724,0.79014117,0.0,1.0,0.28115156,0
0.6324973,0.93166125,0.0,1.0,0.080508195,0
0.0,0.0,0.0,1.0,0.36326477,0
0.0,0.0,0.0,1.0,0.32379153,0
0.6324488,0.9315643,0.0,1.0,0.14004195,0
0.0,0.0,0.0,1.0,0.27243176,0
1.0,1.0,0.0,1.0,0.19474271,0
0.0,0.0,0.0,0.85478824,0.06185884,0
0.56171274,0.7900921,0.0,1.0,0.10391843,0
0.56173724,0.79014117,0.0,1.0,0.16838267,0
0.6324973,0.93166125,0.0,0.5462082,0.08405388,1
0.0,0.0,0.0,1.0,0.27298972,0
0.0,0.0,0.0,1.0,0.19126639,0
0.0,0.0,0.0,1.0,0.14004195,0
0.0,0.0,0.0,1.0,0.13384561,0
1.0,1.0,0.0,1.0,0.09647579,0
0.0,0.0,0.0,1.0,0.13512823,0
0.56171274,0.7900921,0.0,1.0,0.06030022,0
0.56173724,0.79014117,0.0,1.0,0.101218395,0
0.6324973,0.93166125,0.0,1.0,0.20372179,0
0.0,0.0,0.0,1.0,0.2098577,0
0.0,0.0,0.0,1.0,0.06779732,0
0.0,0.0,0.0,1.0,0.27243176,0
0.6324488,0.9315643,0.0,1.0,0.13384561,0
1.0,1.0,0.0,1.0,0.117511205,0
0.0,0.0,0.0,1.0,0.043116983,0
0.56171274,0.7900921,0.0,0.23911272,0.05746601,2
0.56173724,0.79014117,0.0,0.5744124,0.08651998,1
0.6324973,0.93166125,0.0,1.0,0.11467671,0
0.0,0.0,0.0,1.0,0.17884913,0
0.0,0.0,0.0,0.9071988,0.14194843,0
0.0,0.0,0.0,1.0,0.19474271,0
0.6324488,0.9315643,0.0,1.0,0.09647579,0
0.0,0.0,0.0,1.0,0.117511205,0
0.56171274,0.7900921,0.0,1.0,0.08215059,0
0.56173724,0.79014117,0.0,1.0,0.12820561,0
0.6324973,0.93166125,0.0,1.0,0.074807614,0
0.0,0.0,0.0,1.0,0.22115098,0
0.0,0.0,0.0,1.0,0.17430377,0
0.0,0.0,0.0,1.0,0.15340509,0
0.6324488,0.9315643,0.0,0.8549143,0.06185884,0
0.0,0.0,0.0,1.0,0.13512823,0
1.0,1.0,0.0,1.0,0.043116983,0
0.0,0.0,0.0,1.0,0.08215059,0
0.56173724,0.79014117,0.0,0.57890123,0.06953007,1
0.6324973,0.93166125,0.0,1.0,0.1558732,0
0.0,0.0,0.0,1.0,0.18179382,0
0.0,0.0,0.0,0.70056915,0.092756756,0
0.0,0.0,0.0,1.0,0.23132564,0
0.6324488,0.9315643,0.0,1.0,0.10391843,0
0.0,0.0,0.0,1.0,0.06030022,0
1.0,1.0,0.0,0.23854227,0.05746601,2
0.0,0.0,0.0,1.0,0.12820561,0
0.56171274,0.7900921,0.0,0.57890123,0.06953007,1
0.6324973,0.93166125,0.0,1.0,0.20119618,0
0.0,0.0,0.0,0.8943539,0.113193505,0
0.0,0.0,0.0,0.7213117,0.07809352,0
0.0,0.0,0.0,1.0,0.28115156,0
0.6324488,0.9315643,0.0,1.0,0.16838267,0
0.0,0.0,0.0,1.0,0.101218395,0
1.0,1.0,0.0,0.5736868,0.08651998,1
0.0,0.0,0.0,1.0,0.074807614,0
0.56171274,0.7900921,0.0,1.0,0.1558732,0
0.56173724,0.79014117,0.0,1.0,0.20119618,0
0.0,0.0,0.0,1.0,0.2838443,0
0.0,0.0,0.0,1.0,0.24854434,0
0.0,0.0,0.0,1.0,0.080508195,0
0.6324488,0.9315643,0.0,0.54546,0.08405388,1
0.0,0.0,0.0,1.0,0.20372179,0
1.0,1.0,0.0,1.0,0.11467671,0
0.0,0.0,0.0,1.0,0.22115098,0
0.56171274,0.7900921,0.0,1.0,0.18179382,0
0.56173724,0.79014117,0.0,0.8943539,0.113193505,0
0.6324973,0.93166125,0.0,1.0,0.2838443,0
0.0,0.0,0.0,1.0,0.1618197,0
0.0,0.0,0.0,1.0,0.36326477,0
0.6324488,0.9315643,0.0,1.0,0.27298972,0
0.0,0.0,0.0,1.0,0.2098577,0
1.0,1.0,0.0,1.0,0.17884913,0
0.0,0.0,0.0,1.0,0.17430377,0
0.56171274,0.7900921,0.0,0.70056915,0.092756756,0
0.56173724,0.79014117,0.0,0.7213117,0.07809352,0
0.6324973,0.93166125,0.0,1.0,0.24854434,0
0.0,0.0,0.0,1.0,0.1618197,0
0.0,0.0,0.0,1.0,0.32379153,0
0.6324488,0.9315643,0.0,1.0,0.19126639,0
0.0,0.0,0.0,1.0,0.06779732,0
1.0,1.0,0.0,0.9057969,0.14194843,0
0.0,0.0,0.0,1.0,0.15340509,0
0.56171274,0.7900921,0.0,1.0,0.23132564,0
0.56173724,0.79014117,0.0,1.0,0.28115156,0
0.6324973,0.93166125,0.0,1.0,0.080508195,0
0.0,0.0,0.0,1.0,0.36326477,0
0.0,0.0,0.0,1.0,0.32379153,0
0.6324488,0.9315643,0.0,1.0,0.14004195,0
0.0,0.0,0.0,1.0,0.27243176,0
1.0,1.0,0.0,1.0,0.19474271,0
0.0,0.0,0.0,0.8549143,0.06185884,0
0.56171274,0.7900921,0.0,1.0,0.10391843,0
0.56173724,0.79014117,0.0,1.0,0.16838267,0
0.6324973,0.93166125,0.0,0.54546,0.08405388,1
0.0,0.0,0.0,1.0,0.27298972,0
0.0,0.0,0.0,1.0,0.19126639,0
0.0,0.0,0.0,1.0,0.14004195,0
0.0,0.0,0.0,1.0,0.13384561,0
1.0,1.0,0.0,1.0,0.09647579,0
0.0,0.0,0.0,1.0,0.13512823,0
0.56171274,0.7900921,0.0,1.0,0.06030022,0
0.56173724,0.79014117,0.0,1.0,0.101218395,0
0.6324973,0.93166125,0.0,1.0,0.20372179,0
0.0,0.0,0.0,1.0,0.2098577,0
0.0,0.0,0.0,1.0,0.06779732,0
0.0,0.0,0.0,1.0,0.27243176,0
0.6324488,0.9315643,0.0,1.0,0.13384561,0
1.0,1.0,0.0,1.0,0.117511205,0
0.0,0.0,0.0,1.0,0.043116983,0
0.56171274,0.7900921,0.0,0.23854227,0.05746601,2
0.56173724,0.79014117,0.0,0.5736868,0.08651998,1
0.6324973,0.93166125,0.0,1.0,0.11467671,0
0.0,0.0,0.0,1.0,0.17884913,0
0.0,0.0,0.0,0.9057969,0.14194843,0
0.0,0.0,0.0,1.0,0.19474271,0
0.6324488,0.9315643,0.0,1.0,0.09647579,0
0.0,0.0,0.0,1.0,0.117511205,0
0.56171274,0.7900921,0.0,1.0,0.08215059,0
0.56173724,0.79014117,0.0,1.0,0.12820561,0
0.6324973,0.93166125,0.0,1.0,0.074807614,0
0.0,0.0,0.0,1.0,0.22115098,0
0.0,0.0,0.0,1.0,0.17430377,0
0.0,0.0,0.0,1.0,0.15340509,0
0.6324488,0.9315643,0.0,0.8550407,0.06185884,0
0.0,0.0,0.0,1.0,0.13512823,0
1.0,1.0,0.0,1.0,0.043116983,0
0.0,0.0,0.0,1.0,0.08215059,0
0.56173724,0.79014117,0.0,0.5782311,0.06953007,1
0.6324973,0.93166125,0.0,1.0,0.1558732,0
0.0,0.0,0.0,1.0,0.18179382,0
0.0,0.0,0.0,0.6996428,0.092756756,0
0.0,0.0,0.0,1.0,0.23132564,0
0.6324488,0.9315643,0.0,1.0,0.10391843,0
0.0,0.0,0.0,1.0,0.06030022,0
1.0,1.0,0.0,0.23797187,0.05746601,2
0.0,0.0,0.0,1.0,0.12820561,0
0.56171274,0.7900921,0.0,0.5782311,0.06953007,1
0.6324973,0.93166125,0.0,1.0,0.20119618,0
0.0,0.0,0.0,0.89335877,0.113193505,0
0.0,0.0,0.0,0.72053117,0.07809352,0
0.0,0.0,0.0,1.0,0.28115156,0
0.6324488,0.9315643,0.0,1.0,0.16838267,0
0.0,0.0,0.0,1.0,0.101218395,0
1.0,1.0,0.0,0.57296157,0.08651998,1
0.0,0.0,0.0,1.0,0.074807614,0
0.56171274,0.7900921,0.0,1.0,0.1558732,0
0.56173724,0.79014117,0.0,1.0,0.20119618,0
0.0,0.0,0.0,1.0,0.2838443,0
0.0,0.0,0.0,1.0,0.24854434,0
0.0,0.0,0.0,1.0,0.080508195,0
0.6324488,0.9315643,0.0,0.54471207,0.08405388,1
0.0,0.0,0.0,1.0,0.20372179,0
1.0,1.0,0.0,1.0,0.11467671,0
0.0,0.0,0.0,1.0,0.22115098,0
0.56171274,0.7900921,0.0,1.0,0.18179382,0
0.56173724,0.79014117,0.0,0.89335877,0.113193505,0
0.6324973,0.93166125,0.0,1.0,0.2838443,0
0.0,0.0,0.0,1.0,0.1618197,0
0.0,0.0,0.0,1.0,0.36326477,0
0.6324488,0.9315643,0.0,1.0,0.27298972,0
0.0,0.0,0.0,1.0,0.2098577,0
1.0,1.0,0.0,1.0,0.17884913,0
0.0,0.0,0.0,1.0,0.17430377,0
0.56171274,0.7900921,0.0,0.6996428,0.092756756,0
0.56173724,0.79014117,0.0,0.72053117,0.07809352,0
0.6324973,0.93166125,0.0,1.0,0.24854434,0
0.0,0.0,0.0,1.0,0.1618197,0
0.0,0.0,0.0,1.0,0.32379153,0
0.6324488,0.9315643,0.0,1.0,0.19126639,0
0.0,0.0,0.0,1.0,0.06779732,0
1.0,1.0,0.0,0.90439504,0.14194843,0
0.0,0.0,0.0,1.0,0.15340509,0
0.56171274,0.7900921,0.0,1.0,0.23132564,0
0.56173724,0.79014117,0.0,1.0,0.28115156,0
0.6324973,0.93166125,0.0,1.0,0.080508195,0
0.0,0.0,0.0,1.0,0.36326477,0
0.0,0.0,0.0,1.0,0.32379153,0
0.6324488,0.9315643,0.0,1.0,0.14004195,0
0.0,0.0,0.0,1.0,0.27243176,0
1.0,1.0,0.0,1.0,0.19474271,0
0.0,0.0,0.0,0.8550407,0.06185884,0
0.56171274,0.7900921,0.0,1.0,0.10391843,0
0.56173724,0.79014117,0.0,1.0,0.16838267,0
0.6324973,0.93166125,0.0,0.54471207,0.08405388,1
0.0,0.0,0.0,1.0,0.27298972,0
0.0,0.0,0.0,1.0,0.19126639,0
0.0,0.0,0.0,1.0,0.14004195,0
0.0,0.0,0.0,1.0,0.13384561,0
1.0,1.0,0.0,1.0,0.09647579,0
0.0,0.0,0.0,1.0,0.13512823,0
0.56171274,0.7900921,0.0,1.0,0.06030022,0
0.56173724,0.79014117,0.0,1.0,0.101218395,0
0.6324973,0.93166125,0.0,1.0,0.20372179,0
0.0,0.0,0.0,1.0,0.2098577,0
0.0,0.0,0.0,1.0,0.06779732,0
0.0,0.0,0.0,1.0,0.27243176,0
0.6324488,0.9315643,0.0,1.0,0.13384561,0
1.0,1.0,0.0,1.0,0.117511205,0
0.0,0.0,0.0,1.0,0.043116983,0
0.56171274,0.7900921,0.0,0.23797187,0.05746601,2
0.56173724,0.79014117,0.0,0.57296157,0.08651998,1
0.6324973,0.93166125,0.0,1.0,0.11467671,0
0.0,0.0,0.0,1.0,0.17884913,0
0.0,0.0,0.0,0.90439504,0.14194843,0
0.0,0.0,0.0,1.0,0.19474271,0
0.6324488,0.9315643,0.0,1.0,0.09647579,0
0.0,0.0,0.0,1.0,0.117511205,0
0.56171274,0.7900921,0.0,1.0,0.08215059,0
0.56173724,0.79014117,0.0,1.0,0.12820561,0
0.6324973,0.93166125,0.0,1.0,0.074807614,0
0.0,0.0,0.0,1.0,0.22115098,0
0.0,0.0,0.0,1.0,0.17430377,0
0.0,0.0,0.0,1.0,0.15340509,0
0.6324488,0.9315643,0.0,0.8551676,0.06185884,0
0.0,0.0,0.0,1.0,0.13512823,0
1.0,1.0,0.0,1.0,0.043116983,0
0.0,0.0,0.0,1.0,0.08215059,0
0.56173724,0.79014117,0.0,0.577561,0.06953007,1
0.6324973,0.93166125,0.0,1.0,0.1558732,0
0.0,0.0,0.0,1.0,0.18179382,0
0.0,0.0,0.0,0.6987164,0.092756756,0
0.0,0.0,0.0,1.0,0.23132564,0
0.6324488,0.9315643,0.0,1.0,0.10391843,0
0.0,0.0,0.0,1.0,0.06030022,0
1.0,1.0,0.0,0.23740147,0.05746601,2
0.0,0.0,0.0,1.0,0.12820561,0
0.56171274,0.7900921,0.0,0.577561,0.06953007,1
0.6324973,0.93166125,0.0,1.0,0.20119618,0
0.0,0.0,0.0,0.89236397,0.113193505,0
0.0,0.0,0.0,0.7197507,0.07809352,0
0.0,0.0,0.0,1.0,0.28115156,0
0.6324488,0.9315643,0.0,1.0,0.16838267,0
0.0,0.0,0.0,1.0,0.101218395,0
1.0,1.0,0.0,0.5722367,0.08651998,1
0.0,0.0,0.0,1.0,0.074807614,0
0.56171274,0.7900921,0.0,1.0,0.1558732,0
0.56173724,0.79014117,0.0,1.0,0.20119618,0
0.0,0.0,0.0,1.0,0.2838443,0
0.0,0.0,0.0,1.0,0.24854434,0
0.0,0.0,0.0,1.0,0.080508195,0
0.6324488,0.9315643,0.0,0.54396445,0.08405388,1
0.0,0.0,0.0,1.0,0.20372179,0
1.0,1.0,0.0,1.0,0.11467671,0
0.0,0.0,0.0,1.0,0.22115098,0
0.56171274,0.7900921,0.0,1.0,0.18179382,0
0.56173724,0.79014117,0.0,0.89236397,0.113193505,0
0.6324973,0.93166125,0.0,1.0,0.2838443,0
0.0,0.0,0.0,1.0,0.1618197,0
0.0,0.0,0.0,1.0,0.36326477,0
0.6324488,0.9315643,0.0,1.0,0.27298972,0
0.0,0.0,0.0,1.0,0.2098577,0
1.0,1.0,0.0,1.0,0.17884913,0
0.0,0.0,0.0,1.0,0.17430377,0
0.56171274,0.7900921,0.0,0.6987164,0.092756756,0
0.56173724,0.79014117,0.0,0.7197507,0.07809352,0
0.6324973,0.93166125,0.0,1.0,0.24854434,0
0.0,0.0,0.0,1.0,0.1618197,0
0.0,0.0,0.0,1.0,0.32379153,0
0.6324488,0.9315643,0.0,1.0,0.19126639,0
0.0,0.0,0.0,1.0,0.06779732,0
1.0,1.0,0.0,0.9029932,0.14194843,0
0.0,0.0,0.0,1.0,0.15340509,0
0.56171274,0.7900921,0.0,1.0,0.23132564,0
0.56173724,0.79014117,0.0,1.0,0.28115156,0
0.6324973,0.93166125,0.0,1.0,0.080508195,0
0.0,0.0,0.0,1.0,0.36326477,0
0.0,0.0,0.0,1.0,0.32379153,0
0.6324488,0.9315643,0.0,1.0,0.14004195,0
0.0,0.0,0.0,1.0,0.27243176,0
1.0,1.0,0.0,1.0,0.19474271,0
0.0,0.0,0.0,0.8551676,0.06185884,0
0.56171274,0.7900921,0.0,1.0,0.10391843,0
0.56173724,0.79014117,0.0,1.0,0.16838267,0
0.6324973,0.93166125,0.0,0.54396445,0.08405388,1
0.0,0.0,0.0,1.0,0.27298972,0
0.0,0.0,0.0,1.0,0.19126639,0
0.0,0.0,0.0,1.0,0.14004195,0
0.0,0.0,0.0,1.0,0.13384561,0
1.0,1.0,0.0,1.0,0.09647579,0
0.0,0.0,0.0,1.0,0.13512823,0
0.56171274,0.7900921,0.0,1.0,0.06030022,0
0.56173724,0.79014117,0.0,1.0,0.101218395,0
0.6324973,0.93166125,0.0,1.0,0.20372179,0
0.0,0.0,0.0,1.0,0.2098577,0
0.0,0.0,0.0,1.0,0.06779732,0
0.0,0.0,0.0,1.0,0.27243176,0
0.6324488,0.9315643,0.0,1.0,0.13384561,0
1.0,1.0,0.0,1.0,0.117511205,0
0.0,0.0,0.0,1.0,0.043116983,0
0.56171274,0.7900921,0.0,0.23740147,0.05746601,2
0.56173724,0.79014117,0.0,0.5722367,0.08651998,1
0.6324973,0.93166125,0.0,1.0,0.11467671,0
0.0,0.0,0.0,1.0,0.17884913,0
0.0,0.0,0.0,0.9029932,0.14194843,0
0.0,0.0,0.0,1.0,0.19474271,0
0.6324488,0.9315643,0.0,1.0,0.09647579,0
0.0,0.0,0.0,1.0,0.117511205,0
0.56171274,0.7900921,0.0,1.0,0.08215059,0
0.56173724,0.79014117,0.0,1.0,0.12820561,0
0.6324973,0.93166125,0.0,1.0,0.074807614,0
0.0,0.0,0.0,1.0,0.22115098,0
0.0,0.0,0.0,1.0,0.17430377,0
0.0,0.0,0.0,1.0,0.15340509,0
0.6324488,0.9315643,0.0,0.8552949,0.06185884,0
0.0,0.0,0.0,1.0,0.13512823,0
1.0,1.0,0.0,1.0,0.043116983,0
0.0,0.0,0.0,1.0,0.08215059,0
0.56173724,0.79014117,0.0,0.576891,0.06953007,1
0.6324973,0.93166125,0.0,1.0,0.1558732,0
0.0,0.0,0.0,1.0,0.18179382,0
0.0,0.0,0.0,0.69779,0.092756756,0
0.0,0.0,0.0,1.0,0.23132564,0
0.6324488,0.9315643,0.0,1.0,0.10391843,0
0.0,0.0,0.0,1.0,0.06030022,0
1.0,1.0,0.0,0.2368311,0.05746601,2
0.0,0.0,0.0,1.0,0.12820561,0
0.56171274,0.7900921,0.0,0.576891,0.06953007,1
0.6324973,0.93166125,0.0,1.0,0.20119618,0
0.0,0.0,0.0,0.89136946,0.113193505,0
0.0,0.0,0.0,0.71897024,0.07809352,0
0.0,0.0,0.0,1.0,0.28115156,0
0.6324488,0.9315643,0.0,1.0,0.16838267,0
0.0,0.0,0.0,1.0,0.101218395,0
1.0,1.0,0.0,0.5715123,0.08651998,1
0.0,0.0,0.0,1.0,0.074807614,0
0.56171274,0.7900921,0.0,1.0,0.1558732,0
0.56173724,0.79014117,0.0,1.0,0.20119618,0
0.0,0.0,0.0,1.0,0.2838443,0
0.0,0.0,0.0,1.0,0.24854434,0
0.0,0.0,0.0,1.0,0.080508195,0
0.6324488,0.9315643,0.0,0.54321706,0.08405388,1
0.0,0.0,0.0,1.0,0.20372179,0
1.0,1.0,0.0,1.0,0.11467671,0
0.0,0.0,0.0,1.0,0.22115098,0
0.56171274,0.7900921,0.0,1.0,0.18179382,0
0.56173724,0.79014117,0.0,0.89136946,0.113193505,0
0.6324973,0.93166125,0.0,1.0,0.2838443,0
0.0,0.0,0.0,1.0,0.1618197,0
0.0,0.0,0.0,1.0,0.36326477,0
0.6324488,0.9315643,0.0,1.0,0.27298972,0
0.0,0.0,0.0,1.0,0.2098577,0
1.0,1.0,0.0,1.0,0.17884913,0
0.0,0.0,0.0,1.0,0.17430377,0
0.56171274,0.7900921,0.0,0.69779,0.092756756,0
0.56173724,0.79014117,0.0,0.71897024,0.07809352,0
0.6324973,0.93166125,0.0,1.0,0.24854434,0
0.0,0.0,0.0,1.0,0.1618197,0
0.0,0.0,0.0,1.0,0.32379153,0
0.6324488,0.9315643,0.0,1.0,0.19126639,0
0.0,0.0,0.0,1.0,0.06779732,0
1.0,1.0,0.0,0.9015915,0.14194843,0
0.0,0.0,0.0,1.0,0.15340509,0
0.56171274,0.7900921,0.0,1.0,0.23132564,0
0.56173724,0.79014117,0.0,1.0,0.28115156,0
0.6324973,0.93166125,0.0,1.0,0.080508195,0
0.0,0.0,0.0,1.0,0.36326477,0
0.0,0.0,0.0,1.0,0.32379153,0
0.6324488,0.9315643,0.0,1.0,0.14004195,0
0.0,0.0,0.0,1.0,0.27243176,0
1.0,1.0,0.0,1.0,0.19474271,0
0.0,0.0,0.0,0.8552949,0.06185884,0
0.56171274,0.7900921,0.0,1.0,0.10391843,0
0.56173724,0.79014117,0.0,1.0,0.16838267,0
0.6324973,0.93166125,0.0,0.54321706,0.08405388,1
0.0,0.0,0.0,1.0,0.27298972,0
0.0,0.0,0.0,1.0,0.19126639,0
0.0,0.0,0.0,1.0,0.14004195,0
0.0,0.0,0.0,1.0,0.13384561,0
1.0,1.0,0.0,1.0,0.09647579,0
0.0,0.0,0.0,1.0,0.13512823,0
0.56171274,0.7900921,0.0,1.0,0.06030022,0
0.56173724,0.79014117,0.0,1.0,0.101218395,0
0.6324973,0.93166125,0.0,1.0,0.20372179,0
0.0,0.0,0.0,1.0,0.2098577,0
0.0,0.0,0.0,1.0,0.06779732,0
0.0,0.0,0.0,1.0,0.27243176,0
0.6324488,0.9315643,0.0,1.0,0.13384561,0
1.0,1.0,0.0,1.0,0.117511205,0
0.0,0.0,0.0,1.0,0.043116983,0
0.56171274,0.7900921,0.0,0.2368311,0.05746601,2
0.56173724,0.79014117,0.0,0.5715123,0.08651998,1
0.6324973,0.93166125,0.0,1.0,0.11467671,0
0.0,0.0,0.0,1.0,0.17884913,0
0.0,0.0,0.0,0.9015915,0.14194843,0
0.0,0.0,0.0,1.0,0.19474271,0
0.6324488,0.9315643,0.0,1.0,0.09647579,0
0.0,0.0,0.0,1.0,0.117511205,0
0.56171274,0.7900921,0.0,1.0,0.08215059,0
0.56173724,0.79014117,0.0,1.0,0.12820561,0
0.6324973,0.93166125,0.0,1.0,0.074807614,0
0.0,0.0,0.0,1.0,0.22115098,0
0.0,0.0,0.0,1.0,0.17430377,0
0.0,0.0,0.0,1.0,0.15340509,0
0.6324488,0.9315643,0.0,0.8554226,0.06185884,0
0.0,0.0,0.0,1.0,0.13512823,0
1.0,1.0,0.0,1.0,0.043116983,0
0.0,0.0,0.0,1.0,0.08215059,0
0.56173724,0.79014117,0.0,0.57622105,0.06953007,1
0.6324973,0.93166125,0.0,1.0,0.1558732,0
0.0,0.0,0.0,1.0,0.18179382,0
0.0,0.0,0.0,0.69686365,0.092756756,0
0.0,0.0,0.0,1.0,0.23132564,0
0.6324488,0.9315643,0.0,1.0,0.10391843,0
0.0,0.0,0.0,1.0,0.06030022,0
1.0,1.0,0.0,0.23626076,0.05746601,2
0.0,0.0,0.0,1.0,0.12820561,0
0.56171274,0.7900921,0.0,0.57622105,0.06953007,1
0.6324973,0.93166125,0.0,1.0,0.20119618,0
0.0,0.0,0.0,0.89037526,0.113193505,0
0.0,0.0,0.0,0.7181898,0.07809352,0
0.0,0.0,0.0,1.0,0.28115156,0
0.6324488,0.9315643,0.0,1.0,0.16838267,0
0.0,0.0,0.0,1.0,0.101218395,0
1.0,1.0,0.0,0.57078826,0.08651998,1
0.0,0.0,0.0,1.0,0.074807614,0
0.56171274,0.7900921,0.0,1.0,0.1558732,0
0.56173724,0.79014117,0.0,1.0,0.20119618,0
0.0,0.0,0.0,1.0,0.2838443,0
0.0,0.0,0.0,1.0,0.24854434,0
0.0,0.0,0.0,1.0,0.080508195,0
0.6324488,0.9315643,0.0,0.54247,0.08405388,1
0.0,0.0,0.0,1.0,0.20372179,0
1.0,1.0,0.0,1.0,0.11467671,0
0.0,0.0,0.0,1.0,0.22115098,0
0.56171274,0.7900921,0.0,1.0,0.18179382,0
0.56173724,0.79014117,0.0,0.89037526,0.113193505,0
0.6324973,0.93166125,0.0,1.0,0.2838443,0
0.0,0.0,0.0,1.0,0.1618197,0
0.0,0.0,0.0,1.0,0.36326477,0
0.6324488,0.9315643,0.0,1.0,0.27298972,0
0.0,0.0,0.0,1.0,0.2098577,0
1.0,1.0,0.0,1.0,0.17884913,0
0.0,0.0,0.0,1.0,0.17430377,0
0.56171274,0.7900921,0.0,0.69686365,0.092756756,0
0.56173724,0.79014117,0.0,0.7181898,0.07809352,0
0.6324973,0.93166125,0.0,1.0,0.24854434,0
0.0,0.0,0.0,1.0,0.1618197,0
0.0,0.0,0.0,1.0,0.32379153,0
0.6324488,0.9315643,0.0,1.0,0.19126639,0
0.0,0.0,0.0,1.0,0.06779732,0
1.0,1.0,0.0,0.9001898,0.14194843,0
0.0,0.0,0.0,1.0,0.15340509,0
0.56171274,0.7900921,0.0,1.0,0.23132564,0
0.56173724,0.79014117,0.0,1.0,0.28115156,0
0.6324973,0.93166125,0.0,1.0,0.080508195,0
0.0,0.0,0.0,1.0,0.36326477,0
0.0,0.0,0.0,1.0,0.32379153,0
0.6324488,0.9315643,0.0,1.0,0.14004195,0
0.0,0.0,0.0,1.0,0.27243176,0
1.0,1.0,0.0,1.0,0.19474271,0
0.0,0.0,0.0,0.8554226,0.06185884,0
0.56171274,0.7900921,0.0,1.0,0.10391843,0
0.56173724,0.79014117,0.0,1.0,0.16838267,0
0.6324973,0.93166125,0.0,0.54247,0.08405388,1
0.0,0.0,0.0,1.0,0.27298972,0
0.0,0.0,0.0,1.0,0.19126639,0
0.0,0.0,0.0,1.0,0.14004195,0
0.0,0.0,0.0,1.0,0.13384561,0
1.0,1.0,0.0,1.0,0.09647579,0
0.0,0.0,0.0,1.0,0.13512823,0
0.56171274,0.7900921,0.0,1.0,0.06030022,0
0.56173724,0.79014117,0.0,1.0,0.101218395,0
0.6324973,0.93166125,0.0,1.0,0.20372179,0
0.0,0.0,0.0,1.0,0.2098577,0
0.0,0.0,0.0,1.0,0.06779732,0
0.0,0.0,0.0,1.0,0.27243176,0
0.6324488,0.9315643,0.0,1.0,0.13384561,0
1.0,1.0,0.0,1.0,0.117511205,0
0.0,0.0,0.0,1.0,0.043116983,0
0.56171274,0.7900921,0.0,0.23626076,0.05746601,2
0.56173724,0.79014117,0.0,0.57078826,0.08651998,1
0.6324973,0.93166125,0.0,1.0,0.11467671,0
0.0,0.0,0.0,1.0,0.17884913,0
0.0,0.0,0.0,0.9001898,0.14194843,0
0.0,0.0,0.0,1.0,0.19474271,0
0.6324488,0.9315643,0.0,1.0,0.09647579,0
0.0,0.0,0.0,1.0,0.117511205,0
1.0,1.0,0.0,1.0,0.08215059,0
0.58480334,0.8362734,0.0,1.0,0.12820561,0
0.6324973,0.93166125,0.0,1.0,0.074807614,0
0.0,0.0,0.0,1.0,0.22115098,0
0.0,0.0,0.0,1.0,0.17430377,0
0.0,0.0,0.0,1.0,0.15340509,0
0.6324488,0.9315643,0.0,0.85555077,0.06185884,0
0.0,0.0,0.0,1.0,0.13512823,0
0.34027383,0.3472143,0.0,1.0,0.043116983,0
0.0,0.0,0.0,1.0,0.08215059,0
0.58480334,0.8362734,0.0,0.5755512,0.06953007,1
0.6324973,0.93166125,0.0,1.0,0.1558732,0
0.0,0.0,0.0,1.0,0.18179382,0
0.0,0.0,0.0,0.69593734,0.092756756,0
0.0,0.0,0.0,1.0,0.23132564,0
0.6324488,0.9315643,0.0,1.0,0.10391843,0
0.0,0.0,0.0,1.0,0.06030022,0
0.34027383,0.3472143,0.0,0.23569043,0.05746601,2
0.0,0.0,0.0,1.0,0.12820561,0
1.0,1.0,0.0,0.5755512,0.06953007,1
0.6324973,0.93166125,0.0,1.0,0.20119618,0
0.0,0.0,0.0,0.8893814,0.113193505,0
0.0,0.0,0.0,0.71740925,0.07809352,0
0.0,0.0,0.0,1.0,0.28115156,0
0.6324488,0.9315643,0.0,1.0,0.16838267,0
0.0,0.0,0.0,1.0,0.101218395,0
0.34027383,0.3472143,0.0,0.5700646,0.08651998,1
0.0,0.0,0.0,1.0,0.074807614,0
1.0,1.0,0.0,1.0,0.1558732,0
0.58480334,0.8362734,0.0,1.0,0.20119618,0
0.0,0.0,0.0,1.0,0.2838443,0
0.0,0.0,0.0,1.0,0.24854434,0
0.0,0.0,0.0,1.0,0.080508195,0
0.6324488,0.9315643,0.0,0.54172313,0.08405388,1
0.0,0.0,0.0,1.0,0.20372179,0
0.34027383,0.3472143,0.0,1.0,0.11467671,0
0.0,0.0,0.0,1.0,0.22115098,0
1.0,1.0,0.0,1.0,0.18179382,0
0.58480334,0.8362734,0.0,0.8893814,0.113193505,0
0.6324973,0.93166125,0.0,1.0,0.2838443,0
0.0,0.0,0.0,1.0,0.1618197,0
0.0,0.0,0.0,1.0,0.36326477,0
0.6324488,0.9315643,0.0,1.0,0.27298972,0
0.0,0.0,0.0,1.0,0.2098577,0
0.34027383,0.3472143,0.0,1.0,0.17884913,0
0.0,0.0,0.0,1.0,0.17430377,0
1.0,1.0,0.0,0.69593734,0.092756756,0
0.58480334,0.8362734,0.0,0.71740925,0.07809352,0
0.6324973,0.93166125,0.0,1.0,0.24854434,0
0.0,0.0,0.0,1.0,0.1618197,0
0.0,0.0,0.0,1.0,0.32379153,0
0.6324488,0.9315643,0.0,1.0,0.19126639,0
0.0,0.0,0.0,1.0,0.06779732,0
0.34027383,0.3472143,0.0,0.89878815,0.14194843,0
0.0,0.0,0.0,1.0,0.15340509,0
1.0,1.0,0.0,1.0,0.23132564,0
0.58480334,0.8362734,0.0,1.0,0.28115156,0
0.6324973,0.93166125,0.0,1.0,0.080508195,0
0.0,0.0,0.0,1.0,0.36326477,0
0.0,0.0,0.0,1.0,0.32379153,0
0.6324488,0.9315643,0.0,1.0,0.14004195,0
0.0,0.0,0.0,1.0,0.27243176,0
0.34027383,0.3472143,0.0,1.0,0.19474271,0
0.0,0.0,0.0,0.85555077,0.06185884,0
1.0,1.0,0.0,1.0,0.10391843,0
0.58480334,0.8362734,0.0,1.0,0.16838267,0
0.6324973,0.93166125,0.0,0.54172313,0.08405388,1
0.0,0.0,0.0,1.0,0.27298972,0
0.0,0.0,0.0,1.0,0.19126639,0
0.0,0.0,0.0,1.0,0.14004195,0
0.0,0.0,0.0,1.0,0.13384561,0
0.34027383,0.3472143,0.0,1.0,0.09647579,0
0.0,0.0,0.0,1.0,0.13512823,0
1.0,1.0,0.0,1.0,0.06030022,0
0.58480334,0.8362734,0.0,1.0,0.101218395,0
0.6324973,0.93166125,0.0,1.0,0.20372179,0
0.0,0.0,0.0,1.0,0.2098577,0
0.0,0.0,0.0,1.0,0.06779732,0
0.0,0.0,0.0,1.0,0.27243176,0
0.6324488,0.9315643,0.0,1.0,0.13384561,0
0.34027383,0.3472143,0.0,1.0,0.117511205,0
0.0,0.0,0.0,1.0,0.043116983,0
1.0,1.0,0.0,0.23569043,0.05746601,2
0.58480334,0.8362734,0.0,0.5700646,0.08651998,1
0.6324973,0.93166125,0.0,1.0,0.11467671,0
0.0,0.0,0.0,1.0,0.17884913,0
0.0,0.0,0.0,0.89878815,0.14194843,0
0.0,0.0,0.0,1.0,0.19474271,0
0.6324488,0.9315643,0.0,1.0,0.09647579,0
0.0,0.0,0.0,1.0,0.117511205,0
1.0,1.0,0.0,1.0,0.08215059,0
0.58480334,0.8362734,0.0,1.0,0.12820561,0
0.6324973,0.93166125,0.0,1.0,0.074807614,0
0.0,0.0,0.0,1.0,0.22115098,0
0.0,0.0,0.0,1.0,0.17430377,0
0.0,0.0,0.0,1.0,0.15340509,0
0.6324488,0.9315643,0.0,0.8556794,0.06185884,0
0.0,0.0,0.0,1.0,0.13512823,0
0.34027383,0.3472143,0.0,1.0,0.043116983,0
0.0,0.0,0.0,1.0,0.08215059,0
0.58480334,0.8362734,0.0,0.5748814,0.06953007,1
0.6324973,0.93166125,0.0,1.0,0.1558732,0
0.0,0.0,0.0,1.0,0.18179382,0
0.0,0.0,0.0,0.69501096,0.092756756,0
0.0,0.0,0.0,1.0,0.23132564,0
0.6324488,0.9315643,0.0,1.0,0.10391843,0
0.0,0.0,0.0,1.0,0.06030022,0
0.34027383,0.3472143,0.0,0.23512012,0.05746601,2
0.0,0.0,0.0,1.0,0.12820561,0
1.0,1.0,0.0,0.5748814,0.06953007,1
0.6324973,0.93166125,0.0,1.0,0.20119618,0
0.0,0.0,0.0,0.8883879,0.113193505,0
0.0,0.0,0.0,0.7166288,0.07809352,0
0.0,0.0,0.0,1.0,0.28115156,0
0.6324488,0.9315643,0.0,1.0,0.16838267,0
0.0,0.0,0.0,1.0,0.101218395,0
0.34027383,0.3472143,0.0,0.5693413,0.08651998,1
0.0,0.0,0.0,1.0,0.074807614,0
1.0,1.0,0.0,1.0,0.1558732,0
0.58480334,0.8362734,0.0,1.0,0.20119618,0
0.0,0.0,0.0,1.0,0.2838443,0
0.0,0.0,0.0,1.0,0.24854434,0
0.0,0.0,0.0,1.0,0.080508195,0
0.6324488,0.9315643,0.0,0.5409766,0.08405388,1
0.0,0.0,0.0,1.0,0.20372179,0
0.34027383,0.3472143,0.0,1.0,0.11467671,0
0.0,0.0,0.0,1.0,0.22115098,0
1.0,1.0,0.0,1.0,0.18179382,0
0.58480334,0.8362734,0.0,0.8883879,0.113193505,0
0.6324973,0.93166125,0.0,1.0,0.2838443,0
0.0,0.0,0.0,1.0,0.1618197,0
0.0,0.0,0.0,1.0,0.36326477,0
0.6324488,0.9315643,0.0,1.0,0.27298972,0
0.0,0.0,0.0,1.0,0.2098577,0
0.34027383,0.3472143,0.0,1.0,0.17884913,0
0.0,0.0,0.0,1.0,0.17430377,0
1.0,1.0,0.0,0.69501096,0.092756756,0
0.58480334,0.8362734,0.0,0.7166288,0.07809352,0
0.6324973,0.93166125,0.0,1.0,0.24854434,0
0.0,0.0,0.0,1.0,0.1618197,0
0.0,0.0,0.0,1.0,0.32379153,0
0.6324488,0.9315643,0.0,1.0,0.19126639,0
0.0,0.0,0.0,1.0,0.06779732,0
0.34027383,0.3472143,0.0,0.89738655,0.14194843,0
0.0,0.0,0.0,1.0,0.15340509,0
1.0,1.0,0.0,1.0,0.23132564,0
0.58480334,0.8362734,0.0,1.0,0.28115156,0
0.6324973,0.93166125,0.0,1.0,0.080508195,0
0.0,0.0,0.0,1.0,0.36326477,0
0.0,0.0,0.0,1.0,0.32379153,0
0.6324488,0.9315643,0.0,1.0,0.14004195,0
0.0,0.0,0.0,1.0,0.27243176,0
0.34027383,0.3472143,0.0,1.0,0.19474271,0
0.0,0.0,0.0,0.8556794,0.06185884,0
1.0,1.0,0.0,1.0,0.10391843,0
0.58480334,0.8362734,0.0,1.0,0.16838267,0
0.6324973,0.93166125,0.0,0.5409766,0.08405388,1
0.0,0.0,0.0,1.0,0.27298972,0
0.0,0.0,0.0,1.0,0.19126639,0
0.0,0.0,0.0,1.0,0.14004195,0
0.0,0.0,0.0,1.0,0.13384561,0
0.34027383,0.3472143,0.0,1.0,0.09647579,0
0.0,0.0,0.0,1.0,0.13512823,0
1.0,1.0,0.0,1.0,0.06030022,0
0.58480334,0.8362734,0.0,1.0,0.101218395,0
0.6324973,0.93166125,0.0,1.0,0.20372179,0
0.0,0.0,0.0,1.0,0.2098577,0
0.0,0.0,0.0,1.0,0.06779732,0
0.0,0.0,0.0,1.0,0.27243176,0
0.6324488,0.9315643,0.0,1.0,0.13384561,0
0.34027383,0.3472143,0.0,1.0,0.117511205,0
0.0,0.0,0.0,1.0,0.043116983,0
1.0,1.0,0.0,0.23512012,0.05746601,2
0.58480334,0.8362734,0.0,0.5693413,0.08651998,1
0.6324973,0.93166125,0.0,1.0,0.11467671,0
0.0,0.0,0.0,1.0,0.17884913,0
0.0,0.0,0.0,0.89738655,0.14194843,0
0.0,0.0,0.0,1.0,0.19474271,0
0.6324488,0.9315643,0.0,1.0,0.09647579,0
0.0,0.0,0.0,1.0,0.117511205,0
1.0,1.0,0.0,1.0,0.08215059,0
0.58480334,0.8362734,0.0,1.0,0.12820561,0
0.64996654,0.9665997,0.0,1.0,0.074807614,0
0.0,0.0,0.0,1.0,0.22115098,0
0.0,0.0,0.0,1.0,0.17430377,0
0.0,0.0,0.0,1.0,0.15340509,0
0.6501499,0.96696645,0.0,0.8558084,0.06185884,0
0.0,0.0,0.0,1.0,0.13512823,0
0.34027383,0.3472143,0.0,1.0,0.043116983,0
0.0,0.0,0.0,1.0,0.08215059,0
0.58480334,0.8362734,0.0,0.5742116,0.06953007,1
0.64996654,0.9665997,0.0,1.0,0.1558732,0
0.0,0.0,0.0,1.0,0.18179382,0
0.0,0.0,0.0,0.69408464,0.092756756,0
0.0,0.0,0.0,1.0,0.23132564,0
0.6501499,0.96696645,0.0,1.0,0.10391843,0
0.0,0.0,0.0,1.0,0.06030022,0
0.34027383,0.3472143,0.0,0.23454982,0.05746601,2
0.0,0.0,0.0,1.0,0.12820561,0
1.0,1.0,0.0,0.5742116,0.06953007,1
0.64996654,0.9665997,0.0,1.0,0.20119618,0
0.0,0.0,0.0,0.8873947,0.113193505,0
0.0,0.0,0.0,0.7158483,0.07809352,0
0.0,0.0,0.0,1.0,0.28115156,0
0.6501499,0.96696645,0.0,1.0,0.16838267,0
0.0,0.0,0.0,1.0,0.101218395,0
0.34027383,0.3472143,0.0,0.5686185,0.08651998,1
0.0,0.0,0.0,1.0,0.074807614,0
1.0,1.0,0.0,1.0,0.1558732,0
0.58480334,0.8362734,0.0,1.0,0.20119618,0
0.0,0.0,0.0,1.0,0.2838443,0
0.0,0.0,0.0,1.0,0.24854434,0
0.0,0.0,0.0,1.0,0.080508195,0
0.6501499,0.96696645,0.0,0.54023033,0.08405388,1
0.0,0.0,0.0,1.0,0.20372179,0
0.34027383,0.3472143,0.0,1.0,0.11467671,0
0.0,0.0,0.0,1.0,0.22115098,0
1.0,1.0,0.0,1.0,0.18179382,0
0.58480334,0.8362734,0.0,0.8873947,0.113193505,0
0.64996654,0.9665997,0.0,1.0,0.2838443,0
0.0,0.0,0.0,1.0,0.1618197,0
0.0,0.0,0.0,1.0,0.36326477,0
0.6501499,0.96696645,0.0,1.0,0.27298972,0
0.0,0.0,0.0,1.0,0.2098577,0
0.34027383,0.3472143,0.0,1.0,0.17884913,0
0.0,0.0,0.0,1.0,0.17430377,0
1.0,1.0,0.0,0.69408464,0.092756756,0
0.58480334,0.8362734,0.0,0.7158483,0.07809352,0
0.64996654,0.9665997,0.0,1.0,0.24854434,0
0.0,0.0,0.0,1.0,0.1618197,0
0.0,0.0,0.0,1.0,0.32379153,0
0.6501499,0.96696645,0.0,1.0,0.19126639,0
0.0,0.0,0.0,1.0,0.06779732,0
0.34027383,0.3472143,0.0,0.89598507,0.14194843,0
0.0,0.0,0.0,1.0,0.15340509,0
1.0,1.0,0.0,1.0,0.23132564,0
0.58480334,0.8362734,0.0,1.0,0.28115156,0
0.64996654,0.9665997,0.0,1.0,0.080508195,0
0.0,0.0,0.0,1.0,0.36326477,0
0.0,0.0,0.0,1.0,0.32379153,0
0.6501499,0.96696645,0.0,1.0,0.14004195,0
0.0,0.0,0.0,1.0,0.27243176,0
0.34027383,0.3472143,0.0,1.0,0.19474271,0
0.0,0.0,0.0,0.8558084,0.06185884,0
1.0,1.0,0.0,1.0,0.10391843,0
0.58480334,0.8362734,0.0,1.0,0.16838267,0
0.64996654,0.9665997,0.0,0.54023033,0.08405388,1
0.0,0.0,0.0,1.0,0.27298972,0
0.0,0.0,0.0,1.0,0.19126639,0
0.0,0.0,0.0,1.0,0.14004195,0
0.0,0.0,0.0,1.0,0.13384561,0
0.34027383,0.3472143,0.0,1.0,0.09647579,0
0.0,0.0,0.0,1.0,0.13512823,0
1.0,1.0,0.0,1.0,0.06030022,0
0.58480334,0.8362734,0.0,1.0,0.101218395,0
0.64996654,0.9665997,0.0,1.0,0.20372179,0
0.0,0.0,0.0,1.0,0.2098577,0
0.0,0.0,0.0,1.0,0.06779732,0
0.0,0.0,0.0,1.0,0.27243176,0
0.6501499,0.96696645,0.0,1.0,0.13384561,0
0.34027383,0.3472143,0.0,1.0,0.117511205,0
0.0,0.0,0.0,1.0,0.043116983,0
1.0,1.0,0.0,0.23454982,0.05746601,2
0.58480334,0.8362734,0.0,0.5686185,0.08651998,1
0.64996654,0.9665997,0.0,1.0,0.11467671,0
0.0,0.0,0.0,1.0,0.17884913,0
0.0,0.0,0.0,0.89598507,0.14194843,0
0.0,0.0,0.0,1.0,0.19474271,0
0.6501499,0.96696645,0.0,1.0,0.09647579,0
0.0,0.0,0.0,1.0,0.117511205,0
1.0,1.0,0.0,1.0,0.08215059,0
0.58480334,0.8362734,0.0,1.0,0.12820561,0
0.64996654,0.9665997,0.0,1.0,0.074807614,0
0.0,0.0,0.0,1.0,0.22115098,0
0.0,0.0,0.0,1.0,0.17430377,0
0.0,0.0,0.0,1.0,0.15340509,0
0.6501499,0.96696645,0.0,0.85593784,0.06185884,0
0.0,0.0,0.0,1.0,0.13512823,0
0.34027383,0.3472143,0.0,1.0,0.043116983,0
0.0,0.0,0.0,1.0,0.08215059,0
0.58480334,0.8362734,0.0,0.5735419,0.06953007,1
0.64996654,0.9665997,0.0,1.0,0.1558732,0
0.0,0.0,0.0,1.0,0.18179382,0
0.0,0.0,0.0,0.69315827,0.092756756,0
0.0,0.0,0.0,1.0,0.23132564,0
0.6501499,0.96696645,0.0,1.0,0.10391843,0
0.0,0.0,0.0,1.0,0.06030022,0
0.34027383,0.3472143,0.0,0.23397957,0.05746601,2
0.0,0.0,0.0,1.0,0.12820561,0
1.0,1.0,0.0,0.5735419,0.06953007,1
0.64996654,0.9665997,0.0,1.0,0.20119618,0
0.0,0.0,0.0,0.8864019,0.113193505,0
0.0,0.0,0.0,0.71506786,0.07809352,0
0.0,0.0,0.0,1.0,0.28115156,0
0.6501499,0.96696645,0.0,1.0,0.16838267,0
0.0,0.0,0.0,1.0,0.101218395,0
0.34027383,0.3472143,0.0,0.567896,0.08651998,1
0.0,0.0,0.0,1.0,0.074807614,0
1.0,1.0,0.0,1.0,0.1558732,0
0.58480334,0.8362734,0.0,1.0,0.20119618,0
0.0,0.0,0.0,1.0,0.2838443,0
0.0,0.0,0.0,1.0,0.24854434,0
0.0,0.0,0.0,1.0,0.080508195,0
0.6501499,0.96696645,0.0,0.5394843,0.08405388,1
0.0,0.0,0.0,1.0,0.20372179,0
0.34027383,0.3472143,0.0,1.0,0.11467671,0
0.0,0.0,0.0,1.0,0.22115098,0
1.0,1.0,0.0,1.0,0.18179382,0
0.58480334,0.8362734,0.0,0.8864019,0.113193505,0
0.64996654,0.9665997,0.0,1.0,0.2838443,0
0.0,0.0,0.0,1.0,0.1618197,0
0.0,0.0,0.0,1.0,0.36326477,0
0.6501499,0.96696645,0.0,1.0,0.27298972,0
0.0,0.0,0.0,1.0,0.2098577,0
0.34027383,0.3472143,0.0,1.0,0.17884913,0
0.0,0.0,0.0,1.0,0.17430377,0
1.0,1.0,0.0,0.69315827,0.092756756,0
0.58480334,0.8362734,0.0,0.71506786,0.07809352,0
0.64996654,0.9665997,0.0,1.0,0.24854434,0
0.0,0.0,0.0,1.0,0.1618197,0
0.0,0.0,0.0,1.0,0.32379153,0
0.6501499,0.96696645,0.0,1.0,0.19126639,0
0.0,0.0,0.0,1.0,0.06779732,0
0.34027383,0.3472143,0.0,0.8945836,0.14194843,0
0.0,0.0,0.0,1.0,0.15340509,0
1.0,1.0,0.0,1.0,0.23132564,0
0.58480334,0.8362734,0.0,1.0,0.28115156,0
0.64996654,0.9665997,0.0,1.0,0.080508195,0
0.0,0.0,0.0,1.0,0.36326477,0
0.0,0.0,0.0,1.0,0.32379153,0
0.6501499,0.96696645,0.0,1.0,0.14004195,0
0.0,0.0,0.0,1.0,0.27243176,0
0.34027383,0.3472143,0.0,1.0,0.19474271,0
0.0,0.0,0.0,0.85593784,0.06185884,0
1.0,1.0,0.0,1.0,0.10391843,0
0.58480334,0.8362734,0.0,1.0,0.16838267,0
0.64996654,0.9665997,0.0,0.5394843,0.08405388,1
0.0,0.0,0.0,1.0,0.27298972,0
0.0,0.0,0.0,1.0,0.19126639,0
0.0,0.0,0.0,1.0,0.14004195,0
0.0,0.0,0.0,1.0,0.13384561,0
0.34027383,0.3472143,0.0,1.0,0.09647579,0
0.0,0.0,0.0,1.0,0.13512823,0
1.0,1.0,0.0,1.0,0.06030022,0
0.58480334,0.8362734,0.0,1.0,0.101218395,0
0.64996654,0.9665997,0.0,1.0,0.20372179,0
0.0,0.0,0.0,1.0,0.2098577,0
0.0,0.0,0.0,1.0,0.06779732,0
0.0,0.0,0.0,1.0,0.27243176,0
0.6501499,0.96696645,0.0,1.0,0.13384561,0
0.34027383,0.3472143,0.0,1.0,0.117511205,0
0.0,0.0,0.0,1.0,0.043116983,0
1.0,1.0,0.0,0.23397957,0.05746601,2
0.58480334,0.8362734,0.0,0.567896,0.08651998,1
0.64996654,0.9665997,0.0,1.0,0.11467671,0
0.0,0.0,0.0,1.0,0.17884913,0
0.0,0.0,0.0,0.8945836,0.14194843,0
0.0,0.0,0.0,1.0,0.19474271,0
0.6501499,0.96696645,0.0,1.0,0.09647579,0
0.0,0.0,0.0,1.0,0.117511205,0
1.0,1.0,0.0,1.0,0.08215059,0
0.58480334,0.8362734,0.0,1.0,0.12820561,0
0.64996654,0.9665997,0.0,1.0,0.074807614,0
0.0,0.0,0.0,1.0,0.22115098,0
0.0,0.0,0.0,1.0,0.17430377,0
0.0,0.0,0.0,1.0,0.15340509,0
0.6501499,0.96696645,0.0,0.8560677,0.06185884,0
0.0,0.0,0.0,1.0,0.13512823,0
0.34027383,0.3472143,0.0,1.0,0.043116983,0
0.0,0.0,0.0,1.0,0.08215059,0
0.58480334,0.8362734,0.0,0.5728722,0.06953007,1
0.64996654,0.9665997,0.0,1.0,0.1558732,0
0.0,0.0,0.0,1.0,0.18179382,0
0.0,0.0,0.0,0.69223195,0.092756756,0
0.0,0.0,0.0,1.0,0.23132564,0
0.6501499,0.96696645,0.0,1.0,0.10391843,0
0.0,0.0,0.0,1.0,0.06030022,0
0.34027383,0.3472143,0.0,0.23340932,0.05746601,2
0.0,0.0,0.0,1.0,0.12820561,0
1.0,1.0,0.0,0.5728722,0.06953007,1
0.64996654,0.9665997,0.0,1.0,0.20119618,0
0.0,0.0,0.0,0.88540936,0.113193505,0
0.0,0.0,0.0,0.7142874,0.07809352,0
0.0,0.0,0.0,1.0,0.28115156,0
0.6501499,0.96696645,0.0,1.0,0.16838267,0
0.0,0.0,0.0,1.0,0.101218395,0
0.34027383,0.3472143,0.0,0.5671739,0.08651998,1
0.0,0.0,0.0,1.0,0.074807614,0
1.0,1.0,0.0,1.0,0.1558732,0
0.58480334,0.8362734,0.0,1.0,0.20119618,0
0.0,0.0,0.0,1.0,0.2838443,0
0.0,0.0,0.0,1.0,0.24854434,0
0.0,0.0,0.0,1.0,0.080508195,0
0.6501499,0.96696645,0.0,0.5387386,0.08405388,1
0.0,0.0,0.0,1.0,0.20372179,0
0.34027383,0.3472143,0.0,1.0,0.11467671,0
0.0,0.0,0.0,1.0,0.22115098,0
1.0,1.0,0.0,1.0,0.18179382,0
0.58480334,0.8362734,0.0,0.88540936,0.113193505,0
0.64996654,0.9665997,0.0,1.0,0.2838443,0
0.0,0.0,0.0,1.0,0.1618197,0
0.0,0.0,0.0,1.0,0.36326477,0
0.6501499,0.96696645,0.0,1.0,0.27298972,0
0.0,0.0,0.0,1.0,0.2098577,0
0.34027383,0.3472143,0.0,1.0,0.17884913,0
0.0,0.0,0.0,1.0,0.17430377,0
1.0,1.0,0.0,0.69223195,0.092756756,0
0.58480334,0.8362734,0.0,0.7142874,0.07809352,0
0.64996654,0.9665997,0.0,1.0,0.24854434,0
0.0,0.0,0.0,1.0,0.1618197,0
0.0,0.0,0.0,1.0,0.32379153,0
0.6501499,0.96696645,0.0,1.0,0.19126639,0
0.0,0.0,0.0,1.0,0.06779732,0
0.34027383,0.3472143,0.0,0.89318216,0.14194843,0
0.0,0.0,0.0,1.0,0.15340509,0
1.0,1.0,0.0,1.0,0.23132564,0
0.58480334,0.8362734,0.0,1.0,0.28115156,0
0.64996654,0.9665997,0.0,1.0,0.080508195,0
0.0,0.0,0.0,1.0,0.36326477,0
0.0,0.0,0.0,1.0,0.32379153,0
0.6501499,0.96696645,0.0,1.0,0.14004195,0
0.0,0.0,0.0,1.0,0.27243176,0
0.34027383,0.3472143,0.0,1.0,0.19474271,0
0.0,0.0,0.0,0.8560677,0.06185884,0
1.0,1.0,0.0,1.0,0.10391843,0
0.58480334,0.8362734,0.0,1.0,0.16838267,0
0.64996654,0.9665997,0.0,0.5387386,0.08405388,1
0.0,0.0,0.0,1.0,0.27298972,0
0.0,0.0,0.0,1.0,0.19126639,0
0.0,0.0,0.0,1.0,0.14004195,0
0.0,0.0,0.0,1.0,0.13384561,0
0.34027383,0.3472143,0.0,1.0,0.09647579,0
0.0,0.0,0.0,1.0,0.13512823,0
1.0,1.0,0.0,1.0,0.06030022,0
0.58480334,0.8362734,0.0,1.0,0.101218395,0
0.64996654,0.9665997,0.0,1.0,0.20372179,0
0.0,0.0,0.0,1.0,0.2098577,0
0.0,0.0,0.0,1.0,0.06779732,0
0.0,0.0,0.0,1.0,0.27243176,0
0.6501499,0.96696645,0.0,1.0,0.13384561,0
0.34027383,0.3472143,0.0,1.0,0.117511205,0
0.0,0.0,0.0,1.0,0.043116983,0
1.0,1.0,0.0,0.23340932,0.05746601,2
0.58480334,0.8362734,0.0,0.5671739,0.08651998,1
0.64996654,0.9665997,0.0,1.0,0.11467671,0
0.0,0.0,0.0,1.0,0.17884913,0
0.0,0.0,0.0,0.89318216,0.14194843,0
0.0,0.0,0.0,1.0,0.19474271,0
0.6501499,0.96696645,0.0,1.0,0.09647579,0
0.0,0.0,0.0,1.0,0.117511205,0
1.0,1.0,0.0,1.0,0.08215059,0
0.58480334,0.8362734,0.0,1.0,0.12820561,0
0.64996654,0.9665997,0.0,1.0,0.074807614,0
0.0,0.0,0.0,1.0,0.22115098,0
0.0,0.0,0.0,1.0,0.17430377,0
0.0,0.0,0.0,1.0,0.15340509,0
0.6501499,0.96696645,0.0,0.856198,0.06185884,0
0.0,0.0,0.0,1.0,0.13512823,0
0.34027383,0.3472143,0.0,1.0,0.043116983,0
0.0,0.0,0.0,1.0,0.08215059,0
0.58480334,0.8362734,0.0,0.5722027,0.06953007,1
0.64996654,0.9665997,0.0,1.0,0.1558732,0
0.0,0.0,0.0,1.0,0.18179382,0
0.0,0.0,0.0,0.6913056,0.092756756,0
0.0,0.0,0.0,1.0,0.23132564,0
0.6501499,0.96696645,0.0,1.0,0.10391843,0
0.0,0.0,0.0,1.0,0.06030022,0
0.34027383,0.3472143,0.0,0.2328391,0.05746601,2
0.0,0.0,0.0,1.0,0.12820561,0
1.0,1.0,0.0,0.5722027,0.06953007,1
0.64996654,0.9665997,0.0,1.0,0.20119618,0
0.0,0.0,0.0,0.8844172,0.113193505,0
0.0,0.0,0.0,0.7135069,0.07809352,0
0.0,0.0,0.0,1.0,0.28115156,0
0.6501499,0.96696645,0.0,1.0,0.16838267,0
0.0,0.0,0.0,1.0,0.101218395,0
0.34027383,0.3472143,0.0,0.56645226,0.08651998,1
0.0,0.0,0.0,1.0,0.074807614,0
1.0,1.0,0.0,1.0,0.1558732,0
0.58480334,0.8362734,0.0,1.0,0.20119618,0
0.0,0.0,0.0,1.0,0.2838443,0
0.0,0.0,0.0,1.0,0.24854434,0
0.0,0.0,0.0,1.0,0.080508195,0
0.6501499,0.96696645,0.0,0.5379932,0.08405388,1
0.0,0.0,0.0,1.0,0.20372179,0
0.34027383,0.3472143,0.0,1.0,0.11467671,0
0.0,0.0,0.0,1.0,0.22115098,0
1.0,1.0,0.0,1.0,0.18179382,0
0.58480334,0.8362734,0.0,0.8844172,0.113193505,0
0.64996654,0.9665997,0.0,1.0,0.2838443,0
0.0,0.0,0.0,1.0,0.1618197,0
0.0,0.0,0.0,1.0,0.36326477,0
0.6501499,0.96696645,0.0,1.0,0.27298972,0
0.0,0.0,0.0,1.0,0.2098577,0
0.34027383,0.3472143,0.0,1.0,0.17884913,0
0.0,0.0,0.0,1.0,0.17430377,0
1.0,1.0,0.0,0.6913056,0.092756756,0
0.58480334,0.8362734,0.0,0.7135069,0.07809352,0
0.64996654,0.9665997,0.0,1.0,0.24854434,0
0.0,0.0,0.0,1.0,0.1618197,0
0.0,0.0,0.0,1.0,0.32379153,0
0.6501499,0.96696645,0.0,1.0,0.19126639,0
0.0,0.0,0.0,1.0,0.06779732,0
0.34027383,0.3472143,0.0,0.8917808,0.14194843,0
0.0,0.0,0.0,1.0,0.15340509,0
1.0,1.0,0.0,1.0,0.23132564,0
0.58480334,0.8362734,0.0,1.0,0.28115156,0
0.64996654,0.9665997,0.0,1.0,0.080508195,0
0.0,0.0,0.0,1.0,0.36326477,0
0.0,0.0,0.0,1.0,0.32379153,0
0.6501499,0.96696645,0.0,1.0,0.14004195,0
0.0,0.0,0.0,1.0,0.27243176,0
0.34027383,0.3472143,0.0,1.0,0.19474271,0
0.0,0.0,0.0,0.856198,0.06185884,0
1.0,1.0,0.0,1.0,0.10391843,0
0.58480334,0.8362734,0.0,1.0,0.16838267,0
0.64996654,0.9665997,0.0,0.5379932,0.08405388,1
0.0,0.0,0.0,1.0,0.27298972,0
0.0,0.0,0.0,1.0,0.19126639,0
0.0,0.0,0.0,1.0,0.14004195,0
0.0,0.0,0.0,1.0,0.13384561,0
0.34027383,0.3472143,0.0,1.0,0.09647579,0
0.0,0.0,0.0,1.0,0.13512823,0
1.0,1.0,0.0,1.0,0.06030022,0
0.58480334,0.8362734,0.0,1.0,0.101218395,0
0.64996654,0.9665997,0.0,1.0,0.20372179,0
0.0,0.0,0.0,1.0,0.2098577,0
0.0,0.0,0.0,1.0,0.06779732,0
0.0,0.0,0.0,1.0,0.27243176,0
0.6501499,0.96696645,0.0,1.0,0.13384561,0
0.34027383,0.3472143,0.0,1.0,0.117511205,0
0.0,0.0,0.0,1.0,0.043116983,0
1.0,1.0,0.0,0.2328391,0.05746601,2
0.58480334,0.8362734,0.0,0.56645226,0.08651998,1
0.64996654,0.9665997,0.0,1.0,0.11467671,0
0.0,0.0,0.0,1.0,0.17884913,0
0.0,0.0,0.0,0.8917808,0.14194843,0
0.0,0.0,0.0,1.0,0.19474271,0
0.6501499,0.96696645,0.0,1.0,0.09647579,0
0.0,0.0,0.0,1.0,0.117511205,0
1.0,1.0,0.0,1.0,0.08215059,0
0.58480334,0.8362734,0.0,1.0,0.12820561,0
0.64996654,0.9665997,0.0,1.0,0.074807614,0
0.0,0.0,0.0,1.0,0.22115098,0
0.0,0.0,0.0,1.0,0.17430377,0
0.0,0.0,0.0,1.0,0.15340509,0
0.6501499,0.96696645,0.0,0.8563287,0.06185884,0
0.0,0.0,0.0,1.0,0.13512823,0
0.34027383,0.3472143,0.0,1.0,0.043116983,0
0.0,0.0,0.0,1.0,0.08215059,0
0.58480334,0.8362734,0.0,0.57153314,0.06953007,1
0.64996654,0.9665997,0.0,1.0,0.1558732,0
0.0,0.0,0.0,1.0,0.18179382,0
0.0,0.0,0.0,0.69037926,0.092756756,0
0.0,0.0,0.0,1.0,0.23132564,0
0.6501499,0.96696645,0.0,1.0,0.10391843,0
0.0,0.0,0.0,1.0,0.06030022,0
0.34027383,0.3472143,0.0,0.2322689,0.05746601,2
0.0,0.0,0.0,1.0,0.12820561,0
1.0,1.0,0.0,0.57153314,0.06953007,1
0.64996654,0.9665997,0.0,1.0,0.20119618,0
0.0,0.0,0.0,0.88342535,0.113193505,0
0.0,0.0,0.0,0.7127264,0.07809352,0
0.0,0.0,0.0,1.0,0.28115156,0
0.6501499,0.96696645,0.0,1.0,0.16838267,0
0.0,0.0,0.0,1.0,0.101218395,0
0.34027383,0.3472143,0.0,0.565731,0.08651998,1
0.0,0.0,0.0,1.0,0.074807614,0
1.0,1.0,0.0,1.0,0.1558732,0
0.58480334,0.8362734,0.0,1.0,0.20119618,0
0.0,0.0,0.0,1.0,0.2838443,0
0.0,0.0,0.0,1.0,0.24854434,0
0.0,0.0,0.0,1.0,0.080508195,0
0.6501499,0.96696645,0.0,0.537248,0.08405388,1
0.0,0.0,0.0,1.0,0.20372179,0
0.34027383,0.3472143,0.0,1.0,0.11467671,0
0.0,0.0,0.0,1.0,0.22115098,0
1.0,1.0,0.0,1.0,0.18179382,0
0.58480334,0.8362734,0.0,0.88342535,0.113193505,0
0.64996654,0.9665997,0.0,1.0,0.2838443,0
0.0,0.0,0.0,1.0,0.1618197,0
0.0,0.0,0.0,1.0,0.36326477,0
0.6501499,0.96696645,0.0,1.0,0.27298972,0
0.0,0.0,0.0,1.0,0.2098577,0
0.34027383,0.3472143,0.0,1.0,0.17884913,0
0.0,0.0,0.0,1.0,0.17430377,0
1.0,1.0,0.0,0.69037926,0.092756756,0
0.58480334,0.8362734,0.0,0.7127264,0.07809352,0
0.64996654,0.9665997,0.0,1.0,0.24854434,0
0.0,0.0,0.0,1.0,0.1618197,0
0.0,0.0,0.0,1.0,0.32379153,0
0.6501499,0.96696645,0.0,1.0,0.19126639,0
0.0,0.0,0.0,1.0,0.06779732,0
0.34027383,0.3472143,0.0,0.8903795,0.14194843,0
0.0,0.0,0.0,1.0,0.15340509,0
1.0,1.0,0.0,1.0,0.23132564,0
0.58480334,0.8362734,0.0,1.0,0.28115156,0
0.64996654,0.9665997,0.0,1.0,0.080508195,0
0.0,0.0,0.0,1.0,0.36326477,0
0.0,0.0,0.0,1.0,0.32379153,0
0.6501499,0.96696645,0.0,1.0,0.14004195,0
0.0,0.0,0.0,1.0,0.27243176,0
0.34027383,0.3472143,0.0,1.0,0.19474271,0
0.0,0.0,0.0,0.8563287,0.06185884,0
1.0,1.0,0.0,1.0,0.10391843,0
0.58480334,0.8362734,0.0,1.0,0.16838267,0
0.64996654,0.9665997,0.0,0.537248,0.08405388,1
0.0,0.0,0.0,1.0,0.27298972,0
0.0,0.0,0.0,1.0,0.19126639,0
0.0,0.0,0.0,1.0,0.14004195,0
0.0,0.0,0.0,1.0,0.13384561,0
0.34027383,0.3472143,0.0,1.0,0.09647579,0
0.0,0.0,0.0,1.0,0.13512823,0
1.0,1.0,0.0,1.0,0.06030022,0
0.58480334,0.8362734,0.0,1.0,0.101218395,0
0.64996654,0.9665997,0.0,1.0,0.20372179,0
0.0,0.0,0.0,1.0,0.2098577,0
0.0,0.0,0.0,1.0,0.06779732,0
0.0,0.0,0.0,1.0,0.27243176,0
0.6501499,0.96696645,0.0,1.0,0.13384561,0
0.34027383,0.3472143,0.0,1.0,0.117511205,0
0.0,0.0,0.0,1.0,0.043116983,0
1.0,1.0,0.0,0.2322689,0.05746601,2
0.58480334,0.8362734,0.0,0.565731,0.08651998,1
0.64996654,0.9665997,0.0,1.0,0.11467671,0
0.0,0.0,0.0,1.0,0.17884913,0
0.0,0.0,0.0,0.8903795,0.14194843,0
0.0,0.0,0.0,1.0,0.19474271,0
0.6501499,0.96696645,0.0,1.0,0.09647579,0
0.0,0.0,0.0,1.0,0.117511205,0
1.0,1.0,0.0,1.0,0.08215059,0
0.5947531,0.85617286,0.0,1.0,0.12820561,0
0.64996654,0.9665997,0.0,1.0,0.074807614,0
0.0,0.0,0.0,1.0,0.22115098,0
0.0,0.0,0.0,1.0,0.17430377,0
0.0,0.0,0.0,1.0,0.15340509,0
0.6501499,0.96696645,0.0,0.85645986,0.06185884,0
0.0,0.0,0.0,1.0,0.13512823,0
0.34027383,0.3472143,0.0,1.0,0.043116983,0
0.0,0.0,0.0,1.0,0.08215059,0
0.5947531,0.85617286,0.0,0.57086366,0.06953007,1
0.64996654,0.9665997,0.0,1.0,0.1558732,0
0.0,0.0,0.0,1.0,0.18179382,0
0.0,0.0,0.0,0.6894529,0.092756756,0
0.0,0.0,0.0,1.0,0.23132564,0
0.6501499,0.96696645,0.0,1.0,0.10391843,0
0.0,0.0,0.0,1.0,0.06030022,0
0.34027383,0.3472143,0.0,0.23169872,0.05746601,2
0.0,0.0,0.0,1.0,0.12820561,0
1.0,1.0,0.0,0.57086366,0.06953007,1
0.64996654,0.9665997,0.0,1.0,0.20119618,0
0.0,0.0,0.0,0.88243383,0.113193505,0
0.0,0.0,0.0,0.71194595,0.07809352,0
0.0,0.0,0.0,1.0,0.28115156,0
0.6501499,0.96696645,0.0,1.0,0.16838267,0
0.0,0.0,0.0,1.0,0.101218395,0
0.34027383,0.3472143,0.0,0.56501013,0.08651998,1
0.0,0.0,0.0,1.0,0.074807614,0
1.0,1.0,0.0,1.0,0.1558732,0
0.5947531,0.85617286,0.0,1.0,0.20119618,0
0.0,0.0,0.0,1.0,0.2838443,0
0.0,0.0,0.0,1.0,0.24854434,0
0.0,0.0,0.0,1.0,0.080508195,0
0.6501499,0.96696645,0.0,0.53650314,0.08405388,1
0.0,0.0,0.0,1.0,0.20372179,0
0.34027383,0.3472143,0.0,1.0,0.11467671,0
0.0,0.0,0.0,1.0,0.22115098,0
1.0,1.0,0.0,1.0,0.18179382,0
0.5947531,0.85617286,0.0,0.88243383,0.113193505,0
0.64996654,0.9665997,0.0,1.0,0.2838443,0
0.0,0.0,0.0,1.0,0.1618197,0
0.0,0.0,0.0,1.0,0.36326477,0
0.6501499,0.96696645,0.0,1.0,0.27298972,0
0.0,0.0,0.0,1.0,0.2098577,0
0.34027383,0.3472143,0.0,1.0,0.17884913,0
0.0,0.0,0.0,1.0,0.17430377,0
1.0,1.0,0.0,0.6894529,0.092756756,0
0.5947531,0.85617286,0.0,0.71194595,0.07809352,0
0.64996654,0.9665997,0.0,1.0,0.24854434,0
0.0,0.0,0.0,1.0,0.1618197,0
0.0,0.0,0.0,1.0,0.32379153,0
0.6501499,0.96696645,0.0,1.0,0.19126639,0
0.0,0.0,0.0,1.0,0.06779732,0
0.34027383,0.3472143,0.0,0.8889783,0.14194843,0
0.0,0.0,0.0,1.0,0.15340509,0
1.0,1.0,0.0,1.0,0.23132564,0
0.5947531,0.85617286,0.0,1.0,0.28115156,0
0.64996654,0.9665997,0.0,1.0,0.080508195,0
0.0,0.0,0.0,1.0,0.36326477,0
0.0,0.0,0.0,1.0,0.32379153,0
0.6501499,0.96696645,0.0,1.0,0.14004195,0
0.0,0.0,0.0,1.0,0.27243176,0
0.34027383,0.3472143,0.0,1.0,0.19474271,0
0.0,0.0,0.0,0.85645986,0.06185884,0
1.0,1.0,0.0,1.0,0.10391843,0
0.5947531,0.85617286,0.0,1.0,0.16838267,0
0.64996654,0.9665997,0.0,0.53650314,0.08405388,1
0.0,0.0,0.0,1.0,0.27298972,0
0.0,0.0,0.0,1.0,0.19126639,0
0.0,0.0,0.0,1.0,0.14004195,0
0.0,0.0,0.0,1.0,0.13384561,0
0.34027383,0.3472143,0.0,1.0,0.09647579,0
0.0,0.0,0.0,1.0,0.13512823,0
1.0,1.0,0.0,1.0,0.06030022,0
0.5947531,0.85617286,0.0,1.0,0.101218395,0
0.64996654,0.9665997,0.0,1.0,0.20372179,0
0.0,0.0,0.0,1.0,0.2098577,0
0.0,0.0,0.0,1.0,0.06779732,0
0.0,0.0,0.0,1.0,0.27243176,0
0.6501499,0.96696645,0.0,1.0,0.13384561,0
0.34027383,0.3472143,0.0,1.0,0.117511205,0
0.0,0.0,0.0,1.0,0.043116983,0
1.0,1.0,0.0,0.23169872,0.05746601,2
0.5947531,0.85617286,0.0,0.56501013,0.08651998,1
0.64996654,0.9665997,0.0,1.0,0.11467671,0
0.0,0.0,0.0,1.0,0.17884913,0
0.0,0.0,0.0,0.8889783,0.14194843,0
0.0,0.0,0.0,1.0,0.19474271,0
0.6501499,0.96696645,0.0,1.0,0.09647579,0
0.0,0.0,0.0,1.0,0.117511205,0
1.0,1.0,0.0,1.0,0.08215059,0
0.5947531,0.85617286,0.0,1.0,0.12820561,0
0.64996654,0.9665997,0.0,1.0,0.074807614,0
0.0,0.0,0.0,1.0,0.22115098,0
0.0,0.0,0.0,1.0,0.17430377,0
0.0,0.0,0.0,1.0,0.15340509,0
0.6501499,0.96696645,0.0,0.85659146,0.06185884,0
0.0,0.0,0.0,1.0,0.13512823,0
0.34027383,0.3472143,0.0,1.0,0.043116983,0
0.0,0.0,0.0,1.0,0.08215059,0
0.5947531,0.85617286,0.0,0.5701943,0.06953007,1
0.64996654,0.9665997,0.0,1.0,0.1558732,0
0.0,0.0,0.0,1.0,0.18179382,0
0.0,0.0,0.0,0.6885266,0.092756756,0
0.0,0.0,0.0,1.0,0.23132564,0
0.6501499,0.96696645,0.0,1.0,0.10391843,0
0.0,0.0,0.0,1.0,0.06030022,0
0.34027383,0.3472143,0.0,0.23112856,0.05746601,2
0.0,0.0,0.0,1.0,0.12820561,0
1.0,1.0,0.0,0.5701943,0.06953007,1
0.64996654,0.9665997,0.0,1.0,0.20119618,0
0.0,0.0,0.0,0.88144267,0.113193505,0
0.0,0.0,0.0,0.7111655,0.07809352,0
0.0,0.0,0.0,1.0,0.28115156,0
0.6501499,0.96696645,0.0,1.0,0.16838267,0
0.0,0.0,0.0,1.0,0.101218395,0
0.34027383,0.3472143,0.0,0.5642896,0.08651998,1
0.0,0.0,0.0,1.0,0.074807614,0
1.0,1.0,0.0,1.0,0.1558732,0
0.5947531,0.85617286,0.0,1.0,0.20119618,0
0.0,0.0,0.0,1.0,0.2838443,0
0.0,0.0,0.0,1.0,0.24854434,0
0.0,0.0,0.0,1.0,0.080508195,0
0.6501499,0.96696645,0.0,0.53575855,0.08405388,1
0.0,0.0,0.0,1.0,0.20372179,0
0.34027383,0.3472143,0.0,1.0,0.11467671,0
0.0,0.0,0.0,1.0,0.22115098,0
1.0,1.0,0.0,1.0,0.18179382,0
0.5947531,0.85617286,0.0,0.88144267,0.113193505,0
0.64996654,0.9665997,0.0,1.0,0.2838443,0
0.0,0.0,0.0,1.0,0.1618197,0
0.0,0.0,0.0,1.0,0.36326477,0
0.6501499,0.96696645,0.0,1.0,0.27298972,0
0.0,0.0,0.0,1.0,0.2098577,0
0.34027383,0.3472143,0.0,1.0,0.17884913,0
0.0,0.0,0.0,1.0,0.17430377,0
1.0,1.0,0.0,0.6885266,0.092756756,0
0.5947531,0.85617286,0.0,0.7111655,0.07809352,0
0.64996654,0.9665997,0.0,1.0,0.24854434,0
0.0,0.0,0.0,1.0,0.1618197,0
0.0,0.0,0.0,1.0,0.32379153,0
0.6501499,0.96696645,0.0,1.0,0.19126639,0
0.0,0.0,0.0,1.0,0.06779732,0
0.34027383,0.3472143,0.0,0.8875771,0.14194843,0
0.0,0.0,0.0,1.0,0.15340509,0
1.0,1.0,0.0,1.0,0.23132564,0
0.5947531,0.85617286,0.0,1.0,0.28115156,0
0.64996654,0.9665997,0.0,1.0,0.080508195,0
0.0,0.0,0.0,1.0,0.36326477,0
0.0,0.0,0.0,1.0,0.32379153,0
0.6501499,0.96696645,0.0,1.0,0.14004195,0
0.0,0.0,0.0,1.0,0.27243176,0
0.34027383,0.3472143,0.0,1.0,0.19474271,0
0.0,0.0,0.0,0.85659146,0.06185884,0
1.0,1.0,0.0,1.0,0.10391843,0
0.5947531,0.85617286,0.0,1.0,0.16838267,0
0.64996654,0.9665997,0.0,0.53575855,0.08405388,1
0.0,0.0,0.0,1.0,0.27298972,0
0.0,0.0,0.0,1.0,0.19126639,0
0.0,0.0,0.0,1.0,0.14004195,0
0.0,0.0,0.0,1.0,0.13384561,0
0.34027383,0.3472143,0.0,1.0,0.09647579,0
0.0,0.0,0.0,1.0,0.13512823,0
1.0,1.0,0.0,1.0,0.06030022,0
0.5947531,0.85617286,0.0,1.0,0.101218395,0
0.64996654,0.9665997,0.0,1.0,0.20372179,0
0.0,0.0,0.0,1.0,0.2098577,0
0.0,0.0,0.0,1.0,0.06779732,0
0.0,0.0,0.0,1.0,0.27243176,0
0.6501499,0.96696645,0.0,1.0,0.13384561,0
0.34027383,0.3472143,0.0,1.0,0.117511205,0
0.0,0.0,0.0,1.0,0.043116983,0
1.0,1.0,0.0,0.23112856,0.05746601,2
0.5947531,0.85617286,0.0,0.5642896,0.08651998,1
0.64996654,0.9665997,0.0,1.0,0.11467671,0
0.0,0.0,0.0,1.0,0.17884913,0
0.0,0.0,0.0,0.8875771,0.14194843,0
0.0,0.0,0.0,1.0,0.19474271,0
0.6501499,0.96696645,0.0,1.0,0.09647579,0
0.0,0.0,0.0,1.0,0.117511205,0
0.5862375,0.83914167,0.0,1.0,0.08215059,0
0.58634394,0.8393546,0.0,1.0,0.12820561,0
0.6624304,0.9915275,0.0,1.0,0.074807614,0
0.0,0.0,0.0,1.0,0.22115098,0
0.0,0.0,0.0,1.0,0.17430377,0
0.0,0.0,0.0,1.0,0.15340509,0
0.6501499,0.96696645,0.0,0.8567235,0.06185884,0
0.0,0.0,0.0,1.0,0.13512823,0
1.0,1.0,0.0,1.0,0.043116983,0
0.0,0.0,0.0,1.0,0.08215059,0
0.58634394,0.8393546,0.0,0.56952494,0.06953007,1
0.6624304,0.9915275,0.0,1.0,0.1558732,0
0.0,0.0,0.0,1.0,0.18179382,0
0.0,0.0,0.0,0.68760026,0.092756756,0
0.0,0.0,0.0,1.0,0.23132564,0
0.6501499,0.96696645,0.0,1.0,0.10391843,0
0.0,0.0,0.0,1.0,0.06030022,0
1.0,1.0,0.0,0.23055843,0.05746601,2
0.0,0.0,0.0,1.0,0.12820561,0
0.5862375,0.83914167,0.0,0.56952494,0.06953007,1
0.6624304,0.9915275,0.0,1.0,0.20119618,0
0.0,0.0,0.0,0.88045186,0.113193505,0
0.0,0.0,0.0,0.710385,0.07809352,0
0.0,0.0,0.0,1.0,0.28115156,0
0.6501499,0.96696645,0.0,1.0,0.16838267,0
0.0,0.0,0.0,1.0,0.101218395,0
1.0,1.0,0.0,0.5635696,0.08651998,1
0.0,0.0,0.0,1.0,0.074807614,0
0.5862375,0.83914167,0.0,1.0,0.1558732,0
0.58634394,0.8393546,0.0,1.0,0.20119618,0
0.0,0.0,0.0,1.0,0.2838443,0
0.0,0.0,0.0,1.0,0.24854434,0
0.0,0.0,0.0,1.0,0.080508195,0
0.6501499,0.96696645,0.0,0.5350143,0.08405388,1
0.0,0.0,0.0,1.0,0.20372179,0
1.0,1.0,0.0,1.0,0.11467671,0
0.0,0.0,0.0,1.0,0.22115098,0
0.5862375,0.83914167,0.0,1.0,0.18179382,0
0.58634394,0.8393546,0.0,0.88045186,0.113193505,0
0.6624304,0.9915275,0.0,1.0,0.2838443,0
0.0,0.0,0.0,1.0,0.1618197,0
0.0,0.0,0.0,1.0,0.36326477,0
0.6501499,0.96696645,0.0,1.0,0.27298972,0
0.0,0.0,0.0,1.0,0.2098577,0
1.0,1.0,0.0,1.0,0.17884913,0
0.0,0.0,0.0,1.0,0.17430377,0
0.5862375,0.83914167,0.0,0.68760026,0.092756756,0
0.58634394,0.8393546,0.0,0.710385,0.07809352,0
0.6624304,0.9915275,0.0,1.0,0.24854434,0
0.0,0.0,0.0,1.0,0.1618197,0
0.0,0.0,0.0,1.0,0.32379153,0
0.6501499,0.96696645,0.0,1.0,0.19126639,0
0.0,0.0,0.0,1.0,0.06779732,0
1.0,1.0,0.0,0.886176,0.14194843,0
0.0,0.0,0.0,1.0,0.15340509,0
0.5862375,0.83914167,0.0,1.0,0.23132564,0
0.58634394,0.8393546,0.0,1.0,0.28115156,0
0.6624304,0.9915275,0.0,1.0,0.080508195,0
0.0,0.0,0.0,1.0,0.36326477,0
0.0,0.0,0.0,1.0,0.32379153,0
0.6501499,0.96696645,0.0,1.0,0.14004195,0
0.0,0.0,0.0,1.0,0.27243176,0
1.0,1.0,0.0,1.0,0.19474271,0
0.0,0.0,0.0,0.8567235,0.06185884,0
0.5862375,0.83914167,0.0,1.0,0.10391843,0
0.58634394,0.8393546,0.0,1.0,0.16838267,0
0.6624304,0.9915275,0.0,0.5350143,0.08405388,1
0.0,0.0,0.0,1.0,0.27298972,0
0.0,0.0,0.0,1.0,0.19126639,0
0.0,0.0,0.0,1.0,0.14004195,0
0.0,0.0,0.0,1.0,0.13384561,0
1.0,1.0,0.0,1.0,0.09647579,0
0.0,0.0,0.0,1.0,0.13512823,0
0.5862375,0.83914167,0.0,1.0,0.06030022,0
0.58634394,0.8393546,0.0,1.0,0.101218395,0
0.6624304,0.9915275,0.0,1.0,0.20372179,0
0.0,0.0,0.0,1.0,0.2098577,0
0.0,0.0,0.0,1.0,0.06779732,0
0.0,0.0,0.0,1.0,0.27243176,0
0.6501499,0.96696645,0.0,1.0,0.13384561,0
1.0,1.0,0.0,1.0,0.117511205,0
0.0,0.0,0.0,1.0,0.043116983,0
0.5862375,0.83914167,0.0,0.23055843,0.05746601,2
0.58634394,0.8393546,0.0,0.5635696,0.08651998,1
0.6624304,0.9915275,0.0,1.0,0.11467671,0
0.0,0.0,0.0,1.0,0.17884913,0
0.0,0.0,0.0,0.886176,0.14194843,0
0.0,0.0,0.0,1.0,0.19474271,0
0.6501499,0.96696645,0.0,1.0,0.09647579,0
0.0,0.0,0.0,1.0,0.117511205,0
0.5862375,0.83914167,0.0,1.0,0.08215059,0
0.58634394,0.8393546,0.0,1.0,0.12820561,0
0.6624304,0.9915275,0.0,1.0,0.074807614,0
0.0,0.0,0.0,1.0,0.22115098,0
0.0,0.0,0.0,1.0,0.17430377,0
0.0,0.0,0.0,1.0,0.15340509,0
0.6501499,0.96696645,0.0,0.85685587,0.06185884,0
0.0,0.0,0.0,1.0,0.13512823,0
1.0,1.0,0.0,1.0,0.043116983,0
0.0,0.0,0.0,1.0,0.08215059,0
0.58634394,0.8393546,0.0,0.5688557,0.06953007,1
0.6624304,0.9915275,0.0,1.0,0.1558732,0
0.0,0.0,0.0,1.0,0.18179382,0
0.0,0.0,0.0,0.68667394,0.092756756,0
0.0,0.0,0.0,1.0,0.23132564,0
0.6501499,0.96696645,0.0,1.0,0.10391843,0
0.0,0.0,0.0,1.0,0.06030022,0
1.0,1.0,0.0,0.2299883,0.05746601,2
0.0,0.0,0.0,1.0,0.12820561,0
0.5862375,0.83914167,0.0,0.5688557,0.06953007,1
0.6624304,0.9915275,0.0,1.0,0.20119618,0
0.0,0.0,0.0,0.87946135,0.113193505,0
0.0,0.0,0.0,0.70960456,0.07809352,0
0.0,0.0,0.0,1.0,0.28115156,0
0.6501499,0.96696645,0.0,1.0,0.16838267,0
0.0,0.0,0.0,1.0,0.101218395,0
1.0,1.0,0.0,0.56284994,0.08651998,1
0.0,0.0,0.0,1.0,0.074807614,0
0.5862375,0.83914167,0.0,1.0,0.1558732,0
0.58634394,0.8393546,0.0,1.0,0.20119618,0
0.0,0.0,0.0,1.0,0.2838443,0
0.0,0.0,0.0,1.0,0.24854434,0
0.0,0.0,0.0,1.0,0.080508195,0
0.6501499,0.96696645,0.0,0.5342702,0.08405388,1
0.0,0.0,0.0,1.0,0.20372179,0
1.0,1.0,0.0,1.0,0.11467671,0
0.0,0.0,0.0,1.0,0.22115098,0
0.5862375,0.83914167,0.0,1.0,0.18179382,0
0.58634394,0.8393546,0.0,0.87946135,0.113193505,0
0.6624304,0.9915275,0.0,1.0,0.2838443,0
0.0,0.0,0.0,1.0,0.1618197,0
0.0,0.0,0.0,1.0,0.36326477,0
0.6501499,0.96696645,0.0,1.0,0.27298972,0
0.0,0.0,0.0,1.0,0.2098577,0
1.0,1.0,0.0,1.0,0.17884913,0
0.0,0.0,0.0,1.0,0.17430377,0
0.5862375,0.83914167,0.0,0.68667394,0.092756756,0
0.58634394,0.8393546,0.0,0.70960456,0.07809352,0
0.6624304,0.9915275,0.0,1.0,0.24854434,0
0.0,0.0,0.0,1.0,0.1618197,0
0.0,0.0,0.0,1.0,0.32379153,0
0.6501499,0.96696645,0.0,1.0,0.19126639,0
0.0,0.0,0.0,1.0,0.06779732,0
1.0,1.0,0.0,0.8847749,0.14194843,0
0.0,0.0,0.0,1.0,0.15340509,0
0.5862375,0.83914167,0.0,1.0,0.23132564,0
0.58634394,0.8393546,0.0,1.0,0.28115156,0
0.6624304,0.9915275,0.0,1.0,0.080508195,0
0.0,0.0,0.0,1.0,0.36326477,0
0.0,0.0,0.0,1.0,0.32379153,0
0.6501499,0.96696645,0.0,1.0,0.14004195,0
0.0,0.0,0.0,1.0,0.27243176,0
1.0,1.0,0.0,1.0,0.19474271,0
0.0,0.0,0.0,0.85685587,0.06185884,0
0.5862375,0.83914167,0.0,1.0,0.10391843,0
0.58634394,0.8393546,0.0,1.0,0.16838267,0
0.6624304,0.9915275,0.0,0.5342702,0.08405388,1
0.0,0.0,0.0,1.0,0.27298972,0
0.0,0.0,0.0,1.0,0.19126639,0
0.0,0.0,0.0,1.0,0.14004195,0
0.0,0.0,0.0,1.0,0.13384561,0
1.0,1.0,0.0,1.0,0.09647579,0
0.0,0.0,0.0,1.0,0.13512823,0
0.5862375,0.83914167,0.0,1.0,0.06030022,0
0.58634394,0.8393546,0.0,1.0,0.101218395,0
0.6624304,0.9915275,0.0,1.0,0.20372179,0
0.0,0.0,0.0,1.0,0.2098577,0
0.0,0.0,0.0,1.0,0.06779732,0
0.0,0.0,0.0,1.0,0.27243176,0
0.6501499,0.96696645,0.0,1.0,0.13384561,0
1.0,1.0,0.0,1.0,0.117511205,0
0.0,0.0,0.0,1.0,0.043116983,0
0.5862375,0.83914167,0.0,0.2299883,0.05746601,2
0.58634394,0.8393546,0.0,0.56284994,0.08651998,1
0.6624304,0.9915275,0.0,1.0,0.11467671,0
0.0,0.0,0.0,1.0,0.17884913,0
0.0,0.0,0.0,0.8847749,0.14194843,0
0.0,0.0,0.0,1.0,0.19474271,0
0.6501499,0.96696645,0.0,1.0,0.09647579,0
0.0,0.0,0.0,1.0,0.117511205,0
0.5862375,0.83914167,0.0,1.0,0.08215059,0
0.58634394,0.8393546,0.0,1.0,0.12820561,0
0.66707057,1.0,0.0,1.0,0.074807614,0
0.0,0.0,0.0,1.0,0.22115098,0
0.0,0.0,0.0,1.0,0.17430377,0
0.0,0.0,0.0,1.0,0.15340509,0
0.66724336,1.0,0.0,0.8569887,0.06185884,0
0.0,0.0,0.0,1.0,0.13512823,0
1.0,1.0,0.0,1.0,0.043116983,0
0.0,0.0,0.0,1.0,0.08215059,0
0.58634394,0.8393546,0.0,0.56818646,0.06953007,1
0.66707057,1.0,0.0,1.0,0.1558732,0
0.0,0.0,0.0,1.0,0.18179382,0
0.0,0.0,0.0,0.6857476,0.092756756,0
0.0,0.0,0.0,1.0,0.23132564,0
0.66724336,1.0,0.0,1.0,0.10391843,0
0.0,0.0,0.0,1.0,0.06030022,0
1.0,1.0,0.0,0.22941822,0.05746601,2
0.0,0.0,0.0,1.0,0.12820561,0
0.5862375,0.83914167,0.0,0.56818646,0.06953007,1
0.66707057,1.0,0.0,1.0,0.20119618,0
0.0,0.0,0.0,0.8784712,0.113193505,0
0.0,0.0,0.0,0.7088241,0.07809352,0
0.0,0.0,0.0,1.0,0.28115156,0
0.66724336,1.0,0.0,1.0,0.16838267,0
0.0,0.0,0.0,1.0,0.101218395,0
1.0,1.0,0.0,0.56213075,0.08651998,1
0.0,0.0,0.0,1.0,0.074807614,0
0.5862375,0.83914167,0.0,1.0,0.1558732,0
0.58634394,0.8393546,0.0,1.0,0.20119618,0
0.0,0.0,0.0,1.0,0.2838443,0
0.0,0.0,0.0,1.0,0.24854434,0
0.0,0.0,0.0,1.0,0.080508195,0
0.66724336,1.0,0.0,0.5335265,0.08405388,1
0.0,0.0,0.0,1.0,0.20372179,0
1.0,1.0,0.0,1.0,0.11467671,0
0.0,0.0,0.0,1.0,0.22115098,0
0.5862375,0.83914167,0.0,1.0,0.18179382,0
0.58634394,0.8393546,0.0,0.8784712,0.113193505,0
0.66707057,1.0,0.0,1.0,0.2838443,0
0.0,0.0,0.0,1.0,0.1618197,0
0.0,0.0,0.0,1.0,0.36326477,0
0.66724336,1.0,0.0,1.0,0.27298972,0
0.0,0.0,0.0,1.0,0.2098577,0
1.0,1.0,0.0,1.0,0.17884913,0
0.0,0.0,0.0,1.0,0.17430377,0
0.5862375,0.83914167,0.0,0.6857476,0.092756756,0
0.58634394,0.8393546,0.0,0.7088241,0.07809352,0
0.66707057,1.0,0.0,1.0,0.24854434,0
0.0,0.0,0.0,1.0,0.1618197,0
0.0,0.0,0.0,1.0,0.32379153,0
0.66724336,1.0,0.0,1.0,0.19126639,0
0.0,0.0,0.0,1.0,0.06779732,0
1.0,1.0,0.0,0.8833739,0.14194843,0
0.0,0.0,0.0,1.0,0.15340509,0
0.5862375,0.83914167,0.0,1.0,0.23132564,0
0.58634394,0.8393546,0.0,1.0,0.28115156,0
0.66707057,1.0,0.0,1.0,0.080508195,0
0.0,0.0,0.0,1.0,0.36326477,0
0.0,0.0,0.0,1.0,0.32379153,0
0.66724336,1.0,0.0,1.0,0.14004195,0
0.0,0.0,0.0,1.0,0.27243176,0
1.0,1.0,0.0,1.0,0.19474271,0
0.0,0.0,0.0,0.8569887,0.06185884,0
0.5862375,0.83914167,0.0,1.0,0.10391843,0
0.58634394,0.8393546,0.0,1.0,0.16838267,0
0.66707057,1.0,0.0,0.5335265,0.08405388,1
0.0,0.0,0.0,1.0,0.27298972,0
0.0,0.0,0.0,1.0,0.19126639,0
0.0,0.0,0.0,1.0,0.14004195,0
0.0,0.0,0.0,1.0,0.13384561,0
1.0,1.0,0.0,1.0,0.09647579,0
0.0,0.0,0.0,1.0,0.13512823,0
0.5862375,0.83914167,0.0,1.0,0.06030022,0
0.58634394,0.8393546,0.0,1.0,0.101218395,0
0.66707057,1.0,0.0,1.0,0.20372179,0
0.0,0.0,0.0,1.0,0.2098577,0
0.0,0.0,0.0,1.0,0.06779732,0
0.0,0.0,0.0,1.0,0.27243176,0
0.66724336,1.0,0.0,1.0,0.13384561,0
1.0,1.0,0.0,1.0,0.117511205,0
0.0,0.0,0.0,1.0,0.043116983,0
0.5862375,0.83914167,0.0,0.22941822,0.05746601,2
0.58634394,0.8393546,0.0,0.56213075,0.08651998,1
0.66707057,1.0,0.0,1.0,0.11467671,0
0.0,0.0,0.0,1.0,0.17884913,0
0.0,0.0,0.0,0.8833739,0.14194843,0
0.0,0.0,0.0,1.0,0.19474271,0
0.66724336,1.0,0.0,1.0,0.09647579,0
0.0,0.0,0.0,1.0,0.117511205,0
0.5862375,0.83914167,0.0,1.0,0.08215059,0
0.58634394,0.8393546,0.0,1.0,0.12820561,0
0.66707057,1.0,0.0,1.0,0.074807614,0
0.0,0.0,0.0,1.0,0.22115098,0
0.0,0.0,0.0,1.0,0.17430377,0
0.0,0.0,0.0,1.0,0.15340509,0
0.66724336,1.0,0.0,0.857122,0.06185884,0
0.0,0.0,0.0,1.0,0.13512823,0
1.0,1.0,0.0,1.0,0.043116983,0
0.0,0.0,0.0,1.0,0.08215059,0
0.58634394,0.8393546,0.0,0.56751734,0.06953007,1
0.66707057,1.0,0.0,1.0,0.1558732,0
0.0,0.0,0.0,1.0,0.18179382,0
0.0,0.0,0.0,0.6848213,0.092756756,0
0.0,0.0,0.0,1.0,0.23132564,0
0.66724336,1.0,0.0,1.0,0.10391843,0
0.0,0.0,0.0,1.0,0.06030022,0
1.0,1.0,0.0,0.22884816,0.05746601,2
0.0,0.0,0.0,1.0,0.12820561,0
0.5862375,0.83914167,0.0,0.56751734,0.06953007,1
0.66707057,1.0,0.0,1.0,0.20119618,0
0.0,0.0,0.0,0.8774814,0.113193505,0
0.0,0.0,0.0,0.70804363,0.07809352,0
0.0,0.0,0.0,1.0,0.28115156,0
0.66724336,1.0,0.0,1.0,0.16838267,0
0.0,0.0,0.0,1.0,0.101218395,0
1.0,1.0,0.0,0.5614119,0.08651998,1
0.0,0.0,0.0,1.0,0.074807614,0
0.5862375,0.83914167,0.0,1.0,0.1558732,0
0.58634394,0.8393546,0.0,1.0,0.20119618,0
0.0,0.0,0.0,1.0,0.2838443,0
0.0,0.0,0.0,1.0,0.24854434,0
0.0,0.0,0.0,1.0,0.080508195,0
0.66724336,1.0,0.0,0.53278303,0.08405388,1
0.0,0.0,0.0,1.0,0.20372179,0
1.0,1.0,0.0,1.0,0.11467671,0
0.0,0.0,0.0,1.0,0.22115098,0
0.5862375,0.83914167,0.0,1.0,0.18179382,0
0.58634394,0.8393546,0.0,0.8774814,0.113193505,0
0.66707057,1.0,0.0,1.0,0.2838443,0
0.0,0.0,0.0,1.0,0.1618197,0
0.0,0.0,0.0,1.0,0.36326477,0
0.66724336,1.0,0.0,1.0,0.27298972,0
0.0,0.0,0.0,1.0,0.2098577,0
1.0,1.0,0.0,1.0,0.17884913,0
0.0,0.0,0.0,1.0,0.17430377,0
0.5862375,0.83914167,0.0,0.6848213,0.092756756,0
0.58634394,0.8393546,0.0,0.70804363,0.07809352,0
0.66707057,1.0,0.0,1.0,0.24854434,0
0.0,0.0,0.0,1.0,0.1618197,0
0.0,0.0,0.0,1.0,0.32379153,0
0.66724336,1.0,0.0,1.0,0.19126639,0
0.0,0.0,0.0,1.0,0.06779732,0
1.0,1.0,0.0,0.88197297,0.14194843,0
0.0,0.0,0.0,1.0,0.15340509,0
0.5862375,0.83914167,0.0,1.0,0.23132564,0
0.58634394,0.8393546,0.0,1.0,0.28115156,0
0.66707057,1.0,0.0,1.0,0.080508195,0
0.0,0.0,0.0,1.0,0.36326477,0
0.0,0.0,0.0,1.0,0.32379153,0
0.66724336,1.0,0.0,1.0,0.14004195,0
0.0,0.0,0.0,1.0,0.27243176,0
1.0,1.0,0.0,1.0,0.19474271,0
0.0,0.0,0.0,0.857122,0.06185884,0
0.5862375,0.83914167,0.0,1.0,0.10391843,0
0.58634394,0.8393546,0.0,1.0,0.16838267,0
0.66707057,1.0,0.0,0.53278303,0.08405388,1
0.0,0.0,0.0,1.0,0.27298972,0
0.0,0.0,0.0,1.0,0.19126639,0
0.0,0.0,0.0,1.0,0.14004195,0
0.0,0.0,0.0,1.0,0.13384561,0
1.0,1.0,0.0,1.0,0.09647579,0
0.0,0.0,0.0,1.0,0.13512823,0
0.5862375,0.83914167,0.0,1.0,0.06030022,0
0.58634394,0.8393546,0.0,1.0,0.101218395,0
0.66707057,1.0,0.0,1.0,0.20372179,0
0.0,0.0,0.0,1.0,0.2098577,0
0.0,0.0,0.0,1.0,0.06779732,0
0.0,0.0,0.0,1.0,0.27243176,0
0.66724336,1.0,0.0,1.0,0.13384561,0
1.0,1.0,0.0,1.0,0.117511205,0
0.0,0.0,0.0,1.0,0.043116983,0
0.5862375,0.83914167,0.0,0.22884816,0.05746601,2
0.58634394,0.8393546,0.0,0.5614119,0.08651998,1
0.66707057,1.0,0.0,1.0,0.11467671,0
0.0,0.0,0.0,1.0,0.17884913,0
0.0,0.0,0.0,0.88197297,0.14194843,0
0.0,0.0,0.0,1.0,0.19474271,0
0.66724336,1.0,0.0,1.0,0.09647579,0
0.0,0.0,0.0,1.0,0.117511205,0
0.5918082,0.8502831,0.0,1.0,0.08215059,0
0.5917811,0.8502289,0.0,1.0,0.12820561,0
0.66707057,1.0,0.0,1.0,0.074807614,0
0.0,0.0,0.0,1.0,0.22115098,0
0.0,0.0,0.0,1.0,0.17430377,0
0.0,0.0,0.0,1.0,0.15340509,0
0.66724336,1.0,0.0,0.85725576,0.06185884,0
0.0,0.0,0.0,1.0,0.13512823,0
0.6044778,0.8756223,0.0,1.0,0.043116983,0
0.0,0.0,0.0,1.0,0.08215059,0
0.5917811,0.8502289,0.0,0.5668482,0.06953007,1
0.66707057,1.0,0.0,1.0,0.1558732,0
0.0,0.0,0.0,1.0,0.18179382,0
0.0,0.0,0.0,0.683895,0.092756756,0
0.0,0.0,0.0,1.0,0.23132564,0
0.66724336,1.0,0.0,1.0,0.10391843,0
0.0,0.0,0.0,1.0,0.06030022,0
0.6044778,0.8756223,0.0,0.22827812,0.05746601,2
0.0,0.0,0.0,1.0,0.12820561,0
0.5918082,0.8502831,0.0,0.5668482,0.06953007,1
0.66707057,1.0,0.0,1.0,0.20119618,0
0.0,0.0,0.0,0.8764919,0.113193505,0
0.0,0.0,0.0,0.7072632,0.07809352,0
0.0,0.0,0.0,1.0,0.28115156,0
0.66724336,1.0,0.0,1.0,0.16838267,0
0.0,0.0,0.0,1.0,0.101218395,0
0.6044778,0.8756223,0.0,0.5606935,0.08651998,1
0.0,0.0,0.0,1.0,0.074807614,0
0.5918082,0.8502831,0.0,1.0,0.1558732,0
0.5917811,0.8502289,0.0,1.0,0.20119618,0
0.0,0.0,0.0,1.0,0.2838443,0
0.0,0.0,0.0,1.0,0.24854434,0
0.0,0.0,0.0,1.0,0.080508195,0
0.66724336,1.0,0.0,0.5320399,0.08405388,1
0.0,0.0,0.0,1.0,0.20372179,0
0.6044778,0.8756223,0.0,1.0,0.11467671,0
0.0,0.0,0.0,1.0,0.22115098,0
0.5918082,0.8502831,0.0,1.0,0.18179382,0
0.5917811,0.8502289,0.0,0.8764919,0.113193505,0
0.66707057,1.0,0.0,1.0,0.2838443,0
0.0,0.0,0.0,1.0,0.1618197,0
0.0,0.0,0.0,1.0,0.36326477,0
0.66724336,1.0,0.0,1.0,0.27298972,0
0.0,0.0,0.0,1.0,0.2098577,0
0.6044778,0.8756223,0.0,1.0,0.17884913,0
0.0,0.0,0.0,1.0,0.17430377,0
0.5918082,0.8502831,0.0,0.683895,0.092756756,0
0.5917811,0.8502289,0.0,0.7072632,0.07809352,0
0.66707057,1.0,0.0,1.0,0.24854434,0
0.0,0.0,0.0,1.0,0.1618197,0
0.0,0.0,0.0,1.0,0.32379153,0
0.66724336,1.0,0.0,1.0,0.19126639,0
0.0,0.0,0.0,1.0,0.06779732,0
0.6044778,0.8756223,0.0,0.8805721,0.14194843,0
0.0,0.0,0.0,1.0,0.15340509,0
0.5918082,0.8502831,0.0,1.0,0.23132564,0
0.5917811,0.8502289,0.0,1.0,0.28115156,0
0.66707057,1.0,0.0,1.0,0.080508195,0
0.0,0.0,0.0,1.0,0.36326477,0
0.0,0.0,0.0,1.0,0.32379153,0
0.66724336,1.0,0.0,1.0,0.14004195,0
0.0,0.0,0.0,1.0,0.27243176,0
0.6044778,0.8756223,0.0,1.0,0.19474271,0
0.0,0.0,0.0,0.85725576,0.06185884,0
0.5918082,0.8502831,0.0,1.0,0.10391843,0
0.5917811,0.8502289,0.0,1.0,0.16838267,0
0.66707057,1.0,0.0,0.5320399,0.08405388,1
0.0,0.0,0.0,1.0,0.27298972,0
0.0,0.0,0.0,1.0,0.19126639,0
0.0,0.0,0.0,1.0,0.14004195,0
0.0,0.0,0.0,1.0,0.13384561,0
0.6044778,0.8756223,0.0,1.0,0.09647579,0
0.0,0.0,0.0,1.0,0.13512823,0
0.5918082,0.8502831,0.0,1.0,0.06030022,0
0.5917811,0.8502289,0.0,1.0,0.101218395,0
0.66707057,1.0,0.0,1.0,0.20372179,0
0.0,0.0,0.0,1.0,0.2098577,0
0.0,0.0,0.0,1.0,0.06779732,0
0.0,0.0,0.0,1.0,0.27243176,0
0.66724336,1.0,0.0,1.0,0.13384561,0
0.6044778,0.8756223,0.0,1.0,0.117511205,0
0.0,0.0,0.0,1.0,0.043116983,0
0.5918082,0.8502831,0.0,0.22827812,0.05746601,2
0.5917811,0.8502289,0.0,0.5606935,0.08651998,1
0.66707057,1.0,0.0,1.0,0.11467671,0
0.0,0.0,0.0,1.0,0.17884913,0
0.0,0.0,0.0,0.8805721,0.14194843,0
0.0,0.0,0.0,1.0,0.19474271,0
0.66724336,1.0,0.0,1.0,0.09647579,0
0.0,0.0,0.0,1.0,0.117511205,0
0.5918082,0.8502831,0.0,1.0,0.08215059,0
0.5917811,0.8502289,0.0,1.0,0.12820561,0
0.66707057,1.0,0.0,1.0,0.074807614,0
0.0,0.0,0.0,1.0,0.22115098,0
0.0,0.0,0.0,1.0,0.17430377,0
0.0,0.0,0.0,1.0,0.15340509,0
0.66724336,1.0,0.0,0.85738987,0.06185884,0
0.0,0.0,0.0,1.0,0.13512823,0
0.6044778,0.8756223,0.0,1.0,0.043116983,0
0.0,0.0,0.0,1.0,0.08215059,0
0.5917811,0.8502289,0.0,0.5661792,0.06953007,1
0.66707057,1.0,0.0,1.0,0.1558732,0
0.0,0.0,0.0,1.0,0.18179382,0
0.0,0.0,0.0,0.6829687,0.092756756,0
0.0,0.0,0.0,1.0,0.23132564,0
0.66724336,1.0,0.0,1.0,0.10391843,0
0.0,0.0,0.0,1.0,0.06030022,0
0.6044778,0.8756223,0.0,0.22770809,0.05746601,2
0.0,0.0,0.0,1.0,0.12820561,0
0.5918082,0.8502831,0.0,0.5661792,0.06953007,1
0.66707057,1.0,0.0,1.0,0.20119618,0
0.0,0.0,0.0,0.8755028,0.113193505,0
0.0,0.0,0.0,0.7064827,0.07809352,0
0.0,0.0,0.0,1.0,0.28115156,0
0.66724336,1.0,0.0,1.0,0.16838267,0
0.0,0.0,0.0,1.0,0.101218395,0
0.6044778,0.8756223,0.0,0.5599755,0.08651998,1
0.0,0.0,0.0,1.0,0.074807614,0
0.5918082,0.8502831,0.0,1.0,0.1558732,0
0.5917811,0.8502289,0.0,1.0,0.20119618,0
0.0,0.0,0.0,1.0,0.2838443,0
0.0,0.0,0.0,1.0,0.24854434,0
0.0,0.0,0.0,1.0,0.080508195,0
0.66724336,1.0,0.0,0.531297,0.08405388,1
0.0,0.0,0.0,1.0,0.20372179,0
0.6044778,0.8756223,0.0,1.0,0.11467671,0
0.0,0.0,0.0,1.0,0.22115098,0
0.5918082,0.8502831,0.0,1.0,0.18179382,0
0.5917811,0.8502289,0.0,0.8755028,0.113193505,0
0.66707057,1.0,0.0,1.0,0.2838443,0
0.0,0.0,0.0,1.0,0.1618197,0
0.0,0.0,0.0,1.0,0.36326477,0
0.66724336,1.0,0.0,1.0,0.27298972,0
0.0,0.0,0.0,1.0,0.2098577,0
0.6044778,0.8756223,0.0,1.0,0.17884913,0
0.0,0.0,0.0,1.0,0.17430377,0
0.5918082,0.8502831,0.0,0.6829687,0.092756756,0
0.5917811,0.8502289,0.0,0.7064827,0.07809352,0
0.66707057,1.0,0.0,1.0,0.24854434,0
0.0,0.0,0.0,1.0,0.1618197,0
0.0,0.0,0.0,1.0,0.32379153,0
0.66724336,1.0,0.0,1.0,0.19126639,0
0.0,0.0,0.0,1.0,0.06779732,0
0.6044778,0.8756223,0.0,0.87917125,0.14194843,0
0.0,0.0,0.0,1.0,0.15340509,0
0.5918082,0.8502831,0.0,1.0,0.23132564,0
0.5917811,0.8502289,0.0,1.0,0.28115156,0
0.66707057,1.0,0.0,1.0,0.080508195,0
0.0,0.0,0.0,1.0,0.36326477,0
0.0,0.0,0.0,1.0,0.32379153,0
0.66724336,1.0,0.0,1.0,0.14004195,0
0.0,0.0,0.0,1.0,0.27243176,0
0.6044778,0.8756223,0.0,1.0,0.19474271,0
0.0,0.0,0.0,0.85738987,0.06185884,0
0.5918082,0.8502831,0.0,1.0,0.10391843,0
0.5917811,0.8502289,0.0,1.0,0.16838267,0
0.66707057,1.0,0.0,0.531297,0.08405388,1
0.0,0.0,0.0,1.0,0.27298972,0
0.0,0.0,0.0,1.0,0.19126639,0
0.0,0.0,0.0,1.0,0.14004195,0
0.0,0.0,0.0,1.0,0.13384561,0
0.6044778,0.8756223,0.0,1.0,0.09647579,0
0.0,0.0,0.0,1.0,0.13512823,0
0.5918082,0.8502831,0.0,1.0,0.06030022,0
0.5917811,0.8502289,0.0,1.0,0.101218395,0
0.66707057,1.0,0.0,1.0,0.20372179,0
0.0,0.0,0.0,1.0,0.2098577,0
0.0,0.0,0.0,1.0,0.06779732,0
0.0,0.0,0.0,1.0,0.27243176,0
0.66724336,1.0,0.0,1.0,0.13384561,0
0.6044778,0.8756223,0.0,1.0,0.117511205,0
0.0,0.0,0.0,1.0,0.043116983,0
0.5918082,0.8502831,0.0,0.22770809,0.05746601,2
0.5917811,0.8502289,0.0,0.5599755,0.08651998,1
0.66707057,1.0,0.0,1.0,0.11467671,0
0.0,0.0,0.0,1.0,0.17884913,0
0.0,0.0,0.0,0.87917125,0.14194843,0
0.0,0.0,0.0,1.0,0.19474271,0
0.66724336,1.0,0.0,1.0,0.09647579,0
0.0,0.0,0.0,1.0,0.117511205,0
0.5918082,0.8502831,0.0,1.0,0.08215059,0
0.5917811,0.8502289,0.0,1.0,0.12820561,0
0.6746521,1.0,0.0,1.0,0.074807614,0
0.0,0.0,0.0,1.0,0.22115098,0
0.0,0.0,0.0,1.0,0.17430377,0
0.0,0.0,0.0,1.0,0.15340509,0
0.67480904,1.0,0.0,0.85752445,0.06185884,0
0.0,0.0,0.0,1.0,0.13512823,0
0.6044778,0.8756223,0.0,1.0,0.043116983,0
0.0,0.0,0.0,1.0,0.08215059,0
0.5917811,0.8502289,0.0,0.5655103,0.06953007,1
0.6746521,1.0,0.0,1.0,0.1558732,0
0.0,0.0,0.0,1.0,0.18179382,0
0.0,0.0,0.0,0.68204236,0.092756756,0
0.0,0.0,0.0,1.0,0.23132564,0
0.67480904,1.0,0.0,1.0,0.10391843,0
0.0,0.0,0.0,1.0,0.06030022,0
0.6044778,0.8756223,0.0,0.2271381,0.05746601,2
0.0,0.0,0.0,1.0,0.12820561,0
0.5918082,0.8502831,0.0,0.5655103,0.06953007,1
0.6746521,1.0,0.0,1.0,0.20119618,0
0.0,0.0,0.0,0.87451404,0.113193505,0
0.0,0.0,0.0,0.70570225,0.07809352,0
0.0,0.0,0.0,1.0,0.28115156,0
0.67480904,1.0,0.0,1.0,0.16838267,0
0.0,0.0,0.0,1.0,0.101218395,0
0.6044778,0.8756223,0.0,0.5592579,0.08651998,1
0.0,0.0,0.0,1.0,0.074807614,0
0.5918082,0.8502831,0.0,1.0,0.1558732,0
0.5917811,0.8502289,0.0,1.0,0.20119618,0
0.0,0.0,0.0,1.0,0.2838443,0
0.0,0.0,0.0,1.0,0.24854434,0
0.0,0.0,0.0,1.0,0.080508195,0
0.67480904,1.0,0.0,0.5305545,0.08405388,1
0.0,0.0,0.0,1.0,0.20372179,0
0.6044778,0.8756223,0.0,1.0,0.11467671,0
0.0,0.0,0.0,1.0,0.22115098,0
0.5918082,0.8502831,0.0,1.0,0.18179382,0
0.5917811,0.8502289,0.0,0.87451404,0.113193505,0
0.6746521,1.0,0.0,1.0,0.2838443,0
0.0,0.0,0.0,1.0,0.1618197,0
0.0,0.0,0.0,1.0,0.36326477,0
0.67480904,1.0,0.0,1.0,0.27298972,0
0.0,0.0,0.0,1.0,0.2098577,0
0.6044778,0.8756223,0.0,1.0,0.17884913,0
0.0,0.0,0.0,1.0,0.17430377,0
0.5918082,0.8502831,0.0,0.68204236,0.092756756,0
0.5917811,0.8502289,0.0,0.70570225,0.07809352,0
0.6746521,1.0,0.0,1.0,0.24854434,0
0.0,0.0,0.0,1.0,0.1618197,0
0.0,0.0,0.0,1.0,0.32379153,0
0.67480904,1.0,0.0,1.0,0.19126639,0
0.0,0.0,0.0,1.0,0.06779732,0
0.6044778,0.8756223,0.0,0.8777705,0.14194843,0
0.0,0.0,0.0,1.0,0.15340509,0
0.5918082,0.8502831,0.0,1.0,0.23132564,0
0.5917811,0.8502289,0.0,1.0,0.28115156,0
0.6746521,1.0,0.0,1.0,0.080508195,0
0.0,0.0,0.0,1.0,0.36326477,0
0.0,0.0,0.0,1.0,0.32379153,0
0.67480904,1.0,0.0,1.0,0.14004195,0
0.0,0.0,0.0,1.0,0.27243176,0
0.6044778,0.8756223,0.0,1.0,0.19474271,0
0.0,0.0,0.0,0.85752445,0.06185884,0
0.5918082,0.8502831,0.0,1.0,0.10391843,0
0.5917811,0.8502289,0.0,1.0,0.16838267,0
0.6746521,1.0,0.0,0.5305545,0.08405388,1
0.0,0.0,0.0,1.0,0.27298972,0
0.0,0.0,0.0,1.0,0.19126639,0
0.0,0.0,0.0,1.0,0.14004195,0
0.0,0.0,0.0,1.0,0.13384561,0
0.6044778,0.8756223,0.0,1.0,0.09647579,0
0.0,0.0,0.0,1.0,0.13512823,0
0.5918082,0.8502831,0.0,1.0,0.06030022,0
0.5917811,0.8502289,0.0,1.0,0.101218395,0
0.6746521,1.0,0.0,1.0,0.20372179,0
0.0,0.0,0.0,1.0,0.2098577,0
0.0,0.0,0.0,1.0,0.06779732,0
0.0,0.0,0.0,1.0,0.27243176,0
0.67480904,1.0,0.0,1.0,0.13384561,0
0.6044778,0.8756223,0.0,1.0,0.117511205,0
0.0,0.0,0.0,1.0,0.043116983,0
0.5918082,0.8502831,0.0,0.2271381,0.05746601,2
0.5917811,0.8502289,0.0,0.5592579,0.08651998,1
0.6746521,1.0,0.0,1.0,0.11467671,0
0.0,0.0,0.0,1.0,0.17884913,0
0.0,0.0,0.0,0.8777705,0.14194843,0
0.0,0.0,0.0,1.0,0.19474271,0
0.67480904,1.0,0.0,1.0,0.09647579,0
0.0,0.0,0.0,1.0,0.117511205,0
0.5918082,0.8502831,0.0,1.0,0.08215059,0
0.5917811,0.8502289,0.0,1.0,0.12820561,0
0.6746521,1.0,0.0,1.0,0.074807614,0
0.0,0.0,0.0,1.0,0.22115098,0
0.0,0.0,0.0,1.0,0.17430377,0
0.0,0.0,0.0,1.0,0.15340509,0
0.67480904,1.0,0.0,0.8576594,0.06185884,0
0.0,0.0,0.0,1.0,0.13512823,0
0.6044778,0.8756223,0.0,1.0,0.043116983,0
0.0,0.0,0.0,1.0,0.08215059,0
0.5917811,0.8502289,0.0,0.56484133,0.06953007,1
0.6746521,1.0,0.0,1.0,0.1558732,0
0.0,0.0,0.0,1.0,0.18179382,0
0.0,0.0,0.0,0.68111604,0.092756756,0
0.0,0.0,0.0,1.0,0.23132564,0
0.67480904,1.0,0.0,1.0,0.10391843,0
0.0,0.0,0.0,1.0,0.06030022,0
0.6044778,0.8756223,0.0,0.22656812,0.05746601,2
0.0,0.0,0.0,1.0,0.12820561,0
0.5918082,0.8502831,0.0,0.56484133,0.06953007,1
0.6746521,1.0,0.0,1.0,0.20119618,0
0.0,0.0,0.0,0.8735256,0.113193505,0
0.0,0.0,0.0,0.7049218,0.07809352,0
0.0,0.0,0.0,1.0,0.28115156,0
0.67480904,1.0,0.0,1.0,0.16838267,0
0.0,0.0,0.0,1.0,0.101218395,0
0.6044778,0.8756223,0.0,0.5585408,0.08651998,1
0.0,0.0,0.0,1.0,0.074807614,0
0.5918082,0.8502831,0.0,1.0,0.1558732,0
0.5917811,0.8502289,0.0,1.0,0.20119618,0
0.0,0.0,0.0,1.0,0.2838443,0
0.0,0.0,0.0,1.0,0.24854434,0
0.0,0.0,0.0,1.0,0.080508195,0
0.67480904,1.0,0.0,0.52981216,0.08405388,1
0.0,0.0,0.0,1.0,0.20372179,0
0.6044778,0.8756223,0.0,1.0,0.11467671,0
0.0,0.0,0.0,1.0,0.22115098,0
0.5918082,0.8502831,0.0,1.0,0.18179382,0
0.5917811,0.8502289,0.0,0.8735256,0.113193505,0
0.6746521,1.0,0.0,1.0,0.2838443,0
0.0,0.0,0.0,1.0,0.1618197,0
0.0,0.0,0.0,1.0,0.36326477,0
0.67480904,1.0,0.0,1.0,0.27298972,0
0.0,0.0,0.0,1.0,0.2098577,0
0.6044778,0.8756223,0.0,1.0,0.17884913,0
0.0,0.0,0.0,1.0,0.17430377,0
0.5918082,0.8502831,0.0,0.68111604,0.092756756,0
0.5917811,0.8502289,0.0,0.7049218,0.07809352,0
0.6746521,1.0,0.0,1.0,0.24854434,0
0.0,0.0,0.0,1.0,0.1618197,0
0.0,0.0,0.0,1.0,0.32379153,0
0.67480904,1.0,0.0,1.0,0.19126639,0
0.0,0.0,0.0,1.0,0.06779732,0
0.6044778,0.8756223,0.0,0.8763698,0.14194843,0
0.0,0.0,0.0,1.0,0.15340509,0
0.5918082,0.8502831,0.0,1.0,0.23132564,0
0.5917811,0.8502289,0.0,1.0,0.28115156,0
0.6746521,1.0,0.0,1.0,0.080508195,0
0.0,0.0,0.0,1.0,0.36326477,0
0.0,0.0,0.0,1.0,0.32379153,0
0.67480904,1.0,0.0,1.0,0.14004195,0
0.0,0.0,0.0,1.0,0.27243176,0
0.6044778,0.8756223,0.0,1.0,0.19474271,0
0.0,0.0,0.0,0.8576594,0.06185884,0
0.5918082,0.8502831,0.0,1.0,0.10391843,0
0.5917811,0.8502289,0.0,1.0,0.16838267,0
0.6746521,1.0,0.0,0.52981216,0.08405388,1
0.0,0.0,0.0,1.0,0.27298972,0
0.0,0.0,0.0,1.0,0.19126639,0
0.0,0.0,0.0,1.0,0.14004195,0
0.0,0.0,0.0,1.0,0.13384561,0
0.6044778,0.8756223,0.0,1.0,0.09647579,0
0.0,0.0,0.0,1.0,0.13512823,0
0.5918082,0.8502831,0.0,1.0,0.06030022,0
0.5917811,0.8502289,0.0,1.0,0.101218395,0
0.6746521,1.0,0.0,1.0,0.20372179,0
0.0,0.0,0.0,1.0,0.2098577,0
0.0,0.0,0.0,1.0,0.06779732,0
0.0,0.0,0.0,1.0,0.27243176,0
0.67480904,1.0,0.0,1.0,0.13384561,0
0.6044778,0.8756223,0.0,1.0,0.117511205,0
0.0,0.0,0.0,1.0,0.043116983,0
0.5918082,0.8502831,0.0,0.22656812,0.05746601,2
0.5917811,0.8502289,0.0,0.5585408,0.08651998,1
0.6746521,1.0,0.0,1.0,0.11467671,0
0.0,0.0,0.0,1.0,0.17884913,0
0.0,0.0,0.0,0.8763698,0.14194843,0
0.0,0.0,0.0,1.0,0.19474271,0
0.67480904,1.0,0.0,1.0,0.09647579,0
0.0,0.0,0.0,1.0,0.117511205,0
0.5918082,0.8502831,0.0,1.0,0.08215059,0
0.5917811,0.8502289,0.0,1.0,0.12820561,0
0.6746521,1.0,0.0,1.0,0.074807614,0
0.0,0.0,0.0,1.0,0.22115098,0
0.0,0.0,0.0,1.0,0.17430377,0
0.0,0.0,0.0,1.0,0.15340509,0
0.67480904,1.0,0.0,0.8577948,0.06185884,0
0.0,0.0,0.0,1.0,0.13512823,0
0.6044778,0.8756223,0.0,1.0,0.043116983,0
0.0,0.0,0.0,1.0,0.08215059,0
0.5917811,0.8502289,0.0,0.5641725,0.06953007,1
0.6746521,1.0,0.0,1.0,0.1558732,0
0.0,0.0,0.0,1.0,0.18179382,0
0.0,0.0,0.0,0.6801897,0.092756756,0
0.0,0.0,0.0,1.0,0.23132564,0
0.67480904,1.0,0.0,1.0,0.10391843,0
0.0,0.0,0.0,1.0,0.06030022,0
0.6044778,0.8756223,0.0,0.22599818,0.05746601,2
0.0,0.0,0.0,1.0,0.12820561,0
0.5918082,0.8502831,0.0,0.5641725,0.06953007,1
0.6746521,1.0,0.0,1.0,0.20119618,0
0.0,0.0,0.0,0.87253755,0.113193505,0
0.0,0.0,0.0,0.7041413,0.07809352,0
0.0,0.0,0.0,1.0,0.28115156,0
0.67480904,1.0,0.0,1.0,0.16838267,0
0.0,0.0,0.0,1.0,0.101218395,0
0.6044778,0.8756223,0.0,0.5578241,0.08651998,1
0.0,0.0,0.0,1.0,0.074807614,0
0.5918082,0.8502831,0.0,1.0,0.1558732,0
0.5917811,0.8502289,0.0,1.0,0.20119618,0
0.0,0.0,0.0,1.0,0.2838443,0
0.0,0.0,0.0,1.0,0.24854434,0
0.0,0.0,0.0,1.0,0.080508195,0
0.67480904,1.0,0.0,0.5290702,0.08405388,1
0.0,0.0,0.0,1.0,0.20372179,0
0.6044778,0.8756223,0.0,1.0,0.11467671,0
0.0,0.0,0.0,1.0,0.22115098,0
0.5918082,0.8502831,0.0,1.0,0.18179382,0
0.5917811,0.8502289,0.0,0.87253755,0.113193505,0
0.6746521,1.0,0.0,1.0,0.2838443,0
0.0,0.0,0.0,1.0,0.1618197,0
0.0,0.0,0.0,1.0,0.36326477,0
0.67480904,1.0,0.0,1.0,0.27298972,0
0.0,0.0,0.0,1.0,0.2098577,0
0.6044778,0.8756223,0.0,1.0,0.17884913,0
0.0,0.0,0.0,1.0,0.17430377,0
0.5918082,0.8502831,0.0,0.6801897,0.092756756,0
0.5917811,0.8502289,0.0,0.7041413,0.07809352,0
0.6746521,1.0,0.0,1.0,0.24854434,0
0.0,0.0,0.0,1.0,0.1618197,0
0.0,0.0,0.0,1.0,0.32379153,0
0.67480904,1.0,0.0,1.0,0.19126639,0
0.0,0.0,0.0,1.0,0.06779732,0
0.6044778,0.8756223,0.0,0.8749691,0.14194843,0
0.0,0.0,0.0,1.0,0.15340509,0
0.5918082,0.8502831,0.0,1.0,0.23132564,0
0.5917811,0.8502289,0.0,1.0,0.28115156,0
0.6746521,1.0,0.0,1.0,0.080508195,0
0.0,0.0,0.0,1.0,0.36326477,0
0.0,0.0,0.0,1.0,0.32379153,0
0.67480904,1.0,0.0,1.0,0.14004195,0
0.0,0.0,0.0,1.0,0.27243176,0
0.6044778,0.8756223,0.0,1.0,0.19474271,0
0.0,0.0,0.0,0.8577948,0.06185884,0
0.5918082,0.8502831,0.0,1.0,0.10391843,0
0.5917811,0.8502289,0.0,1.0,0.16838267,0
0.6746521,1.0,0.0,0.5290702,0.08405388,1
0.0,0.0,0.0,1.0,0.27298972,0
0.0,0.0,0.0,1.0,0.19126639,0
0.0,0.0,0.0,1.0,0.14004195,0
0.0,0.0,0.0,1.0,0.13384561,0
0.6044778,0.8756223,0.0,1.0,0.09647579,0
0.0,0.0,0.0,1.0,0.13512823,0
0.5918082,0.8502831,0.0,1.0,0.06030022,0
0.5917811,0.8502289,0.0,1.0,0.101218395,0
0.6746521,1.0,0.0,1.0,0.20372179,0
0.0,0.0,0.0,1.0,0.2098577,0
0.0,0.0,0.0,1.0,0.06779732,0
0.0,0.0,0.0,1.0,0.27243176,0
0.67480904,1.0,0.0,1.0,0.13384561,0
0.6044778,0.8756223,0.0,1.0,0.117511205,0
0.0,0.0,0.0,1.0,0.043116983,0
0.5918082,0.8502831,0.0,0.22599818,0.05746601,2
0.5917811,0.8502289,0.0,0.5578241,0.08651998,1
0.6746521,1.0,0.0,1.0,0.11467671,0
0.0,0.0,0.0,1.0,0.17884913,0
0.0,0.0,0.0,0.8749691,0.14194843,0
0.0,0.0,0.0,1.0,0.19474271,0
0.67480904,1.0,0.0,1.0,0.09647579,0
0.0,0.0,0.0,1.0,0.117511205,0
0.5918082,0.8502831,0.0,1.0,0.08215059,0
0.5917811,0.8502289,0.0,1.0,0.12820561,0
0.6746521,1.0,0.0,1.0,0.074807614,0
0.0,0.0,0.0,1.0,0.22115098,0
0.0,0.0,0.0,1.0,0.17430377,0
0.0,0.0,0.0,1.0,0.15340509,0
0.67480904,1.0,0.0,0.85793066,0.06185884,0
0.0,0.0,0.0,1.0,0.13512823,0
0.6044778,0.8756223,0.0,1.0,0.043116983,0
0.0,0.0,0.0,1.0,0.08215059,0
0.5917811,0.8502289,0.0,0.56350374,0.06953007,1
0.6746521,1.0,0.0,1.0,0.1558732,0
0.0,0.0,0.0,1.0,0.18179382,0
0.0,0.0,0.0,0.6792635,0.092756756,0
0.0,0.0,0.0,1.0,0.23132564,0
0.67480904,1.0,0.0,1.0,0.10391843,0
0.0,0.0,0.0,1.0,0.06030022,0
0.6044778,0.8756223,0.0,0.22542825,0.05746601,2
0.0,0.0,0.0,1.0,0.12820561,0
0.5918082,0.8502831,0.0,0.56350374,0.06953007,1
0.6746521,1.0,0.0,1.0,0.20119618,0
0.0,0.0,0.0,0.87154984,0.113193505,0
0.0,0.0,0.0,0.70336086,0.07809352,0
0.0,0.0,0.0,1.0,0.28115156,0
0.67480904,1.0,0.0,1.0,0.16838267,0
0.0,0.0,0.0,1.0,0.101218395,0
0.6044778,0.8756223,0.0,0.55710775,0.08651998,1
0.0,0.0,0.0,1.0,0.074807614,0
0.5918082,0.8502831,0.0,1.0,0.1558732,0
0.5917811,0.8502289,0.0,1.0,0.20119618,0
0.0,0.0,0.0,1.0,0.2838443,0
0.0,0.0,0.0,1.0,0.24854434,0
0.0,0.0,0.0,1.0,0.080508195,0
0.67480904,1.0,0.0,0.5283285,0.08405388,1
0.0,0.0,0.0,1.0,0.20372179,0
0.6044778,0.8756223,0.0,1.0,0.11467671,0
0.0,0.0,0.0,1.0,0.22115098,0
0.5918082,0.8502831,0.0,1.0,0.18179382,0
0.5917811,0.8502289,0.0,0.87154984,0.113193505,0
0.6746521,1.0,0.0,1.0,0.2838443,0
0.0,0.0,0.0,1.0,0.1618197,0
0.0,0.0,0.0,1.0,0.36326477,0
0.67480904,1.0,0.0,1.0,0.27298972,0
0.0,0.0,0.0,1.0,0.2098577,0
0.6044778,0.8756223,0.0,1.0,0.17884913,0
0.0,0.0,0.0,1.0,0.17430377,0
0.5918082,0.8502831,0.0,0.6792635,0.092756756,0
0.5917811,0.8502289,0.0,0.70336086,0.07809352,0
0.6746521,1.0,0.0,1.0,0.24854434,0
0.0,0.0,0.0,1.0,0.1618197,0
0.0,0.0,0.0,1.0,0.32379153,0
0.67480904,1.0,0.0,1.0,0.19126639,0
0.0,0.0,0.0,1.0,0.06779732,0
0.6044778,0.8756223,0.0,0.87356853,0.14194843,0
0.0,0.0,0.0,1.0,0.15340509,0
0.5918082,0.8502831,0.0,1.0,0.23132564,0
0.5917811,0.8502289,0.0,1.0,0.28115156,0
0.6746521,1.0,0.0,1.0,0.080508195,0
0.0,0.0,0.0,1.0,0.36326477,0
0.0,0.0,0.0,1.0,0.32379153,0
0.67480904,1.0,0.0,1.0,0.14004195,0
0.0,0.0,0.0,1.0,0.27243176,0
0.6044778,0.8756223,0.0,1.0,0.19474271,0
0.0,0.0,0.0,0.85793066,0.06185884,0
0.5918082,0.8502831,0.0,1.0,0.10391843,0
0.5917811,0.8502289,0.0,1.0,0.16838267,0
0.6746521,1.0,0.0,0.5283285,0.08405388,1
0.0,0.0,0.0,1.0,0.27298972,0
0.0,0.0,0.0,1.0,0.19126639,0
0.0,0.0,0.0,1.0,0.14004195,0
0.0,0.0,0.0,1.0,0.13384561,0
0.6044778,0.8756223,0.0,1.0,0.09647579,0
0.0,0.0,0.0,1.0,0.13512823,0
0.5918082,0.8502831,0.0,1.0,0.06030022,0
0.5917811,0.8502289,0.0,1.0,0.101218395,0
0.6746521,1.0,0.0,1.0,0.20372179,0
0.0,0.0,0.0,1.0,0.2098577,0
0.0,0.0,0.0,1.0,0.06779732,0
0.0,0.0,0.0,1.0,0.27243176,0
0.67480904,1.0,0.0,1.0,0.13384561,0
0.6044778,0.8756223,0.0,1.0,0.117511205,0
0.0,0.0,0.0,1.0,0.043116983,0
0.5918082,0.8502831,0.0,0.22542825,0.05746601,2
0.5917811,0.8502289,0.0,0.55710775,0.08651998,1
0.6746521,1.0,0.0,1.0,0.11467671,0
0.0,0.0,0.0,1.0,0.17884913,0
0.0,0.0,0.0,0.87356853,0.14194843,0
0.0,0.0,0.0,1.0,0.19474271,0
0.67480904,1.0,0.0,1.0,0.09647579,0
0.0,0.0,0.0,1.0,0.117511205,0
1.0,1.0,0.0,1.0,0.08215059,0
0.61275715,0.8921809,0.0,1.0,0.12820561,0
0.6746521,1.0,0.0,1.0,0.074807614,0
0.0,0.0,0.0,1.0,0.22115098,0
0.0,0.0,0.0,1.0,0.17430377,0
0.0,0.0,0.0,1.0,0.15340509,0
0.67480904,1.0,0.0,0.8580669,0.06185884,0
0.0,0.0,0.0,1.0,0.13512823,0
0.35156193,0.36979052,0.0,1.0,0.043116983,0
0.0,0.0,0.0,1.0,0.08215059,0
0.61275715,0.8921809,0.0,0.56283504,0.06953007,1
0.6746521,1.0,0.0,1.0,0.1558732,0
0.0,0.0,0.0,1.0,0.18179382,0
0.0,0.0,0.0,0.67833716,0.092756756,0
0.0,0.0,0.0,1.0,0.23132564,0
0.67480904,1.0,0.0,1.0,0.10391843,0
0.0,0.0,0.0,1.0,0.06030022,0
0.35156193,0.36979052,0.0,0.22485834,0.05746601,2
0.0,0.0,0.0,1.0,0.12820561,0
1.0,1.0,0.0,0.56283504,0.06953007,1
0.6746521,1.0,0.0,1.0,0.20119618,0
0.0,0.0,0.0,0.87056243,0.113193505,0
0.0,0.0,0.0,0.7025804,0.07809352,0
0.0,0.0,0.0,1.0,0.28115156,0
0.67480904,1.0,0.0,1.0,0.16838267,0
0.0,0.0,0.0,1.0,0.101218395,0
0.35156193,0.36979052,0.0,0.55639184,0.08651998,1
0.0,0.0,0.0,1.0,0.074807614,0
1.0,1.0,0.0,1.0,0.1558732,0
0.61275715,0.8921809,0.0,1.0,0.20119618,0
0.0,0.0,0.0,1.0,0.2838443,0
0.0,0.0,0.0,1.0,0.24854434,0
0.0,0.0,0.0,1.0,0.080508195,0
0.67480904,1.0,0.0,0.5275871,0.08405388,1
0.0,0.0,0.0,1.0,0.20372179,0
0.35156193,0.36979052,0.0,1.0,0.11467671,0
0.0,0.0,0.0,1.0,0.22115098,0
1.0,1.0,0.0,1.0,0.18179382,0
0.61275715,0.8921809,0.0,0.87056243,0.113193505,0
0.6746521,1.0,0.0,1.0,0.2838443,0
0.0,0.0,0.0,1.0,0.1618197,0
0.0,0.0,0.0,1.0,0.36326477,0
0.67480904,1.0,0.0,1.0,0.27298972,0
0.0,0.0,0.0,1.0,0.2098577,0
0.35156193,0.36979052,0.0,1.0,0.17884913,0
0.0,0.0,0.0,1.0,0.17430377,0
1.0,1.0,0.0,0.67833716,0.092756756,0
0.61275715,0.8921809,0.0,0.7025804,0.07809352,0
0.6746521,1.0,0.0,1.0,0.24854434,0
0.0,0.0,0.0,1.0,0.1618197,0
0.0,0.0,0.0,1.0,0.32379153,0
0.67480904,1.0,0.0,1.0,0.19126639,0
0.0,0.0,0.0,1.0,0.06779732,0
0.35156193,0.36979052,0.0,0.872168,0.14194843,0
0.0,0.0,0.0,1.0,0.15340509,0
1.0,1.0,0.0,1.0,0.23132564,0
0.61275715,0.8921809,0.0,1.0,0.28115156,0
0.6746521,1.0,0.0,1.0,0.080508195,0
0.0,0.0,0.0,1.0,0.36326477,0
0.0,0.0,0.0,1.0,0.32379153,0
0.67480904,1.0,0.0,1.0,0.14004195,0
0.0,0.0,0.0,1.0,0.27243176,0
0.35156193,0.36979052,0.0,1.0,0.19474271,0
0.0,0.0,0.0,0.8580669,0.06185884,0
1.0,1.0,0.0,1.0,0.10391843,0
0.61275715,0.8921809,0.0,1.0,0.16838267,0
0.6746521,1.0,0.0,0.5275871,0.08405388,1
0.0,0.0,0.0,1.0,0.27298972,0
0.0,0.0,0.0,1.0,0.19126639,0
0.0,0.0,0.0,1.0,0.14004195,0
0.0,0.0,0.0,1.0,0.13384561,0
0.35156193,0.36979052,0.0,1.0,0.09647579,0
0.0,0.0,0.0,1.0,0.13512823,0
1.0,1.0,0.0,1.0,0.06030022,0
0.61275715,0.8921809,0.0,1.0,0.101218395,0
0.6746521,1.0,0.0,1.0,0.20372179,0
0.0,0.0,0.0,1.0,0.2098577,0
0.0,0.0,0.0,1.0,0.06779732,0
0.0,0.0,0.0,1.0,0.27243176,0
0.67480904,1.0,0.0,1.0,0.13384561,0
0.35156193,0.36979052,0.0,1.0,0.117511205,0
0.0,0.0,0.0,1.0,0.043116983,0
1.0,1.0,0.0,0.22485834,0.05746601,2
0.61275715,0.8921809,0.0,0.55639184,0.08651998,1
0.6746521,1.0,0.0,1.0,0.11467671,0
0.0,0.0,0.0,1.0,0.17884913,0
0.0,0.0,0.0,0.872168,0.14194843,0
0.0,0.0,0.0,1.0,0.19474271,0
0.67480904,1.0,0.0,1.0,0.09647579,0
0.0,0.0,0.0,1.0,0.117511205,0
1.0,1.0,0.0,1.0,0.08215059,0
0.61275715,0.8921809,0.0,1.0,0.12820561,0
0.6746521,1.0,0.0,1.0,0.074807614,0
0.0,0.0,0.0,1.0,0.22115098,0
0.0,0.0,0.0,1.0,0.17430377,0
0.0,0.0,0.0,1.0,0.15340509,0
0.67480904,1.0,0.0,0.8582036,0.06185884,0
0.0,0.0,0.0,1.0,0.13512823,0
0.35156193,0.36979052,0.0,1.0,0.043116983,0
0.0,0.0,0.0,1.0,0.08215059,0
0.61275715,0.8921809,0.0,0.5621664,0.06953007,1
0.6746521,1.0,0.0,1.0,0.1558732,0
0.0,0.0,0.0,1.0,0.18179382,0
0.0,0.0,0.0,0.6774109,0.092756756,0
0.0,0.0,0.0,1.0,0.23132564,0
0.67480904,1.0,0.0,1.0,0.10391843,0
0.0,0.0,0.0,1.0,0.06030022,0
0.35156193,0.36979052,0.0,0.22428846,0.05746601,2
0.0,0.0,0.0,1.0,0.12820561,0
1.0,1.0,0.0,0.5621664,0.06953007,1
0.6746521,1.0,0.0,1.0,0.20119618,0
0.0,0.0,0.0,0.86957544,0.113193505,0
0.0,0.0,0.0,0.7017999,0.07809352,0
0.0,0.0,0.0,1.0,0.28115156,0
0.67480904,1.0,0.0,1.0,0.16838267,0
0.0,0.0,0.0,1.0,0.101218395,0
0.35156193,0.36979052,0.0,0.5556764,0.08651998,1
0.0,0.0,0.0,1.0,0.074807614,0
1.0,1.0,0.0,1.0,0.1558732,0
0.61275715,0.8921809,0.0,1.0,0.20119618,0
0.0,0.0,0.0,1.0,0.2838443,0
0.0,0.0,0.0,1.0,0.24854434,0
0.0,0.0,0.0,1.0,0.080508195,0
0.67480904,1.0,0.0,0.526846,0.08405388,1
0.0,0.0,0.0,1.0,0.20372179,0
0.35156193,0.36979052,0.0,1.0,0.11467671,0
0.0,0.0,0.0,1.0,0.22115098,0
1.0,1.0,0.0,1.0,0.18179382,0
0.61275715,0.8921809,0.0,0.86957544,0.113193505,0
0.6746521,1.0,0.0,1.0,0.2838443,0
0.0,0.0,0.0,1.0,0.1618197,0
0.0,0.0,0.0,1.0,0.36326477,0
0.67480904,1.0,0.0,1.0,0.27298972,0
0.0,0.0,0.0,1.0,0.2098577,0
0.35156193,0.36979052,0.0,1.0,0.17884913,0
0.0,0.0,0.0,1.0,0.17430377,0
1.0,1.0,0.0,0.6774109,0.092756756,0
0.61275715,0.8921809,0.0,0.7017999,0.07809352,0
0.6746521,1.0,0.0,1.0,0.24854434,0
0.0,0.0,0.0,1.0,0.1618197,0
0.0,0.0,0.0,1.0,0.32379153,0
0.67480904,1.0,0.0,1.0,0.19126639,0
0.0,0.0,0.0,1.0,0.06779732,0
0.35156193,0.36979052,0.0,0.87076753,0.14194843,0
0.0,0.0,0.0,1.0,0.15340509,0
1.0,1.0,0.0,1.0,0.23132564,0
0.61275715,0.8921809,0.0,1.0,0.28115156,0
0.6746521,1.0,0.0,1.0,0.080508195,0
0.0,0.0,0.0,1.0,0.36326477,0
0.0,0.0,0.0,1.0,0.32379153,0
0.67480904,1.0,0.0,1.0,0.14004195,0
0.0,0.0,0.0,1.0,0.27243176,0
0.35156193,0.36979052,0.0,1.0,0.19474271,0
0.0,0.0,0.0,0.8582036,0.06185884,0
1.0,1.0,0.0,1.0,0.10391843,0
0.61275715,0.8921809,0.0,1.0,0.16838267,0
0.6746521,1.0,0.0,0.526846,0.08405388,1
0.0,0.0,0.0,1.0,0.27298972,0
0.0,0.0,0.0,1.0,0.19126639,0
0.0,0.0,0.0,1.0,0.14004195,0
0.0,0.0,0.0,1.0,0.13384561,0
0.35156193,0.36979052,0.0,1.0,0.09647579,0
0.0,0.0,0.0,1.0,0.13512823,0
1.0,1.0,0.0,1.0,0.06030022,0
0.61275715,0.8921809,0.0,1.0,0.101218395,0
0.6746521,1.0,0.0,1.0,0.20372179,0
0.0,0.0,0.0,1.0,0.2098577,0
0.0,0.0,0.0,1.0,0.06779732,0
0.0,0.0,0.0,1.0,0.27243176,0
0.67480904,1.0,0.0,1.0,0.13384561,0
0.35156193,0.36979052,0.0,1.0,0.117511205,0
0.0,0.0,0.0,1.0,0.043116983,0
1.0,1.0,0.0,0.22428846,0.05746601,2
0.61275715,0.8921809,0.0,0.5556764,0.08651998,1
0.6746521,1.0,0.0,1.0,0.11467671,0
0.0,0.0,0.0,1.0,0.17884913,0
0.0,0.0,0.0,0.87076753,0.14194843,0
0.0,0.0,0.0,1.0,0.19474271,0
0.67480904,1.0,0.0,1.0,0.09647579,0
0.0,0.0,0.0,1.0,0.117511205,0
1.0,1.0,0.0,1.0,0.08215059,0
0.61275715,0.8921809,0.0,1.0,0.12820561,0
0.68540204,1.0,0.0,1.0,0.074807614,0
0.0,0.0,0.0,1.0,0.22115098,0
0.0,0.0,0.0,1.0,0.17430377,0
0.0,0.0,0.0,1.0,0.15340509,0
0.6855041,1.0,0.0,0.8583407,0.06185884,0
0.0,0.0,0.0,1.0,0.13512823,0
0.35156193,0.36979052,0.0,1.0,0.043116983,0
0.0,0.0,0.0,1.0,0.08215059,0
0.61275715,0.8921809,0.0,0.56149787,0.06953007,1
0.68540204,1.0,0.0,1.0,0.1558732,0
0.0,0.0,0.0,1.0,0.18179382,0
0.0,0.0,0.0,0.6764846,0.092756756,0
0.0,0.0,0.0,1.0,0.23132564,0
0.6855041,1.0,0.0,1.0,0.10391843,0
0.0,0.0,0.0,1.0,0.06030022,0
0.35156193,0.36979052,0.0,0.22371861,0.05746601,2
0.0,0.0,0.0,1.0,0.12820561,0
1.0,1.0,0.0,0.56149787,0.06953007,1
0.68540204,1.0,0.0,1.0,0.20119618,0
0.0,0.0,0.0,0.86858875,0.113193505,0
0.0,0.0,0.0,0.7010195,0.07809352,0
0.0,0.0,0.0,1.0,0.28115156,0
0.6855041,1.0,0.0,1.0,0.16838267,0
0.0,0.0,0.0,1.0,0.101218395,0
0.35156193,0.36979052,0.0,0.5549613,0.08651998,1
0.0,0.0,0.0,1.0,0.074807614,0
1.0,1.0,0.0,1.0,0.1558732,0
0.61275715,0.8921809,0.0,1.0,0.20119618,0
0.0,0.0,0.0,1.0,0.2838443,0
0.0,0.0,0.0,1.0,0.24854434,0
0.0,0.0,0.0,1.0,0.080508195,0
0.6855041,1.0,0.0,0.52610517,0.08405388,1
0.0,0.0,0.0,1.0,0.20372179,0
0.35156193,0.36979052,0.0,1.0,0.11467671,0
0.0,0.0,0.0,1.0,0.22115098,0
1.0,1.0,0.0,1.0,0.18179382,0
0.61275715,0.8921809,0.0,0.86858875,0.113193505,0
0.68540204,1.0,0.0,1.0,0.2838443,0
0.0,0.0,0.0,1.0,0.1618197,0
0.0,0.0,0.0,1.0,0.36326477,0
0.6855041,1.0,0.0,1.0,0.27298972,0
0.0,0.0,0.0,1.0,0.2098577,0
0.35156193,0.36979052,0.0,1.0,0.17884913,0
0.0,0.0,0.0,1.0,0.17430377,0
1.0,1.0,0.0,0.6764846,0.092756756,0
0.61275715,0.8921809,0.0,0.7010195,0.07809352,0
0.68540204,1.0,0.0,1.0,0.24854434,0
0.0,0.0,0.0,1.0,0.1618197,0
0.0,0.0,0.0,1.0,0.32379153,0
0.6855041,1.0,0.0,1.0,0.19126639,0
0.0,0.0,0.0,1.0,0.06779732,0
0.35156193,0.36979052,0.0,0.8693672,0.14194843,0
0.0,0.0,0.0,1.0,0.15340509,0
1.0,1.0,0.0,1.0,0.23132564,0
0.61275715,0.8921809,0.0,1.0,0.28115156,0
0.68540204,1.0,0.0,1.0,0.080508195,0
0.0,0.0,0.0,1.0,0.36326477,0
0.0,0.0,0.0,1.0,0.32379153,0
0.6855041,1.0,0.0,1.0,0.14004195,0
0.0,0.0,0.0,1.0,0.27243176,0
0.35156193,0.36979052,0.0,1.0,0.19474271,0
0.0,0.0,0.0,0.8583407,0.06185884,0
1.0,1.0,0.0,1.0,0.10391843,0
0.61275715,0.8921809,0.0,1.0,0.16838267,0
0.68540204,1.0,0.0,0.52610517,0.08405388,1
0.0,0.0,0.0,1.0,0.27298972,0
0.0,0.0,0.0,1.0,0.19126639,0
0.0,0.0,0.0,1.0,0.14004195,0
0.0,0.0,0.0,1.0,0.13384561,0
0.35156193,0.36979052,0.0,1.0,0.09647579,0
0.0,0.0,0.0,1.0,0.13512823,0
1.0,1.0,0.0,1.0,0.06030022,0
0.61275715,0.8921809,0.0,1.0,0.101218395,0
0.68540204,1.0,0.0,1.0,0.20372179,0
0.0,0.0,0.0,1.0,0.2098577,0
0.0,0.0,0.0,1.0,0.06779732,0
0.0,0.0,0.0,1.0,0.27243176,0
0.6855041,1.0,0.0,1.0,0.13384561,0
0.35156193,0.36979052,0.0,1.0,0.117511205,0
0.0,0.0,0.0,1.0,0.043116983,0
1.0,1.0,0.0,0.22371861,0.05746601,2
0.61275715,0.8921809,0.0,0.5549613,0.08651998,1
0.68540204,1.0,0.0,1.0,0.11467671,0
0.0,0.0,0.0,1.0,0.17884913,0
0.0,0.0,0.0,0.8693672,0.14194843,0
0.0,0.0,0.0,1.0,0.19474271,0
0.6855041,1.0,0.0,1.0,0.09647579,0
0.0,0.0,0.0,1.0,0.117511205,0
1.0,1.0,0.0,1.0,0.08215059,0
0.61275715,0.8921809,0.0,1.0,0.12820561,0
0.68540204,1.0,0.0,1.0,0.074807614,0
0.0,0.0,0.0,1.0,0.22115098,0
0.0,0.0,0.0,1.0,0.17430377,0
0.0,0.0,0.0,1.0,0.15340509,0
0.6855041,1.0,0.0,0.85847825,0.06185884,0
0.0,0.0,0.0,1.0,0.13512823,0
0.35156193,0.36979052,0.0,1.0,0.043116983,0
0.0,0.0,0.0,1.0,0.08215059,0
0.61275715,0.8921809,0.0,0.56082934,0.06953007,1
0.68540204,1.0,0.0,1.0,0.1558732,0
0.0,0.0,0.0,1.0,0.18179382,0
0.0,0.0,0.0,0.6755583,0.092756756,0
0.0,0.0,0.0,1.0,0.23132564,0
0.6855041,1.0,0.0,1.0,0.10391843,0
0.0,0.0,0.0,1.0,0.06030022,0
0.35156193,0.36979052,0.0,0.2231488,0.05746601,2
0.0,0.0,0.0,1.0,0.12820561,0
1.0,1.0,0.0,0.56082934,0.06953007,1
0.68540204,1.0,0.0,1.0,0.20119618,0
0.0,0.0,0.0,0.86760247,0.113193505,0
0.0,0.0,0.0,0.70023906,0.07809352,0
0.0,0.0,0.0,1.0,0.28115156,0
0.6855041,1.0,0.0,1.0,0.16838267,0
0.0,0.0,0.0,1.0,0.101218395,0
0.35156193,0.36979052,0.0,0.5542467,0.08651998,1
0.0,0.0,0.0,1.0,0.074807614,0
1.0,1.0,0.0,1.0,0.1558732,0
0.61275715,0.8921809,0.0,1.0,0.20119618,0
0.0,0.0,0.0,1.0,0.2838443,0
0.0,0.0,0.0,1.0,0.24854434,0
0.0,0.0,0.0,1.0,0.080508195,0
0.6855041,1.0,0.0,0.5253647,0.08405388,1
0.0,0.0,0.0,1.0,0.20372179,0
0.35156193,0.36979052,0.0,1.0,0.11467671,0
0.0,0.0,0.0,1.0,0.22115098,0
1.0,1.0,0.0,1.0,0.18179382,0
0.61275715,0.8921809,0.0,0.86760247,0.113193505,0
0.68540204,1.0,0.0,1.0,0.2838443,0
0.0,0.0,0.0,1.0,0.1618197,0
0.0,0.0,0.0,1.0,0.36326477,0
0.6855041,1.0,0.0,1.0,0.27298972,0
0.0,0.0,0.0,1.0,0.2098577,0
0.35156193,0.36979052,0.0,1.0,0.17884913,0
0.0,0.0,0.0,1.0,0.17430377,0
1.0,1.0,0.0,0.6755583,0.092756756,0
0.61275715,0.8921809,0.0,0.70023906,0.07809352,0
0.68540204,1.0,0.0,1.0,0.24854434,0
0.0,0.0,0.0,1.0,0.1618197,0
0.0,0.0,0.0,1.0,0.32379153,0
0.6855041,1.0,0.0,1.0,0.19126639,0
0.0,0.0,0.0,1.0,0.06779732,0
0.35156193,0.36979052,0.0,0.86796683,0.14194843,0
0.0,0.0,0.0,1.0,0.15340509,0
1.0,1.0,0.0,1.0,0.23132564,0
0.61275715,0.8921809,0.0,1.0,0.28115156,0
0.68540204,1.0,0.0,1.0,0.080508195,0
0.0,0.0,0.0,1.0,0.36326477,0
0.0,0.0,0.0,1.0,0.32379153,0
0.6855041,1.0,0.0,1.0,0.14004195,0
0.0,0.0,0.0,1.0,0.27243176,0
0.35156193,0.36979052,0.0,1.0,0.19474271,0
0.0,0.0,0.0,0.85847825,0.06185884,0
1.0,1.0,0.0,1.0,0.10391843,0
0.61275715,0.8921809,0.0,1.0,0.16838267,0
0.68540204,1.0,0.0,0.5253647,0.08405388,1
0.0,0.0,0.0,1.0,0.27298972,0
0.0,0.0,0.0,1.0,0.19126639,0
0.0,0.0,0.0,1.0,0.14004195,0
0.0,0.0,0.0,1.0,0.13384561,0
0.35156193,0.36979052,0.0,1.0,0.09647579,0
0.0,0.0,0.0,1.0,0.13512823,0
1.0,1.0,0.0,1.0,0.06030022,0
0.61275715,0.8921809,0.0,1.0,0.101218395,0
0.68540204,1.0,0.0,1.0,0.20372179,0
0.0,0.0,0.0,1.0,0.2098577,0
0.0,0.0,0.0,1.0,0.06779732,0
0.0,0.0,0.0,1.0,0.27243176,0
0.6855041,1.0,0.0,1.0,0.13384561,0
0.35156193,0.36979052,0.0,1.0,0.117511205,0
0.0,0.0,0.0,1.0,0.043116983,0
1.0,1.0,0.0,0.2231488,0.05746601,2
0.61275715,0.8921809,0.0,0.5542467,0.08651998,1
0.68540204,1.0,0.0,1.0,0.11467671,0
0.0,0.0,0.0,1.0,0.17884913,0
0.0,0.0,0.0,0.86796683,0.14194843,0
0.0,0.0,0.0,1.0,0.19474271,0
0.6855041,1.0,0.0,1.0,0.09647579,0
0.0,0.0,0.0,1.0,0.117511205,0
1.0,1.0,0.0,1.0,0.08215059,0
0.61918056,0.9050278,0.0,1.0,0.12820561,0
0.68540204,1.0,0.0,1.0,0.074807614,0
0.0,0.0,0.0,1.0,0.22115098,0
0.431832,0.53033066,0.0,1.0,0.17430377,0
0.0,0.0,0.0,1.0,0.15340509,0
0.6855041,1.0,0.0,0.8586162,0.06185884,0
0.0,0.0,0.0,1.0,0.13512823,0
0.6191648,0.90499634,0.0,1.0,0.043116983,0
0.0,0.0,0.0,1.0,0.08215059,0
0.61918056,0.9050278,0.0,0.5601609,0.06953007,1
0.68540204,1.0,0.0,1.0,0.1558732,0
0.0,0.0,0.0,1.0,0.18179382,0
0.431832,0.53033066,0.0,0.674632,0.092756756,0
0.0,0.0,0.0,1.0,0.23132564,0
0.6855041,1.0,0.0,1.0,0.10391843,0
0.0,0.0,0.0,1.0,0.06030022,0
0.6191648,0.90499634,0.0,0.22257899,0.05746601,2
0.0,0.0,0.0,1.0,0.12820561,0
1.0,1.0,0.0,0.5601609,0.06953007,1
0.68540204,1.0,0.0,1.0,0.20119618,0
0.0,0.0,0.0,0.8666165,0.113193505,0
0.431832,0.53033066,0.0,0.6994586,0.07809352,0
0.0,0.0,0.0,1.0,0.28115156,0
0.6855041,1.0,0.0,1.0,0.16838267,0
0.0,0.0,0.0,1.0,0.101218395,0
0.6191648,0.90499634,0.0,0.55353254,0.08651998,1
0.0,0.0,0.0,1.0,0.074807614,0
1.0,1.0,0.0,1.0,0.1558732,0
0.61918056,0.9050278,0.0,1.0,0.20119618,0
0.0,0.0,0.0,1.0,0.2838443,0
0.431832,0.53033066,0.0,1.0,0.24854434,0
0.0,0.0,0.0,1.0,0.080508195,0
0.6855041,1.0,0.0,0.52462447,0.08405388,1
0.0,0.0,0.0,1.0,0.20372179,0
0.6191648,0.90499634,0.0,1.0,0.11467671,0
0.0,0.0,0.0,1.0,0.22115098,0
1.0,1.0,0.0,1.0,0.18179382,0
0.61918056,0.9050278,0.0,0.8666165,0.113193505,0
0.68540204,1.0,0.0,1.0,0.2838443,0
0.431832,0.53033066,0.0,1.0,0.1618197,0
0.0,0.0,0.0,1.0,0.36326477,0
0.6855041,1.0,0.0,1.0,0.27298972,0
0.0,0.0,0.0,1.0,0.2098577,0
0.6191648,0.90499634,0.0,1.0,0.17884913,0
0.0,0.0,0.0,1.0,0.17430377,0
1.0,1.0,0.0,0.674632,0.092756756,0
0.61918056,0.9050278,0.0,0.6994586,0.07809352,0
0.68540204,1.0,0.0,1.0,0.24854434,0
0.0,0.0,0.0,1.0,0.1618197,0
0.0,0.0,0.0,1.0,0.32379153,0
0.6855041,1.0,0.0,1.0,0.19126639,0
0.0,0.0,0.0,1.0,0.06779732,0
0.6191648,0.90499634,0.0,0.86656654,0.14194843,0
0.0,0.0,0.0,1.0,0.15340509,0
1.0,1.0,0.0,1.0,0.23132564,0
0.61918056,0.9050278,0.0,1.0,0.28115156,0
0.68540204,1.0,0.0,1.0,0.080508195,0
0.0,0.0,0.0,1.0,0.36326477,0
0.431832,0.53033066,0.0,1.0,0.32379153,0
0.6855041,1.0,0.0,1.0,0.14004195,0
0.0,0.0,0.0,1.0,0.27243176,0
0.6191648,0.90499634,0.0,1.0,0.19474271,0
0.0,0.0,0.0,0.8586162,0.06185884,0
1.0,1.0,0.0,1.0,0.10391843,0
0.61918056,0.9050278,0.0,1.0,0.16838267,0
0.68540204,1.0,0.0,0.52462447,0.08405388,1
0.0,0.0,0.0,1.0,0.27298972,0
0.431832,0.53033066,0.0,1.0,0.19126639,0
0.0,0.0,0.0,1.0,0.14004195,0
0.0,0.0,0.0,1.0,0.13384561,0
0.6191648,0.90499634,0.0,1.0,0.09647579,0
0.0,0.0,0.0,1.0,0.13512823,0
1.0,1.0,0.0,1.0,0.06030022,0
0.61918056,0.9050278,0.0,1.0,0.101218395,0
0.68540204,1.0,0.0,1.0,0.20372179,0
0.0,0.0,0.0,1.0,0.2098577,0
0.431832,0.53033066,0.0,1.0,0.06779732,0
0.0,0.0,0.0,1.0,0.27243176,0
0.6855041,1.0,0.0,1.0,0.13384561,0
0.6191648,0.90499634,0.0,1.0,0.117511205,0
0.0,0.0,0.0,1.0,0.043116983,0
1.0,1.0,0.0,0.22257899,0.05746601,2
0.61918056,0.9050278,0.0,0.55353254,0.08651998,1
0.68540204,1.0,0.0,1.0,0.11467671,0
0.0,0.0,0.0,1.0,0.17884913,0
0.431832,0.53033066,0.0,0.86656654,0.14194843,0
0.0,0.0,0.0,1.0,0.19474271,0
0.6855041,1.0,0.0,1.0,0.09647579,0
0.0,0.0,0.0,1.0,0.117511205,0
1.0,1.0,0.0,1.0,0.08215059,0
0.61918056,0.9050278,0.0,1.0,0.12820561,0
0.68540204,1.0,0.0,1.0,0.074807614,0
0.0,0.0,0.0,1.0,0.22115098,0
0.431832,0.53033066,0.0,1.0,0.17430377,0
0.0,0.0,0.0,1.0,0.15340509,0
0.6855041,1.0,0.0,0.8587546,0.06185884,0
0.0,0.0,0.0,1.0,0.13512823,0
0.6191648,0.90499634,0.0,1.0,0.043116983,0
0.0,0.0,0.0,1.0,0.08215059,0
0.61918056,0.9050278,0.0,0.5594925,0.06953007,1
0.68540204,1.0,0.0,1.0,0.1558732,0
0.0,0.0,0.0,1.0,0.18179382,0
0.431832,0.53033066,0.0,0.67370576,0.092756756,0
0.0,0.0,0.0,1.0,0.23132564,0
0.6855041,1.0,0.0,1.0,0.10391843,0
0.0,0.0,0.0,1.0,0.06030022,0
0.6191648,0.90499634,0.0,0.22200921,0.05746601,2
0.0,0.0,0.0,1.0,0.12820561,0
1.0,1.0,0.0,0.5594925,0.06953007,1
0.68540204,1.0,0.0,1.0,0.20119618,0
0.0,0.0,0.0,0.8656309,0.113193505,0
0.431832,0.53033066,0.0,0.69867814,0.07809352,0
0.0,0.0,0.0,1.0,0.28115156,0
0.6855041,1.0,0.0,1.0,0.16838267,0
0.0,0.0,0.0,1.0,0.101218395,0
0.6191648,0.90499634,0.0,0.55281883,0.08651998,1
0.0,0.0,0.0,1.0,0.074807614,0
1.0,1.0,0.0,1.0,0.1558732,0
0.61918056,0.9050278,0.0,1.0,0.20119618,0
0.0,0.0,0.0,1.0,0.2838443,0
0.431832,0.53033066,0.0,1.0,0.24854434,0
0.0,0.0,0.0,1.0,0.080508195,0
0.6855041,1.0,0.0,0.5238846,0.08405388,1
0.0,0.0,0.0,1.0,0.20372179,0
0.6191648,0.90499634,0.0,1.0,0.11467671,0
0.0,0.0,0.0,1.0,0.22115098,0
1.0,1.0,0.0,1.0,0.18179382,0
0.61918056,0.9050278,0.0,0.8656309,0.113193505,0
0.68540204,1.0,0.0,1.0,0.2838443,0
0.431832,0.53033066,0.0,1.0,0.1618197,0
0.0,0.0,0.0,1.0,0.36326477,0
0.6855041,1.0,0.0,1.0,0.27298972,0
0.0,0.0,0.0,1.0,0.2098577,0
0.6191648,0.90499634,0.0,1.0,0.17884913,0
0.0,0.0,0.0,1.0,0.17430377,0
1.0,1.0,0.0,0.67370576,0.092756756,0
0.61918056,0.9050278,0.0,0.69867814,0.07809352,0
0.68540204,1.0,0.0,1.0,0.24854434,0
0.0,0.0,0.0,1.0,0.1618197,0
0.0,0.0,0.0,1.0,0.32379153,0
0.6855041,1.0,0.0,1.0,0.19126639,0
0.0,0.0,0.0,1.0,0.06779732,0
0.6191648,0.90499634,0.0,0.8651663,0.14194843,0
0.0,0.0,0.0,1.0,0.15340509,0
1.0,1.0,0.0,1.0,0.23132564,0
0.61918056,0.9050278,0.0,1.0,0.28115156,0
0.68540204,1.0,0.0,1.0,0.080508195,0
0.0,0.0,0.0,1.0,0.36326477,0
0.431832,0.53033066,0.0,1.0,0.32379153,0
0.6855041,1.0,0.0,1.0,0.14004195,0
0.0,0.0,0.0,1.0,0.27243176,0
0.6191648,0.90499634,0.0,1.0,0.19474271,0
0.0,0.0,0.0,0.8587546,0.06185884,0
1.0,1.0,0.0,1.0,0.10391843,0
0.61918056,0.9050278,0.0,1.0,0.16838267,0
0.68540204,1.0,0.0,0.5238846,0.08405388,1
0.0,0.0,0.0,1.0,0.27298972,0
0.431832,0.53033066,0.0,1.0,0.19126639,0
0.0,0.0,0.0,1.0,0.14004195,0
0.0,0.0,0.0,1.0,0.13384561,0
0.6191648,0.90499634,0.0,1.0,0.09647579,0
0.0,0.0,0.0,1.0,0.13512823,0
1.0,1.0,0.0,1.0,0.06030022,0
0.61918056,0.9050278,0.0,1.0,0.101218395,0
0.68540204,1.0,0.0,1.0,0.20372179,0
0.0,0.0,0.0,1.0,0.2098577,0
0.431832,0.53033066,0.0,1.0,0.06779732,0
0.0,0.0,0.0,1.0,0.27243176,0
0.6855041,1.0,0.0,1.0,0.13384561,0
0.6191648,0.90499634,0.0,1.0,0.117511205,0
0.0,0.0,0.0,1.0,0.043116983,0
1.0,1.0,0.0,0.22200921,0.05746601,2
0.61918056,0.9050278,0.0,0.55281883,0.08651998,1
0.68540204,1.0,0.0,1.0,0.11467671,0
0.0,0.0,0.0,1.0,0.17884913,0
0.431832,0.53033066,0.0,0.8651663,0.14194843,0
0.0,0.0,0.0,1.0,0.19474271,0
0.6855041,1.0,0.0,1.0,0.09647579,0
0.0,0.0,0.0,1.0,0.117511205,0
1.0,1.0,0.0,1.0,0.08215059,0
0.61918056,0.9050278,0.0,1.0,0.12820561,0
0.68540204,1.0,0.0,1.0,0.074807614,0
0.0,0.0,0.0,1.0,0.22115098,0
0.431832,0.53033066,0.0,1.0,0.17430377,0
0.0,0.0,0.0,1.0,0.15340509,0
0.6855041,1.0,0.0,0.85889333,0.06185884,0
0.0,0.0,0.0,1.0,0.13512823,0
0.6191648,0.90499634,0.0,1.0,0.043116983,0
0.0,0.0,0.0,1.0,0.08215059,0
0.61918056,0.9050278,0.0,0.5588242,0.06953007,1
0.68540204,1.0,0.0,1.0,0.1558732,0
0.0,0.0,0.0,1.0,0.18179382,0
0.431832,0.53033066,0.0,0.6727795,0.092756756,0
0.0,0.0,0.0,1.0,0.23132564,0
0.6855041,1.0,0.0,1.0,0.10391843,0
0.0,0.0,0.0,1.0,0.06030022,0
0.6191648,0.90499634,0.0,0.22143945,0.05746601,2
0.0,0.0,0.0,1.0,0.12820561,0
1.0,1.0,0.0,0.5588242,0.06953007,1
0.68540204,1.0,0.0,1.0,0.20119618,0
0.0,0.0,0.0,0.86464566,0.113193505,0
0.431832,0.53033066,0.0,0.6978977,0.07809352,0
0.0,0.0,0.0,1.0,0.28115156,0
0.6855041,1.0,0.0,1.0,0.16838267,0
0.0,0.0,0.0,1.0,0.101218395,0
0.6191648,0.90499634,0.0,0.5521055,0.08651998,1
0.0,0.0,0.0,1.0,0.074807614,0
1.0,1.0,0.0,1.0,0.1558732,0
0.61918056,0.9050278,0.0,1.0,0.20119618,0
0.0,0.0,0.0,1.0,0.2838443,0
0.431832,0.53033066,0.0,1.0,0.24854434,0
0.0,0.0,0.0,1.0,0.080508195,0
0.6855041,1.0,0.0,0.523145,0.08405388,1
0.0,0.0,0.0,1.0,0.20372179,0
0.6191648,0.90499634,0.0,1.0,0.11467671,0
0.0,0.0,0.0,1.0,0.22115098,0
1.0,1.0,0.0,1.0,0.18179382,0
0.61918056,0.9050278,0.0,0.86464566,0.113193505,0
0.68540204,1.0,0.0,1.0,0.2838443,0
0.431832,0.53033066,0.0,1.0,0.1618197,0
0.0,0.0,0.0,1.0,0.36326477,0
0.6855041,1.0,0.0,1.0,0.27298972,0
0.0,0.0,0.0,1.0,0.2098577,0
0.6191648,0.90499634,0.0,1.0,0.17884913,0
0.0,0.0,0.0,1.0,0.17430377,0
1.0,1.0,0.0,0.6727795,0.092756756,0
0.61918056,0.9050278,0.0,0.6978977,0.07809352,0
0.68540204,1.0,0.0,1.0,0.24854434,0
0.0,0.0,0.0,1.0,0.1618197,0
0.0,0.0,0.0,1.0,0.32379153,0
0.6855041,1.0,0.0,1.0,0.19126639,0
0.0,0.0,0.0,1.0,0.06779732,0
0.6191648,0.90499634,0.0,0.8637662,0.14194843,0
0.0,0.0,0.0,1.0,0.15340509,0
1.0,1.0,0.0,1.0,0.23132564,0
0.61918056,0.9050278,0.0,1.0,0.28115156,0
0.68540204,1.0,0.0,1.0,0.080508195,0
0.0,0.0,0.0,1.0,0.36326477,0
0.431832,0.53033066,0.0,1.0,0.32379153,0
0.6855041,1.0,0.0,1.0,0.14004195,0
0.0,0.0,0.0,1.0,0.27243176,0
0.6191648,0.90499634,0.0,1.0,0.19474271,0
0.0,0.0,0.0,0.85889333,0.06185884,0
1.0,1.0,0.0,1.0,0.10391843,0
0.61918056,0.9050278,0.0,1.0,0.16838267,0
0.68540204,1.0,0.0,0.523145,0.08405388,1
0.0,0.0,0.0,1.0,0.27298972,0
0.431832,0.53033066,0.0,1.0,0.19126639,0
0.0,0.0,0.0,1.0,0.14004195,0
0.0,0.0,0.0,1.0,0.13384561,0
0.6191648,0.90499634,0.0,1.0,0.09647579,0
0.0,0.0,0.0,1.0,0.13512823,0
1.0,1.0,0.0,1.0,0.06030022,0
0.61918056,0.9050278,0.0,1.0,0.101218395,0
0.68540204,1.0,0.0,1.0,0.20372179,0
0.0,0.0,0.0,1.0,0.2098577,0
0.431832,0.53033066,0.0,1.0,0.06779732,0
0.0,0.0,0.0,1.0,0.27243176,0
0.6855041,1.0,0.0,1.0,0.13384561,0
0.6191648,0.90499634,0.0,1.0,0.117511205,0
0.0,0.0,0.0,1.0,0.043116983,0
1.0,1.0,0.0,0.22143945,0.05746601,2
0.61918056,0.9050278,0.0,0.5521055,0.08651998,1
0.68540204,1.0,0.0,1.0,0.11467671,0
0.0,0.0,0.0,1.0,0.17884913,0
0.431832,0.53033066,0.0,0.8637662,0.14194843,0
0.0,0.0,0.0,1.0,0.19474271,0
0.6855041,1.0,0.0,1.0,0.09647579,0
0.0,0.0,0.0,1.0,0.117511205,0
0.4351209,0.5369085,0.0,1.0,0.08215059,0
0.60958445,0.8858355,0.0,1.0,0.12820561,0
0.68540204,1.0,0.0,1.0,0.074807614,0
0.0,0.0,0.0,1.0,0.22115098,0
0.4350692,0.5368051,0.0,1.0,0.17430377,0
0.0,0.0,0.0,1.0,0.15340509,0
0.6855041,1.0,0.0,0.8590326,0.06185884,0
0.0,0.0,0.0,1.0,0.13512823,0
1.0,1.0,0.0,1.0,0.043116983,0
0.0,0.0,0.0,1.0,0.08215059,0
0.60958445,0.8858355,0.0,0.55815595,0.06953007,1
0.68540204,1.0,0.0,1.0,0.1558732,0
0.0,0.0,0.0,1.0,0.18179382,0
0.4350692,0.5368051,0.0,0.6718532,0.092756756,0
0.0,0.0,0.0,1.0,0.23132564,0
0.6855041,1.0,0.0,1.0,0.10391843,0
0.0,0.0,0.0,1.0,0.06030022,0
1.0,1.0,0.0,0.22086973,0.05746601,2
0.0,0.0,0.0,1.0,0.12820561,0
0.4351209,0.5369085,0.0,0.55815595,0.06953007,1
0.68540204,1.0,0.0,1.0,0.20119618,0
0.0,0.0,0.0,0.86366075,0.113193505,0
0.4350692,0.5368051,0.0,0.69711727,0.07809352,0
0.0,0.0,0.0,1.0,0.28115156,0
0.6855041,1.0,0.0,1.0,0.16838267,0
0.0,0.0,0.0,1.0,0.101218395,0
1.0,1.0,0.0,0.5513926,0.08651998,1
0.0,0.0,0.0,1.0,0.074807614,0
0.4351209,0.5369085,0.0,1.0,0.1558732,0
0.60958445,0.8858355,0.0,1.0,0.20119618,0
0.0,0.0,0.0,1.0,0.2838443,0
0.4350692,0.5368051,0.0,1.0,0.24854434,0
0.0,0.0,0.0,1.0,0.080508195,0
0.6855041,1.0,0.0,0.5224057,0.08405388,1
0.0,0.0,0.0,1.0,0.20372179,0
1.0,1.0,0.0,1.0,0.11467671,0
0.0,0.0,0.0,1.0,0.22115098,0
0.4351209,0.5369085,0.0,1.0,0.18179382,0
0.60958445,0.8858355,0.0,0.86366075,0.113193505,0
0.68540204,1.0,0.0,1.0,0.2838443,0
0.4350692,0.5368051,0.0,1.0,0.1618197,0
0.0,0.0,0.0,1.0,0.36326477,0
0.6855041,1.0,0.0,1.0,0.27298972,0
0.0,0.0,0.0,1.0,0.2098577,0
1.0,1.0,0.0,1.0,0.17884913,0
0.0,0.0,0.0,1.0,0.17430377,0
0.4351209,0.5369085,0.0,0.6718532,0.092756756,0
0.60958445,0.8858355,0.0,0.69711727,0.07809352,0
0.68540204,1.0,0.0,1.0,0.24854434,0
0.0,0.0,0.0,1.0,0.1618197,0
0.0,0.0,0.0,1.0,0.32379153,0
0.6855041,1.0,0.0,1.0,0.19126639,0
0.0,0.0,0.0,1.0,0.06779732,0
1.0,1.0,0.0,0.8623661,0.14194843,0
0.0,0.0,0.0,1.0,0.15340509,0
0.4351209,0.5369085,0.0,1.0,0.23132564,0
0.60958445,0.8858355,0.0,1.0,0.28115156,0
0.68540204,1.0,0.0,1.0,0.080508195,0
0.0,0.0,0.0,1.0,0.36326477,0
0.4350692,0.5368051,0.0,1.0,0.32379153,0
0.6855041,1.0,0.0,1.0,0.14004195,0
0.0,0.0,0.0,1.0,0.27243176,0
1.0,1.0,0.0,1.0,0.19474271,0
0.0,0.0,0.0,0.8590326,0.06185884,0
0.4351209,0.5369085,0.0,1.0,0.10391843,0
0.60958445,0.8858355,0.0,1.0,0.16838267,0
0.68540204,1.0,0.0,0.5224057,0.08405388,1
0.0,0.0,0.0,1.0,0.27298972,0
0.4350692,0.5368051,0.0,1.0,0.19126639,0
0.0,0.0,0.0,1.0,0.14004195,0
0.0,0.0,0.0,1.0,0.13384561,0
1.0,1.0,0.0,1.0,0.09647579,0
0.0,0.0,0.0,1.0,0.13512823,0
0.4351209,0.5369085,0.0,1.0,0.06030022,0
0.60958445,0.8858355,0.0,1.0,0.101218395,0
0.68540204,1.0,0.0,1.0,0.20372179,0
0.0,0.0,0.0,1.0,0.2098577,0
0.4350692,0.5368051,0.0,1.0,0.06779732,0
0.0,0.0,0.0,1.0,0.27243176,0
0.6855041,1.0,0.0,1.0,0.13384561,0
1.0,1.0,0.0,1.0,0.117511205,0
0.0,0.0,0.0,1.0,0.043116983,0
0.4351209,0.5369085,0.0,0.22086973,0.05746601,2
0.60958445,0.8858355,0.0,0.5513926,0.08651998,1
0.68540204,1.0,0.0,1.0,0.11467671,0
0.0,0.0,0.0,1.0,0.17884913,0
0.4350692,0.5368051,0.0,0.8623661,0.14194843,0
0.0,0.0,0.0,1.0,0.19474271,0
0.6855041,1.0,0.0,1.0,0.09647579,0
0.0,0.0,0.0,1.0,0.117511205,0
0.4351209,0.5369085,0.0,1.0,0.08215059,0
0.60958445,0.8858355,0.0,1.0,0.12820561,0
0.68540204,1.0,0.0,1.0,0.074807614,0
0.0,0.0,0.0,1.0,0.22115098,0
0.4350692,0.5368051,0.0,1.0,0.17430377,0
0.0,0.0,0.0,1.0,0.15340509,0
0.6855041,1.0,0.0,0.8591722,0.06185884,0
0.0,0.0,0.0,1.0,0.13512823,0
1.0,1.0,0.0,1.0,0.043116983,0
0.0,0.0,0.0,1.0,0.08215059,0
0.60958445,0.8858355,0.0,0.5574878,0.06953007,1
0.68540204,1.0,0.0,1.0,0.1558732,0
0.0,0.0,0.0,1.0,0.18179382,0
0.4350692,0.5368051,0.0,0.6709269,0.092756756,0
0.0,0.0,0.0,1.0,0.23132564,0
0.6855041,1.0,0.0,1.0,0.10391843,0
0.0,0.0,0.0,1.0,0.06030022,0
1.0,1.0,0.0,0.22030003,0.05746601,2
0.0,0.0,0.0,1.0,0.12820561,0
0.4351209,0.5369085,0.0,0.5574878,0.06953007,1
0.68540204,1.0,0.0,1.0,0.20119618,0
0.0,0.0,0.0,0.86267626,0.113193505,0
0.4350692,0.5368051,0.0,0.6963368,0.07809352,0
0.0,0.0,0.0,1.0,0.28115156,0
0.6855041,1.0,0.0,1.0,0.16838267,0
0.0,0.0,0.0,1.0,0.101218395,0
1.0,1.0,0.0,0.55068016,0.08651998,1
0.0,0.0,0.0,1.0,0.074807614,0
0.4351209,0.5369085,0.0,1.0,0.1558732,0
0.60958445,0.8858355,0.0,1.0,0.20119618,0
0.0,0.0,0.0,1.0,0.2838443,0
0.4350692,0.5368051,0.0,1.0,0.24854434,0
0.0,0.0,0.0,1.0,0.080508195,0
0.6855041,1.0,0.0,0.5216667,0.08405388,1
0.0,0.0,0.0,1.0,0.20372179,0
1.0,1.0,0.0,1.0,0.11467671,0
0.0,0.0,0.0,1.0,0.22115098,0
0.4351209,0.5369085,0.0,1.0,0.18179382,0
0.60958445,0.8858355,0.0,0.86267626,0.113193505,0
0.68540204,1.0,0.0,1.0,0.2838443,0
0.4350692,0.5368051,0.0,1.0,0.1618197,0
0.0,0.0,0.0,1.0,0.36326477,0
0.6855041,1.0,0.0,1.0,0.27298972,0
0.0,0.0,0.0,1.0,0.2098577,0
1.0,1.0,0.0,1.0,0.17884913,0
0.0,0.0,0.0,1.0,0.17430377,0
0.4351209,0.5369085,0.0,0.6709269,0.092756756,0
0.60958445,0.8858355,0.0,0.6963368,0.07809352,0
0.68540204,1.0,0.0,1.0,0.24854434,0
0.0,0.0,0.0,1.0,0.1618197,0
0.0,0.0,0.0,1.0,0.32379153,0
0.6855041,1.0,0.0,1.0,0.19126639,0
0.0,0.0,0.0,1.0,0.06779732,0
1.0,1.0,0.0,0.8609661,0.14194843,0
0.0,0.0,0.0,1.0,0.15340509,0
0.4351209,0.5369085,0.0,1.0,0.23132564,0
0.60958445,0.8858355,0.0,1.0,0.28115156,0
0.68540204,1.0,0.0,1.0,0.080508195,0
0.0,0.0,0.0,1.0,0.36326477,0
0.4350692,0.5368051,0.0,1.0,0.32379153,0
0.6855041,1.0,0.0,1.0,0.14004195,0
0.0,0.0,0.0,1.0,0.27243176,0
1.0,1.0,0.0,1.0,0.19474271,0
0.0,0.0,0.0,0.8591722,0.06185884,0
0.4351209,0.5369085,0.0,1.0,0.10391843,0
0.60958445,0.8858355,0.0,1.0,0.16838267,0
0.68540204,1.0,0.0,0.5216667,0.08405388,1
0.0,0.0,0.0,1.0,0.27298972,0
0.4350692,0.5368051,0.0,1.0,0.19126639,0
0.0,0.0,0.0,1.0,0.14004195,0
0.0,0.0,0.0,1.0,0.13384561,0
1.0,1.0,0.0,1.0,0.09647579,0
0.0,0.0,0.0,1.0,0.13512823,0
0.4351209,0.5369085,0.0,1.0,0.06030022,0
0.60958445,0.8858355,0.0,1.0,0.101218395,0
0.68540204,1.0,0.0,1.0,0.20372179,0
0.0,0.0,0.0,1.0,0.2098577,0
0.4350692,0.5368051,0.0,1.0,0.06779732,0
0.0,0.0,0.0,1.0,0.27243176,0
0.6855041,1.0,0.0,1.0,0.13384561,0
1.0,1.0,0.0,1.0,0.117511205,0
0.0,0.0,0.0,1.0,0.043116983,0
0.4351209,0.5369085,0.0,0.22030003,0.05746601,2
0.60958445,0.8858355,0.0,0.55068016,0.08651998,1
0.68540204,1.0,0.0,1.0,0.11467671,0
0.0,0.0,0.0,1.0,0.17884913,0
0.4350692,0.5368051,0.0,0.8609661,0.14194843,0
0.0,0.0,0.0,1.0,0.19474271,0
0.6855041,1.0,0.0,1.0,0.09647579,0
0.0,0.0,0.0,1.0,0.117511205,0
0.4351209,0.5369085,0.0,1.0,0.08215059,0
0.60958445,0.8858355,0.0,1.0,0.12820561,0
0.6999758,1.0,0.0,1.0,0.074807614,0
0.0,0.0,0.0,1.0,0.22115098,0
0.4350692,0.5368051,0.0,1.0,0.17430377,0
0.0,0.0,0.0,1.0,0.15340509,0
0.7000611,1.0,0.0,0.8593123,0.06185884,0
0.0,0.0,0.0,1.0,0.13512823,0
1.0,1.0,0.0,1.0,0.043116983,0
0.0,0.0,0.0,1.0,0.08215059,0
0.60958445,0.8858355,0.0,0.5568197,0.06953007,1
0.6999758,1.0,0.0,1.0,0.1558732,0
0.0,0.0,0.0,1.0,0.18179382,0
0.4350692,0.5368051,0.0,0.6700007,0.092756756,0
0.0,0.0,0.0,1.0,0.23132564,0
0.7000611,1.0,0.0,1.0,0.10391843,0
0.0,0.0,0.0,1.0,0.06030022,0
1.0,1.0,0.0,0.21973035,0.05746601,2
0.0,0.0,0.0,1.0,0.12820561,0
0.4351209,0.5369085,0.0,0.5568197,0.06953007,1
0.6999758,1.0,0.0,1.0,0.20119618,0
0.0,0.0,0.0,0.86169213,0.113193505,0
0.4350692,0.5368051,0.0,0.69555634,0.07809352,0
0.0,0.0,0.0,1.0,0.28115156,0
0.7000611,1.0,0.0,1.0,0.16838267,0
0.0,0.0,0.0,1.0,0.101218395,0
1.0,1.0,0.0,0.5499682,0.08651998,1
0.0,0.0,0.0,1.0,0.074807614,0
0.4351209,0.5369085,0.0,1.0,0.1558732,0
0.60958445,0.8858355,0.0,1.0,0.20119618,0
0.0,0.0,0.0,1.0,0.2838443,0
0.4350692,0.5368051,0.0,1.0,0.24854434,0
0.0,0.0,0.0,1.0,0.080508195,0
0.7000611,1.0,0.0,0.5209281,0.08405388,1
0.0,0.0,0.0,1.0,0.20372179,0
1.0,1.0,0.0,1.0,0.11467671,0
0.0,0.0,0.0,1.0,0.22115098,0
0.4351209,0.5369085,0.0,1.0,0.18179382,0
0.60958445,0.8858355,0.0,0.86169213,0.113193505,0
0.6999758,1.0,0.0,1.0,0.2838443,0
0.4350692,0.5368051,0.0,1.0,0.1618197,0
0.0,0.0,0.0,1.0,0.36326477,0
0.7000611,1.0,0.0,1.0,0.27298972,0
0.0,0.0,0.0,1.0,0.2098577,0
1.0,1.0,0.0,1.0,0.17884913,0
0.0,0.0,0.0,1.0,0.17430377,0
0.4351209,0.5369085,0.0,0.6700007,0.092756756,0
0.60958445,0.8858355,0.0,0.69555634,0.07809352,0
0.6999758,1.0,0.0,1.0,0.24854434,0
0.0,0.0,0.0,1.0,0.1618197,0
0.0,0.0,0.0,1.0,0.32379153,0
0.7000611,1.0,0.0,1.0,0.19126639,0
0.0,0.0,0.0,1.0,0.06779732,0
1.0,1.0,0.0,0.8595661,0.14194843,0
0.0,0.0,0.0,1.0,0.15340509,0
0.4351209,0.5369085,0.0,1.0,0.23132564,0
0.60958445,0.8858355,0.0,1.0,0.28115156,0
0.6999758,1.0,0.0,1.0,0.080508195,0
0.0,0.0,0.0,1.0,0.36326477,0
0.4350692,0.5368051,0.0,1.0,0.32379153,0
0.7000611,1.0,0.0,1.0,0.14004195,0
0.0,0.0,0.0,1.0,0.27243176,0
1.0,1.0,0.0,1.0,0.19474271,0
0.0,0.0,0.0,0.8593123,0.06185884,0
0.4351209,0.5369085,0.0,1.0,0.10391843,0
0.60958445,0.8858355,0.0,1.0,0.16838267,0
0.6999758,1.0,0.0,0.5209281,0.08405388,1
0.0,0.0,0.0,1.0,0.27298972,0
0.4350692,0.5368051,0.0,1.0,0.19126639,0
0.0,0.0,0.0,1.0,0.14004195,0
0.0,0.0,0.0,1.0,0.13384561,0
1.0,1.0,0.0,1.0,0.09647579,0
0.0,0.0,0.0,1.0,0.13512823,0
0.4351209,0.5369085,0.0,1.0,0.06030022,0
0.60958445,0.8858355,0.0,1.0,0.101218395,0
0.6999758,1.0,0.0,1.0,0.20372179,0
0.0,0.0,0.0,1.0,0.2098577,0
0.4350692,0.5368051,0.0,1.0,0.06779732,0
0.0,0.0,0.0,1.0,0.27243176,0
0.7000611,1.0,0.0,1.0,0.13384561,0
1.0,1.0,0.0,1.0,0.117511205,0
0.0,0.0,0.0,1.0,0.043116983,0
0.4351209,0.5369085,0.0,0.21973035,0.05746601,2
0.60958445,0.8858355,0.0,0.5499682,0.08651998,1
0.6999758,1.0,0.0,1.0,0.11467671,0
0.0,0.0,0.0,1.0,0.17884913,0
0.4350692,0.5368051,0.0,0.8595661,0.14194843,0
0.0,0.0,0.0,1.0,0.19474271,0
0.7000611,1.0,0.0,1.0,0.09647579,0
0.0,0.0,0.0,1.0,0.117511205,0
0.4351209,0.5369085,0.0,1.0,0.08215059,0
0.60958445,0.8858355,0.0,1.0,0.12820561,0
0.6999758,1.0,0.0,1.0,0.074807614,0
0.0,0.0,0.0,1.0,0.22115098,0
0.4350692,0.5368051,0.0,1.0,0.17430377,0
0.0,0.0,0.0,1.0,0.15340509,0
0.7000611,1.0,0.0,0.8594528,0.06185884,0
0.0,0.0,0.0,1.0,0.13512823,0
1.0,1.0,0.0,1.0,0.043116983,0
0.0,0.0,0.0,1.0,0.08215059,0
0.60958445,0.8858355,0.0,0.5561516,0.06953007,1
0.6999758,1.0,0.0,1.0,0.1558732,0
0.0,0.0,0.0,1.0,0.18179382,0
0.4350692,0.5368051,0.0,0.6690744,0.092756756,0
0.0,0.0,0.0,1.0,0.23132564,0
0.7000611,1.0,0.0,1.0,0.10391843,0
0.0,0.0,0.0,1.0,0.06030022,0
1.0,1.0,0.0,0.2191607,0.05746601,2
0.0,0.0,0.0,1.0,0.12820561,0
0.4351209,0.5369085,0.0,0.5561516,0.06953007,1
0.6999758,1.0,0.0,1.0,0.20119618,0
0.0,0.0,0.0,0.8607083,0.113193505,0
0.4350692,0.5368051,0.0,0.6947759,0.07809352,0
0.0,0.0,0.0,1.0,0.28115156,0
0.7000611,1.0,0.0,1.0,0.16838267,0
0.0,0.0,0.0,1.0,0.101218395,0
1.0,1.0,0.0,0.5492566,0.08651998,1
0.0,0.0,0.0,1.0,0.074807614,0
0.4351209,0.5369085,0.0,1.0,0.1558732,0
0.60958445,0.8858355,0.0,1.0,0.20119618,0
0.0,0.0,0.0,1.0,0.2838443,0
0.4350692,0.5368051,0.0,1.0,0.24854434,0
0.0,0.0,0.0,1.0,0.080508195,0
0.7000611,1.0,0.0,0.5201897,0.08405388,1
0.0,0.0,0.0,1.0,0.20372179,0
1.0,1.0,0.0,1.0,0.11467671,0
0.0,0.0,0.0,1.0,0.22115098,0
0.4351209,0.5369085,0.0,1.0,0.18179382,0
0.60958445,0.8858355,0.0,0.8607083,0.113193505,0
0.6999758,1.0,0.0,1.0,0.2838443,0
0.4350692,0.5368051,0.0,1.0,0.1618197,0
0.0,0.0,0.0,1.0,0.36326477,0
0.7000611,1.0,0.0,1.0,0.27298972,0
0.0,0.0,0.0,1.0,0.2098577,0
1.0,1.0,0.0,1.0,0.17884913,0
0.0,0.0,0.0,1.0,0.17430377,0
0.4351209,0.5369085,0.0,0.6690744,0.092756756,0
0.60958445,0.8858355,0.0,0.6947759,0.07809352,0
0.6999758,1.0,0.0,1.0,0.24854434,0
0.0,0.0,0.0,1.0,0.1618197,0
0.0,0.0,0.0,1.0,0.32379153,0
0.7000611,1.0,0.0,1.0,0.19126639,0
0.0,0.0,0.0,1.0,0.06779732,0
1.0,1.0,0.0,0.8581662,0.14194843,0
0.0,0.0,0.0,1.0,0.15340509,0
0.4351209,0.5369085,0.0,1.0,0.23132564,0
0.60958445,0.8858355,0.0,1.0,0.28115156,0
0.6999758,1.0,0.0,1.0,0.080508195,0
0.0,0.0,0.0,1.0,0.36326477,0
0.4350692,0.5368051,0.0,1.0,0.32379153,0
0.7000611,1.0,0.0,1.0,0.14004195,0
0.0,0.0,0.0,1.0,0.27243176,0
1.0,1.0,0.0,1.0,0.19474271,0
0.0,0.0,0.0,0.8594528,0.06185884,0
0.4351209,0.5369085,0.0,1.0,0.10391843,0
0.60958445,0.8858355,0.0,1.0,0.16838267,0
0.6999758,1.0,0.0,0.5201897,0.08405388,1
0.0,0.0,0.0,1.0,0.27298972,0
0.4350692,0.5368051,0.0,1.0,0.19126639,0
0.0,0.0,0.0,1.0,0.14004195,0
0.0,0.0,0.0,1.0,0.13384561,0
1.0,1.0,0.0,1.0,0.09647579,0
0.0,0.0,0.0,1.0,0.13512823,0
0.4351209,0.5369085,0.0,1.0,0.06030022,0
0.60958445,0.8858355,0.0,1.0,0.101218395,0
0.6999758,1.0,0.0,1.0,0.20372179,0
0.0,0.0,0.0,1.0,0.2098577,0
0.4350692,0.5368051,0.0,1.0,0.06779732,0
0.0,0.0,0.0,1.0,0.27243176,0
0.7000611,1.0,0.0,1.0,0.13384561,0
1.0,1.0,0.0,1.0,0.117511205,0
0.0,0.0,0.0,1.0,0.043116983,0
0.4351209,0.5369085,0.0,0.2191607,0.05746601,2
0.60958445,0.8858355,0.0,0.5492566,0.08651998,1
0.6999758,1.0,0.0,1.0,0.11467671,0
0.0,0.0,0.0,1.0,0.17884913,0
0.4350692,0.5368051,0.0,0.8581662,0.14194843,0
0.0,0.0,0.0,1.0,0.19474271,0
0.7000611,1.0,0.0,1.0,0.09647579,0
0.0,0.0,0.0,1.0,0.117511205,0
1.0,1.0,0.0,1.0,0.08215059,0
0.6308869,0.92844045,0.0,1.0,0.12820561,0
0.6999758,1.0,0.0,1.0,0.074807614,0
0.0,0.0,0.0,1.0,0.22115098,0
0.439093,0.5448526,0.0,1.0,0.17430377,0
0.0,0.0,0.0,1.0,0.15340509,0
0.7000611,1.0,0.0,0.8595937,0.06185884,0
0.0,0.0,0.0,1.0,0.13512823,0
0.63077325,0.9282132,0.0,1.0,0.043116983,0
0.0,0.0,0.0,1.0,0.08215059,0
0.6308869,0.92844045,0.0,0.55548364,0.06953007,1
0.6999758,1.0,0.0,1.0,0.1558732,0
0.0,0.0,0.0,1.0,0.18179382,0
0.439093,0.5448526,0.0,0.66814816,0.092756756,0
0.0,0.0,0.0,1.0,0.23132564,0
0.7000611,1.0,0.0,1.0,0.10391843,0
0.0,0.0,0.0,1.0,0.06030022,0
0.63077325,0.9282132,0.0,0.21859108,0.05746601,2
0.0,0.0,0.0,1.0,0.12820561,0
1.0,1.0,0.0,0.55548364,0.06953007,1
0.6999758,1.0,0.0,1.0,0.20119618,0
0.0,0.0,0.0,0.8597249,0.113193505,0
0.439093,0.5448526,0.0,0.6939955,0.07809352,0
0.0,0.0,0.0,1.0,0.28115156,0
0.7000611,1.0,0.0,1.0,0.16838267,0
0.0,0.0,0.0,1.0,0.101218395,0
0.63077325,0.9282132,0.0,0.5485455,0.08651998,1
0.0,0.0,0.0,1.0,0.074807614,0
1.0,1.0,0.0,1.0,0.1558732,0
0.6308869,0.92844045,0.0,1.0,0.20119618,0
0.0,0.0,0.0,1.0,0.2838443,0
0.439093,0.5448526,0.0,1.0,0.24854434,0
0.0,0.0,0.0,1.0,0.080508195,0
0.7000611,1.0,0.0,0.5194516,0.08405388,1
0.0,0.0,0.0,1.0,0.20372179,0
0.63077325,0.9282132,0.0,1.0,0.11467671,0
0.0,0.0,0.0,1.0,0.22115098,0
1.0,1.0,0.0,1.0,0.18179382,0
0.6308869,0.92844045,0.0,0.8597249,0.113193505,0
0.6999758,1.0,0.0,1.0,0.2838443,0
0.439093,0.5448526,0.0,1.0,0.1618197,0
0.0,0.0,0.0,1.0,0.36326477,0
0.7000611,1.0,0.0,1.0,0.27298972,0
0.0,0.0,0.0,1.0,0.2098577,0
0.63077325,0.9282132,0.0,1.0,0.17884913,0
0.0,0.0,0.0,1.0,0.17430377,0
1.0,1.0,0.0,0.66814816,0.092756756,0
0.6308869,0.92844045,0.0,0.6939955,0.07809352,0
0.6999758,1.0,0.0,1.0,0.24854434,0
0.0,0.0,0.0,1.0,0.1618197,0
0.0,0.0,0.0,1.0,0.32379153,0
0.7000611,1.0,0.0,1.0,0.19126639,0
0.0,0.0,0.0,1.0,0.06779732,0
0.63077325,0.9282132,0.0,0.8567664,0.14194843,0
0.0,0.0,0.0,1.0,0.15340509,0
1.0,1.0,0.0,1.0,0.23132564,0
0.6308869,0.92844045,0.0,1.0,0.28115156,0
0.6999758,1.0,0.0,1.0,0.080508195,0
0.0,0.0,0.0,1.0,0.36326477,0
0.439093,0.5448526,0.0,1.0,0.32379153,0
0.7000611,1.0,0.0,1.0,0.14004195,0
0.0,0.0,0.0,1.0,0.27243176,0
0.63077325,0.9282132,0.0,1.0,0.19474271,0
0.0,0.0,0.0,0.8595937,0.06185884,0
1.0,1.0,0.0,1.0,0.10391843,0
0.6308869,0.92844045,0.0,1.0,0.16838267,0
0.6999758,1.0,0.0,0.5194516,0.08405388,1
0.0,0.0,0.0,1.0,0.27298972,0
0.439093,0.5448526,0.0,1.0,0.19126639,0
0.0,0.0,0.0,1.0,0.14004195,0
0.0,0.0,0.0,1.0,0.13384561,0
0.63077325,0.9282132,0.0,1.0,0.09647579,0
0.0,0.0,0.0,1.0,0.13512823,0
1.0,1.0,0.0,1.0,0.06030022,0
0.6308869,0.92844045,0.0,1.0,0.101218395,0
0.6999758,1.0,0.0,1.0,0.20372179,0
0.0,0.0,0.0,1.0,0.2098577,0
0.439093,0.5448526,0.0,1.0,0.06779732,0
0.0,0.0,0.0,1.0,0.27243176,0
0.7000611,1.0,0.0,1.0,0.13384561,0
0.63077325,0.9282132,0.0,1.0,0.117511205,0
0.0,0.0,0.0,1.0,0.043116983,0
1.0,1.0,0.0,0.21859108,0.05746601,2
0.6308869,0.92844045,0.0,0.5485455,0.08651998,1
0.6999758,1.0,0.0,1.0,0.11467671,0
0.0,0.0,0.0,1.0,0.17884913,0
0.439093,0.5448526,0.0,0.8567664,0.14194843,0
0.0,0.0,0.0,1.0,0.19474271,0
0.7000611,1.0,0.0,1.0,0.09647579,0
0.0,0.0,0.0,1.0,0.117511205,0
1.0,1.0,0.0,1.0,0.08215059,0
0.6308869,0.92844045,0.0,1.0,0.12820561,0
0.6999758,1.0,0.0,1.0,0.074807614,0
0.0,0.0,0.0,1.0,0.22115098,0
0.439093,0.5448526,0.0,1.0,0.17430377,0
0.0,0.0,0.0,1.0,0.15340509,0
0.7000611,1.0,0.0,0.859735,0.06185884,0
0.0,0.0,0.0,1.0,0.13512823,0
0.63077325,0.9282132,0.0,1.0,0.043116983,0
0.0,0.0,0.0,1.0,0.08215059,0
0.6308869,0.92844045,0.0,0.5548157,0.06953007,1
0.6999758,1.0,0.0,1.0,0.1558732,0
0.0,0.0,0.0,1.0,0.18179382,0
0.439093,0.5448526,0.0,0.6672219,0.092756756,0
0.0,0.0,0.0,1.0,0.23132564,0
0.7000611,1.0,0.0,1.0,0.10391843,0
0.0,0.0,0.0,1.0,0.06030022,0
0.63077325,0.9282132,0.0,0.21802148,0.05746601,2
0.0,0.0,0.0,1.0,0.12820561,0
1.0,1.0,0.0,0.5548157,0.06953007,1
0.6999758,1.0,0.0,1.0,0.20119618,0
0.0,0.0,0.0,0.8587418,0.113193505,0
0.439093,0.5448526,0.0,0.693215,0.07809352,0
0.0,0.0,0.0,1.0,0.28115156,0
0.7000611,1.0,0.0,1.0,0.16838267,0
0.0,0.0,0.0,1.0,0.101218395,0
0.63077325,0.9282132,0.0,0.5478348,0.08651998,1
0.0,0.0,0.0,1.0,0.074807614,0
1.0,1.0,0.0,1.0,0.1558732,0
0.6308869,0.92844045,0.0,1.0,0.20119618,0
0.0,0.0,0.0,1.0,0.2838443,0
0.439093,0.5448526,0.0,1.0,0.24854434,0
0.0,0.0,0.0,1.0,0.080508195,0
0.7000611,1.0,0.0,0.5187139,0.08405388,1
0.0,0.0,0.0,1.0,0.20372179,0
0.63077325,0.9282132,0.0,1.0,0.11467671,0
0.0,0.0,0.0,1.0,0.22115098,0
1.0,1.0,0.0,1.0,0.18179382,0
0.6308869,0.92844045,0.0,0.8587418,0.113193505,0
0.6999758,1.0,0.0,1.0,0.2838443,0
0.439093,0.5448526,0.0,1.0,0.1618197,0
0.0,0.0,0.0,1.0,0.36326477,0
0.7000611,1.0,0.0,1.0,0.27298972,0
0.0,0.0,0.0,1.0,0.2098577,0
0.63077325,0.9282132,0.0,1.0,0.17884913,0
0.0,0.0,0.0,1.0,0.17430377,0
1.0,1.0,0.0,0.6672219,0.092756756,0
0.6308869,0.92844045,0.0,0.693215,0.07809352,0
0.6999758,1.0,0.0,1.0,0.24854434,0
0.0,0.0,0.0,1.0,0.1618197,0
0.0,0.0,0.0,1.0,0.32379153,0
0.7000611,1.0,0.0,1.0,0.19126639,0
0.0,0.0,0.0,1.0,0.06779732,0
0.63077325,0.9282132,0.0,0.8553666,0.14194843,0
0.0,0.0,0.0,1.0,0.15340509,0
1.0,1.0,0.0,1.0,0.23132564,0
0.6308869,0.92844045,0.0,1.0,0.28115156,0
0.6999758,1.0,0.0,1.0,0.080508195,0
0.0,0.0,0.0,1.0,0.36326477,0
0.439093,0.5448526,0.0,1.0,0.32379153,0
0.7000611,1.0,0.0,1.0,0.14004195,0
0.0,0.0,0.0,1.0,0.27243176,0
0.63077325,0.9282132,0.0,1.0,0.19474271,0
0.0,0.0,0.0,0.859735,0.06185884,0
1.0,1.0,0.0,1.0,0.10391843,0
0.6308869,0.92844045,0.0,1.0,0.16838267,0
0.6999758,1.0,0.0,0.5187139,0.08405388,1
0.0,0.0,0.0,1.0,0.27298972,0
0.439093,0.5448526,0.0,1.0,0.19126639,0
0.0,0.0,0.0,1.0,0.14004195,0
0.0,0.0,0.0,1.0,0.13384561,0
0.63077325,0.9282132,0.0,1.0,0.09647579,0
0.0,0.0,0.0,1.0,0.13512823,0
1.0,1.0,0.0,1.0,0.06030022,0
0.6308869,0.92844045,0.0,1.0,0.101218395,0
0.6999758,1.0,0.0,1.0,0.20372179,0
0.0,0.0,0.0,1.0,0.2098577,0
0.439093,0.5448526,0.0,1.0,0.06779732,0
0.0,0.0,0.0,1.0,0.27243176,0
0.7000611,1.0,0.0,1.0,0.13384561,0
0.63077325,0.9282132,0.0,1.0,0.117511205,0
0.0,0.0,0.0,1.0,0.043116983,0
1.0,1.0,0.0,0.21802148,0.05746601,2
0.6308869,0.92844045,0.0,0.5478348,0.08651998,1
0.6999758,1.0,0.0,1.0,0.11467671,0
0.0,0.0,0.0,1.0,0.17884913,0
0.439093,0.5448526,0.0,0.8553666,0.14194843,0
0.0,0.0,0.0,1.0,0.19474271,0
0.7000611,1.0,0.0,1.0,0.09647579,0
0.0,0.0,0.0,1.0,0.117511205,0
1.0,1.0,0.0,1.0,0.08215059,0
0.6308869,0.92844045,0.0,1.0,0.12820561,0
0.6999758,1.0,0.0,1.0,0.074807614,0
0.0,0.0,0.0,1.0,0.22115098,0
0.439093,0.5448526,0.0,1.0,0.17430377,0
0.0,0.0,0.0,1.0,0.15340509,0
0.7000611,1.0,0.0,0.8598768,0.06185884,0
0.0,0.0,0.0,1.0,0.13512823,0
0.63077325,0.9282132,0.0,1.0,0.043116983,0
0.0,0.0,0.0,1.0,0.08215059,0
0.6308869,0.92844045,0.0,0.5541479,0.06953007,1
0.6999758,1.0,0.0,1.0,0.1558732,0
0.0,0.0,0.0,1.0,0.18179382,0
0.439093,0.5448526,0.0,0.66629565,0.092756756,0
0.0,0.0,0.0,1.0,0.23132564,0
0.7000611,1.0,0.0,1.0,0.10391843,0
0.0,0.0,0.0,1.0,0.06030022,0
0.63077325,0.9282132,0.0,0.21745192,0.05746601,2
0.0,0.0,0.0,1.0,0.12820561,0
1.0,1.0,0.0,0.5541479,0.06953007,1
0.6999758,1.0,0.0,1.0,0.20119618,0
0.0,0.0,0.0,0.8577591,0.113193505,0
0.439093,0.5448526,0.0,0.69243455,0.07809352,0
0.0,0.0,0.0,1.0,0.28115156,0
0.7000611,1.0,0.0,1.0,0.16838267,0
0.0,0.0,0.0,1.0,0.101218395,0
0.63077325,0.9282132,0.0,0.54712456,0.08651998,1
0.0,0.0,0.0,1.0,0.074807614,0
1.0,1.0,0.0,1.0,0.1558732,0
0.6308869,0.92844045,0.0,1.0,0.20119618,0
0.0,0.0,0.0,1.0,0.2838443,0
0.439093,0.5448526,0.0,1.0,0.24854434,0
0.0,0.0,0.0,1.0,0.080508195,0
0.7000611,1.0,0.0,0.51797646,0.08405388,1
0.0,0.0,0.0,1.0,0.20372179,0
0.63077325,0.9282132,0.0,1.0,0.11467671,0
0.0,0.0,0.0,1.0,0.22115098,0
1.0,1.0,0.0,1.0,0.18179382,0
0.6308869,0.92844045,0.0,0.8577591,0.113193505,0
0.6999758,1.0,0.0,1.0,0.2838443,0
0.439093,0.5448526,0.0,1.0,0.1618197,0
0.0,0.0,0.0,1.0,0.36326477,0
0.7000611,1.0,0.0,1.0,0.27298972,0
0.0,0.0,0.0,1.0,0.2098577,0
0.63077325,0.9282132,0.0,1.0,0.17884913,0
0.0,0.0,0.0,1.0,0.17430377,0
1.0,1.0,0.0,0.66629565,0.092756756,0
0.6308869,0.92844045,0.0,0.69243455,0.07809352,0
0.6999758,1.0,0.0,1.0,0.24854434,0
0.0,0.0,0.0,1.0,0.1618197,0
0.0,0.0,0.0,1.0,0.32379153,0
0.7000611,1.0,0.0,1.0,0.19126639,0
0.0,0.0,0.0,1.0,0.06779732,0
0.63077325,0.9282132,0.0,0.8539669,0.14194843,0
0.0,0.0,0.0,1.0,0.15340509,0
1.0,1.0,0.0,1.0,0.23132564,0
0.6308869,0.92844045,0.0,1.0,0.28115156,0
0.6999758,1.0,0.0,1.0,0.080508195,0
0.0,0.0,0.0,1.0,0.36326477,0
0.439093,0.5448526,0.0,1.0,0.32379153,0
0.7000611,1.0,0.0,1.0,0.14004195,0
0.0,0.0,0.0,1.0,0.27243176,0
0.63077325,0.9282132,0.0,1.0,0.19474271,0
0.0,0.0,0.0,0.8598768,0.06185884,0
1.0,1.0,0.0,1.0,0.10391843,0
0.6308869,0.92844045,0.0,1.0,0.16838267,0
0.6999758,1.0,0.0,0.51797646,0.08405388,1
0.0,0.0,0.0,1.0,0.27298972,0
0.439093,0.5448526,0.0,1.0,0.19126639,0
0.0,0.0,0.0,1.0,0.14004195,0
0.0,0.0,0.0,1.0,0.13384561,0
0.63077325,0.9282132,0.0,1.0,0.09647579,0
0.0,0.0,0.0,1.0,0.13512823,0
1.0,1.0,0.0,1.0,0.06030022,0
0.6308869,0.92844045,0.0,1.0,0.101218395,0
0.6999758,1.0,0.0,1.0,0.20372179,0
0.0,0.0,0.0,1.0,0.2098577,0
0.439093,0.5448526,0.0,1.0,0.06779732,0
0.0,0.0,0.0,1.0,0.27243176,0
0.7000611,1.0,0.0,1.0,0.13384561,0
0.63077325,0.9282132,0.0,1.0,0.117511205,0
0.0,0.0,0.0,1.0,0.043116983,0
1.0,1.0,0.0,0.21745192,0.05746601,2
0.6308869,0.92844045,0.0,0.54712456,0.08651998,1
0.6999758,1.0,0.0,1.0,0.11467671,0
0.0,0.0,0.0,1.0,0.17884913,0
0.439093,0.5448526,0.0,0.8539669,0.14194843,0
0.0,0.0,0.0,1.0,0.19474271,0
0.7000611,1.0,0.0,1.0,0.09647579,0
0.0,0.0,0.0,1.0,0.117511205,0
1.0,1.0,0.0,1.0,0.08215059,0
0.6308869,0.92844045,0.0,1.0,0.12820561,0
0.6999758,1.0,0.0,1.0,0.074807614,0
0.0,0.0,0.0,1.0,0.22115098,0
0.439093,0.5448526,0.0,1.0,0.17430377,0
0.0,0.0,0.0,1.0,0.15340509,0
0.7000611,1.0,0.0,0.86001897,0.06185884,0
0.0,0.0,0.0,1.0,0.13512823,0
0.63077325,0.9282132,0.0,1.0,0.043116983,0
0.0,0.0,0.0,1.0,0.08215059,0
0.6308869,0.92844045,0.0,0.5534801,0.06953007,1
0.6999758,1.0,0.0,1.0,0.1558732,0
0.0,0.0,0.0,1.0,0.18179382,0
0.439093,0.5448526,0.0,0.66536945,0.092756756,0
0.0,0.0,0.0,1.0,0.23132564,0
0.7000611,1.0,0.0,1.0,0.10391843,0
0.0,0.0,0.0,1.0,0.06030022,0
0.63077325,0.9282132,0.0,0.21688236,0.05746601,2
0.0,0.0,0.0,1.0,0.12820561,0
1.0,1.0,0.0,0.5534801,0.06953007,1
0.6999758,1.0,0.0,1.0,0.20119618,0
0.0,0.0,0.0,0.8567768,0.113193505,0
0.439093,0.5448526,0.0,0.69165415,0.07809352,0
0.0,0.0,0.0,1.0,0.28115156,0
0.7000611,1.0,0.0,1.0,0.16838267,0
0.0,0.0,0.0,1.0,0.101218395,0
0.63077325,0.9282132,0.0,0.5464148,0.08651998,1
0.0,0.0,0.0,1.0,0.074807614,0
1.0,1.0,0.0,1.0,0.1558732,0
0.6308869,0.92844045,0.0,1.0,0.20119618,0
0.0,0.0,0.0,1.0,0.2838443,0
0.439093,0.5448526,0.0,1.0,0.24854434,0
0.0,0.0,0.0,1.0,0.080508195,0
0.7000611,1.0,0.0,0.51723933,0.08405388,1
0.0,0.0,0.0,1.0,0.20372179,0
0.63077325,0.9282132,0.0,1.0,0.11467671,0
0.0,0.0,0.0,1.0,0.22115098,0
1.0,1.0,0.0,1.0,0.18179382,0
0.6308869,0.92844045,0.0,0.8567768,0.113193505,0
0.6999758,1.0,0.0,1.0,0.2838443,0
0.439093,0.5448526,0.0,1.0,0.1618197,0
0.0,0.0,0.0,1.0,0.36326477,0
0.7000611,1.0,0.0,1.0,0.27298972,0
0.0,0.0,0.0,1.0,0.2098577,0
0.63077325,0.9282132,0.0,1.0,0.17884913,0
0.0,0.0,0.0,1.0,0.17430377,0
1.0,1.0,0.0,0.66536945,0.092756756,0
0.6308869,0.92844045,0.0,0.69165415,0.07809352,0
0.6999758,1.0,0.0,1.0,0.24854434,0
0.0,0.0,0.0,1.0,0.1618197,0
0.0,0.0,0.0,1.0,0.32379153,0
0.7000611,1.0,0.0,1.0,0.19126639,0
0.0,0.0,0.0,1.0,0.06779732,0
0.63077325,0.9282132,0.0,0.85256726,0.14194843,0
0.0,0.0,0.0,1.0,0.15340509,0
1.0,1.0,0.0,1.0,0.23132564,0
0.6308869,0.92844045,0.0,1.0,0.28115156,0
0.6999758,1.0,0.0,1.0,0.080508195,0
0.0,0.0,0.0,1.0,0.36326477,0
0.439093,0.5448526,0.0,1.0,0.32379153,0
0.7000611,1.0,0.0,1.0,0.14004195,0
0.0,0.0,0.0,1.0,0.27243176,0
0.63077325,0.9282132,0.0,1.0,0.19474271,0
0.0,0.0,0.0,0.86001897,0.06185884,0
1.0,1.0,0.0,1.0,0.10391843,0
0.6308869,0.92844045,0.0,1.0,0.16838267,0
0.6999758,1.0,0.0,0.51723933,0.08405388,1
0.0,0.0,0.0,1.0,0.27298972,0
0.439093,0.5448526,0.0,1.0,0.19126639,0
0.0,0.0,0.0,1.0,0.14004195,0
0.0,0.0,0.0,1.0,0.13384561,0
0.63077325,0.9282132,0.0,1.0,0.09647579,0
0.0,0.0,0.0,1.0,0.13512823,0
1.0,1.0,0.0,1.0,0.06030022,0
0.6308869,0.92844045,0.0,1.0,0.101218395,0
0.6999758,1.0,0.0,1.0,0.20372179,0
0.0,0.0,0.0,1.0,0.2098577,0
0.439093,0.5448526,0.0,1.0,0.06779732,0
0.0,0.0,0.0,1.0,0.27243176,0
0.7000611,1.0,0.0,1.0,0.13384561,0
0.63077325,0.9282132,0.0,1.0,0.117511205,0
0.0,0.0,0.0,1.0,0.043116983,0
1.0,1.0,0.0,0.21688236,0.05746601,2
0.6308869,0.92844045,0.0,0.5464148,0.08651998,1
0.6999758,1.0,0.0,1.0,0.11467671,0
0.0,0.0,0.0,1.0,0.17884913,0
0.439093,0.5448526,0.0,0.85256726,0.14194843,0
0.0,0.0,0.0,1.0,0.19474271,0
0.7000611,1.0,0.0,1.0,0.09647579,0
0.0,0.0,0.0,1.0,0.117511205,0
1.0,1.0,0.0,1.0,0.08215059,0
0.6308869,0.92844045,0.0,1.0,0.12820561,0
0.6999758,1.0,0.0,1.0,0.074807614,0
0.0,0.0,0.0,1.0,0.22115098,0
0.439093,0.5448526,0.0,1.0,0.17430377,0
0.0,0.0,0.0,1.0,0.15340509,0
0.7000611,1.0,0.0,0.8601616,0.06185884,0
0.0,0.0,0.0,1.0,0.13512823,0
0.63077325,0.9282132,0.0,1.0,0.043116983,0
0.0,0.0,0.0,1.0,0.08215059,0
0.6308869,0.92844045,0.0,0.5528124,0.06953007,1
0.6999758,1.0,0.0,1.0,0.1558732,0
0.0,0.0,0.0,1.0,0.18179382,0
0.439093,0.5448526,0.0,0.6644432,0.092756756,0
0.0,0.0,0.0,1.0,0.23132564,0
0.7000611,1.0,0.0,1.0,0.10391843,0
0.0,0.0,0.0,1.0,0.06030022,0
0.63077325,0.9282132,0.0,0.21631286,0.05746601,2
0.0,0.0,0.0,1.0,0.12820561,0
1.0,1.0,0.0,0.5528124,0.06953007,1
0.6999758,1.0,0.0,1.0,0.20119618,0
0.0,0.0,0.0,0.85579485,0.113193505,0
0.439093,0.5448526,0.0,0.6908737,0.07809352,0
0.0,0.0,0.0,1.0,0.28115156,0
0.7000611,1.0,0.0,1.0,0.16838267,0
0.0,0.0,0.0,1.0,0.101218395,0
0.63077325,0.9282132,0.0,0.54570544,0.08651998,1
0.0,0.0,0.0,1.0,0.074807614,0
1.0,1.0,0.0,1.0,0.1558732,0
0.6308869,0.92844045,0.0,1.0,0.20119618,0
0.0,0.0,0.0,1.0,0.2838443,0
0.439093,0.5448526,0.0,1.0,0.24854434,0
0.0,0.0,0.0,1.0,0.080508195,0
0.7000611,1.0,0.0,0.51650256,0.08405388,1
0.0,0.0,0.0,1.0,0.20372179,0
0.63077325,0.9282132,0.0,1.0,0.11467671,0
0.0,0.0,0.0,1.0,0.22115098,0
1.0,1.0,0.0,1.0,0.18179382,0
0.6308869,0.92844045,0.0,0.85579485,0.113193505,0
0.6999758,1.0,0.0,1.0,0.2838443,0
0.439093,0.5448526,0.0,1.0,0.1618197,0
0.0,0.0,0.0,1.0,0.36326477,0
0.7000611,1.0,0.0,1.0,0.27298972,0
0.0,0.0,0.0,1.0,0.2098577,0
0.63077325,0.9282132,0.0,1.0,0.17884913,0
0.0,0.0,0.0,1.0,0.17430377,0
1.0,1.0,0.0,0.6644432,0.092756756,0
0.6308869,0.92844045,0.0,0.6908737,0.07809352,0
0.6999758,1.0,0.0,1.0,0.24854434,0
0.0,0.0,0.0,1.0,0.1618197,0
0.0,0.0,0.0,1.0,0.32379153,0
0.7000611,1.0,0.0,1.0,0.19126639,0
0.0,0.0,0.0,1.0,0.06779732,0
0.63077325,0.9282132,0.0,0.8511677,0.14194843,0
0.0,0.0,0.0,1.0,0.15340509,0
1.0,1.0,0.0,1.0,0.23132564,0
0.6308869,0.92844045,0.0,1.0,0.28115156,0
0.6999758,1.0,0.0,1.0,0.080508195,0
0.0,0.0,0.0,1.0,0.36326477,0
0.439093,0.5448526,0.0,1.0,0.32379153,0
0.7000611,1.0,0.0,1.0,0.14004195,0
0.0,0.0,0.0,1.0,0.27243176,0
0.63077325,0.9282132,0.0,1.0,0.19474271,0
0.0,0.0,0.0,0.8601616,0.06185884,0
1.0,1.0,0.0,1.0,0.10391843,0
0.6308869,0.92844045,0.0,1.0,0.16838267,0
0.6999758,1.0,0.0,0.51650256,0.08405388,1
0.0,0.0,0.0,1.0,0.27298972,0
0.439093,0.5448526,0.0,1.0,0.19126639,0
0.0,0.0,0.0,1.0,0.14004195,0
0.0,0.0,0.0,1.0,0.13384561,0
0.63077325,0.9282132,0.0,1.0,0.09647579,0
0.0,0.0,0.0,1.0,0.13512823,0
1.0,1.0,0.0,1.0,0.06030022,0
0.6308869,0.92844045,0.0,1.0,0.101218395,0
0.6999758,1.0,0.0,1.0,0.20372179,0
0.0,0.0,0.0,1.0,0.2098577,0
0.439093,0.5448526,0.0,1.0,0.06779732,0
0.0,0.0,0.0,1.0,0.27243176,0
0.7000611,1.0,0.0,1.0,0.13384561,0
0.63077325,0.9282132,0.0,1.0,0.117511205,0
0.0,0.0,0.0,1.0,0.043116983,0
1.0,1.0,0.0,0.21631286,0.05746601,2
0.6308869,0.92844045,0.0,0.54570544,0.08651998,1
0.6999758,1.0,0.0,1.0,0.11467671,0
0.0,0.0,0.0,1.0,0.17884913,0
0.439093,0.5448526,0.0,0.8511677,0.14194843,0
0.0,0.0,0.0,1.0,0.19474271,0
0.7000611,1.0,0.0,1.0,0.09647579,0
0.0,0.0,0.0,1.0,0.117511205,0
1.0,1.0,0.0,1.0,0.08215059,0
0.6308869,0.92844045,0.0,1.0,0.12820561,0
0.6999758,1.0,0.0,1.0,0.074807614,0
0.0,0.0,0.0,1.0,0.22115098,0
0.439093,0.5448526,0.0,1.0,0.17430377,0
0.0,0.0,0.0,1.0,0.15340509,0
0.7000611,1.0,0.0,0.8603046,0.06185884,0
0.0,0.0,0.0,1.0,0.13512823,0
0.63077325,0.9282132,0.0,1.0,0.043116983,0
0.0,0.0,0.0,1.0,0.08215059,0
0.6308869,0.92844045,0.0,0.55214477,0.06953007,1
0.6999758,1.0,0.0,1.0,0.1558732,0
0.0,0.0,0.0,1.0,0.18179382,0
0.439093,0.5448526,0.0,0.66351694,0.092756756,0
0.0,0.0,0.0,1.0,0.23132564,0
0.7000611,1.0,0.0,1.0,0.10391843,0
0.0,0.0,0.0,1.0,0.06030022,0
0.63077325,0.9282132,0.0,0.21574336,0.05746601,2
0.0,0.0,0.0,1.0,0.12820561,0
1.0,1.0,0.0,0.55214477,0.06953007,1
0.6999758,1.0,0.0,1.0,0.20119618,0
0.0,0.0,0.0,0.8548133,0.113193505,0
0.439093,0.5448526,0.0,0.6900932,0.07809352,0
0.0,0.0,0.0,1.0,0.28115156,0
0.7000611,1.0,0.0,1.0,0.16838267,0
0.0,0.0,0.0,1.0,0.101218395,0
0.63077325,0.9282132,0.0,0.54499656,0.08651998,1
0.0,0.0,0.0,1.0,0.074807614,0
1.0,1.0,0.0,1.0,0.1558732,0
0.6308869,0.92844045,0.0,1.0,0.20119618,0
0.0,0.0,0.0,1.0,0.2838443,0
0.439093,0.5448526,0.0,1.0,0.24854434,0
0.0,0.0,0.0,1.0,0.080508195,0
0.7000611,1.0,0.0,0.5157661,0.08405388,1
0.0,0.0,0.0,1.0,0.20372179,0
0.63077325,0.9282132,0.0,1.0,0.11467671,0
0.0,0.0,0.0,1.0,0.22115098,0
1.0,1.0,0.0,1.0,0.18179382,0
0.6308869,0.92844045,0.0,0.8548133,0.113193505,0
0.6999758,1.0,0.0,1.0,0.2838443,0
0.439093,0.5448526,0.0,1.0,0.1618197,0
0.0,0.0,0.0,1.0,0.36326477,0
0.7000611,1.0,0.0,1.0,0.27298972,0
0.0,0.0,0.0,1.0,0.2098577,0
0.63077325,0.9282132,0.0,1.0,0.17884913,0
0.0,0.0,0.0,1.0,0.17430377,0
1.0,1.0,0.0,0.66351694,0.092756756,0
0.6308869,0.92844045,0.0,0.6900932,0.07809352,0
0.6999758,1.0,0.0,1.0,0.24854434,0
0.0,0.0,0.0,1.0,0.1618197,0
0.0,0.0,0.0,1.0,0.32379153,0
0.7000611,1.0,0.0,1.0,0.19126639,0
0.0,0.0,0.0,1.0,0.06779732,0
0.63077325,0.9282132,0.0,0.8497682,0.14194843,0
0.0,0.0,0.0,1.0,0.15340509,0
1.0,1.0,0.0,1.0,0.23132564,0
0.6308869,0.92844045,0.0,1.0,0.28115156,0
0.6999758,1.0,0.0,1.0,0.080508195,0
0.0,0.0,0.0,1.0,0.36326477,0
0.439093,0.5448526,0.0,1.0,0.32379153,0
0.7000611,1.0,0.0,1.0,0.14004195,0
0.0,0.0,0.0,1.0,0.27243176,0
0.63077325,0.9282132,0.0,1.0,0.19474271,0
0.0,0.0,0.0,0.8603046,0.06185884,0
1.0,1.0,0.0,1.0,0.10391843,0
0.6308869,0.92844045,0.0,1.0,0.16838267,0
0.6999758,1.0,0.0,0.5157661,0.08405388,1
0.0,0.0,0.0,1.0,0.27298972,0
0.439093,0.5448526,0.0,1.0,0.19126639,0
0.0,0.0,0.0,1.0,0.14004195,0
0.0,0.0,0.0,1.0,0.13384561,0
0.63077325,0.9282132,0.0,1.0,0.09647579,0
0.0,0.0,0.0,1.0,0.13512823,0
1.0,1.0,0.0,1.0,0.06030022,0
0.6308869,0.92844045,0.0,1.0,0.101218395,0
0.6999758,1.0,0.0,1.0,0.20372179,0
0.0,0.0,0.0,1.0,0.2098577,0
0.439093,0.5448526,0.0,1.0,0.06779732,0
0.0,0.0,0.0,1.0,0.27243176,0
0.7000611,1.0,0.0,1.0,0.13384561,0
0.63077325,0.9282132,0.0,1.0,0.117511205,0
0.0,0.0,0.0,1.0,0.043116983,0
1.0,1.0,0.0,0.21574336,0.05746601,2
0.6308869,0.92844045,0.0,0.54499656,0.08651998,1
0.6999758,1.0,0.0,1.0,0.11467671,0
0.0,0.0,0.0,1.0,0.17884913,0
0.439093,0.5448526,0.0,0.8497682,0.14194843,0
0.0,0.0,0.0,1.0,0.19474271,0
0.7000611,1.0,0.0,1.0,0.09647579,0
0.0,0.0,0.0,1.0,0.117511205,0
1.0,1.0,0.0,1.0,0.08215059,0
0.6308869,0.92844045,0.0,1.0,0.12820561,0
0.6999758,1.0,0.0,1.0,0.074807614,0
0.0,0.0,0.0,1.0,0.22115098,0
0.439093,0.5448526,0.0,1.0,0.17430377,0
0.0,0.0,0.0,1.0,0.15340509,0
0.7000611,1.0,0.0,0.86044806,0.06185884,0
0.0,0.0,0.0,1.0,0.13512823,0
0.63077325,0.9282132,0.0,1.0,0.043116983,0
0.0,0.0,0.0,1.0,0.08215059,0
0.6308869,0.92844045,0.0,0.5514772,0.06953007,1
0.6999758,1.0,0.0,1.0,0.1558732,0
0.0,0.0,0.0,1.0,0.18179382,0
0.439093,0.5448526,0.0,0.66259074,0.092756756,0
0.0,0.0,0.0,1.0,0.23132564,0
0.7000611,1.0,0.0,1.0,0.10391843,0
0.0,0.0,0.0,1.0,0.06030022,0
0.63077325,0.9282132,0.0,0.2151739,0.05746601,2
0.0,0.0,0.0,1.0,0.12820561,0
1.0,1.0,0.0,0.5514772,0.06953007,1
0.6999758,1.0,0.0,1.0,0.20119618,0
0.0,0.0,0.0,0.853832,0.113193505,0
0.439093,0.5448526,0.0,0.6893128,0.07809352,0
0.0,0.0,0.0,1.0,0.28115156,0
0.7000611,1.0,0.0,1.0,0.16838267,0
0.0,0.0,0.0,1.0,0.101218395,0
0.63077325,0.9282132,0.0,0.5442881,0.08651998,1
0.0,0.0,0.0,1.0,0.074807614,0
1.0,1.0,0.0,1.0,0.1558732,0
0.6308869,0.92844045,0.0,1.0,0.20119618,0
0.0,0.0,0.0,1.0,0.2838443,0
0.439093,0.5448526,0.0,1.0,0.24854434,0
0.0,0.0,0.0,1.0,0.080508195,0
0.7000611,1.0,0.0,0.5150299,0.08405388,1
0.0,0.0,0.0,1.0,0.20372179,0
0.63077325,0.9282132,0.0,1.0,0.11467671,0
0.0,0.0,0.0,1.0,0.22115098,0
1.0,1.0,0.0,1.0,0.18179382,0
0.6308869,0.92844045,0.0,0.853832,0.113193505,0
0.6999758,1.0,0.0,1.0,0.2838443,0
0.439093,0.5448526,0.0,1.0,0.1618197,0
0.0,0.0,0.0,1.0,0.36326477,0
0.7000611,1.0,0.0,1.0,0.27298972,0
0.0,0.0,0.0,1.0,0.2098577,0
0.63077325,0.9282132,0.0,1.0,0.17884913,0
0.0,0.0,0.0,1.0,0.17430377,0
1.0,1.0,0.0,0.66259074,0.092756756,0
0.6308869,0.92844045,0.0,0.6893128,0.07809352,0
0.6999758,1.0,0.0,1.0,0.24854434,0
0.0,0.0,0.0,1.0,0.1618197,0
0.0,0.0,0.0,1.0,0.32379153,0
0.7000611,1.0,0.0,1.0,0.19126639,0
0.0,0.0,0.0,1.0,0.06779732,0
0.63077325,0.9282132,0.0,0.84836876,0.14194843,0
0.0,0.0,0.0,1.0,0.15340509,0
1.0,1.0,0.0,1.0,0.23132564,0
0.6308869,0.92844045,0.0,1.0,0.28115156,0
0.6999758,1.0,0.0,1.0,0.080508195,0
0.0,0.0,0.0,1.0,0.36326477,0
0.439093,0.5448526,0.0,1.0,0.32379153,0
0.7000611,1.0,0.0,1.0,0.14004195,0
0.0,0.0,0.0,1.0,0.27243176,0
0.63077325,0.9282132,0.0,1.0,0.19474271,0
0.0,0.0,0.0,0.86044806,0.06185884,0
1.0,1.0,0.0,1.0,0.10391843,0
0.6308869,0.92844045,0.0,1.0,0.16838267,0
0.6999758,1.0,0.0,0.5150299,0.08405388,1
0.0,0.0,0.0,1.0,0.27298972,0
0.439093,0.5448526,0.0,1.0,0.19126639,0
0.0,0.0,0.0,1.0,0.14004195,0
0.0,0.0,0.0,1.0,0.13384561,0
0.63077325,0.9282132,0.0,1.0,0.09647579,0
0.0,0.0,0.0,1.0,0.13512823,0
1.0,1.0,0.0,1.0,0.06030022,0
0.6308869,0.92844045,0.0,1.0,0.101218395,0
0.6999758,1.0,0.0,1.0,0.20372179,0
0.0,0.0,0.0,1.0,0.2098577,0
0.439093,0.5448526,0.0,1.0,0.06779732,0
0.0,0.0,0.0,1.0,0.27243176,0
0.7000611,1.0,0.0,1.0,0.13384561,0
0.63077325,0.9282132,0.0,1.0,0.117511205,0
0.0,0.0,0.0,1.0,0.043116983,0
1.0,1.0,0.0,0.2151739,0.05746601,2
0.6308869,0.92844045,0.0,0.5442881,0.08651998,1
0.6999758,1.0,0.0,1.0,0.11467671,0
0.0,0.0,0.0,1.0,0.17884913,0
0.439093,0.5448526,0.0,0.84836876,0.14194843,0
0.0,0.0,0.0,1.0,0.19474271,0
0.7000611,1.0,0.0,1.0,0.09647579,0
0.0,0.0,0.0,1.0,0.117511205,0
1.0,1.0,0.0,1.0,0.08215059,0
0.6308869,0.92844045,0.0,1.0,0.12820561,0
0.6999758,1.0,0.0,1.0,0.074807614,0
0.0,0.0,0.0,1.0,0.22115098,0
0.439093,0.5448526,0.0,1.0,0.17430377,0
0.0,0.0,0.0,1.0,0.15340509,0
0.7000611,1.0,0.0,0.8605919,0.06185884,0
0.0,0.0,0.0,1.0,0.13512823,0
0.63077325,0.9282132,0.0,1.0,0.043116983,0
0.0,0.0,0.0,1.0,0.08215059,0
0.6308869,0.92844045,0.0,0.5508097,0.06953007,1
0.6999758,1.0,0.0,1.0,0.1558732,0
0.0,0.0,0.0,1.0,0.18179382,0
0.439093,0.5448526,0.0,0.6616645,0.092756756,0
0.0,0.0,0.0,1.0,0.23132564,0
0.7000611,1.0,0.0,1.0,0.10391843,0
0.0,0.0,0.0,1.0,0.06030022,0
0.63077325,0.9282132,0.0,0.21460447,0.05746601,2
0.0,0.0,0.0,1.0,0.12820561,0
1.0,1.0,0.0,0.5508097,0.06953007,1
0.6999758,1.0,0.0,1.0,0.20119618,0
0.0,0.0,0.0,0.8528512,0.113193505,0
0.439093,0.5448526,0.0,0.68853235,0.07809352,0
0.0,0.0,0.0,1.0,0.28115156,0
0.7000611,1.0,0.0,1.0,0.16838267,0
0.0,0.0,0.0,1.0,0.101218395,0
0.63077325,0.9282132,0.0,0.5435801,0.08651998,1
0.0,0.0,0.0,1.0,0.074807614,0
1.0,1.0,0.0,1.0,0.1558732,0
0.6308869,0.92844045,0.0,1.0,0.20119618,0
0.0,0.0,0.0,1.0,0.2838443,0
0.439093,0.5448526,0.0,1.0,0.24854434,0
0.0,0.0,0.0,1.0,0.080508195,0
0.7000611,1.0,0.0,0.5142941,0.08405388,1
0.0,0.0,0.0,1.0,0.20372179,0
0.63077325,0.9282132,0.0,1.0,0.11467671,0
0.0,0.0,0.0,1.0,0.22115098,0
1.0,1.0,0.0,1.0,0.18179382,0
0.6308869,0.92844045,0.0,0.8528512,0.113193505,0
0.6999758,1.0,0.0,1.0,0.2838443,0
0.439093,0.5448526,0.0,1.0,0.1618197,0
0.0,0.0,0.0,1.0,0.36326477,0
0.7000611,1.0,0.0,1.0,0.27298972,0
0.0,0.0,0.0,1.0,0.2098577,0
0.63077325,0.9282132,0.0,1.0,0.17884913,0
0.0,0.0,0.0,1.0,0.17430377,0
1.0,1.0,0.0,0.6616645,0.092756756,0
0.6308869,0.92844045,0.0,0.68853235,0.07809352,0
0.6999758,1.0,0.0,1.0,0.24854434,0
0.0,0.0,0.0,1.0,0.1618197,0
0.0,0.0,0.0,1.0,0.32379153,0
0.7000611,1.0,0.0,1.0,0.19126639,0
0.0,0.0,0.0,1.0,0.06779732,0
0.63077325,0.9282132,0.0,0.84696937,0.14194843,0
0.0,0.0,0.0,1.0,0.15340509,0
1.0,1.0,0.0,1.0,0.23132564,0
0.6308869,0.92844045,0.0,1.0,0.28115156,0
0.6999758,1.0,0.0,1.0,0.080508195,0
0.0,0.0,0.0,1.0,0.36326477,0
0.439093,0.5448526,0.0,1.0,0.32379153,0
0.7000611,1.0,0.0,1.0,0.14004195,0
0.0,0.0,0.0,1.0,0.27243176,0
0.63077325,0.9282132,0.0,1.0,0.19474271,0
0.0,0.0,0.0,0.8605919,0.06185884,0
1.0,1.0,0.0,1.0,0.10391843,0
0.6308869,0.92844045,0.0,1.0,0.16838267,0
0.6999758,1.0,0.0,0.5142941,0.08405388,1
0.0,0.0,0.0,1.0,0.27298972,0
0.439093,0.5448526,0.0,1.0,0.19126639,0
0.0,0.0,0.0,1.0,0.14004195,0
0.0,0.0,0.0,1.0,0.13384561,0
0.63077325,0.9282132,0.0,1.0,0.09647579,0
0.0,0.0,0.0,1.0,0.13512823,0
1.0,1.0,0.0,1.0,0.06030022,0
0.6308869,0.92844045,0.0,1.0,0.101218395,0
0.6999758,1.0,0.0,1.0,0.20372179,0
0.0,0.0,0.0,1.0,0.2098577,0
0.439093,0.5448526,0.0,1.0,0.06779732,0
0.0,0.0,0.0,1.0,0.27243176,0
0.7000611,1.0,0.0,1.0,0.13384561,0
0.63077325,0.9282132,0.0,1.0,0.117511205,0
0.0,0.0,0.0,1.0,0.043116983,0
1.0,1.0,0.0,0.21460447,0.05746601,2
0.6308869,0.92844045,0.0,0.5435801,0.08651998,1
0.6999758,1.0,0.0,1.0,0.11467671,0
0.0,0.0,0.0,1.0,0.17884913,0
0.439093,0.5448526,0.0,0.84696937,0.14194843,0
0.0,0.0,0.0,1.0,0.19474271,0
0.7000611,1.0,0.0,1.0,0.09647579,0
0.0,0.0,0.0,1.0,0.117511205,0
1.0,1.0,0.0,1.0,0.08215059,0
0.6308869,0.92844045,0.0,1.0,0.12820561,0
0.7206838,1.0,0.0,1.0,0.074807614,0
0.0,0.0,0.0,1.0,0.22115098,0
0.439093,0.5448526,0.0,1.0,0.17430377,0
0.0,0.0,0.0,1.0,0.15340509,0
0.7209446,1.0,0.0,0.8607362,0.06185884,0
0.0,0.0,0.0,1.0,0.13512823,0
0.63077325,0.9282132,0.0,1.0,0.043116983,0
0.0,0.0,0.0,1.0,0.08215059,0
0.6308869,0.92844045,0.0,0.5501422,0.06953007,1
0.7206838,1.0,0.0,1.0,0.1558732,0
0.0,0.0,0.0,1.0,0.18179382,0
0.439093,0.5448526,0.0,0.6607383,0.092756756,0
0.0,0.0,0.0,1.0,0.23132564,0
0.7209446,1.0,0.0,1.0,0.10391843,0
0.0,0.0,0.0,1.0,0.06030022,0
0.63077325,0.9282132,0.0,0.21403506,0.05746601,2
0.0,0.0,0.0,1.0,0.12820561,0
1.0,1.0,0.0,0.5501422,0.06953007,1
0.7206838,1.0,0.0,1.0,0.20119618,0
0.0,0.0,0.0,0.8518707,0.113193505,0
0.439093,0.5448526,0.0,0.68775195,0.07809352,0
0.0,0.0,0.0,1.0,0.28115156,0
0.7209446,1.0,0.0,1.0,0.16838267,0
0.0,0.0,0.0,1.0,0.101218395,0
0.63077325,0.9282132,0.0,0.54287255,0.08651998,1
0.0,0.0,0.0,1.0,0.074807614,0
1.0,1.0,0.0,1.0,0.1558732,0
0.6308869,0.92844045,0.0,1.0,0.20119618,0
0.0,0.0,0.0,1.0,0.2838443,0
0.439093,0.5448526,0.0,1.0,0.24854434,0
0.0,0.0,0.0,1.0,0.080508195,0
0.7209446,1.0,0.0,0.51355857,0.08405388,1
0.0,0.0,0.0,1.0,0.20372179,0
0.63077325,0.9282132,0.0,1.0,0.11467671,0
0.0,0.0,0.0,1.0,0.22115098,0
1.0,1.0,0.0,1.0,0.18179382,0
0.6308869,0.92844045,0.0,0.8518707,0.113193505,0
0.7206838,1.0,0.0,1.0,0.2838443,0
0.439093,0.5448526,0.0,1.0,0.1618197,0
0.0,0.0,0.0,1.0,0.36326477,0
0.7209446,1.0,0.0,1.0,0.27298972,0
0.0,0.0,0.0,1.0,0.2098577,0
0.63077325,0.9282132,0.0,1.0,0.17884913,0
0.0,0.0,0.0,1.0,0.17430377,0
1.0,1.0,0.0,0.6607383,0.092756756,0
0.6308869,0.92844045,0.0,0.68775195,0.07809352,0
0.7206838,1.0,0.0,1.0,0.24854434,0
0.0,0.0,0.0,1.0,0.1618197,0
0.0,0.0,0.0,1.0,0.32379153,0
0.7209446,1.0,0.0,1.0,0.19126639,0
0.0,0.0,0.0,1.0,0.06779732,0
0.63077325,0.9282132,0.0,0.8455701,0.14194843,0
0.0,0.0,0.0,1.0,0.15340509,0
1.0,1.0,0.0,1.0,0.23132564,0
0.6308869,0.92844045,0.0,1.0,0.28115156,0
0.7206838,1.0,0.0,1.0,0.080508195,0
0.0,0.0,0.0,1.0,0.36326477,0
0.439093,0.5448526,0.0,1.0,0.32379153,0
0.7209446,1.0,0.0,1.0,0.14004195,0
0.0,0.0,0.0,1.0,0.27243176,0
0.63077325,0.9282132,0.0,1.0,0.19474271,0
0.0,0.0,0.0,0.8607362,0.06185884,0
1.0,1.0,0.0,1.0,0.10391843,0
0.6308869,0.92844045,0.0,1.0,0.16838267,0
0.7206838,1.0,0.0,0.51355857,0.08405388,1
0.0,0.0,0.0,1.0,0.27298972,0
0.439093,0.5448526,0.0,1.0,0.19126639,0
0.0,0.0,0.0,1.0,0.14004195,0
0.0,0.0,0.0,1.0,0.13384561,0
0.63077325,0.9282132,0.0,1.0,0.09647579,0
0.0,0.0,0.0,1.0,0.13512823,0
1.0,1.0,0.0,1.0,0.06030022,0
0.6308869,0.92844045,0.0,1.0,0.101218395,0
0.7206838,1.0,0.0,1.0,0.20372179,0
0.0,0.0,0.0,1.0,0.2098577,0
0.439093,0.5448526,0.0,1.0,0.06779732,0
0.0,0.0,0.0,1.0,0.27243176,0
0.7209446,1.0,0.0,1.0,0.13384561,0
0.63077325,0.9282132,0.0,1.0,0.117511205,0
0.0,0.0,0.0,1.0,0.043116983,0
1.0,1.0,0.0,0.21403506,0.05746601,2
0.6308869,0.92844045,0.0,0.54287255,0.08651998,1
0.7206838,1.0,0.0,1.0,0.11467671,0
0.0,0.0,0.0,1.0,0.17884913,0
0.439093,0.5448526,0.0,0.8455701,0.14194843,0
0.0,0.0,0.0,1.0,0.19474271,0
0.7209446,1.0,0.0,1.0,0.09647579,0
0.0,0.0,0.0,1.0,0.117511205,0
1.0,1.0,0.0,1.0,0.08215059,0
0.6308869,0.92844045,0.0,1.0,0.12820561,0
0.7206838,1.0,0.0,1.0,0.074807614,0
0.0,0.0,0.0,1.0,0.22115098,0
0.439093,0.5448526,0.0,1.0,0.17430377,0
0.0,0.0,0.0,1.0,0.15340509,0
0.7209446,1.0,0.0,0.8608809,0.06185884,0
0.0,0.0,0.0,1.0,0.13512823,0
0.63077325,0.9282132,0.0,1.0,0.043116983,0
0.0,0.0,0.0,1.0,0.08215059,0
0.6308869,0.92844045,0.0,0.5494749,0.06953007,1
0.7206838,1.0,0.0,1.0,0.1558732,0
0.0,0.0,0.0,1.0,0.18179382,0
0.439093,0.5448526,0.0,0.65981203,0.092756756,0
0.0,0.0,0.0,1.0,0.23132564,0
0.7209446,1.0,0.0,1.0,0.10391843,0
0.0,0.0,0.0,1.0,0.06030022,0
0.63077325,0.9282132,0.0,0.21346568,0.05746601,2
0.0,0.0,0.0,1.0,0.12820561,0
1.0,1.0,0.0,0.5494749,0.06953007,1
0.7206838,1.0,0.0,1.0,0.20119618,0
0.0,0.0,0.0,0.85089064,0.113193505,0
0.439093,0.5448526,0.0,0.6869715,0.07809352,0
0.0,0.0,0.0,1.0,0.28115156,0
0.7209446,1.0,0.0,1.0,0.16838267,0
0.0,0.0,0.0,1.0,0.101218395,0
0.63077325,0.9282132,0.0,0.5421655,0.08651998,1
0.0,0.0,0.0,1.0,0.074807614,0
1.0,1.0,0.0,1.0,0.1558732,0
0.6308869,0.92844045,0.0,1.0,0.20119618,0
0.0,0.0,0.0,1.0,0.2838443,0
0.439093,0.5448526,0.0,1.0,0.24854434,0
0.0,0.0,0.0,1.0,0.080508195,0
0.7209446,1.0,0.0,0.51282334,0.08405388,1
0.0,0.0,0.0,1.0,0.20372179,0
0.63077325,0.9282132,0.0,1.0,0.11467671,0
0.0,0.0,0.0,1.0,0.22115098,0
1.0,1.0,0.0,1.0,0.18179382,0
0.6308869,0.92844045,0.0,0.85089064,0.113193505,0
0.7206838,1.0,0.0,1.0,0.2838443,0
0.439093,0.5448526,0.0,1.0,0.1618197,0
0.0,0.0,0.0,1.0,0.36326477,0
0.7209446,1.0,0.0,1.0,0.27298972,0
0.0,0.0,0.0,1.0,0.2098577,0
0.63077325,0.9282132,0.0,1.0,0.17884913,0
0.0,0.0,0.0,1.0,0.17430377,0
1.0,1.0,0.0,0.65981203,0.092756756,0
0.6308869,0.92844045,0.0,0.6869715,0.07809352,0
0.7206838,1.0,0.0,1.0,0.24854434,0
0.0,0.0,0.0,1.0,0.1618197,0
0.0,0.0,0.0,1.0,0.32379153,0
0.7209446,1.0,0.0,1.0,0.19126639,0
0.0,0.0,0.0,1.0,0.06779732,0
0.63077325,0.9282132,0.0,0.84417087,0.14194843,0
0.0,0.0,0.0,1.0,0.15340509,0
1.0,1.0,0.0,1.0,0.23132564,0
0.6308869,0.92844045,0.0,1.0,0.28115156,0
0.7206838,1.0,0.0,1.0,0.080508195,0
0.0,0.0,0.0,1.0,0.36326477,0
0.439093,0.5448526,0.0,1.0,0.32379153,0
0.7209446,1.0,0.0,1.0,0.14004195,0
0.0,0.0,0.0,1.0,0.27243176,0
0.63077325,0.9282132,0.0,1.0,0.19474271,0
0.0,0.0,0.0,0.8608809,0.06185884,0
1.0,1.0,0.0,1.0,0.10391843,0
0.6308869,0.92844045,0.0,1.0,0.16838267,0
0.7206838,1.0,0.0,0.51282334,0.08405388,1
0.0,0.0,0.0,1.0,0.27298972,0
0.439093,0.5448526,0.0,1.0,0.19126639,0
0.0,0.0,0.0,1.0,0.14004195,0
0.0,0.0,0.0,1.0,0.13384561,0
0.63077325,0.9282132,0.0,1.0,0.09647579,0
0.0,0.0,0.0,1.0,0.13512823,0
1.0,1.0,0.0,1.0,0.06030022,0
0.6308869,0.92844045,0.0,1.0,0.101218395,0
0.7206838,1.0,0.0,1.0,0.20372179,0
0.0,0.0,0.0,1.0,0.2098577,0
0.439093,0.5448526,0.0,1.0,0.06779732,0
0.0,0.0,0.0,1.0,0.27243176,0
0.7209446,1.0,0.0,1.0,0.13384561,0
0.63077325,0.9282132,0.0,1.0,0.117511205,0
0.0,0.0,0.0,1.0,0.043116983,0
1.0,1.0,0.0,0.21346568,0.05746601,2
0.6308869,0.92844045,0.0,0.5421655,0.08651998,1
0.7206838,1.0,0.0,1.0,0.11467671,0
0.0,0.0,0.0,1.0,0.17884913,0
0.439093,0.5448526,0.0,0.84417087,0.14194843,0
0.0,0.0,0.0,1.0,0.19474271,0
0.7209446,1.0,0.0,1.0,0.09647579,0
0.0,0.0,0.0,1.0,0.117511205,0
1.0,1.0,0.0,1.0,0.08215059,0
0.64745104,0.9615687,0.0,1.0,0.12820561,0
0.7206838,1.0,0.0,1.0,0.074807614,0
0.0,0.0,0.0,1.0,0.22115098,0
0.44951522,0.56569713,0.0,1.0,0.17430377,0
0.0,0.0,0.0,1.0,0.15340509,0
0.7209446,1.0,0.0,0.861026,0.06185884,0
0.0,0.0,0.0,1.0,0.13512823,0
0.64738333,0.9614333,0.0,1.0,0.043116983,0
0.0,0.0,0.0,1.0,0.08215059,0
0.64745104,0.9615687,0.0,0.54880756,0.06953007,1
0.7206838,1.0,0.0,1.0,0.1558732,0
0.0,0.0,0.0,1.0,0.18179382,0
0.44951522,0.56569713,0.0,0.65888584,0.092756756,0
0.0,0.0,0.0,1.0,0.23132564,0
0.7209446,1.0,0.0,1.0,0.10391843,0
0.0,0.0,0.0,1.0,0.06030022,0
0.64738333,0.9614333,0.0,0.21289633,0.05746601,2
0.0,0.0,0.0,1.0,0.12820561,0
1.0,1.0,0.0,0.54880756,0.06953007,1
0.7206838,1.0,0.0,1.0,0.20119618,0
0.0,0.0,0.0,0.8499109,0.113193505,0
0.44951522,0.56569713,0.0,0.6861911,0.07809352,0
0.0,0.0,0.0,1.0,0.28115156,0
0.7209446,1.0,0.0,1.0,0.16838267,0
0.0,0.0,0.0,1.0,0.101218395,0
0.64738333,0.9614333,0.0,0.5414589,0.08651998,1
0.0,0.0,0.0,1.0,0.074807614,0
1.0,1.0,0.0,1.0,0.1558732,0
0.64745104,0.9615687,0.0,1.0,0.20119618,0
0.0,0.0,0.0,1.0,0.2838443,0
0.44951522,0.56569713,0.0,1.0,0.24854434,0
0.0,0.0,0.0,1.0,0.080508195,0
0.7209446,1.0,0.0,0.5120885,0.08405388,1
0.0,0.0,0.0,1.0,0.20372179,0
0.64738333,0.9614333,0.0,1.0,0.11467671,0
0.0,0.0,0.0,1.0,0.22115098,0
1.0,1.0,0.0,1.0,0.18179382,0
0.64745104,0.9615687,0.0,0.8499109,0.113193505,0
0.7206838,1.0,0.0,1.0,0.2838443,0
0.44951522,0.56569713,0.0,1.0,0.1618197,0
0.0,0.0,0.0,1.0,0.36326477,0
0.7209446,1.0,0.0,1.0,0.27298972,0
0.0,0.0,0.0,1.0,0.2098577,0
0.64738333,0.9614333,0.0,1.0,0.17884913,0
0.0,0.0,0.0,1.0,0.17430377,0
1.0,1.0,0.0,0.65888584,0.092756756,0
0.64745104,0.9615687,0.0,0.6861911,0.07809352,0
0.7206838,1.0,0.0,1.0,0.24854434,0
0.0,0.0,0.0,1.0,0.1618197,0
0.0,0.0,0.0,1.0,0.32379153,0
0.7209446,1.0,0.0,1.0,0.19126639,0
0.0,0.0,0.0,1.0,0.06779732,0
0.64738333,0.9614333,0.0,0.84277165,0.14194843,0
0.0,0.0,0.0,1.0,0.15340509,0
1.0,1.0,0.0,1.0,0.23132564,0
0.64745104,0.9615687,0.0,1.0,0.28115156,0
0.7206838,1.0,0.0,1.0,0.080508195,0
0.0,0.0,0.0,1.0,0.36326477,0
0.44951522,0.56569713,0.0,1.0,0.32379153,0
0.7209446,1.0,0.0,1.0,0.14004195,0
0.0,0.0,0.0,1.0,0.27243176,0
0.64738333,0.9614333,0.0,1.0,0.19474271,0
0.0,0.0,0.0,0.861026,0.06185884,0
1.0,1.0,0.0,1.0,0.10391843,0
0.64745104,0.9615687,0.0,1.0,0.16838267,0
0.7206838,1.0,0.0,0.5120885,0.08405388,1
0.0,0.0,0.0,1.0,0.27298972,0
0.44951522,0.56569713,0.0,1.0,0.19126639,0
0.0,0.0,0.0,1.0,0.14004195,0
0.0,0.0,0.0,1.0,0.13384561,0
0.64738333,0.9614333,0.0,1.0,0.09647579,0
0.0,0.0,0.0,1.0,0.13512823,0
1.0,1.0,0.0,1.0,0.06030022,0
0.64745104,0.9615687,0.0,1.0,0.101218395,0
0.7206838,1.0,0.0,1.0,0.20372179,0
0.0,0.0,0.0,1.0,0.2098577,0
0.44951522,0.56569713,0.0,1.0,0.06779732,0
0.0,0.0,0.0,1.0,0.27243176,0
0.7209446,1.0,0.0,1.0,0.13384561,0
0.64738333,0.9614333,0.0,1.0,0.117511205,0
0.0,0.0,0.0,1.0,0.043116983,0
1.0,1.0,0.0,0.21289633,0.05746601,2
0.64745104,0.9615687,0.0,0.5414589,0.08651998,1
0.7206838,1.0,0.0,1.0,0.11467671,0
0.0,0.0,0.0,1.0,0.17884913,0
0.44951522,0.56569713,0.0,0.84277165,0.14194843,0
0.0,0.0,0.0,1.0,0.19474271,0
0.7209446,1.0,0.0,1.0,0.09647579,0
0.0,0.0,0.0,1.0,0.117511205,0
1.0,1.0,0.0,1.0,0.08215059,0
0.64745104,0.9615687,0.0,1.0,0.12820561,0
0.7206838,1.0,0.0,1.0,0.074807614,0
0.0,0.0,0.0,1.0,0.22115098,0
0.44951522,0.56569713,0.0,1.0,0.17430377,0
0.0,0.0,0.0,1.0,0.15340509,0
0.7209446,1.0,0.0,0.86117154,0.06185884,0
0.0,0.0,0.0,1.0,0.13512823,0
0.64738333,0.9614333,0.0,1.0,0.043116983,0
0.0,0.0,0.0,1.0,0.08215059,0
0.64745104,0.9615687,0.0,0.54814035,0.06953007,1
0.7206838,1.0,0.0,1.0,0.1558732,0
0.0,0.0,0.0,1.0,0.18179382,0
0.44951522,0.56569713,0.0,0.65795964,0.092756756,0
0.0,0.0,0.0,1.0,0.23132564,0
0.7209446,1.0,0.0,1.0,0.10391843,0
0.0,0.0,0.0,1.0,0.06030022,0
0.64738333,0.9614333,0.0,0.212327,0.05746601,2
0.0,0.0,0.0,1.0,0.12820561,0
1.0,1.0,0.0,0.54814035,0.06953007,1
0.7206838,1.0,0.0,1.0,0.20119618,0
0.0,0.0,0.0,0.8489316,0.113193505,0
0.44951522,0.56569713,0.0,0.6854106,0.07809352,0
0.0,0.0,0.0,1.0,0.28115156,0
0.7209446,1.0,0.0,1.0,0.16838267,0
0.0,0.0,0.0,1.0,0.101218395,0
0.64738333,0.9614333,0.0,0.54075277,0.08651998,1
0.0,0.0,0.0,1.0,0.074807614,0
1.0,1.0,0.0,1.0,0.1558732,0
0.64745104,0.9615687,0.0,1.0,0.20119618,0
0.0,0.0,0.0,1.0,0.2838443,0
0.44951522,0.56569713,0.0,1.0,0.24854434,0
0.0,0.0,0.0,1.0,0.080508195,0
0.7209446,1.0,0.0,0.5113539,0.08405388,1
0.0,0.0,0.0,1.0,0.20372179,0
0.64738333,0.9614333,0.0,1.0,0.11467671,0
0.0,0.0,0.0,1.0,0.22115098,0
1.0,1.0,0.0,1.0,0.18179382,0
0.64745104,0.9615687,0.0,0.8489316,0.113193505,0
0.7206838,1.0,0.0,1.0,0.2838443,0
0.44951522,0.56569713,0.0,1.0,0.1618197,0
0.0,0.0,0.0,1.0,0.36326477,0
0.7209446,1.0,0.0,1.0,0.27298972,0
0.0,0.0,0.0,1.0,0.2098577,0
0.64738333,0.9614333,0.0,1.0,0.17884913,0
0.0,0.0,0.0,1.0,0.17430377,0
1.0,1.0,0.0,0.65795964,0.092756756,0
0.64745104,0.9615687,0.0,0.6854106,0.07809352,0
0.7206838,1.0,0.0,1.0,0.24854434,0
0.0,0.0,0.0,1.0,0.1618197,0
0.0,0.0,0.0,1.0,0.32379153,0
0.7209446,1.0,0.0,1.0,0.19126639,0
0.0,0.0,0.0,1.0,0.06779732,0
0.64738333,0.9614333,0.0,0.84137255,0.14194843,0
0.0,0.0,0.0,1.0,0.15340509,0
1.0,1.0,0.0,1.0,0.23132564,0
0.64745104,0.9615687,0.0,1.0,0.28115156,0
0.7206838,1.0,0.0,1.0,0.080508195,0
0.0,0.0,0.0,1.0,0.36326477,0
0.44951522,0.56569713,0.0,1.0,0.32379153,0
0.7209446,1.0,0.0,1.0,0.14004195,0
0.0,0.0,0.0,1.0,0.27243176,0
0.64738333,0.9614333,0.0,1.0,0.19474271,0
0.0,0.0,0.0,0.86117154,0.06185884,0
1.0,1.0,0.0,1.0,0.10391843,0
0.64745104,0.9615687,0.0,1.0,0.16838267,0
0.7206838,1.0,0.0,0.5113539,0.08405388,1
0.0,0.0,0.0,1.0,0.27298972,0
0.44951522,0.56569713,0.0,1.0,0.19126639,0
0.0,0.0,0.0,1.0,0.14004195,0
0.0,0.0,0.0,1.0,0.13384561,0
0.64738333,0.9614333,0.0,1.0,0.09647579,0
0.0,0.0,0.0,1.0,0.13512823,0
1.0,1.0,0.0,1.0,0.06030022,0
0.64745104,0.9615687,0.0,1.0,0.101218395,0
0.7206838,1.0,0.0,1.0,0.20372179,0
0.0,0.0,0.0,1.0,0.2098577,0
0.44951522,0.56569713,0.0,1.0,0.06779732,0
0.0,0.0,0.0,1.0,0.27243176,0
0.7209446,1.0,0.0,1.0,0.13384561,0
0.64738333,0.9614333,0.0,1.0,0.117511205,0
0.0,0.0,0.0,1.0,0.043116983,0
1.0,1.0,0.0,0.212327,0.05746601,2
0.64745104,0.9615687,0.0,0.54075277,0.08651998,1
0.7206838,1.0,0.0,1.0,0.11467671,0
0.0,0.0,0.0,1.0,0.17884913,0
0.44951522,0.56569713,0.0,0.84137255,0.14194843,0
0.0,0.0,0.0,1.0,0.19474271,0
0.7209446,1.0,0.0,1.0,0.09647579,0
0.0,0.0,0.0,1.0,0.117511205,0
1.0,1.0,0.0,1.0,0.08215059,0
0.64745104,0.9615687,0.0,1.0,0.12820561,0
0.7206838,1.0,0.0,1.0,0.074807614,0
0.0,0.0,0.0,1.0,0.22115098,0
0.44951522,0.56569713,0.0,1.0,0.17430377,0
0.0,0.0,0.0,1.0,0.15340509,0
0.7209446,1.0,0.0,0.8613175,0.06185884,0
0.0,0.0,0.0,1.0,0.13512823,0
0.64738333,0.9614333,0.0,1.0,0.043116983,0
0.0,0.0,0.0,1.0,0.08215059,0
0.64745104,0.9615687,0.0,0.5474732,0.06953007,1
0.7206838,1.0,0.0,1.0,0.1558732,0
0.0,0.0,0.0,1.0,0.18179382,0
0.44951522,0.56569713,0.0,0.6570334,0.092756756,0
0.0,0.0,0.0,1.0,0.23132564,0
0.7209446,1.0,0.0,1.0,0.10391843,0
0.0,0.0,0.0,1.0,0.06030022,0
0.64738333,0.9614333,0.0,0.21175772,0.05746601,2
0.0,0.0,0.0,1.0,0.12820561,0
1.0,1.0,0.0,0.5474732,0.06953007,1
0.7206838,1.0,0.0,1.0,0.20119618,0
0.0,0.0,0.0,0.8479526,0.113193505,0
0.44951522,0.56569713,0.0,0.6846302,0.07809352,0
0.0,0.0,0.0,1.0,0.28115156,0
0.7209446,1.0,0.0,1.0,0.16838267,0
0.0,0.0,0.0,1.0,0.101218395,0
0.64738333,0.9614333,0.0,0.54004705,0.08651998,1
0.0,0.0,0.0,1.0,0.074807614,0
1.0,1.0,0.0,1.0,0.1558732,0
0.64745104,0.9615687,0.0,1.0,0.20119618,0
0.0,0.0,0.0,1.0,0.2838443,0
0.44951522,0.56569713,0.0,1.0,0.24854434,0
0.0,0.0,0.0,1.0,0.080508195,0
0.7209446,1.0,0.0,0.5106197,0.08405388,1
0.0,0.0,0.0,1.0,0.20372179,0
0.64738333,0.9614333,0.0,1.0,0.11467671,0
0.0,0.0,0.0,1.0,0.22115098,0
1.0,1.0,0.0,1.0,0.18179382,0
0.64745104,0.9615687,0.0,0.8479526,0.113193505,0
0.7206838,1.0,0.0,1.0,0.2838443,0
0.44951522,0.56569713,0.0,1.0,0.1618197,0
0.0,0.0,0.0,1.0,0.36326477,0
0.7209446,1.0,0.0,1.0,0.27298972,0
0.0,0.0,0.0,1.0,0.2098577,0
0.64738333,0.9614333,0.0,1.0,0.17884913,0
0.0,0.0,0.0,1.0,0.17430377,0
1.0,1.0,0.0,0.6570334,0.092756756,0
0.64745104,0.9615687,0.0,0.6846302,0.07809352,0
0.7206838,1.0,0.0,1.0,0.24854434,0
0.0,0.0,0.0,1.0,0.1618197,0
0.0,0.0,0.0,1.0,0.32379153,0
0.7209446,1.0,0.0,1.0,0.19126639,0
0.0,0.0,0.0,1.0,0.06779732,0
0.64738333,0.9614333,0.0,0.8399735,0.14194843,0
0.0,0.0,0.0,1.0,0.15340509,0
1.0,1.0,0.0,1.0,0.23132564,0
0.64745104,0.9615687,0.0,1.0,0.28115156,0
0.7206838,1.0,0.0,1.0,0.080508195,0
0.0,0.0,0.0,1.0,0.36326477,0
0.44951522,0.56569713,0.0,1.0,0.32379153,0
0.7209446,1.0,0.0,1.0,0.14004195,0
0.0,0.0,0.0,1.0,0.27243176,0
0.64738333,0.9614333,0.0,1.0,0.19474271,0
0.0,0.0,0.0,0.8613175,0.06185884,0
1.0,1.0,0.0,1.0,0.10391843,0
0.64745104,0.9615687,0.0,1.0,0.16838267,0
0.7206838,1.0,0.0,0.5106197,0.08405388,1
0.0,0.0,0.0,1.0,0.27298972,0
0.44951522,0.56569713,0.0,1.0,0.19126639,0
0.0,0.0,0.0,1.0,0.14004195,0
0.0,0.0,0.0,1.0,0.13384561,0
0.64738333,0.9614333,0.0,1.0,0.09647579,0
0.0,0.0,0.0,1.0,0.13512823,0
1.0,1.0,0.0,1.0,0.06030022,0
0.64745104,0.9615687,0.0,1.0,0.101218395,0
0.7206838,1.0,0.0,1.0,0.20372179,0
0.0,0.0,0.0,1.0,0.2098577,0
0.44951522,0.56569713,0.0,1.0,0.06779732,0
0.0,0.0,0.0,1.0,0.27243176,0
0.7209446,1.0,0.0,1.0,0.13384561,0
0.64738333,0.9614333,0.0,1.0,0.117511205,0
0.0,0.0,0.0,1.0,0.043116983,0
1.0,1.0,0.0,0.21175772,0.05746601,2
0.64745104,0.9615687,0.0,0.54004705,0.08651998,1
0.7206838,1.0,0.0,1.0,0.11467671,0
0.0,0.0,0.0,1.0,0.17884913,0
0.44951522,0.56569713,0.0,0.8399735,0.14194843,0
0.0,0.0,0.0,1.0,0.19474271,0
0.7209446,1.0,0.0,1.0,0.09647579,0
0.0,0.0,0.0,1.0,0.117511205,0
1.0,1.0,0.0,1.0,0.08215059,0
0.64745104,0.9615687,0.0,1.0,0.12820561,0
0.7206838,1.0,0.0,1.0,0.074807614,0
0.0,0.0,0.0,1.0,0.22115098,0
0.44951522,0.56569713,0.0,1.0,0.17430377,0
0.0,0.0,0.0,1.0,0.15340509,0
0.7209446,1.0,0.0,0.8614639,0.06185884,0
0.0,0.0,0.0,1.0,0.13512823,0
0.64738333,0.9614333,0.0,1.0,0.043116983,0
0.0,0.0,0.0,1.0,0.08215059,0
0.64745104,0.9615687,0.0,0.5468061,0.06953007,1
0.7206838,1.0,0.0,1.0,0.1558732,0
0.0,0.0,0.0,1.0,0.18179382,0
0.44951522,0.56569713,0.0,0.6561072,0.092756756,0
0.0,0.0,0.0,1.0,0.23132564,0
0.7209446,1.0,0.0,1.0,0.10391843,0
0.0,0.0,0.0,1.0,0.06030022,0
0.64738333,0.9614333,0.0,0.21118845,0.05746601,2
0.0,0.0,0.0,1.0,0.12820561,0
1.0,1.0,0.0,0.5468061,0.06953007,1
0.7206838,1.0,0.0,1.0,0.20119618,0
0.0,0.0,0.0,0.8469741,0.113193505,0
0.44951522,0.56569713,0.0,0.68384975,0.07809352,0
0.0,0.0,0.0,1.0,0.28115156,0
0.7209446,1.0,0.0,1.0,0.16838267,0
0.0,0.0,0.0,1.0,0.101218395,0
0.64738333,0.9614333,0.0,0.5393418,0.08651998,1
0.0,0.0,0.0,1.0,0.074807614,0
1.0,1.0,0.0,1.0,0.1558732,0
0.64745104,0.9615687,0.0,1.0,0.20119618,0
0.0,0.0,0.0,1.0,0.2838443,0
0.44951522,0.56569713,0.0,1.0,0.24854434,0
0.0,0.0,0.0,1.0,0.080508195,0
0.7209446,1.0,0.0,0.50988585,0.08405388,1
0.0,0.0,0.0,1.0,0.20372179,0
0.64738333,0.9614333,0.0,1.0,0.11467671,0
0.0,0.0,0.0,1.0,0.22115098,0
1.0,1.0,0.0,1.0,0.18179382,0
0.64745104,0.9615687,0.0,0.8469741,0.113193505,0
0.7206838,1.0,0.0,1.0,0.2838443,0
0.44951522,0.56569713,0.0,1.0,0.1618197,0
0.0,0.0,0.0,1.0,0.36326477,0
0.7209446,1.0,0.0,1.0,0.27298972,0
0.0,0.0,0.0,1.0,0.2098577,0
0.64738333,0.9614333,0.0,1.0,0.17884913,0
0.0,0.0,0.0,1.0,0.17430377,0
1.0,1.0,0.0,0.6561072,0.092756756,0
0.64745104,0.9615687,0.0,0.68384975,0.07809352,0
0.7206838,1.0,0.0,1.0,0.24854434,0
0.0,0.0,0.0,1.0,0.1618197,0
0.0,0.0,0.0,1.0,0.32379153,0
0.7209446,1.0,0.0,1.0,0.19126639,0
0.0,0.0,0.0,1.0,0.06779732,0
0.64738333,0.9614333,0.0,0.8385746,0.14194843,0
0.0,0.0,0.0,1.0,0.15340509,0
1.0,1.0,0.0,1.0,0.23132564,0
0.64745104,0.9615687,0.0,1.0,0.28115156,0
0.7206838,1.0,0.0,1.0,0.080508195,0
0.0,0.0,0.0,1.0,0.36326477,0
0.44951522,0.56569713,0.0,1.0,0.32379153,0
0.7209446,1.0,0.0,1.0,0.14004195,0
0.0,0.0,0.0,1.0,0.27243176,0
0.64738333,0.9614333,0.0,1.0,0.19474271,0
0.0,0.0,0.0,0.8614639,0.06185884,0
1.0,1.0,0.0,1.0,0.10391843,0
0.64745104,0.9615687,0.0,1.0,0.16838267,0
0.7206838,1.0,0.0,0.50988585,0.08405388,1
0.0,0.0,0.0,1.0,0.27298972,0
0.44951522,0.56569713,0.0,1.0,0.19126639,0
0.0,0.0,0.0,1.0,0.14004195,0
0.0,0.0,0.0,1.0,0.13384561,0
0.64738333,0.9614333,0.0,1.0,0.09647579,0
0.0,0.0,0.0,1.0,0.13512823,0
1.0,1.0,0.0,1.0,0.06030022,0
0.64745104,0.9615687,0.0,1.0,0.101218395,0
0.7206838,1.0,0.0,1.0,0.20372179,0
0.0,0.0,0.0,1.0,0.2098577,0
0.44951522,0.56569713,0.0,1.0,0.06779732,0
0.0,0.0,0.0,1.0,0.27243176,0
0.7209446,1.0,0.0,1.0,0.13384561,0
0.64738333,0.9614333,0.0,1.0,0.117511205,0
0.0,0.0,0.0,1.0,0.043116983,0
1.0,1.0,0.0,0.21118845,0.05746601,2
0.64745104,0.9615687,0.0,0.5393418,0.08651998,1
0.7206838,1.0,0.0,1.0,0.11467671,0
0.0,0.0,0.0,1.0,0.17884913,0
0.44951522,0.56569713,0.0,0.8385746,0.14194843,0
0.0,0.0,0.0,1.0,0.19474271,0
0.7209446,1.0,0.0,1.0,0.09647579,0
0.0,0.0,0.0,1.0,0.117511205,0
1.0,1.0,0.0,1.0,0.08215059,0
0.64745104,0.9615687,0.0,1.0,0.12820561,0
0.7206838,1.0,0.0,1.0,0.074807614,0
0.0,0.0,0.0,1.0,0.22115098,0
0.44951522,0.56569713,0.0,1.0,0.17430377,0
0.0,0.0,0.0,1.0,0.15340509,0
0.7209446,1.0,0.0,0.8616107,0.06185884,0
0.0,0.0,0.0,1.0,0.13512823,0
0.64738333,0.9614333,0.0,1.0,0.043116983,0
0.0,0.0,0.0,1.0,0.08215059,0
0.64745104,0.9615687,0.0,0.54613906,0.06953007,1
0.7206838,1.0,0.0,1.0,0.1558732,0
0.0,0.0,0.0,1.0,0.18179382,0
0.44951522,0.56569713,0.0,0.655181,0.092756756,0
0.0,0.0,0.0,1.0,0.23132564,0
0.7209446,1.0,0.0,1.0,0.10391843,0
0.0,0.0,0.0,1.0,0.06030022,0
0.64738333,0.9614333,0.0,0.21061921,0.05746601,2
0.0,0.0,0.0,1.0,0.12820561,0
1.0,1.0,0.0,0.54613906,0.06953007,1
0.7206838,1.0,0.0,1.0,0.20119618,0
0.0,0.0,0.0,0.84599584,0.113193505,0
0.44951522,0.56569713,0.0,0.68306935,0.07809352,0
0.0,0.0,0.0,1.0,0.28115156,0
0.7209446,1.0,0.0,1.0,0.16838267,0
0.0,0.0,0.0,1.0,0.101218395,0
0.64738333,0.9614333,0.0,0.53863704,0.08651998,1
0.0,0.0,0.0,1.0,0.074807614,0
1.0,1.0,0.0,1.0,0.1558732,0
0.64745104,0.9615687,0.0,1.0,0.20119618,0
0.0,0.0,0.0,1.0,0.2838443,0
0.44951522,0.56569713,0.0,1.0,0.24854434,0
0.0,0.0,0.0,1.0,0.080508195,0
0.7209446,1.0,0.0,0.50915223,0.08405388,1
0.0,0.0,0.0,1.0,0.20372179,0
0.64738333,0.9614333,0.0,1.0,0.11467671,0
0.0,0.0,0.0,1.0,0.22115098,0
1.0,1.0,0.0,1.0,0.18179382,0
0.64745104,0.9615687,0.0,0.84599584,0.113193505,0
0.7206838,1.0,0.0,1.0,0.2838443,0
0.44951522,0.56569713,0.0,1.0,0.1618197,0
0.0,0.0,0.0,1.0,0.36326477,0
0.7209446,1.0,0.0,1.0,0.27298972,0
0.0,0.0,0.0,1.0,0.2098577,0
0.64738333,0.9614333,0.0,1.0,0.17884913,0
0.0,0.0,0.0,1.0,0.17430377,0
1.0,1.0,0.0,0.655181,0.092756756,0
0.64745104,0.9615687,0.0,0.68306935,0.07809352,0
0.7206838,1.0,0.0,1.0,0.24854434,0
0.0,0.0,0.0,1.0,0.1618197,0
0.0,0.0,0.0,1.0,0.32379153,0
0.7209446,1.0,0.0,1.0,0.19126639,0
0.0,0.0,0.0,1.0,0.06779732,0
0.64738333,0.9614333,0.0,0.83717567,0.14194843,0
0.0,0.0,0.0,1.0,0.15340509,0
1.0,1.0,0.0,1.0,0.23132564,0
0.64745104,0.9615687,0.0,1.0,0.28115156,0
0.7206838,1.0,0.0,1.0,0.080508195,0
0.0,0.0,0.0,1.0,0.36326477,0
0.44951522,0.56569713,0.0,1.0,0.32379153,0
0.7209446,1.0,0.0,1.0,0.14004195,0
0.0,0.0,0.0,1.0,0.27243176,0
0.64738333,0.9614333,0.0,1.0,0.19474271,0
0.0,0.0,0.0,0.8616107,0.06185884,0
1.0,1.0,0.0,1.0,0.10391843,0
0.64745104,0.9615687,0.0,1.0,0.16838267,0
0.7206838,1.0,0.0,0.50915223,0.08405388,1
0.0,0.0,0.0,1.0,0.27298972,0
0.44951522,0.56569713,0.0,1.0,0.19126639,0
0.0,0.0,0.0,1.0,0.14004195,0
0.0,0.0,0.0,1.0,0.13384561,0
0.64738333,0.9614333,0.0,1.0,0.09647579,0
0.0,0.0,0.0,1.0,0.13512823,0
1.0,1.0,0.0,1.0,0.06030022,0
0.64745104,0.9615687,0.0,1.0,0.101218395,0
0.7206838,1.0,0.0,1.0,0.20372179,0
0.0,0.0,0.0,1.0,0.2098577,0
0.44951522,0.56569713,0.0,1.0,0.06779732,0
0.0,0.0,0.0,1.0,0.27243176,0
0.7209446,1.0,0.0,1.0,0.13384561,0
0.64738333,0.9614333,0.0,1.0,0.117511205,0
0.0,0.0,0.0,1.0,0.043116983,0
1.0,1.0,0.0,0.21061921,0.05746601,2
0.64745104,0.9615687,0.0,0.53863704,0.08651998,1
0.7206838,1.0,0.0,1.0,0.11467671,0
0.0,0.0,0.0,1.0,0.17884913,0
0.44951522,0.56569713,0.0,0.83717567,0.14194843,0
0.0,0.0,0.0,1.0,0.19474271,0
0.7209446,1.0,0.0,1.0,0.09647579,0
0.0,0.0,0.0,1.0,0.117511205,0
1.0,1.0,0.0,1.0,0.08215059,0
0.64745104,0.9615687,0.0,1.0,0.12820561,0
0.7206838,1.0,0.0,1.0,0.074807614,0
0.0,0.0,0.0,1.0,0.22115098,0
0.44951522,0.56569713,0.0,1.0,0.17430377,0
0.0,0.0,0.0,1.0,0.15340509,0
0.7209446,1.0,0.0,0.86175793,0.06185884,0
0.0,0.0,0.0,1.0,0.13512823,0
0.64738333,0.9614333,0.0,1.0,0.043116983,0
0.0,0.0,0.0,1.0,0.08215059,0
0.64745104,0.9615687,0.0,0.54547215,0.06953007,1
0.7206838,1.0,0.0,1.0,0.1558732,0
0.0,0.0,0.0,1.0,0.18179382,0
0.44951522,0.56569713,0.0,0.6542548,0.092756756,0
0.0,0.0,0.0,1.0,0.23132564,0
0.7209446,1.0,0.0,1.0,0.10391843,0
0.0,0.0,0.0,1.0,0.06030022,0
0.64738333,0.9614333,0.0,0.21005002,0.05746601,2
0.0,0.0,0.0,1.0,0.12820561,0
1.0,1.0,0.0,0.54547215,0.06953007,1
0.7206838,1.0,0.0,1.0,0.20119618,0
0.0,0.0,0.0,0.845018,0.113193505,0
0.44951522,0.56569713,0.0,0.6822889,0.07809352,0
0.0,0.0,0.0,1.0,0.28115156,0
0.7209446,1.0,0.0,1.0,0.16838267,0
0.0,0.0,0.0,1.0,0.101218395,0
0.64738333,0.9614333,0.0,0.53793275,0.08651998,1
0.0,0.0,0.0,1.0,0.074807614,0
1.0,1.0,0.0,1.0,0.1558732,0
0.64745104,0.9615687,0.0,1.0,0.20119618,0
0.0,0.0,0.0,1.0,0.2838443,0
0.44951522,0.56569713,0.0,1.0,0.24854434,0
0.0,0.0,0.0,1.0,0.080508195,0
0.7209446,1.0,0.0,0.50841904,0.08405388,1
0.0,0.0,0.0,1.0,0.20372179,0
0.64738333,0.9614333,0.0,1.0,0.11467671,0
0.0,0.0,0.0,1.0,0.22115098,0
1.0,1.0,0.0,1.0,0.18179382,0
0.64745104,0.9615687,0.0,0.845018,0.113193505,0
0.7206838,1.0,0.0,1.0,0.2838443,0
0.44951522,0.56569713,0.0,1.0,0.1618197,0
0.0,0.0,0.0,1.0,0.36326477,0
0.7209446,1.0,0.0,1.0,0.27298972,0
0.0,0.0,0.0,1.0,0.2098577,0
0.64738333,0.9614333,0.0,1.0,0.17884913,0
0.0,0.0,0.0,1.0,0.17430377,0
1.0,1.0,0.0,0.6542548,0.092756756,0
0.64745104,0.9615687,0.0,0.6822889,0.07809352,0
0.7206838,1.0,0.0,1.0,0.24854434,0
0.0,0.0,0.0,1.0,0.1618197,0
0.0,0.0,0.0,1.0,0.32379153,0
0.7209446,1.0,0.0,1.0,0.19126639,0
0.0,0.0,0.0,1.0,0.06779732,0
0.64738333,0.9614333,0.0,0.83577687,0.14194843,0
0.0,0.0,0.0,1.0,0.15340509,0
1.0,1.0,0.0,1.0,0.23132564,0
0.64745104,0.9615687,0.0,1.0,0.28115156,0
0.7206838,1.0,0.0,1.0,0.080508195,0
0.0,0.0,0.0,1.0,0.36326477,0
0.44951522,0.56569713,0.0,1.0,0.32379153,0
0.7209446,1.0,0.0,1.0,0.14004195,0
0.0,0.0,0.0,1.0,0.27243176,0
0.64738333,0.9614333,0.0,1.0,0.19474271,0
0.0,0.0,0.0,0.86175793,0.06185884,0
1.0,1.0,0.0,1.0,0.10391843,0
0.64745104,0.9615687,0.0,1.0,0.16838267,0
0.7206838,1.0,0.0,0.50841904,0.08405388,1
0.0,0.0,0.0,1.0,0.27298972,0
0.44951522,0.56569713,0.0,1.0,0.19126639,0
0.0,0.0,0.0,1.0,0.14004195,0
0.0,0.0,0.0,1.0,0.13384561,0
0.64738333,0.9614333,0.0,1.0,0.09647579,0
0.0,0.0,0.0,1.0,0.13512823,0
1.0,1.0,0.0,1.0,0.06030022,0
0.64745104,0.9615687,0.0,1.0,0.101218395,0
0.7206838,1.0,0.0,1.0,0.20372179,0
0.0,0.0,0.0,1.0,0.2098577,0
0.44951522,0.56569713,0.0,1.0,0.06779732,0
0.0,0.0,0.0,1.0,0.27243176,0
0.7209446,1.0,0.0,1.0,0.13384561,0
0.64738333,0.9614333,0.0,1.0,0.117511205,0
0.0,0.0,0.0,1.0,0.043116983,0
1.0,1.0,0.0,0.21005002,0.05746601,2
0.64745104,0.9615687,0.0,0.53793275,0.08651998,1
0.7206838,1.0,0.0,1.0,0.11467671,0
0.0,0.0,0.0,1.0,0.17884913,0
0.44951522,0.56569713,0.0,0.83577687,0.14194843,0
0.0,0.0,0.0,1.0,0.19474271,0
0.7209446,1.0,0.0,1.0,0.09647579,0
0.0,0.0,0.0,1.0,0.117511205,0
1.0,1.0,0.0,1.0,0.08215059,0
0.64745104,0.9615687,0.0,1.0,0.12820561,0
0.7206838,1.0,0.0,1.0,0.074807614,0
0.0,0.0,0.0,1.0,0.22115098,0
0.44951522,0.56569713,0.0,1.0,0.17430377,0
0.0,0.0,0.0,1.0,0.15340509,0
0.7209446,1.0,0.0,0.8619056,0.06185884,0
0.0,0.0,0.0,1.0,0.13512823,0
0.64738333,0.9614333,0.0,1.0,0.043116983,0
0.0,0.0,0.0,1.0,0.08215059,0
0.64745104,0.9615687,0.0,0.5448052,0.06953007,1
0.7206838,1.0,0.0,1.0,0.1558732,0
0.0,0.0,0.0,1.0,0.18179382,0
0.44951522,0.56569713,0.0,0.6533286,0.092756756,0
0.0,0.0,0.0,1.0,0.23132564,0
0.7209446,1.0,0.0,1.0,0.10391843,0
0.0,0.0,0.0,1.0,0.06030022,0
0.64738333,0.9614333,0.0,0.20948084,0.05746601,2
0.0,0.0,0.0,1.0,0.12820561,0
1.0,1.0,0.0,0.5448052,0.06953007,1
0.7206838,1.0,0.0,1.0,0.20119618,0
0.0,0.0,0.0,0.84404063,0.113193505,0
0.44951522,0.56569713,0.0,0.6815085,0.07809352,0
0.0,0.0,0.0,1.0,0.28115156,0
0.7209446,1.0,0.0,1.0,0.16838267,0
0.0,0.0,0.0,1.0,0.101218395,0
0.64738333,0.9614333,0.0,0.53722894,0.08651998,1
0.0,0.0,0.0,1.0,0.074807614,0
1.0,1.0,0.0,1.0,0.1558732,0
0.64745104,0.9615687,0.0,1.0,0.20119618,0
0.0,0.0,0.0,1.0,0.2838443,0
0.44951522,0.56569713,0.0,1.0,0.24854434,0
0.0,0.0,0.0,1.0,0.080508195,0
0.7209446,1.0,0.0,0.50768614,0.08405388,1
0.0,0.0,0.0,1.0,0.20372179,0
0.64738333,0.9614333,0.0,1.0,0.11467671,0
0.0,0.0,0.0,1.0,0.22115098,0
1.0,1.0,0.0,1.0,0.18179382,0
0.64745104,0.9615687,0.0,0.84404063,0.113193505,0
0.7206838,1.0,0.0,1.0,0.2838443,0
0.44951522,0.56569713,0.0,1.0,0.1618197,0
0.0,0.0,0.0,1.0,0.36326477,0
0.7209446,1.0,0.0,1.0,0.27298972,0
0.0,0.0,0.0,1.0,0.2098577,0
0.64738333,0.9614333,0.0,1.0,0.17884913,0
0.0,0.0,0.0,1.0,0.17430377,0
1.0,1.0,0.0,0.6533286,0.092756756,0
0.64745104,0.9615687,0.0,0.6815085,0.07809352,0
0.7206838,1.0,0.0,1.0,0.24854434,0
0.0,0.0,0.0,1.0,0.1618197,0
0.0,0.0,0.0,1.0,0.32379153,0
0.7209446,1.0,0.0,1.0,0.19126639,0
0.0,0.0,0.0,1.0,0.06779732,0
0.64738333,0.9614333,0.0,0.83437806,0.14194843,0
0.0,0.0,0.0,1.0,0.15340509,0
1.0,1.0,0.0,1.0,0.23132564,0
0.64745104,0.9615687,0.0,1.0,0.28115156,0
0.7206838,1.0,0.0,1.0,0.080508195,0
0.0,0.0,0.0,1.0,0.36326477,0
0.44951522,0.56569713,0.0,1.0,0.32379153,0
0.7209446,1.0,0.0,1.0,0.14004195,0
0.0,0.0,0.0,1.0,0.27243176,0
0.64738333,0.9614333,0.0,1.0,0.19474271,0
0.0,0.0,0.0,0.8619056,0.06185884,0
1.0,1.0,0.0,1.0,0.10391843,0
0.64745104,0.9615687,0.0,1.0,0.16838267,0
0.7206838,1.0,0.0,0.50768614,0.08405388,1
0.0,0.0,0.0,1.0,0.27298972,0
0.44951522,0.56569713,0.0,1.0,0.19126639,0
0.0,0.0,0.0,1.0,0.14004195,0
0.0,0.0,0.0,1.0,0.13384561,0
0.64738333,0.9614333,0.0,1.0,0.09647579,0
0.0,0.0,0.0,1.0,0.13512823,0
1.0,1.0,0.0,1.0,0.06030022,0
0.64745104,0.9615687,0.0,1.0,0.101218395,0
0.7206838,1.0,0.0,1.0,0.20372179,0
0.0,0.0,0.0,1.0,0.2098577,0
0.44951522,0.56569713,0.0,1.0,0.06779732,0
0.0,0.0,0.0,1.0,0.27243176,0
0.7209446,1.0,0.0,1.0,0.13384561,0
0.64738333,0.9614333,0.0,1.0,0.117511205,0
0.0,0.0,0.0,1.0,0.043116983,0
1.0,1.0,0.0,0.20948084,0.05746601,2
0.64745104,0.9615687,0.0,0.53722894,0.08651998,1
0.7206838,1.0,0.0,1.0,0.11467671,0
0.0,0.0,0.0,1.0,0.17884913,0
0.44951522,0.56569713,0.0,0.83437806,0.14194843,0
0.0,0.0,0.0,1.0,0.19474271,0
0.7209446,1.0,0.0,1.0,0.09647579,0
0.0,0.0,0.0,1.0,0.117511205,0
1.0,1.0,0.0,1.0,0.08215059,0
0.64745104,0.9615687,0.0,1.0,0.12820561,0
0.7206838,1.0,0.0,1.0,0.074807614,0
0.0,0.0,0.0,1.0,0.22115098,0
0.44951522,0.56569713,0.0,1.0,0.17430377,0
0.0,0.0,0.0,1.0,0.15340509,0
0.7209446,1.0,0.0,0.86205363,0.06185884,0
0.0,0.0,0.0,1.0,0.13512823,0
0.64738333,0.9614333,0.0,1.0,0.043116983,0
0.0,0.0,0.0,1.0,0.08215059,0
0.64745104,0.9615687,0.0,0.54413843,0.06953007,1
0.7206838,1.0,0.0,1.0,0.1558732,0
0.0,0.0,0.0,1.0,0.18179382,0
0.44951522,0.56569713,0.0,0.6524024,0.092756756,0
0.0,0.0,0.0,1.0,0.23132564,0
0.7209446,1.0,0.0,1.0,0.10391843,0
0.0,0.0,0.0,1.0,0.06030022,0
0.64738333,0.9614333,0.0,0.2089117,0.05746601,2
0.0,0.0,0.0,1.0,0.12820561,0
1.0,1.0,0.0,0.54413843,0.06953007,1
0.7206838,1.0,0.0,1.0,0.20119618,0
0.0,0.0,0.0,0.8430636,0.113193505,0
0.44951522,0.56569713,0.0,0.6807281,0.07809352,0
0.0,0.0,0.0,1.0,0.28115156,0
0.7209446,1.0,0.0,1.0,0.16838267,0
0.0,0.0,0.0,1.0,0.101218395,0
0.64738333,0.9614333,0.0,0.5365256,0.08651998,1
0.0,0.0,0.0,1.0,0.074807614,0
1.0,1.0,0.0,1.0,0.1558732,0
0.64745104,0.9615687,0.0,1.0,0.20119618,0
0.0,0.0,0.0,1.0,0.2838443,0
0.44951522,0.56569713,0.0,1.0,0.24854434,0
0.0,0.0,0.0,1.0,0.080508195,0
0.7209446,1.0,0.0,0.50695354,0.08405388,1
0.0,0.0,0.0,1.0,0.20372179,0
0.64738333,0.9614333,0.0,1.0,0.11467671,0
0.0,0.0,0.0,1.0,0.22115098,0
1.0,1.0,0.0,1.0,0.18179382,0
0.64745104,0.9615687,0.0,0.8430636,0.113193505,0
0.7206838,1.0,0.0,1.0,0.2838443,0
0.44951522,0.56569713,0.0,1.0,0.1618197,0
0.0,0.0,0.0,1.0,0.36326477,0
0.7209446,1.0,0.0,1.0,0.27298972,0
0.0,0.0,0.0,1.0,0.2098577,0
0.64738333,0.9614333,0.0,1.0,0.17884913,0
0.0,0.0,0.0,1.0,0.17430377,0
1.0,1.0,0.0,0.6524024,0.092756756,0
0.64745104,0.9615687,0.0,0.6807281,0.07809352,0
0.7206838,1.0,0.0,1.0,0.24854434,0
0.0,0.0,0.0,1.0,0.1618197,0
0.0,0.0,0.0,1.0,0.32379153,0
0.7209446,1.0,0.0,1.0,0.19126639,0
0.0,0.0,0.0,1.0,0.06779732,0
0.64738333,0.9614333,0.0,0.8329794,0.14194843,0
0.0,0.0,0.0,1.0,0.15340509,0
1.0,1.0,0.0,1.0,0.23132564,0
0.64745104,0.9615687,0.0,1.0,0.28115156,0
0.7206838,1.0,0.0,1.0,0.080508195,0
0.0,0.0,0.0,1.0,0.36326477,0
0.44951522,0.56569713,0.0,1.0,0.32379153,0
0.7209446,1.0,0.0,1.0,0.14004195,0
0.0,0.0,0.0,1.0,0.27243176,0
0.64738333,0.9614333,0.0,1.0,0.19474271,0
0.0,0.0,0.0,0.86205363,0.06185884,0
1.0,1.0,0.0,1.0,0.10391843,0
0.64745104,0.9615687,0.0,1.0,0.16838267,0
0.7206838,1.0,0.0,0.50695354,0.08405388,1
0.0,0.0,0.0,1.0,0.27298972,0
0.44951522,0.56569713,0.0,1.0,0.19126639,0
0.0,0.0,0.0,1.0,0.14004195,0
0.0,0.0,0.0,1.0,0.13384561,0
0.64738333,0.9614333,0.0,1.0,0.09647579,0
0.0,0.0,0.0,1.0,0.13512823,0
1.0,1.0,0.0,1.0,0.06030022,0
0.64745104,0.9615687,0.0,1.0,0.101218395,0
0.7206838,1.0,0.0,1.0,0.20372179,0
0.0,0.0,0.0,1.0,0.2098577,0
0.44951522,0.56569713,0.0,1.0,0.06779732,0
0.0,0.0,0.0,1.0,0.27243176,0
0.7209446,1.0,0.0,1.0,0.13384561,0
0.64738333,0.9614333,0.0,1.0,0.117511205,0
0.0,0.0,0.0,1.0,0.043116983,0
1.0,1.0,0.0,0.2089117,0.05746601,2
0.64745104,0.9615687,0.0,0.5365256,0.08651998,1
0.7206838,1.0,0.0,1.0,0.11467671,0
0.0,0.0,0.0,1.0,0.17884913,0
0.44951522,0.56569713,0.0,0.8329794,0.14194843,0
0.0,0.0,0.0,1.0,0.19474271,0
0.7209446,1.0,0.0,1.0,0.09647579,0
0.0,0.0,0.0,1.0,0.117511205,0
1.0,1.0,0.0,1.0,0.08215059,0
0.64745104,0.9615687,0.0,1.0,0.12820561,0
0.7426151,1.0,0.0,1.0,0.074807614,0
0.0,0.0,0.0,1.0,0.22115098,0
0.44951522,0.56569713,0.0,1.0,0.17430377,0
0.0,0.0,0.0,1.0,0.15340509,0
0.74297875,1.0,0.0,0.8622021,0.06185884,0
0.0,0.0,0.0,1.0,0.13512823,0
0.64738333,0.9614333,0.0,1.0,0.043116983,0
0.0,0.0,0.0,1.0,0.08215059,0
0.64745104,0.9615687,0.0,0.5434717,0.06953007,1
0.7426151,1.0,0.0,1.0,0.1558732,0
0.0,0.0,0.0,1.0,0.18179382,0
0.44951522,0.56569713,0.0,0.6514762,0.092756756,0
0.0,0.0,0.0,1.0,0.23132564,0
0.74297875,1.0,0.0,1.0,0.10391843,0
0.0,0.0,0.0,1.0,0.06030022,0
0.64738333,0.9614333,0.0,0.20834258,0.05746601,2
0.0,0.0,0.0,1.0,0.12820561,0
1.0,1.0,0.0,0.5434717,0.06953007,1
0.7426151,1.0,0.0,1.0,0.20119618,0
0.0,0.0,0.0,0.842087,0.113193505,0
0.44951522,0.56569713,0.0,0.6799476,0.07809352,0
0.0,0.0,0.0,1.0,0.28115156,0
0.74297875,1.0,0.0,1.0,0.16838267,0
0.0,0.0,0.0,1.0,0.101218395,0
0.64738333,0.9614333,0.0,0.53582275,0.08651998,1
0.0,0.0,0.0,1.0,0.074807614,0
1.0,1.0,0.0,1.0,0.1558732,0
0.64745104,0.9615687,0.0,1.0,0.20119618,0
0.0,0.0,0.0,1.0,0.2838443,0
0.44951522,0.56569713,0.0,1.0,0.24854434,0
0.0,0.0,0.0,1.0,0.080508195,0
0.74297875,1.0,0.0,0.50622135,0.08405388,1
0.0,0.0,0.0,1.0,0.20372179,0
0.64738333,0.9614333,0.0,1.0,0.11467671,0
0.0,0.0,0.0,1.0,0.22115098,0
1.0,1.0,0.0,1.0,0.18179382,0
0.64745104,0.9615687,0.0,0.842087,0.113193505,0
0.7426151,1.0,0.0,1.0,0.2838443,0
0.44951522,0.56569713,0.0,1.0,0.1618197,0
0.0,0.0,0.0,1.0,0.36326477,0
0.74297875,1.0,0.0,1.0,0.27298972,0
0.0,0.0,0.0,1.0,0.2098577,0
0.64738333,0.9614333,0.0,1.0,0.17884913,0
0.0,0.0,0.0,1.0,0.17430377,0
1.0,1.0,0.0,0.6514762,0.092756756,0
0.64745104,0.9615687,0.0,0.6799476,0.07809352,0
0.7426151,1.0,0.0,1.0,0.24854434,0
0.0,0.0,0.0,1.0,0.1618197,0
0.0,0.0,0.0,1.0,0.32379153,0
0.74297875,1.0,0.0,1.0,0.19126639,0
0.0,0.0,0.0,1.0,0.06779732,0
0.64738333,0.9614333,0.0,0.8315808,0.14194843,0
0.0,0.0,0.0,1.0,0.15340509,0
1.0,1.0,0.0,1.0,0.23132564,0
0.64745104,0.9615687,0.0,1.0,0.28115156,0
0.7426151,1.0,0.0,1.0,0.080508195,0
0.0,0.0,0.0,1.0,0.36326477,0
0.44951522,0.56569713,0.0,1.0,0.32379153,0
0.74297875,1.0,0.0,1.0,0.14004195,0
0.0,0.0,0.0,1.0,0.27243176,0
0.64738333,0.9614333,0.0,1.0,0.19474271,0
0.0,0.0,0.0,0.8622021,0.06185884,0
1.0,1.0,0.0,1.0,0.10391843,0
0.64745104,0.9615687,0.0,1.0,0.16838267,0
0.7426151,1.0,0.0,0.50622135,0.08405388,1
0.0,0.0,0.0,1.0,0.27298972,0
0.44951522,0.56569713,0.0,1.0,0.19126639,0
0.0,0.0,0.0,1.0,0.14004195,0
0.0,0.0,0.0,1.0,0.13384561,0
0.64738333,0.9614333,0.0,1.0,0.09647579,0
0.0,0.0,0.0,1.0,0.13512823,0
1.0,1.0,0.0,1.0,0.06030022,0
0.64745104,0.9615687,0.0,1.0,0.101218395,0
0.7426151,1.0,0.0,1.0,0.20372179,0
0.0,0.0,0.0,1.0,0.2098577,0
0.44951522,0.56569713,0.0,1.0,0.06779732,0
0.0,0.0,0.0,1.0,0.27243176,0
0.74297875,1.0,0.0,1.0,0.13384561,0
0.64738333,0.9614333,0.0,1.0,0.117511205,0
0.0,0.0,0.0,1.0,0.043116983,0
1.0,1.0,0.0,0.20834258,0.05746601,2
0.64745104,0.9615687,0.0,0.53582275,0.08651998,1
0.7426151,1.0,0.0,1.0,0.11467671,0
0.0,0.0,0.0,1.0,0.17884913,0
0.44951522,0.56569713,0.0,0.8315808,0.14194843,0
0.0,0.0,0.0,1.0,0.19474271,0
0.74297875,1.0,0.0,1.0,0.09647579,0
0.0,0.0,0.0,1.0,0.117511205,0
1.0,1.0,0.0,1.0,0.08215059,0
0.64745104,0.9615687,0.0,1.0,0.12820561,0
0.7426151,1.0,0.0,1.0,0.074807614,0
0.0,0.0,0.0,1.0,0.22115098,0
0.44951522,0.56569713,0.0,1.0,0.17430377,0
0.0,0.0,0.0,1.0,0.15340509,0
0.74297875,1.0,0.0,0.862351,0.06185884,0
0.0,0.0,0.0,1.0,0.13512823,0
0.64738333,0.9614333,0.0,1.0,0.043116983,0
0.0,0.0,0.0,1.0,0.08215059,0
0.64745104,0.9615687,0.0,0.5428051,0.06953007,1
0.7426151,1.0,0.0,1.0,0.1558732,0
0.0,0.0,0.0,1.0,0.18179382,0
0.44951522,0.56569713,0.0,0.65055007,0.092756756,0
0.0,0.0,0.0,1.0,0.23132564,0
0.74297875,1.0,0.0,1.0,0.10391843,0
0.0,0.0,0.0,1.0,0.06030022,0
0.64738333,0.9614333,0.0,0.20777349,0.05746601,2
0.0,0.0,0.0,1.0,0.12820561,0
1.0,1.0,0.0,0.5428051,0.06953007,1
0.7426151,1.0,0.0,1.0,0.20119618,0
0.0,0.0,0.0,0.8411107,0.113193505,0
0.44951522,0.56569713,0.0,0.6791672,0.07809352,0
0.0,0.0,0.0,1.0,0.28115156,0
0.74297875,1.0,0.0,1.0,0.16838267,0
0.0,0.0,0.0,1.0,0.101218395,0
0.64738333,0.9614333,0.0,0.5351203,0.08651998,1
0.0,0.0,0.0,1.0,0.074807614,0
1.0,1.0,0.0,1.0,0.1558732,0
0.64745104,0.9615687,0.0,1.0,0.20119618,0
0.0,0.0,0.0,1.0,0.2838443,0
0.44951522,0.56569713,0.0,1.0,0.24854434,0
0.0,0.0,0.0,1.0,0.080508195,0
0.74297875,1.0,0.0,0.50548947,0.08405388,1
0.0,0.0,0.0,1.0,0.20372179,0
0.64738333,0.9614333,0.0,1.0,0.11467671,0
0.0,0.0,0.0,1.0,0.22115098,0
1.0,1.0,0.0,1.0,0.18179382,0
0.64745104,0.9615687,0.0,0.8411107,0.113193505,0
0.7426151,1.0,0.0,1.0,0.2838443,0
0.44951522,0.56569713,0.0,1.0,0.1618197,0
0.0,0.0,0.0,1.0,0.36326477,0
0.74297875,1.0,0.0,1.0,0.27298972,0
0.0,0.0,0.0,1.0,0.2098577,0
0.64738333,0.9614333,0.0,1.0,0.17884913,0
0.0,0.0,0.0,1.0,0.17430377,0
1.0,1.0,0.0,0.65055007,0.092756756,0
0.64745104,0.9615687,0.0,0.6791672,0.07809352,0
0.7426151,1.0,0.0,1.0,0.24854434,0
0.0,0.0,0.0,1.0,0.1618197,0
0.0,0.0,0.0,1.0,0.32379153,0
0.74297875,1.0,0.0,1.0,0.19126639,0
0.0,0.0,0.0,1.0,0.06779732,0
0.64738333,0.9614333,0.0,0.83018225,0.14194843,0
0.0,0.0,0.0,1.0,0.15340509,0
1.0,1.0,0.0,1.0,0.23132564,0
0.64745104,0.9615687,0.0,1.0,0.28115156,0
0.7426151,1.0,0.0,1.0,0.080508195,0
0.0,0.0,0.0,1.0,0.36326477,0
0.44951522,0.56569713,0.0,1.0,0.32379153,0
0.74297875,1.0,0.0,1.0,0.14004195,0
0.0,0.0,0.0,1.0,0.27243176,0
0.64738333,0.9614333,0.0,1.0,0.19474271,0
0.0,0.0,0.0,0.862351,0.06185884,0
1.0,1.0,0.0,1.0,0.10391843,0
0.64745104,0.9615687,0.0,1.0,0.16838267,0
0.7426151,1.0,0.0,0.50548947,0.08405388,1
0.0,0.0,0.0,1.0,0.27298972,0
0.44951522,0.56569713,0.0,1.0,0.19126639,0
0.0,0.0,0.0,1.0,0.14004195,0
0.0,0.0,0.0,1.0,0.13384561,0
0.64738333,0.9614333,0.0,1.0,0.09647579,0
0.0,0.0,0.0,1.0,0.13512823,0
1.0,1.0,0.0,1.0,0.06030022,0
0.64745104,0.9615687,0.0,1.0,0.101218395,0
0.7426151,1.0,0.0,1.0,0.20372179,0
0.0,0.0,0.0,1.0,0.2098577,0
0.44951522,0.56569713,0.0,1.0,0.06779732,0
0.0,0.0,0.0,1.0,0.27243176,0
0.74297875,1.0,0.0,1.0,0.13384561,0
0.64738333,0.9614333,0.0,1.0,0.117511205,0
0.0,0.0,0.0,1.0,0.043116983,0
1.0,1.0,0.0,0.20777349,0.05746601,2
0.64745104,0.9615687,0.0,0.5351203,0.08651998,1
0.7426151,1.0,0.0,1.0,0.11467671,0
0.0,0.0,0.0,1.0,0.17884913,0
0.44951522,0.56569713,0.0,0.83018225,0.14194843,0
0.0,0.0,0.0,1.0,0.19474271,0
0.74297875,1.0,0.0,1.0,0.09647579,0
0.0,0.0,0.0,1.0,0.117511205,0
0.64588165,0.95843,0.0,1.0,0.08215059,0
0.6646146,0.99589586,0.0,1.0,0.12820561,0
0.7426151,1.0,0.0,1.0,0.074807614,0
0.0,0.0,0.0,1.0,0.22115098,0
0.46046865,0.587604,0.0,1.0,0.17430377,0
0.0,0.0,0.0,1.0,0.15340509,0
0.74297875,1.0,0.0,0.8625003,0.06185884,0
0.0,0.0,0.0,1.0,0.13512823,0
0.6647381,0.9961429,0.0,1.0,0.043116983,0
0.0,0.0,0.0,1.0,0.08215059,0
0.6646146,0.99589586,0.0,0.54213846,0.06953007,1
0.7426151,1.0,0.0,1.0,0.1558732,0
0.0,0.0,0.0,1.0,0.18179382,0
0.46046865,0.587604,0.0,0.6496239,0.092756756,0
0.0,0.0,0.0,1.0,0.23132564,0
0.74297875,1.0,0.0,1.0,0.10391843,0
0.0,0.0,0.0,1.0,0.06030022,0
0.6647381,0.9961429,0.0,0.20720445,0.05746601,2
0.0,0.0,0.0,1.0,0.12820561,0
0.64588165,0.95843,0.0,0.54213846,0.06953007,1
0.7426151,1.0,0.0,1.0,0.20119618,0
0.0,0.0,0.0,0.8401348,0.113193505,0
0.46046865,0.587604,0.0,0.6783868,0.07809352,0
0.0,0.0,0.0,1.0,0.28115156,0
0.74297875,1.0,0.0,1.0,0.16838267,0
0.0,0.0,0.0,1.0,0.101218395,0
0.6647381,0.9961429,0.0,0.5344184,0.08651998,1
0.0,0.0,0.0,1.0,0.074807614,0
0.64588165,0.95843,0.0,1.0,0.1558732,0
0.6646146,0.99589586,0.0,1.0,0.20119618,0
0.0,0.0,0.0,1.0,0.2838443,0
0.46046865,0.587604,0.0,1.0,0.24854434,0
0.0,0.0,0.0,1.0,0.080508195,0
0.74297875,1.0,0.0,0.5047579,0.08405388,1
0.0,0.0,0.0,1.0,0.20372179,0
0.6647381,0.9961429,0.0,1.0,0.11467671,0
0.0,0.0,0.0,1.0,0.22115098,0
0.64588165,0.95843,0.0,1.0,0.18179382,0
0.6646146,0.99589586,0.0,0.8401348,0.113193505,0
0.7426151,1.0,0.0,1.0,0.2838443,0
0.46046865,0.587604,0.0,1.0,0.1618197,0
0.0,0.0,0.0,1.0,0.36326477,0
0.74297875,1.0,0.0,1.0,0.27298972,0
0.0,0.0,0.0,1.0,0.2098577,0
0.6647381,0.9961429,0.0,1.0,0.17884913,0
0.0,0.0,0.0,1.0,0.17430377,0
0.64588165,0.95843,0.0,0.6496239,0.092756756,0
0.6646146,0.99589586,0.0,0.6783868,0.07809352,0
0.7426151,1.0,0.0,1.0,0.24854434,0
0.0,0.0,0.0,1.0,0.1618197,0
0.0,0.0,0.0,1.0,0.32379153,0
0.74297875,1.0,0.0,1.0,0.19126639,0
0.0,0.0,0.0,1.0,0.06779732,0
0.6647381,0.9961429,0.0,0.82878375,0.14194843,0
0.0,0.0,0.0,1.0,0.15340509,0
0.64588165,0.95843,0.0,1.0,0.23132564,0
0.6646146,0.99589586,0.0,1.0,0.28115156,0
0.7426151,1.0,0.0,1.0,0.080508195,0
0.0,0.0,0.0,1.0,0.36326477,0
0.46046865,0.587604,0.0,1.0,0.32379153,0
0.74297875,1.0,0.0,1.0,0.14004195,0
0.0,0.0,0.0,1.0,0.27243176,0
0.6647381,0.9961429,0.0,1.0,0.19474271,0
0.0,0.0,0.0,0.8625003,0.06185884,0
0.64588165,0.95843,0.0,1.0,0.10391843,0
0.6646146,0.99589586,0.0,1.0,0.16838267,0
0.7426151,1.0,0.0,0.5047579,0.08405388,1
0.0,0.0,0.0,1.0,0.27298972,0
0.46046865,0.587604,0.0,1.0,0.19126639,0
0.0,0.0,0.0,1.0,0.14004195,0
0.0,0.0,0.0,1.0,0.13384561,0
0.6647381,0.9961429,0.0,1.0,0.09647579,0
0.0,0.0,0.0,1.0,0.13512823,0
0.64588165,0.95843,0.0,1.0,0.06030022,0
0.6646146,0.99589586,0.0,1.0,0.101218395,0
0.7426151,1.0,0.0,1.0,0.20372179,0
0.0,0.0,0.0,1.0,0.2098577,0
0.46046865,0.587604,0.0,1.0,0.06779732,0
0.0,0.0,0.0,1.0,0.27243176,0
0.74297875,1.0,0.0,1.0,0.13384561,0
0.6647381,0.9961429,0.0,1.0,0.117511205,0
0.0,0.0,0.0,1.0,0.043116983,0
0.64588165,0.95843,0.0,0.20720445,0.05746601,2
0.6646146,0.99589586,0.0,0.5344184,0.08651998,1
0.7426151,1.0,0.0,1.0,0.11467671,0
0.0,0.0,0.0,1.0,0.17884913,0
0.46046865,0.587604,0.0,0.82878375,0.14194843,0
0.0,0.0,0.0,1.0,0.19474271,0
0.74297875,1.0,0.0,1.0,0.09647579,0
0.0,0.0,0.0,1.0,0.117511205,0
0.64588165,0.95843,0.0,1.0,0.08215059,0
0.6646146,0.99589586,0.0,1.0,0.12820561,0
0.7426151,1.0,0.0,1.0,0.074807614,0
0.0,0.0,0.0,1.0,0.22115098,0
0.46046865,0.587604,0.0,1.0,0.17430377,0
0.0,0.0,0.0,1.0,0.15340509,0
0.74297875,1.0,0.0,0.86265004,0.06185884,0
0.0,0.0,0.0,1.0,0.13512823,0
0.6647381,0.9961429,0.0,1.0,0.043116983,0
0.0,0.0,0.0,1.0,0.08215059,0
0.6646146,0.99589586,0.0,0.54147196,0.06953007,1
0.7426151,1.0,0.0,1.0,0.1558732,0
0.0,0.0,0.0,1.0,0.18179382,0
0.46046865,0.587604,0.0,0.6486977,0.092756756,0
0.0,0.0,0.0,1.0,0.23132564,0
0.74297875,1.0,0.0,1.0,0.10391843,0
0.0,0.0,0.0,1.0,0.06030022,0
0.6647381,0.9961429,0.0,0.20663542,0.05746601,2
0.0,0.0,0.0,1.0,0.12820561,0
0.64588165,0.95843,0.0,0.54147196,0.06953007,1
0.7426151,1.0,0.0,1.0,0.20119618,0
0.0,0.0,0.0,0.83915937,0.113193505,0
0.46046865,0.587604,0.0,0.67760634,0.07809352,0
0.0,0.0,0.0,1.0,0.28115156,0
0.74297875,1.0,0.0,1.0,0.16838267,0
0.0,0.0,0.0,1.0,0.101218395,0
0.6647381,0.9961429,0.0,0.533717,0.08651998,1
0.0,0.0,0.0,1.0,0.074807614,0
0.64588165,0.95843,0.0,1.0,0.1558732,0
0.6646146,0.99589586,0.0,1.0,0.20119618,0
0.0,0.0,0.0,1.0,0.2838443,0
0.46046865,0.587604,0.0,1.0,0.24854434,0
0.0,0.0,0.0,1.0,0.080508195,0
0.74297875,1.0,0.0,0.50402665,0.08405388,1
0.0,0.0,0.0,1.0,0.20372179,0
0.6647381,0.9961429,0.0,1.0,0.11467671,0
0.0,0.0,0.0,1.0,0.22115098,0
0.64588165,0.95843,0.0,1.0,0.18179382,0
0.6646146,0.99589586,0.0,0.83915937,0.113193505,0
0.7426151,1.0,0.0,1.0,0.2838443,0
0.46046865,0.587604,0.0,1.0,0.1618197,0
0.0,0.0,0.0,1.0,0.36326477,0
0.74297875,1.0,0.0,1.0,0.27298972,0
0.0,0.0,0.0,1.0,0.2098577,0
0.6647381,0.9961429,0.0,1.0,0.17884913,0
0.0,0.0,0.0,1.0,0.17430377,0
0.64588165,0.95843,0.0,0.6486977,0.092756756,0
0.6646146,0.99589586,0.0,0.67760634,0.07809352,0
0.7426151,1.0,0.0,1.0,0.24854434,0
0.0,0.0,0.0,1.0,0.1618197,0
0.0,0.0,0.0,1.0,0.32379153,0
0.74297875,1.0,0.0,1.0,0.19126639,0
0.0,0.0,0.0,1.0,0.06779732,0
0.6647381,0.9961429,0.0,0.82738537,0.14194843,0
0.0,0.0,0.0,1.0,0.15340509,0
0.64588165,0.95843,0.0,1.0,0.23132564,0
0.6646146,0.99589586,0.0,1.0,0.28115156,0
0.7426151,1.0,0.0,1.0,0.080508195,0
0.0,0.0,0.0,1.0,0.36326477,0
0.46046865,0.587604,0.0,1.0,0.32379153,0
0.74297875,1.0,0.0,1.0,0.14004195,0
0.0,0.0,0.0,1.0,0.27243176,0
0.6647381,0.9961429,0.0,1.0,0.19474271,0
0.0,0.0,0.0,0.86265004,0.06185884,0
0.64588165,0.95843,0.0,1.0,0.10391843,0
0.6646146,0.99589586,0.0,1.0,0.16838267,0
0.7426151,1.0,0.0,0.50402665,0.08405388,1
0.0,0.0,0.0,1.0,0.27298972,0
0.46046865,0.587604,0.0,1.0,0.19126639,0
0.0,0.0,0.0,1.0,0.14004195,0
0.0,0.0,0.0,1.0,0.13384561,0
0.6647381,0.9961429,0.0,1.0,0.09647579,0
0.0,0.0,0.0,1.0,0.13512823,0
0.64588165,0.95843,0.0,1.0,0.06030022,0
0.6646146,0.99589586,0.0,1.0,0.101218395,0
0.7426151,1.0,0.0,1.0,0.20372179,0
0.0,0.0,0.0,1.0,0.2098577,0
0.46046865,0.587604,0.0,1.0,0.06779732,0
0.0,0.0,0.0,1.0,0.27243176,0
0.74297875,1.0,0.0,1.0,0.13384561,0
0.6647381,0.9961429,0.0,1.0,0.117511205,0
0.0,0.0,0.0,1.0,0.043116983,0
0.64588165,0.95843,0.0,0.20663542,0.05746601,2
0.6646146,0.99589586,0.0,0.533717,0.08651998,1
0.7426151,1.0,0.0,1.0,0.11467671,0
0.0,0.0,0.0,1.0,0.17884913,0
0.46046865,0.587604,0.0,0.82738537,0.14194843,0
0.0,0.0,0.0,1.0,0.19474271,0
0.74297875,1.0,0.0,1.0,0.09647579,0
0.0,0.0,0.0,1.0,0.117511205,0
0.64588165,0.95843,0.0,1.0,0.08215059,0
0.6646146,0.99589586,0.0,1.0,0.12820561,0
0.7426151,1.0,0.0,1.0,0.074807614,0
0.0,0.0,0.0,1.0,0.22115098,0
0.46046865,0.587604,0.0,1.0,0.17430377,0
0.0,0.0,0.0,1.0,0.15340509,0
0.74297875,1.0,0.0,0.8628002,0.06185884,0
0.0,0.0,0.0,1.0,0.13512823,0
0.6647381,0.9961429,0.0,1.0,0.043116983,0
0.0,0.0,0.0,1.0,0.08215059,0
0.6646146,0.99589586,0.0,0.5408055,0.06953007,1
0.7426151,1.0,0.0,1.0,0.1558732,0
0.0,0.0,0.0,1.0,0.18179382,0
0.46046865,0.587604,0.0,0.64777154,0.092756756,0
0.0,0.0,0.0,1.0,0.23132564,0
0.74297875,1.0,0.0,1.0,0.10391843,0
0.0,0.0,0.0,1.0,0.06030022,0
0.6647381,0.9961429,0.0,0.20606643,0.05746601,2
0.0,0.0,0.0,1.0,0.12820561,0
0.64588165,0.95843,0.0,0.5408055,0.06953007,1
0.7426151,1.0,0.0,1.0,0.20119618,0
0.0,0.0,0.0,0.83818424,0.113193505,0
0.46046865,0.587604,0.0,0.67682594,0.07809352,0
0.0,0.0,0.0,1.0,0.28115156,0
0.74297875,1.0,0.0,1.0,0.16838267,0
0.0,0.0,0.0,1.0,0.101218395,0
0.6647381,0.9961429,0.0,0.533016,0.08651998,1
0.0,0.0,0.0,1.0,0.074807614,0
0.64588165,0.95843,0.0,1.0,0.1558732,0
0.6646146,0.99589586,0.0,1.0,0.20119618,0
0.0,0.0,0.0,1.0,0.2838443,0
0.46046865,0.587604,0.0,1.0,0.24854434,0
0.0,0.0,0.0,1.0,0.080508195,0
0.74297875,1.0,0.0,0.5032958,0.08405388,1
0.0,0.0,0.0,1.0,0.20372179,0
0.6647381,0.9961429,0.0,1.0,0.11467671,0
0.0,0.0,0.0,1.0,0.22115098,0
0.64588165,0.95843,0.0,1.0,0.18179382,0
0.6646146,0.99589586,0.0,0.83818424,0.113193505,0
0.7426151,1.0,0.0,1.0,0.2838443,0
0.46046865,0.587604,0.0,1.0,0.1618197,0
0.0,0.0,0.0,1.0,0.36326477,0
0.74297875,1.0,0.0,1.0,0.27298972,0
0.0,0.0,0.0,1.0,0.2098577,0
0.6647381,0.9961429,0.0,1.0,0.17884913,0
0.0,0.0,0.0,1.0,0.17430377,0
0.64588165,0.95843,0.0,0.64777154,0.092756756,0
0.6646146,0.99589586,0.0,0.67682594,0.07809352,0
0.7426151,1.0,0.0,1.0,0.24854434,0
0.0,0.0,0.0,1.0,0.1618197,0
0.0,0.0,0.0,1.0,0.32379153,0
0.74297875,1.0,0.0,1.0,0.19126639,0
0.0,0.0,0.0,1.0,0.06779732,0
0.6647381,0.9961429,0.0,0.82598704,0.14194843,0
0.0,0.0,0.0,1.0,0.15340509,0
0.64588165,0.95843,0.0,1.0,0.23132564,0
0.6646146,0.99589586,0.0,1.0,0.28115156,0
0.7426151,1.0,0.0,1.0,0.080508195,0
0.0,0.0,0.0,1.0,0.36326477,0
0.46046865,0.587604,0.0,1.0,0.32379153,0
0.74297875,1.0,0.0,1.0,0.14004195,0
0.0,0.0,0.0,1.0,0.27243176,0
0.6647381,0.9961429,0.0,1.0,0.19474271,0
0.0,0.0,0.0,0.8628002,0.06185884,0
0.64588165,0.95843,0.0,1.0,0.10391843,0
0.6646146,0.99589586,0.0,1.0,0.16838267,0
0.7426151,1.0,0.0,0.5032958,0.08405388,1
0.0,0.0,0.0,1.0,0.27298972,0
0.46046865,0.587604,0.0,1.0,0.19126639,0
0.0,0.0,0.0,1.0,0.14004195,0
0.0,0.0,0.0,1.0,0.13384561,0
0.6647381,0.9961429,0.0,1.0,0.09647579,0
0.0,0.0,0.0,1.0,0.13512823,0
0.64588165,0.95843,0.0,1.0,0.06030022,0
0.6646146,0.99589586,0.0,1.0,0.101218395,0
0.7426151,1.0,0.0,1.0,0.20372179,0
0.0,0.0,0.0,1.0,0.2098577,0
0.46046865,0.587604,0.0,1.0,0.06779732,0
0.0,0.0,0.0,1.0,0.27243176,0
0.74297875,1.0,0.0,1.0,0.13384561,0
0.6647381,0.9961429,0.0,1.0,0.117511205,0
0.0,0.0,0.0,1.0,0.043116983,0
0.64588165,0.95843,0.0,0.20606643,0.05746601,2
0.6646146,0.99589586,0.0,0.533016,0.08651998,1
0.7426151,1.0,0.0,1.0,0.11467671,0
0.0,0.0,0.0,1.0,0.17884913,0
0.46046865,0.587604,0.0,0.82598704,0.14194843,0
0.0,0.0,0.0,1.0,0.19474271,0
0.74297875,1.0,0.0,1.0,0.09647579,0
0.0,0.0,0.0,1.0,0.117511205,0
0.64588165,0.95843,0.0,1.0,0.08215059,0
0.6646146,0.99589586,0.0,1.0,0.12820561,0
0.7426151,1.0,0.0,1.0,0.074807614,0
0.0,0.0,0.0,1.0,0.22115098,0
0.46046865,0.587604,0.0,1.0,0.17430377,0
0.0,0.0,0.0,1.0,0.15340509,0
0.74297875,1.0,0.0,0.86295074,0.06185884,0
0.0,0.0,0.0,1.0,0.13512823,0
0.6647381,0.9961429,0.0,1.0,0.043116983,0
0.0,0.0,0.0,1.0,0.08215059,0
0.6646146,0.99589586,0.0,0.54013914,0.06953007,1
0.7426151,1.0,0.0,1.0,0.1558732,0
0.0,0.0,0.0,1.0,0.18179382,0
0.46046865,0.587604,0.0,0.64684534,0.092756756,0
0.0,0.0,0.0,1.0,0.23132564,0
0.74297875,1.0,0.0,1.0,0.10391843,0
0.0,0.0,0.0,1.0,0.06030022,0
0.6647381,0.9961429,0.0,0.20549747,0.05746601,2
0.0,0.0,0.0,1.0,0.12820561,0
0.64588165,0.95843,0.0,0.54013914,0.06953007,1
0.7426151,1.0,0.0,1.0,0.20119618,0
0.0,0.0,0.0,0.8372096,0.113193505,0
0.46046865,0.587604,0.0,0.67604554,0.07809352,0
0.0,0.0,0.0,1.0,0.28115156,0
0.74297875,1.0,0.0,1.0,0.16838267,0
0.0,0.0,0.0,1.0,0.101218395,0
0.6647381,0.9961429,0.0,0.53231555,0.08651998,1
0.0,0.0,0.0,1.0,0.074807614,0
0.64588165,0.95843,0.0,1.0,0.1558732,0
0.6646146,0.99589586,0.0,1.0,0.20119618,0
0.0,0.0,0.0,1.0,0.2838443,0
0.46046865,0.587604,0.0,1.0,0.24854434,0
0.0,0.0,0.0,1.0,0.080508195,0
0.74297875,1.0,0.0,0.50256526,0.08405388,1
0.0,0.0,0.0,1.0,0.20372179,0
0.6647381,0.9961429,0.0,1.0,0.11467671,0
0.0,0.0,0.0,1.0,0.22115098,0
0.64588165,0.95843,0.0,1.0,0.18179382,0
0.6646146,0.99589586,0.0,0.8372096,0.113193505,0
0.7426151,1.0,0.0,1.0,0.2838443,0
0.46046865,0.587604,0.0,1.0,0.1618197,0
0.0,0.0,0.0,1.0,0.36326477,0
0.74297875,1.0,0.0,1.0,0.27298972,0
0.0,0.0,0.0,1.0,0.2098577,0
0.6647381,0.9961429,0.0,1.0,0.17884913,0
0.0,0.0,0.0,1.0,0.17430377,0
0.64588165,0.95843,0.0,0.64684534,0.092756756,0
0.6646146,0.99589586,0.0,0.67604554,0.07809352,0
0.7426151,1.0,0.0,1.0,0.24854434,0
0.0,0.0,0.0,1.0,0.1618197,0
0.0,0.0,0.0,1.0,0.32379153,0
0.74297875,1.0,0.0,1.0,0.19126639,0
0.0,0.0,0.0,1.0,0.06779732,0
0.6647381,0.9961429,0.0,0.8245888,0.14194843,0
0.0,0.0,0.0,1.0,0.15340509,0
0.64588165,0.95843,0.0,1.0,0.23132564,0
0.6646146,0.99589586,0.0,1.0,0.28115156,0
0.7426151,1.0,0.0,1.0,0.080508195,0
0.0,0.0,0.0,1.0,0.36326477,0
0.46046865,0.587604,0.0,1.0,0.32379153,0
0.74297875,1.0,0.0,1.0,0.14004195,0
0.0,0.0,0.0,1.0,0.27243176,0
0.6647381,0.9961429,0.0,1.0,0.19474271,0
0.0,0.0,0.0,0.86295074,0.06185884,0
0.64588165,0.95843,0.0,1.0,0.10391843,0
0.6646146,0.99589586,0.0,1.0,0.16838267,0
0.7426151,1.0,0.0,0.50256526,0.08405388,1
0.0,0.0,0.0,1.0,0.27298972,0
0.46046865,0.587604,0.0,1.0,0.19126639,0
0.0,0.0,0.0,1.0,0.14004195,0
0.0,0.0,0.0,1.0,0.13384561,0
0.6647381,0.9961429,0.0,1.0,0.09647579,0
0.0,0.0,0.0,1.0,0.13512823,0
0.64588165,0.95843,0.0,1.0,0.06030022,0
0.6646146,0.99589586,0.0,1.0,0.101218395,0
0.7426151,1.0,0.0,1.0,0.20372179,0
0.0,0.0,0.0,1.0,0.2098577,0
0.46046865,0.587604,0.0,1.0,0.06779732,0
0.0,0.0,0.0,1.0,0.27243176,0
0.74297875,1.0,0.0,1.0,0.13384561,0
0.6647381,0.9961429,0.0,1.0,0.117511205,0
0.0,0.0,0.0,1.0,0.043116983,0
0.64588165,0.95843,0.0,0.20549747,0.05746601,2
0.6646146,0.99589586,0.0,0.53231555,0.08651998,1
0.7426151,1.0,0.0,1.0,0.11467671,0
0.0,0.0,0.0,1.0,0.17884913,0
0.46046865,0.587604,0.0,0.8245888,0.14194843,0
0.0,0.0,0.0,1.0,0.19474271,0
0.74297875,1.0,0.0,1.0,0.09647579,0
0.0,0.0,0.0,1.0,0.117511205,0
1.0,1.0,0.0,1.0,0.08215059,0
0.6716179,1.0,0.0,1.0,0.12820561,0
0.7426151,1.0,0.0,1.0,0.074807614,0
0.0,0.0,0.0,1.0,0.22115098,0
0.46046865,0.587604,0.0,1.0,0.17430377,0
0.0,0.0,0.0,1.0,0.15340509,0
0.74297875,1.0,0.0,0.8631017,0.06185884,0
0.0,0.0,0.0,1.0,0.13512823,0
0.37775466,0.42217597,0.0,1.0,0.043116983,0
0.0,0.0,0.0,1.0,0.08215059,0
0.6716179,1.0,0.0,0.5394728,0.06953007,1
0.7426151,1.0,0.0,1.0,0.1558732,0
0.0,0.0,0.0,1.0,0.18179382,0
0.46046865,0.587604,0.0,0.6459192,0.092756756,0
0.0,0.0,0.0,1.0,0.23132564,0
0.74297875,1.0,0.0,1.0,0.10391843,0
0.0,0.0,0.0,1.0,0.06030022,0
0.37775466,0.42217597,0.0,0.20492855,0.05746601,2
0.0,0.0,0.0,1.0,0.12820561,0
1.0,1.0,0.0,0.5394728,0.06953007,1
0.7426151,1.0,0.0,1.0,0.20119618,0
0.0,0.0,0.0,0.8362353,0.113193505,0
0.46046865,0.587604,0.0,0.67526513,0.07809352,0
0.0,0.0,0.0,1.0,0.28115156,0
0.74297875,1.0,0.0,1.0,0.16838267,0
0.0,0.0,0.0,1.0,0.101218395,0
0.37775466,0.42217597,0.0,0.53161556,0.08651998,1
0.0,0.0,0.0,1.0,0.074807614,0
1.0,1.0,0.0,1.0,0.1558732,0
0.6716179,1.0,0.0,1.0,0.20119618,0
0.0,0.0,0.0,1.0,0.2838443,0
0.46046865,0.587604,0.0,1.0,0.24854434,0
0.0,0.0,0.0,1.0,0.080508195,0
0.74297875,1.0,0.0,0.5018351,0.08405388,1
0.0,0.0,0.0,1.0,0.20372179,0
0.37775466,0.42217597,0.0,1.0,0.11467671,0
0.0,0.0,0.0,1.0,0.22115098,0
1.0,1.0,0.0,1.0,0.18179382,0
0.6716179,1.0,0.0,0.8362353,0.113193505,0
0.7426151,1.0,0.0,1.0,0.2838443,0
0.46046865,0.587604,0.0,1.0,0.1618197,0
0.0,0.0,0.0,1.0,0.36326477,0
0.74297875,1.0,0.0,1.0,0.27298972,0
0.0,0.0,0.0,1.0,0.2098577,0
0.37775466,0.42217597,0.0,1.0,0.17884913,0
0.0,0.0,0.0,1.0,0.17430377,0
1.0,1.0,0.0,0.6459192,0.092756756,0
0.6716179,1.0,0.0,0.67526513,0.07809352,0
0.7426151,1.0,0.0,1.0,0.24854434,0
0.0,0.0,0.0,1.0,0.1618197,0
0.0,0.0,0.0,1.0,0.32379153,0
0.74297875,1.0,0.0,1.0,0.19126639,0
0.0,0.0,0.0,1.0,0.06779732,0
0.37775466,0.42217597,0.0,0.82319057,0.14194843,0
0.0,0.0,0.0,1.0,0.15340509,0
1.0,1.0,0.0,1.0,0.23132564,0
0.6716179,1.0,0.0,1.0,0.28115156,0
0.7426151,1.0,0.0,1.0,0.080508195,0
0.0,0.0,0.0,1.0,0.36326477,0
0.46046865,0.587604,0.0,1.0,0.32379153,0
0.74297875,1.0,0.0,1.0,0.14004195,0
0.0,0.0,0.0,1.0,0.27243176,0
0.37775466,0.42217597,0.0,1.0,0.19474271,0
0.0,0.0,0.0,0.8631017,0.06185884,0
1.0,1.0,0.0,1.0,0.10391843,0
0.6716179,1.0,0.0,1.0,0.16838267,0
0.7426151,1.0,0.0,0.5018351,0.08405388,1
0.0,0.0,0.0,1.0,0.27298972,0
0.46046865,0.587604,0.0,1.0,0.19126639,0
0.0,0.0,0.0,1.0,0.14004195,0
0.0,0.0,0.0,1.0,0.13384561,0
0.37775466,0.42217597,0.0,1.0,0.09647579,0
0.0,0.0,0.0,1.0,0.13512823,0
1.0,1.0,0.0,1.0,0.06030022,0
0.6716179,1.0,0.0,1.0,0.101218395,0
0.7426151,1.0,0.0,1.0,0.20372179,0
0.0,0.0,0.0,1.0,0.2098577,0
0.46046865,0.587604,0.0,1.0,0.06779732,0
0.0,0.0,0.0,1.0,0.27243176,0
0.74297875,1.0,0.0,1.0,0.13384561,0
0.37775466,0.42217597,0.0,1.0,0.117511205,0
0.0,0.0,0.0,1.0,0.043116983,0
1.0,1.0,0.0,0.20492855,0.05746601,2
0.6716179,1.0,0.0,0.53161556,0.08651998,1
0.7426151,1.0,0.0,1.0,0.11467671,0
0.0,0.0,0.0,1.0,0.17884913,0
0.46046865,0.587604,0.0,0.82319057,0.14194843,0
0.0,0.0,0.0,1.0,0.19474271,0
0.74297875,1.0,0.0,1.0,0.09647579,0
0.0,0.0,0.0,1.0,0.117511205,0
1.0,1.0,0.0,1.0,0.08215059,0
0.6716179,1.0,0.0,1.0,0.12820561,0
0.7426151,1.0,0.0,1.0,0.074807614,0
0.0,0.0,0.0,1.0,0.22115098,0
0.46046865,0.587604,0.0,1.0,0.17430377,0
0.0,0.0,0.0,1.0,0.15340509,0
0.74297875,1.0,0.0,0.8632531,0.06185884,0
0.0,0.0,0.0,1.0,0.13512823,0
0.37775466,0.42217597,0.0,1.0,0.043116983,0
0.0,0.0,0.0,1.0,0.08215059,0
0.6716179,1.0,0.0,0.5388066,0.06953007,1
0.7426151,1.0,0.0,1.0,0.1558732,0
0.0,0.0,0.0,1.0,0.18179382,0
0.46046865,0.587604,0.0,0.644993,0.092756756,0
0.0,0.0,0.0,1.0,0.23132564,0
0.74297875,1.0,0.0,1.0,0.10391843,0
0.0,0.0,0.0,1.0,0.06030022,0
0.37775466,0.42217597,0.0,0.20435965,0.05746601,2
0.0,0.0,0.0,1.0,0.12820561,0
1.0,1.0,0.0,0.5388066,0.06953007,1
0.7426151,1.0,0.0,1.0,0.20119618,0
0.0,0.0,0.0,0.8352614,0.113193505,0
0.46046865,0.587604,0.0,0.67448467,0.07809352,0
0.0,0.0,0.0,1.0,0.28115156,0
0.74297875,1.0,0.0,1.0,0.16838267,0
0.0,0.0,0.0,1.0,0.101218395,0
0.37775466,0.42217597,0.0,0.53091604,0.08651998,1
0.0,0.0,0.0,1.0,0.074807614,0
1.0,1.0,0.0,1.0,0.1558732,0
0.6716179,1.0,0.0,1.0,0.20119618,0
0.0,0.0,0.0,1.0,0.2838443,0
0.46046865,0.587604,0.0,1.0,0.24854434,0
0.0,0.0,0.0,1.0,0.080508195,0
0.74297875,1.0,0.0,0.50110525,0.08405388,1
0.0,0.0,0.0,1.0,0.20372179,0
0.37775466,0.42217597,0.0,1.0,0.11467671,0
0.0,0.0,0.0,1.0,0.22115098,0
1.0,1.0,0.0,1.0,0.18179382,0
0.6716179,1.0,0.0,0.8352614,0.113193505,0
0.7426151,1.0,0.0,1.0,0.2838443,0
0.46046865,0.587604,0.0,1.0,0.1618197,0
0.0,0.0,0.0,1.0,0.36326477,0
0.74297875,1.0,0.0,1.0,0.27298972,0
0.0,0.0,0.0,1.0,0.2098577,0
0.37775466,0.42217597,0.0,1.0,0.17884913,0
0.0,0.0,0.0,1.0,0.17430377,0
1.0,1.0,0.0,0.644993,0.092756756,0
0.6716179,1.0,0.0,0.67448467,0.07809352,0
0.7426151,1.0,0.0,1.0,0.24854434,0
0.0,0.0,0.0,1.0,0.1618197,0
0.0,0.0,0.0,1.0,0.32379153,0
0.74297875,1.0,0.0,1.0,0.19126639,0
0.0,0.0,0.0,1.0,0.06779732,0
0.37775466,0.42217597,0.0,0.8217925,0.14194843,0
0.0,0.0,0.0,1.0,0.15340509,0
1.0,1.0,0.0,1.0,0.23132564,0
0.6716179,1.0,0.0,1.0,0.28115156,0
0.7426151,1.0,0.0,1.0,0.080508195,0
0.0,0.0,0.0,1.0,0.36326477,0
0.46046865,0.587604,0.0,1.0,0.32379153,0
0.74297875,1.0,0.0,1.0,0.14004195,0
0.0,0.0,0.0,1.0,0.27243176,0
0.37775466,0.42217597,0.0,1.0,0.19474271,0
0.0,0.0,0.0,0.8632531,0.06185884,0
1.0,1.0,0.0,1.0,0.10391843,0
0.6716179,1.0,0.0,1.0,0.16838267,0
0.7426151,1.0,0.0,0.50110525,0.08405388,1
0.0,0.0,0.0,1.0,0.27298972,0
0.46046865,0.587604,0.0,1.0,0.19126639,0
0.0,0.0,0.0,1.0,0.14004195,0
0.0,0.0,0.0,1.0,0.13384561,0
0.37775466,0.42217597,0.0,1.0,0.09647579,0
0.0,0.0,0.0,1.0,0.13512823,0
1.0,1.0,0.0,1.0,0.06030022,0
0.6716179,1.0,0.0,1.0,0.101218395,0
0.7426151,1.0,0.0,1.0,0.20372179,0
0.0,0.0,0.0,1.0,0.2098577,0
0.46046865,0.587604,0.0,1.0,0.06779732,0
0.0,0.0,0.0,1.0,0.27243176,0
0.74297875,1.0,0.0,1.0,0.13384561,0
0.37775466,0.42217597,0.0,1.0,0.117511205,0
0.0,0.0,0.0,1.0,0.043116983,0
1.0,1.0,0.0,0.20435965,0.05746601,2
0.6716179,1.0,0.0,0.53091604,0.08651998,1
0.7426151,1.0,0.0,1.0,0.11467671,0
0.0,0.0,0.0,1.0,0.17884913,0
0.46046865,0.587604,0.0,0.8217925,0.14194843,0
0.0,0.0,0.0,1.0,0.19474271,0
0.74297875,1.0,0.0,1.0,0.09647579,0
0.0,0.0,0.0,1.0,0.117511205,0
1.0,1.0,0.0,1.0,0.08215059,0
0.6716179,1.0,0.0,1.0,0.12820561,0
0.7611351,1.0,0.0,1.0,0.074807614,0
0.0,0.0,0.0,1.0,0.22115098,0
0.46046865,0.587604,0.0,1.0,0.17430377,0
0.0,0.0,0.0,1.0,0.15340509,0
0.76137316,1.0,0.0,0.8634049,0.06185884,0
0.0,0.0,0.0,1.0,0.13512823,0
0.37775466,0.42217597,0.0,1.0,0.043116983,0
0.0,0.0,0.0,1.0,0.08215059,0
0.6716179,1.0,0.0,0.5381405,0.06953007,1
0.7611351,1.0,0.0,1.0,0.1558732,0
0.0,0.0,0.0,1.0,0.18179382,0
0.46046865,0.587604,0.0,0.6440669,0.092756756,0
0.0,0.0,0.0,1.0,0.23132564,0
0.76137316,1.0,0.0,1.0,0.10391843,0
0.0,0.0,0.0,1.0,0.06030022,0
0.37775466,0.42217597,0.0,0.20379078,0.05746601,2
0.0,0.0,0.0,1.0,0.12820561,0
1.0,1.0,0.0,0.5381405,0.06953007,1
0.7611351,1.0,0.0,1.0,0.20119618,0
0.0,0.0,0.0,0.8342879,0.113193505,0
0.46046865,0.587604,0.0,0.67370427,0.07809352,0
0.0,0.0,0.0,1.0,0.28115156,0
0.76137316,1.0,0.0,1.0,0.16838267,0
0.0,0.0,0.0,1.0,0.101218395,0
0.37775466,0.42217597,0.0,0.53021705,0.08651998,1
0.0,0.0,0.0,1.0,0.074807614,0
1.0,1.0,0.0,1.0,0.1558732,0
0.6716179,1.0,0.0,1.0,0.20119618,0
0.0,0.0,0.0,1.0,0.2838443,0
0.46046865,0.587604,0.0,1.0,0.24854434,0
0.0,0.0,0.0,1.0,0.080508195,0
0.76137316,1.0,0.0,0.50037575,0.08405388,1
0.0,0.0,0.0,1.0,0.20372179,0
0.37775466,0.42217597,0.0,1.0,0.11467671,0
0.0,0.0,0.0,1.0,0.22115098,0
1.0,1.0,0.0,1.0,0.18179382,0
0.6716179,1.0,0.0,0.8342879,0.113193505,0
0.7611351,1.0,0.0,1.0,0.2838443,0
0.46046865,0.587604,0.0,1.0,0.1618197,0
0.0,0.0,0.0,1.0,0.36326477,0
0.76137316,1.0,0.0,1.0,0.27298972,0
0.0,0.0,0.0,1.0,0.2098577,0
0.37775466,0.42217597,0.0,1.0,0.17884913,0
0.0,0.0,0.0,1.0,0.17430377,0
1.0,1.0,0.0,0.6440669,0.092756756,0
0.6716179,1.0,0.0,0.67370427,0.07809352,0
0.7611351,1.0,0.0,1.0,0.24854434,0
0.0,0.0,0.0,1.0,0.1618197,0
0.0,0.0,0.0,1.0,0.32379153,0
0.76137316,1.0,0.0,1.0,0.19126639,0
0.0,0.0,0.0,1.0,0.06779732,0
0.37775466,0.42217597,0.0,0.82039446,0.14194843,0
0.0,0.0,0.0,1.0,0.15340509,0
1.0,1.0,0.0,1.0,0.23132564,0
0.6716179,1.0,0.0,1.0,0.28115156,0
0.7611351,1.0,0.0,1.0,0.080508195,0
0.0,0.0,0.0,1.0,0.36326477,0
0.46046865,0.587604,0.0,1.0,0.32379153,0
0.76137316,1.0,0.0,1.0,0.14004195,0
0.0,0.0,0.0,1.0,0.27243176,0
0.37775466,0.42217597,0.0,1.0,0.19474271,0
0.0,0.0,0.0,0.8634049,0.06185884,0
1.0,1.0,0.0,1.0,0.10391843,0
0.6716179,1.0,0.0,1.0,0.16838267,0
0.7611351,1.0,0.0,0.50037575,0.08405388,1
0.0,0.0,0.0,1.0,0.27298972,0
0.46046865,0.587604,0.0,1.0,0.19126639,0
0.0,0.0,0.0,1.0,0.14004195,0
0.0,0.0,0.0,1.0,0.13384561,0
0.37775466,0.42217597,0.0,1.0,0.09647579,0
0.0,0.0,0.0,1.0,0.13512823,0
1.0,1.0,0.0,1.0,0.06030022,0
0.6716179,1.0,0.0,1.0,0.101218395,0
0.7611351,1.0,0.0,1.0,0.20372179,0
0.0,0.0,0.0,1.0,0.2098577,0
0.46046865,0.587604,0.0,1.0,0.06779732,0
0.0,0.0,0.0,1.0,0.27243176,0
0.76137316,1.0,0.0,1.0,0.13384561,0
0.37775466,0.42217597,0.0,1.0,0.117511205,0
0.0,0.0,0.0,1.0,0.043116983,0
1.0,1.0,0.0,0.20379078,0.05746601,2
0.6716179,1.0,0.0,0.53021705,0.08651998,1
0.7611351,1.0,0.0,1.0,0.11467671,0
0.0,0.0,0.0,1.0,0.17884913,0
0.46046865,0.587604,0.0,0.82039446,0.14194843,0
0.0,0.0,0.0,1.0,0.19474271,0
0.76137316,1.0,0.0,1.0,0.09647579,0
0.0,0.0,0.0,1.0,0.117511205,0
1.0,1.0,0.0,1.0,0.08215059,0
0.6716179,1.0,0.0,1.0,0.12820561,0
0.7611351,1.0,0.0,1.0,0.074807614,0
0.0,0.0,0.0,1.0,0.22115098,0
0.46046865,0.587604,0.0,1.0,0.17430377,0
0.0,0.0,0.0,1.0,0.15340509,0
0.76137316,1.0,0.0,0.86355716,0.06185884,0
0.0,0.0,0.0,1.0,0.13512823,0
0.37775466,0.42217597,0.0,1.0,0.043116983,0
0.0,0.0,0.0,1.0,0.08215059,0
0.6716179,1.0,0.0,0.5374744,0.06953007,1
0.7611351,1.0,0.0,1.0,0.1558732,0
0.0,0.0,0.0,1.0,0.18179382,0
0.46046865,0.587604,0.0,0.64314073,0.092756756,0
0.0,0.0,0.0,1.0,0.23132564,0
0.76137316,1.0,0.0,1.0,0.10391843,0
0.0,0.0,0.0,1.0,0.06030022,0
0.37775466,0.42217597,0.0,0.20322196,0.05746601,2
0.0,0.0,0.0,1.0,0.12820561,0
1.0,1.0,0.0,0.5374744,0.06953007,1
0.7611351,1.0,0.0,1.0,0.20119618,0
0.0,0.0,0.0,0.8333148,0.113193505,0
0.46046865,0.587604,0.0,0.67292386,0.07809352,0
0.0,0.0,0.0,1.0,0.28115156,0
0.76137316,1.0,0.0,1.0,0.16838267,0
0.0,0.0,0.0,1.0,0.101218395,0
0.37775466,0.42217597,0.0,0.5295185,0.08651998,1
0.0,0.0,0.0,1.0,0.074807614,0
1.0,1.0,0.0,1.0,0.1558732,0
0.6716179,1.0,0.0,1.0,0.20119618,0
0.0,0.0,0.0,1.0,0.2838443,0
0.46046865,0.587604,0.0,1.0,0.24854434,0
0.0,0.0,0.0,1.0,0.080508195,0
0.76137316,1.0,0.0,0.4996466,0.08405388,1
0.0,0.0,0.0,1.0,0.20372179,0
0.37775466,0.42217597,0.0,1.0,0.11467671,0
0.0,0.0,0.0,1.0,0.22115098,0
1.0,1.0,0.0,1.0,0.18179382,0
0.6716179,1.0,0.0,0.8333148,0.113193505,0
0.7611351,1.0,0.0,1.0,0.2838443,0
0.46046865,0.587604,0.0,1.0,0.1618197,0
0.0,0.0,0.0,1.0,0.36326477,0
0.76137316,1.0,0.0,1.0,0.27298972,0
0.0,0.0,0.0,1.0,0.2098577,0
0.37775466,0.42217597,0.0,1.0,0.17884913,0
0.0,0.0,0.0,1.0,0.17430377,0
1.0,1.0,0.0,0.64314073,0.092756756,0
0.6716179,1.0,0.0,0.67292386,0.07809352,0
0.7611351,1.0,0.0,1.0,0.24854434,0
0.0,0.0,0.0,1.0,0.1618197,0
0.0,0.0,0.0,1.0,0.32379153,0
0.76137316,1.0,0.0,1.0,0.19126639,0
0.0,0.0,0.0,1.0,0.06779732,0
0.37775466,0.42217597,0.0,0.8189965,0.14194843,0
0.0,0.0,0.0,1.0,0.15340509,0
1.0,1.0,0.0,1.0,0.23132564,0
0.6716179,1.0,0.0,1.0,0.28115156,0
0.7611351,1.0,0.0,1.0,0.080508195,0
0.0,0.0,0.0,1.0,0.36326477,0
0.46046865,0.587604,0.0,1.0,0.32379153,0
0.76137316,1.0,0.0,1.0,0.14004195,0
0.0,0.0,0.0,1.0,0.27243176,0
0.37775466,0.42217597,0.0,1.0,0.19474271,0
0.0,0.0,0.0,0.86355716,0.06185884,0
1.0,1.0,0.0,1.0,0.10391843,0
0.6716179,1.0,0.0,1.0,0.16838267,0
0.7611351,1.0,0.0,0.4996466,0.08405388,1
0.0,0.0,0.0,1.0,0.27298972,0
0.46046865,0.587604,0.0,1.0,0.19126639,0
0.0,0.0,0.0,1.0,0.14004195,0
0.0,0.0,0.0,1.0,0.13384561,0
0.37775466,0.42217597,0.0,1.0,0.09647579,0
0.0,0.0,0.0,1.0,0.13512823,0
1.0,1.0,0.0,1.0,0.06030022,0
0.6716179,1.0,0.0,1.0,0.101218395,0
0.7611351,1.0,0.0,1.0,0.20372179,0
0.0,0.0,0.0,1.0,0.2098577,0
0.46046865,0.587604,0.0,1.0,0.06779732,0
0.0,0.0,0.0,1.0,0.27243176,0
0.76137316,1.0,0.0,1.0,0.13384561,0
0.37775466,0.42217597,0.0,1.0,0.117511205,0
0.0,0.0,0.0,1.0,0.043116983,0
1.0,1.0,0.0,0.20322196,0.05746601,2
0.6716179,1.0,0.0,0.5295185,0.08651998,1
0.7611351,1.0,0.0,1.0,0.11467671,0
0.0,0.0,0.0,1.0,0.17884913,0
0.46046865,0.587604,0.0,0.8189965,0.14194843,0
0.0,0.0,0.0,1.0,0.19474271,0
0.76137316,1.0,0.0,1.0,0.09647579,0
0.0,0.0,0.0,1.0,0.117511205,0
0.65876025,0.9841871,0.0,1.0,0.08215059,0
0.678878,1.0,0.0,1.0,0.12820561,0
0.7611351,1.0,0.0,1.0,0.074807614,0
0.0,0.0,0.0,1.0,0.22115098,0
0.4348736,0.5364139,0.0,1.0,0.17430377,0
0.0,0.0,0.0,1.0,0.15340509,0
0.76137316,1.0,0.0,0.8637098,0.06185884,0
0.0,0.0,0.0,1.0,0.13512823,0
0.6790207,1.0,0.0,1.0,0.043116983,0
0.0,0.0,0.0,1.0,0.08215059,0
0.678878,1.0,0.0,0.5368084,0.06953007,1
0.7611351,1.0,0.0,1.0,0.1558732,0
0.0,0.0,0.0,1.0,0.18179382,0
0.4348736,0.5364139,0.0,0.6422146,0.092756756,0
0.0,0.0,0.0,1.0,0.23132564,0
0.76137316,1.0,0.0,1.0,0.10391843,0
0.0,0.0,0.0,1.0,0.06030022,0
0.6790207,1.0,0.0,0.20265315,0.05746601,2
0.0,0.0,0.0,1.0,0.12820561,0
0.65876025,0.9841871,0.0,0.5368084,0.06953007,1
0.7611351,1.0,0.0,1.0,0.20119618,0
0.0,0.0,0.0,0.8323421,0.113193505,0
0.4348736,0.5364139,0.0,0.67214346,0.07809352,0
0.0,0.0,0.0,1.0,0.28115156,0
0.76137316,1.0,0.0,1.0,0.16838267,0
0.0,0.0,0.0,1.0,0.101218395,0
0.6790207,1.0,0.0,0.52882046,0.08651998,1
0.0,0.0,0.0,1.0,0.074807614,0
0.65876025,0.9841871,0.0,1.0,0.1558732,0
0.678878,1.0,0.0,1.0,0.20119618,0
0.0,0.0,0.0,1.0,0.2838443,0
0.4348736,0.5364139,0.0,1.0,0.24854434,0
0.0,0.0,0.0,1.0,0.080508195,0
0.76137316,1.0,0.0,0.49891782,0.08405388,1
0.0,0.0,0.0,1.0,0.20372179,0
0.6790207,1.0,0.0,1.0,0.11467671,0
0.0,0.0,0.0,1.0,0.22115098,0
0.65876025,0.9841871,0.0,1.0,0.18179382,0
0.678878,1.0,0.0,0.8323421,0.113193505,0
0.7611351,1.0,0.0,1.0,0.2838443,0
0.4348736,0.5364139,0.0,1.0,0.1618197,0
0.0,0.0,0.0,1.0,0.36326477,0
0.76137316,1.0,0.0,1.0,0.27298972,0
0.0,0.0,0.0,1.0,0.2098577,0
0.6790207,1.0,0.0,1.0,0.17884913,0
0.0,0.0,0.0,1.0,0.17430377,0
0.65876025,0.9841871,0.0,0.6422146,0.092756756,0
0.678878,1.0,0.0,0.67214346,0.07809352,0
0.7611351,1.0,0.0,1.0,0.24854434,0
0.0,0.0,0.0,1.0,0.1618197,0
0.0,0.0,0.0,1.0,0.32379153,0
0.76137316,1.0,0.0,1.0,0.19126639,0
0.0,0.0,0.0,1.0,0.06779732,0
0.6790207,1.0,0.0,0.8175986,0.14194843,0
0.0,0.0,0.0,1.0,0.15340509,0
0.65876025,0.9841871,0.0,1.0,0.23132564,0
0.678878,1.0,0.0,1.0,0.28115156,0
0.7611351,1.0,0.0,1.0,0.080508195,0
0.0,0.0,0.0,1.0,0.36326477,0
0.4348736,0.5364139,0.0,1.0,0.32379153,0
0.76137316,1.0,0.0,1.0,0.14004195,0
0.0,0.0,0.0,1.0,0.27243176,0
0.6790207,1.0,0.0,1.0,0.19474271,0
0.0,0.0,0.0,0.8637098,0.06185884,0
0.65876025,0.9841871,0.0,1.0,0.10391843,0
0.678878,1.0,0.0,1.0,0.16838267,0
0.7611351,1.0,0.0,0.49891782,0.08405388,1
0.0,0.0,0.0,1.0,0.27298972,0
0.4348736,0.5364139,0.0,1.0,0.19126639,0
0.0,0.0,0.0,1.0,0.14004195,0
0.0,0.0,0.0,1.0,0.13384561,0
0.6790207,1.0,0.0,1.0,0.09647579,0
0.0,0.0,0.0,1.0,0.13512823,0
0.65876025,0.9841871,0.0,1.0,0.06030022,0
0.678878,1.0,0.0,1.0,0.101218395,0
0.7611351,1.0,0.0,1.0,0.20372179,0
0.0,0.0,0.0,1.0,0.2098577,0
0.4348736,0.5364139,0.0,1.0,0.06779732,0
0.0,0.0,0.0,1.0,0.27243176,0
0.76137316,1.0,0.0,1.0,0.13384561,0
0.6790207,1.0,0.0,1.0,0.117511205,0
0.0,0.0,0.0,1.0,0.043116983,0
0.65876025,0.9841871,0.0,0.20265315,0.05746601,2
0.678878,1.0,0.0,0.52882046,0.08651998,1
0.7611351,1.0,0.0,1.0,0.11467671,0
0.0,0.0,0.0,1.0,0.17884913,0
0.4348736,0.5364139,0.0,0.8175986,0.14194843,0
0.0,0.0,0.0,1.0,0.19474271,0
0.76137316,1.0,0.0,1.0,0.09647579,0
0.0,0.0,0.0,1.0,0.117511205,0
0.65876025,0.9841871,0.0,1.0,0.08215059,0
0.678878,1.0,0.0,1.0,0.12820561,0
0.7611351,1.0,0.0,1.0,0.074807614,0
0.0,0.0,0.0,1.0,0.22115098,0
0.4348736,0.5364139,0.0,1.0,0.17430377,0
0.0,0.0,0.0,1.0,0.15340509,0
0.76137316,1.0,0.0,0.8638629,0.06185884,0
0.0,0.0,0.0,1.0,0.13512823,0
0.6790207,1.0,0.0,1.0,0.043116983,0
0.0,0.0,0.0,1.0,0.08215059,0
0.678878,1.0,0.0,0.5361424,0.06953007,1
0.7611351,1.0,0.0,1.0,0.1558732,0
0.0,0.0,0.0,1.0,0.18179382,0
0.4348736,0.5364139,0.0,0.64128846,0.092756756,0
0.0,0.0,0.0,1.0,0.23132564,0
0.76137316,1.0,0.0,1.0,0.10391843,0
0.0,0.0,0.0,1.0,0.06030022,0
0.6790207,1.0,0.0,0.20208439,0.05746601,2
0.0,0.0,0.0,1.0,0.12820561,0
0.65876025,0.9841871,0.0,0.5361424,0.06953007,1
0.7611351,1.0,0.0,1.0,0.20119618,0
0.0,0.0,0.0,0.8313698,0.113193505,0
0.4348736,0.5364139,0.0,0.67136306,0.07809352,0
0.0,0.0,0.0,1.0,0.28115156,0
0.76137316,1.0,0.0,1.0,0.16838267,0
0.0,0.0,0.0,1.0,0.101218395,0
0.6790207,1.0,0.0,0.5281229,0.08651998,1
0.0,0.0,0.0,1.0,0.074807614,0
0.65876025,0.9841871,0.0,1.0,0.1558732,0
0.678878,1.0,0.0,1.0,0.20119618,0
0.0,0.0,0.0,1.0,0.2838443,0
0.4348736,0.5364139,0.0,1.0,0.24854434,0
0.0,0.0,0.0,1.0,0.080508195,0
0.76137316,1.0,0.0,0.4981894,0.08405388,1
0.0,0.0,0.0,1.0,0.20372179,0
0.6790207,1.0,0.0,1.0,0.11467671,0
0.0,0.0,0.0,1.0,0.22115098,0
0.65876025,0.9841871,0.0,1.0,0.18179382,0
0.678878,1.0,0.0,0.8313698,0.113193505,0
0.7611351,1.0,0.0,1.0,0.2838443,0
0.4348736,0.5364139,0.0,1.0,0.1618197,0
0.0,0.0,0.0,1.0,0.36326477,0
0.76137316,1.0,0.0,1.0,0.27298972,0
0.0,0.0,0.0,1.0,0.2098577,0
0.6790207,1.0,0.0,1.0,0.17884913,0
0.0,0.0,0.0,1.0,0.17430377,0
0.65876025,0.9841871,0.0,0.64128846,0.092756756,0
0.678878,1.0,0.0,0.67136306,0.07809352,0
0.7611351,1.0,0.0,1.0,0.24854434,0
0.0,0.0,0.0,1.0,0.1618197,0
0.0,0.0,0.0,1.0,0.32379153,0
0.76137316,1.0,0.0,1.0,0.19126639,0
0.0,0.0,0.0,1.0,0.06779732,0
0.6790207,1.0,0.0,0.8162008,0.14194843,0
0.0,0.0,0.0,1.0,0.15340509,0
0.65876025,0.9841871,0.0,1.0,0.23132564,0
0.678878,1.0,0.0,1.0,0.28115156,0
0.7611351,1.0,0.0,1.0,0.080508195,0
0.0,0.0,0.0,1.0,0.36326477,0
0.4348736,0.5364139,0.0,1.0,0.32379153,0
0.76137316,1.0,0.0,1.0,0.14004195,0
0.0,0.0,0.0,1.0,0.27243176,0
0.6790207,1.0,0.0,1.0,0.19474271,0
0.0,0.0,0.0,0.8638629,0.06185884,0
0.65876025,0.9841871,0.0,1.0,0.10391843,0
0.678878,1.0,0.0,1.0,0.16838267,0
0.7611351,1.0,0.0,0.4981894,0.08405388,1
0.0,0.0,0.0,1.0,0.27298972,0
0.4348736,0.5364139,0.0,1.0,0.19126639,0
0.0,0.0,0.0,1.0,0.14004195,0
0.0,0.0,0.0,1.0,0.13384561,0
0.6790207,1.0,0.0,1.0,0.09647579,0
0.0,0.0,0.0,1.0,0.13512823,0
0.65876025,0.9841871,0.0,1.0,0.06030022,0
0.678878,1.0,0.0,1.0,0.101218395,0
0.7611351,1.0,0.0,1.0,0.20372179,0
0.0,0.0,0.0,1.0,0.2098577,0
0.4348736,0.5364139,0.0,1.0,0.06779732,0
0.0,0.0,0.0,1.0,0.27243176,0
0.76137316,1.0,0.0,1.0,0.13384561,0
0.6790207,1.0,0.0,1.0,0.117511205,0
0.0,0.0,0.0,1.0,0.043116983,0
0.65876025,0.9841871,0.0,0.20208439,0.05746601,2
0.678878,1.0,0.0,0.5281229,0.08651998,1
0.7611351,1.0,0.0,1.0,0.11467671,0
0.0,0.0,0.0,1.0,0.17884913,0
0.4348736,0.5364139,0.0,0.8162008,0.14194843,0
0.0,0.0,0.0,1.0,0.19474271,0
0.76137316,1.0,0.0,1.0,0.09647579,0
0.0,0.0,0.0,1.0,0.117511205,0
0.65876025,0.9841871,0.0,1.0,0.08215059,0
0.678878,1.0,0.0,1.0,0.12820561,0
0.7611351,1.0,0.0,1.0,0.074807614,0
0.0,0.0,0.0,1.0,0.22115098,0
0.4348736,0.5364139,0.0,1.0,0.17430377,0
0.0,0.0,0.0,1.0,0.15340509,0
0.76137316,1.0,0.0,0.86401635,0.06185884,0
0.0,0.0,0.0,1.0,0.13512823,0
0.6790207,1.0,0.0,1.0,0.043116983,0
0.0,0.0,0.0,1.0,0.08215059,0
0.678878,1.0,0.0,0.53547657,0.06953007,1
0.7611351,1.0,0.0,1.0,0.1558732,0
0.0,0.0,0.0,1.0,0.18179382,0
0.4348736,0.5364139,0.0,0.6403623,0.092756756,0
0.0,0.0,0.0,1.0,0.23132564,0
0.76137316,1.0,0.0,1.0,0.10391843,0
0.0,0.0,0.0,1.0,0.06030022,0
0.6790207,1.0,0.0,0.20151566,0.05746601,2
0.0,0.0,0.0,1.0,0.12820561,0
0.65876025,0.9841871,0.0,0.53547657,0.06953007,1
0.7611351,1.0,0.0,1.0,0.20119618,0
0.0,0.0,0.0,0.83039796,0.113193505,0
0.4348736,0.5364139,0.0,0.67058265,0.07809352,0
0.0,0.0,0.0,1.0,0.28115156,0
0.76137316,1.0,0.0,1.0,0.16838267,0
0.0,0.0,0.0,1.0,0.101218395,0
0.6790207,1.0,0.0,0.5274259,0.08651998,1
0.0,0.0,0.0,1.0,0.074807614,0
0.65876025,0.9841871,0.0,1.0,0.1558732,0
0.678878,1.0,0.0,1.0,0.20119618,0
0.0,0.0,0.0,1.0,0.2838443,0
0.4348736,0.5364139,0.0,1.0,0.24854434,0
0.0,0.0,0.0,1.0,0.080508195,0
0.76137316,1.0,0.0,0.4974613,0.08405388,1
0.0,0.0,0.0,1.0,0.20372179,0
0.6790207,1.0,0.0,1.0,0.11467671,0
0.0,0.0,0.0,1.0,0.22115098,0
0.65876025,0.9841871,0.0,1.0,0.18179382,0
0.678878,1.0,0.0,0.83039796,0.113193505,0
0.7611351,1.0,0.0,1.0,0.2838443,0
0.4348736,0.5364139,0.0,1.0,0.1618197,0
0.0,0.0,0.0,1.0,0.36326477,0
0.76137316,1.0,0.0,1.0,0.27298972,0
0.0,0.0,0.0,1.0,0.2098577,0
0.6790207,1.0,0.0,1.0,0.17884913,0
0.0,0.0,0.0,1.0,0.17430377,0
0.65876025,0.9841871,0.0,0.6403623,0.092756756,0
0.678878,1.0,0.0,0.67058265,0.07809352,0
0.7611351,1.0,0.0,1.0,0.24854434,0
0.0,0.0,0.0,1.0,0.1618197,0
0.0,0.0,0.0,1.0,0.32379153,0
0.76137316,1.0,0.0,1.0,0.19126639,0
0.0,0.0,0.0,1.0,0.06779732,0
0.6790207,1.0,0.0,0.81480306,0.14194843,0
0.0,0.0,0.0,1.0,0.15340509,0
0.65876025,0.9841871,0.0,1.0,0.23132564,0
0.678878,1.0,0.0,1.0,0.28115156,0
0.7611351,1.0,0.0,1.0,0.080508195,0
0.0,0.0,0.0,1.0,0.36326477,0
0.4348736,0.5364139,0.0,1.0,0.32379153,0
0.76137316,1.0,0.0,1.0,0.14004195,0
0.0,0.0,0.0,1.0,0.27243176,0
0.6790207,1.0,0.0,1.0,0.19474271,0
0.0,0.0,0.0,0.86401635,0.06185884,0
0.65876025,0.9841871,0.0,1.0,0.10391843,0
0.678878,1.0,0.0,1.0,0.16838267,0
0.7611351,1.0,0.0,0.4974613,0.08405388,1
0.0,0.0,0.0,1.0,0.27298972,0
0.4348736,0.5364139,0.0,1.0,0.19126639,0
0.0,0.0,0.0,1.0,0.14004195,0
0.0,0.0,0.0,1.0,0.13384561,0
0.6790207,1.0,0.0,1.0,0.09647579,0
0.0,0.0,0.0,1.0,0.13512823,0
0.65876025,0.9841871,0.0,1.0,0.06030022,0
0.678878,1.0,0.0,1.0,0.101218395,0
0.7611351,1.0,0.0,1.0,0.20372179,0
0.0,0.0,0.0,1.0,0.2098577,0
0.4348736,0.5364139,0.0,1.0,0.06779732,0
0.0,0.0,0.0,1.0,0.27243176,0
0.76137316,1.0,0.0,1.0,0.13384561,0
0.6790207,1.0,0.0,1.0,0.117511205,0
0.0,0.0,0.0,1.0,0.043116983,0
0.65876025,0.9841871,0.0,0.20151566,0.05746601,2
0.678878,1.0,0.0,0.5274259,0.08651998,1
0.7611351,1.0,0.0,1.0,0.11467671,0
0.0,0.0,0.0,1.0,0.17884913,0
0.4348736,0.5364139,0.0,0.81480306,0.14194843,0
0.0,0.0,0.0,1.0,0.19474271,0
0.76137316,1.0,0.0,1.0,0.09647579,0
0.0,0.0,0.0,1.0,0.117511205,0
0.65876025,0.9841871,0.0,1.0,0.08215059,0
0.678878,1.0,0.0,1.0,0.12820561,0
0.7611351,1.0,0.0,1.0,0.074807614,0
0.0,0.0,0.0,1.0,0.22115098,0
0.4348736,0.5364139,0.0,1.0,0.17430377,0
0.0,0.0,0.0,1.0,0.15340509,0
0.76137316,1.0,0.0,0.86417025,0.06185884,0
0.0,0.0,0.0,1.0,0.13512823,0
0.6790207,1.0,0.0,1.0,0.043116983,0
0.0,0.0,0.0,1.0,0.08215059,0
0.678878,1.0,0.0,0.5348108,0.06953007,1
0.7611351,1.0,0.0,1.0,0.1558732,0
0.0,0.0,0.0,1.0,0.18179382,0
0.4348736,0.5364139,0.0,0.6394362,0.092756756,0
0.0,0.0,0.0,1.0,0.23132564,0
0.76137316,1.0,0.0,1.0,0.10391843,0
0.0,0.0,0.0,1.0,0.06030022,0
0.6790207,1.0,0.0,0.20094697,0.05746601,2
0.0,0.0,0.0,1.0,0.12820561,0
0.65876025,0.9841871,0.0,0.5348108,0.06953007,1
0.7611351,1.0,0.0,1.0,0.20119618,0
0.0,0.0,0.0,0.82942647,0.113193505,0
0.4348736,0.5364139,0.0,0.66980225,0.07809352,0
0.0,0.0,0.0,1.0,0.28115156,0
0.76137316,1.0,0.0,1.0,0.16838267,0
0.0,0.0,0.0,1.0,0.101218395,0
0.6790207,1.0,0.0,0.52672935,0.08651998,1
0.0,0.0,0.0,1.0,0.074807614,0
0.65876025,0.9841871,0.0,1.0,0.1558732,0
0.678878,1.0,0.0,1.0,0.20119618,0
0.0,0.0,0.0,1.0,0.2838443,0
0.4348736,0.5364139,0.0,1.0,0.24854434,0
0.0,0.0,0.0,1.0,0.080508195,0
0.76137316,1.0,0.0,0.49673358,0.08405388,1
0.0,0.0,0.0,1.0,0.20372179,0
0.6790207,1.0,0.0,1.0,0.11467671,0
0.0,0.0,0.0,1.0,0.22115098,0
0.65876025,0.9841871,0.0,1.0,0.18179382,0
0.678878,1.0,0.0,0.82942647,0.113193505,0
0.7611351,1.0,0.0,1.0,0.2838443,0
0.4348736,0.5364139,0.0,1.0,0.1618197,0
0.0,0.0,0.0,1.0,0.36326477,0
0.76137316,1.0,0.0,1.0,0.27298972,0
0.0,0.0,0.0,1.0,0.2098577,0
0.6790207,1.0,0.0,1.0,0.17884913,0
0.0,0.0,0.0,1.0,0.17430377,0
0.65876025,0.9841871,0.0,0.6394362,0.092756756,0
0.678878,1.0,0.0,0.66980225,0.07809352,0
0.7611351,1.0,0.0,1.0,0.24854434,0
0.0,0.0,0.0,1.0,0.1618197,0
0.0,0.0,0.0,1.0,0.32379153,0
0.76137316,1.0,0.0,1.0,0.19126639,0
0.0,0.0,0.0,1.0,0.06779732,0
0.6790207,1.0,0.0,0.8134054,0.14194843,0
0.0,0.0,0.0,1.0,0.15340509,0
0.65876025,0.9841871,0.0,1.0,0.23132564,0
0.678878,1.0,0.0,1.0,0.28115156,0
0.7611351,1.0,0.0,1.0,0.080508195,0
0.0,0.0,0.0,1.0,0.36326477,0
0.4348736,0.5364139,0.0,1.0,0.32379153,0
0.76137316,1.0,0.0,1.0,0.14004195,0
0.0,0.0,0.0,1.0,0.27243176,0
0.6790207,1.0,0.0,1.0,0.19474271,0
0.0,0.0,0.0,0.86417025,0.06185884,0
0.65876025,0.9841871,0.0,1.0,0.10391843,0
0.678878,1.0,0.0,1.0,0.16838267,0
0.7611351,1.0,0.0,0.49673358,0.08405388,1
0.0,0.0,0.0,1.0,0.27298972,0
0.4348736,0.5364139,0.0,1.0,0.19126639,0
0.0,0.0,0.0,1.0,0.14004195,0
0.0,0.0,0.0,1.0,0.13384561,0
0.6790207,1.0,0.0,1.0,0.09647579,0
0.0,0.0,0.0,1.0,0.13512823,0
0.65876025,0.9841871,0.0,1.0,0.06030022,0
0.678878,1.0,0.0,1.0,0.101218395,0
0.7611351,1.0,0.0,1.0,0.20372179,0
0.0,0.0,0.0,1.0,0.2098577,0
0.4348736,0.5364139,0.0,1.0,0.06779732,0
0.0,0.0,0.0,1.0,0.27243176,0
0.76137316,1.0,0.0,1.0,0.13384561,0
0.6790207,1.0,0.0,1.0,0.117511205,0
0.0,0.0,0.0,1.0,0.043116983,0
0.65876025,0.9841871,0.0,0.20094697,0.05746601,2
0.678878,1.0,0.0,0.52672935,0.08651998,1
0.7611351,1.0,0.0,1.0,0.11467671,0
0.0,0.0,0.0,1.0,0.17884913,0
0.4348736,0.5364139,0.0,0.8134054,0.14194843,0
0.0,0.0,0.0,1.0,0.19474271,0
0.76137316,1.0,0.0,1.0,0.09647579,0
0.0,0.0,0.0,1.0,0.117511205,0
0.65876025,0.9841871,0.0,1.0,0.08215059,0
0.678878,1.0,0.0,1.0,0.12820561,0
0.7611351,1.0,0.0,1.0,0.074807614,0
0.0,0.0,0.0,1.0,0.22115098,0
0.4348736,0.5364139,0.0,1.0,0.17430377,0
0.0,0.0,0.0,1.0,0.15340509,0
0.76137316,1.0,0.0,0.86432457,0.06185884,0
0.0,0.0,0.0,1.0,0.13512823,0
0.6790207,1.0,0.0,1.0,0.043116983,0
0.0,0.0,0.0,1.0,0.08215059,0
0.678878,1.0,0.0,0.5341451,0.06953007,1
0.7611351,1.0,0.0,1.0,0.1558732,0
0.0,0.0,0.0,1.0,0.18179382,0
0.4348736,0.5364139,0.0,0.63851005,0.092756756,0
0.0,0.0,0.0,1.0,0.23132564,0
0.76137316,1.0,0.0,1.0,0.10391843,0
0.0,0.0,0.0,1.0,0.06030022,0
0.6790207,1.0,0.0,0.2003783,0.05746601,2
0.0,0.0,0.0,1.0,0.12820561,0
0.65876025,0.9841871,0.0,0.5341451,0.06953007,1
0.7611351,1.0,0.0,1.0,0.20119618,0
0.0,0.0,0.0,0.8284554,0.113193505,0
0.4348736,0.5364139,0.0,0.6690218,0.07809352,0
0.0,0.0,0.0,1.0,0.28115156,0
0.76137316,1.0,0.0,1.0,0.16838267,0
0.0,0.0,0.0,1.0,0.101218395,0
0.6790207,1.0,0.0,0.5260333,0.08651998,1
0.0,0.0,0.0,1.0,0.074807614,0
0.65876025,0.9841871,0.0,1.0,0.1558732,0
0.678878,1.0,0.0,1.0,0.20119618,0
0.0,0.0,0.0,1.0,0.2838443,0
0.4348736,0.5364139,0.0,1.0,0.24854434,0
0.0,0.0,0.0,1.0,0.080508195,0
0.76137316,1.0,0.0,0.4960062,0.08405388,1
0.0,0.0,0.0,1.0,0.20372179,0
0.6790207,1.0,0.0,1.0,0.11467671,0
0.0,0.0,0.0,1.0,0.22115098,0
0.65876025,0.9841871,0.0,1.0,0.18179382,0
0.678878,1.0,0.0,0.8284554,0.113193505,0
0.7611351,1.0,0.0,1.0,0.2838443,0
0.4348736,0.5364139,0.0,1.0,0.1618197,0
0.0,0.0,0.0,1.0,0.36326477,0
0.76137316,1.0,0.0,1.0,0.27298972,0
0.0,0.0,0.0,1.0,0.2098577,0
0.6790207,1.0,0.0,1.0,0.17884913,0
0.0,0.0,0.0,1.0,0.17430377,0
0.65876025,0.9841871,0.0,0.63851005,0.092756756,0
0.678878,1.0,0.0,0.6690218,0.07809352,0
0.7611351,1.0,0.0,1.0,0.24854434,0
0.0,0.0,0.0,1.0,0.1618197,0
0.0,0.0,0.0,1.0,0.32379153,0
0.76137316,1.0,0.0,1.0,0.19126639,0
0.0,0.0,0.0,1.0,0.06779732,0
0.6790207,1.0,0.0,0.8120078,0.14194843,0
0.0,0.0,0.0,1.0,0.15340509,0
0.65876025,0.9841871,0.0,1.0,0.23132564,0
0.678878,1.0,0.0,1.0,0.28115156,0
0.7611351,1.0,0.0,1.0,0.080508195,0
0.0,0.0,0.0,1.0,0.36326477,0
0.4348736,0.5364139,0.0,1.0,0.32379153,0
0.76137316,1.0,0.0,1.0,0.14004195,0
0.0,0.0,0.0,1.0,0.27243176,0
0.6790207,1.0,0.0,1.0,0.19474271,0
0.0,0.0,0.0,0.86432457,0.06185884,0
0.65876025,0.9841871,0.0,1.0,0.10391843,0
0.678878,1.0,0.0,1.0,0.16838267,0
0.7611351,1.0,0.0,0.4960062,0.08405388,1
0.0,0.0,0.0,1.0,0.27298972,0
0.4348736,0.5364139,0.0,1.0,0.19126639,0
0.0,0.0,0.0,1.0,0.14004195,0
0.0,0.0,0.0,1.0,0.13384561,0
0.6790207,1.0,0.0,1.0,0.09647579,0
0.0,0.0,0.0,1.0,0.13512823,0
0.65876025,0.9841871,0.0,1.0,0.06030022,0
0.678878,1.0,0.0,1.0,0.101218395,0
0.7611351,1.0,0.0,1.0,0.20372179,0
0.0,0.0,0.0,1.0,0.2098577,0
0.4348736,0.5364139,0.0,1.0,0.06779732,0
0.0,0.0,0.0,1.0,0.27243176,0
0.76137316,1.0,0.0,1.0,0.13384561,0
0.6790207,1.0,0.0,1.0,0.117511205,0
0.0,0.0,0.0,1.0,0.043116983,0
0.65876025,0.9841871,0.0,0.2003783,0.05746601,2
0.678878,1.0,0.0,0.5260333,0.08651998,1
0.7611351,1.0,0.0,1.0,0.11467671,0
0.0,0.0,0.0,1.0,0.17884913,0
0.4348736,0.5364139,0.0,0.8120078,0.14194843,0
0.0,0.0,0.0,1.0,0.19474271,0
0.76137316,1.0,0.0,1.0,0.09647579,0
0.0,0.0,0.0,1.0,0.117511205,0
0.65876025,0.9841871,0.0,1.0,0.08215059,0
0.678878,1.0,0.0,1.0,0.12820561,0
0.7611351,1.0,0.0,1.0,0.074807614,0
0.0,0.0,0.0,1.0,0.22115098,0
0.4348736,0.5364139,0.0,1.0,0.17430377,0
0.0,0.0,0.0,1.0,0.15340509,0
0.76137316,1.0,0.0,0.8644793,0.06185884,0
0.0,0.0,0.0,1.0,0.13512823,0
0.6790207,1.0,0.0,1.0,0.043116983,0
0.0,0.0,0.0,1.0,0.08215059,0
0.678878,1.0,0.0,0.53347945,0.06953007,1
0.7611351,1.0,0.0,1.0,0.1558732,0
0.0,0.0,0.0,1.0,0.18179382,0
0.4348736,0.5364139,0.0,0.6375839,0.092756756,0
0.0,0.0,0.0,1.0,0.23132564,0
0.76137316,1.0,0.0,1.0,0.10391843,0
0.0,0.0,0.0,1.0,0.06030022,0
0.6790207,1.0,0.0,0.19980967,0.05746601,2
0.0,0.0,0.0,1.0,0.12820561,0
0.65876025,0.9841871,0.0,0.53347945,0.06953007,1
0.7611351,1.0,0.0,1.0,0.20119618,0
0.0,0.0,0.0,0.8274847,0.113193505,0
0.4348736,0.5364139,0.0,0.6682414,0.07809352,0
0.0,0.0,0.0,1.0,0.28115156,0
0.76137316,1.0,0.0,1.0,0.16838267,0
0.0,0.0,0.0,1.0,0.101218395,0
0.6790207,1.0,0.0,0.52533776,0.08651998,1
0.0,0.0,0.0,1.0,0.074807614,0
0.65876025,0.9841871,0.0,1.0,0.1558732,0
0.678878,1.0,0.0,1.0,0.20119618,0
0.0,0.0,0.0,1.0,0.2838443,0
0.4348736,0.5364139,0.0,1.0,0.24854434,0
0.0,0.0,0.0,1.0,0.080508195,0
0.76137316,1.0,0.0,0.49527916,0.08405388,1
0.0,0.0,0.0,1.0,0.20372179,0
0.6790207,1.0,0.0,1.0,0.11467671,0
0.0,0.0,0.0,1.0,0.22115098,0
0.65876025,0.9841871,0.0,1.0,0.18179382,0
0.678878,1.0,0.0,0.8274847,0.113193505,0
0.7611351,1.0,0.0,1.0,0.2838443,0
0.4348736,0.5364139,0.0,1.0,0.1618197,0
0.0,0.0,0.0,1.0,0.36326477,0
0.76137316,1.0,0.0,1.0,0.27298972,0
0.0,0.0,0.0,1.0,0.2098577,0
0.6790207,1.0,0.0,1.0,0.17884913,0
0.0,0.0,0.0,1.0,0.17430377,0
0.65876025,0.9841871,0.0,0.6375839,0.092756756,0
0.678878,1.0,0.0,0.6682414,0.07809352,0
0.7611351,1.0,0.0,1.0,0.24854434,0
0.0,0.0,0.0,1.0,0.1618197,0
0.0,0.0,0.0,1.0,0.32379153,0
0.76137316,1.0,0.0,1.0,0.19126639,0
0.0,0.0,0.0,1.0,0.06779732,0
0.6790207,1.0,0.0,0.81061023,0.14194843,0
0.0,0.0,0.0,1.0,0.15340509,0
0.65876025,0.9841871,0.0,1.0,0.23132564,0
0.678878,1.0,0.0,1.0,0.28115156,0
0.7611351,1.0,0.0,1.0,0.080508195,0
0.0,0.0,0.0,1.0,0.36326477,0
0.4348736,0.5364139,0.0,1.0,0.32379153,0
0.76137316,1.0,0.0,1.0,0.14004195,0
0.0,0.0,0.0,1.0,0.27243176,0
0.6790207,1.0,0.0,1.0,0.19474271,0
0.0,0.0,0.0,0.8644793,0.06185884,0
0.65876025,0.9841871,0.0,1.0,0.10391843,0
0.678878,1.0,0.0,1.0,0.16838267,0
0.7611351,1.0,0.0,0.49527916,0.08405388,1
0.0,0.0,0.0,1.0,0.27298972,0
0.4348736,0.5364139,0.0,1.0,0.19126639,0
0.0,0.0,0.0,1.0,0.14004195,0
0.0,0.0,0.0,1.0,0.13384561,0
0.6790207,1.0,0.0,1.0,0.09647579,0
0.0,0.0,0.0,1.0,0.13512823,0
0.65876025,0.9841871,0.0,1.0,0.06030022,0
0.678878,1.0,0.0,1.0,0.101218395,0
0.7611351,1.0,0.0,1.0,0.20372179,0
0.0,0.0,0.0,1.0,0.2098577,0
0.4348736,0.5364139,0.0,1.0,0.06779732,0
0.0,0.0,0.0,1.0,0.27243176,0
0.76137316,1.0,0.0,1.0,0.13384561,0
0.6790207,1.0,0.0,1.0,0.117511205,0
0.0,0.0,0.0,1.0,0.043116983,0
0.65876025,0.9841871,0.0,0.19980967,0.05746601,2
0.678878,1.0,0.0,0.52533776,0.08651998,1
0.7611351,1.0,0.0,1.0,0.11467671,0
0.0,0.0,0.0,1.0,0.17884913,0
0.4348736,0.5364139,0.0,0.81061023,0.14194843,0
0.0,0.0,0.0,1.0,0.19474271,0
0.76137316,1.0,0.0,1.0,0.09647579,0
0.0,0.0,0.0,1.0,0.117511205,0
0.65876025,0.9841871,0.0,1.0,0.08215059,0
0.678878,1.0,0.0,1.0,0.12820561,0
0.7611351,1.0,0.0,1.0,0.074807614,0
0.0,0.0,0.0,1.0,0.22115098,0
0.4348736,0.5364139,0.0,1.0,0.17430377,0
0.0,0.0,0.0,1.0,0.15340509,0
0.76137316,1.0,0.0,0.86463445,0.06185884,0
0.0,0.0,0.0,1.0,0.26589182,0
0.6790207,1.0,0.0,1.0,0.043116983,0
0.0,0.0,0.0,1.0,0.08215059,0
0.678878,1.0,0.0,0.5328139,0.06953007,1
0.7611351,1.0,0.0,1.0,0.1558732,0
0.0,0.0,0.0,1.0,0.18179382,0
0.4348736,0.5364139,0.0,0.6366578,0.092756756,0
0.0,0.0,0.0,1.0,0.23132564,0
0.76137316,1.0,0.0,1.0,0.10391843,0
0.0,0.0,0.0,1.0,0.32792783,0
0.6790207,1.0,0.0,0.19924109,0.05746601,2
0.0,0.0,0.0,1.0,0.12820561,0
0.65876025,0.9841871,0.0,0.5328139,0.06953007,1
0.7611351,1.0,0.0,1.0,0.20119618,0
0.0,0.0,0.0,0.8265145,0.113193505,0
0.4348736,0.5364139,0.0,0.667461,0.07809352,0
0.0,0.0,0.0,1.0,0.28115156,0
0.76137316,1.0,0.0,1.0,0.16838267,0
0.0,0.0,0.0,1.0,0.32214546,0
0.6790207,1.0,0.0,0.5246427,0.08651998,1
0.0,0.0,0.0,1.0,0.074807614,0
0.65876025,0.9841871,0.0,1.0,0.1558732,0
0.678878,1.0,0.0,1.0,0.20119618,0
0.0,0.0,0.0,1.0,0.2838443,0
0.4348736,0.5364139,0.0,1.0,0.24854434,0
0.0,0.0,0.0,1.0,0.080508195,0
0.76137316,1.0,0.0,0.49455252,0.08405388,1
0.0,0.0,0.0,1.0,0.23744994,0
0.6790207,1.0,0.0,1.0,0.11467671,0
0.0,0.0,0.0,1.0,0.22115098,0
0.65876025,0.9841871,0.0,1.0,0.18179382,0
0.678878,1.0,0.0,0.8265145,0.113193505,0
0.7611351,1.0,0.0,1.0,0.2838443,0
0.4348736,0.5364139,0.0,1.0,0.1618197,0
0.0,0.0,0.0,1.0,0.36326477,0
0.76137316,1.0,0.0,1.0,0.27298972,0
0.0,0.0,0.0,1.0,0.32133442,0
0.6790207,1.0,0.0,1.0,0.17884913,0
0.0,0.0,0.0,1.0,0.17430377,0
0.65876025,0.9841871,0.0,0.6366578,0.092756756,0
0.678878,1.0,0.0,0.667461,0.07809352,0
0.7611351,1.0,0.0,1.0,0.24854434,0
0.0,0.0,0.0,1.0,0.1618197,0
0.0,0.0,0.0,1.0,0.32379153,0
0.76137316,1.0,0.0,1.0,0.19126639,0
0.0,0.0,0.0,1.0,0.39843076,0
0.6790207,1.0,0.0,0.8092128,0.14194843,0
0.0,0.0,0.0,1.0,0.15340509,0
0.65876025,0.9841871,0.0,1.0,0.23132564,0
0.678878,1.0,0.0,1.0,0.28115156,0
0.7611351,1.0,0.0,1.0,0.080508195,0
0.0,0.0,0.0,1.0,0.36326477,0
0.4348736,0.5364139,0.0,1.0,0.32379153,0
0.76137316,1.0,0.0,1.0,0.14004195,0
0.0,0.0,0.0,1.0,0.25572628,0
0.6790207,1.0,0.0,1.0,0.19474271,0
0.0,0.0,0.0,0.86463445,0.06185884,0
0.65876025,0.9841871,0.0,1.0,0.10391843,0
0.678878,1.0,0.0,1.0,0.16838267,0
0.7611351,1.0,0.0,0.49455252,0.08405388,1
0.0,0.0,0.0,1.0,0.27298972,0
0.4348736,0.5364139,0.0,1.0,0.19126639,0
0.0,0.0,0.0,1.0,0.14004195,0
0.0,0.0,0.0,1.0,0.31284043,0
0.6790207,1.0,0.0,1.0,0.09647579,0
0.0,0.0,0.0,1.0,0.26589182,0
0.65876025,0.9841871,0.0,1.0,0.32792783,0
0.678878,1.0,0.0,1.0,0.32214546,0
0.7611351,1.0,0.0,1.0,0.23744994,0
0.0,0.0,0.0,1.0,0.32133442,0
0.4348736,0.5364139,0.0,1.0,0.39843076,0
0.0,0.0,0.0,1.0,0.25572628,0
0.76137316,1.0,0.0,1.0,0.31284043,0
0.6790207,1.0,0.0,1.0,0.2708676,0
0.0,0.0,0.0,1.0,0.043116983,0
0.65876025,0.9841871,0.0,0.19924109,0.05746601,2
0.678878,1.0,0.0,0.5246427,0.08651998,1
0.7611351,1.0,0.0,1.0,0.11467671,0
0.0,0.0,0.0,1.0,0.17884913,0
0.4348736,0.5364139,0.0,0.8092128,0.14194843,0
0.0,0.0,0.0,1.0,0.19474271,0
0.76137316,1.0,0.0,1.0,0.09647579,0
0.0,0.0,0.0,1.0,0.2708676,0
0.65876025,0.9841871,0.0,1.0,0.08215059,0
0.678878,1.0,0.0,1.0,0.12820561,0
0.7611351,1.0,0.0,1.0,0.074807614,0
0.0,0.0,0.0,1.0,0.22115098,0
0.4348736,0.5364139,0.0,1.0,0.17430377,0
0.0,0.0,0.0,1.0,0.15340509,0
0.76137316,1.0,0.0,0.86479,0.06185884,0
0.0,0.0,0.0,1.0,0.26589182,0
0.6790207,1.0,0.0,1.0,0.043116983,0
0.0,0.0,0.0,1.0,0.08215059,0
0.678878,1.0,0.0,0.5321484,0.06953007,1
0.7611351,1.0,0.0,1.0,0.1558732,0
0.0,0.0,0.0,1.0,0.18179382,0
0.4348736,0.5364139,0.0,0.6357317,0.092756756,0
0.0,0.0,0.0,1.0,0.23132564,0
0.76137316,1.0,0.0,1.0,0.10391843,0
0.0,0.0,0.0,1.0,0.32792783,0
0.6790207,1.0,0.0,0.19867252,0.05746601,2
0.0,0.0,0.0,1.0,0.12820561,0
0.65876025,0.9841871,0.0,0.5321484,0.06953007,1
0.7611351,1.0,0.0,1.0,0.20119618,0
0.0,0.0,0.0,0.82554466,0.113193505,0
0.4348736,0.5364139,0.0,0.6666806,0.07809352,0
0.0,0.0,0.0,1.0,0.28115156,0
0.76137316,1.0,0.0,1.0,0.16838267,0
0.0,0.0,0.0,1.0,0.32214546,0
0.6790207,1.0,0.0,0.5239482,0.08651998,1
0.0,0.0,0.0,1.0,0.074807614,0
0.65876025,0.9841871,0.0,1.0,0.1558732,0
0.678878,1.0,0.0,1.0,0.20119618,0
0.0,0.0,0.0,1.0,0.2838443,0
0.4348736,0.5364139,0.0,1.0,0.24854434,0
0.0,0.0,0.0,1.0,0.080508195,0
0.76137316,1.0,0.0,0.4938262,0.08405388,1
0.0,0.0,0.0,1.0,0.23744994,0
0.6790207,1.0,0.0,1.0,0.11467671,0
0.0,0.0,0.0,1.0,0.22115098,0
0.65876025,0.9841871,0.0,1.0,0.18179382,0
0.678878,1.0,0.0,0.82554466,0.113193505,0
0.7611351,1.0,0.0,1.0,0.2838443,0
0.4348736,0.5364139,0.0,1.0,0.1618197,0
0.0,0.0,0.0,1.0,0.36326477,0
0.76137316,1.0,0.0,1.0,0.27298972,0
0.0,0.0,0.0,1.0,0.32133442,0
0.6790207,1.0,0.0,1.0,0.17884913,0
0.0,0.0,0.0,1.0,0.17430377,0
0.65876025,0.9841871,0.0,0.6357317,0.092756756,0
0.678878,1.0,0.0,0.6666806,0.07809352,0
0.7611351,1.0,0.0,1.0,0.24854434,0
0.0,0.0,0.0,1.0,0.1618197,0
0.0,0.0,0.0,1.0,0.32379153,0
0.76137316,1.0,0.0,1.0,0.19126639,0
0.0,0.0,0.0,1.0,0.39843076,0
0.6790207,1.0,0.0,0.8078155,0.14194843,0
0.0,0.0,0.0,1.0,0.15340509,0
0.65876025,0.9841871,0.0,1.0,0.23132564,0
0.678878,1.0,0.0,1.0,0.28115156,0
0.7611351,1.0,0.0,1.0,0.080508195,0
0.0,0.0,0.0,1.0,0.36326477,0
0.4348736,0.5364139,0.0,1.0,0.32379153,0
0.76137316,1.0,0.0,1.0,0.14004195,0
0.0,0.0,0.0,1.0,0.25572628,0
0.6790207,1.0,0.0,1.0,0.19474271,0
0.0,0.0,0.0,0.86479,0.06185884,0
0.65876025,0.9841871,0.0,1.0,0.10391843,0
0.678878,1.0,0.0,1.0,0.16838267,0
0.7611351,1.0,0.0,0.4938262,0.08405388,1
0.0,0.0,0.0,1.0,0.27298972,0
0.4348736,0.5364139,0.0,1.0,0.19126639,0
0.0,0.0,0.0,1.0,0.14004195,0
0.0,0.0,0.0,1.0,0.31284043,0
0.6790207,1.0,0.0,1.0,0.09647579,0
0.0,0.0,0.0,1.0,0.26589182,0
0.65876025,0.9841871,0.0,1.0,0.32792783,0
0.678878,1.0,0.0,1.0,0.32214546,0
0.7611351,1.0,0.0,1.0,0.23744994,0
0.0,0.0,0.0,1.0,0.32133442,0
0.4348736,0.5364139,0.0,1.0,0.39843076,0
0.0,0.0,0.0,1.0,0.25572628,0
0.76137316,1.0,0.0,1.0,0.31284043,0
0.6790207,1.0,0.0,1.0,0.2708676,0
0.0,0.0,0.0,1.0,0.043116983,0
0.65876025,0.9841871,0.0,0.19867252,0.05746601,2
0.678878,1.0,0.0,0.5239482,0.08651998,1
0.7611351,1.0,0.0,1.0,0.11467671,0
0.0,0.0,0.0,1.0,0.17884913,0
0.4348736,0.5364139,0.0,0.8078155,0.14194843,0
0.0,0.0,0.0,1.0,0.19474271,0
0.76137316,1.0,0.0,1.0,0.09647579,0
0.0,0.0,0.0,1.0,0.2708676,0
0.65876025,0.9841871,0.0,1.0,0.08215059,0
0.678878,1.0,0.0,1.0,0.12820561,0
0.7849507,1.0,0.0,1.0,0.074807614,0
0.0,0.0,0.0,1.0,0.22115098,0
0.4348736,0.5364139,0.0,1.0,0.17430377,0
0.0,0.0,0.0,1.0,0.15340509,0
0.78534806,1.0,0.0,0.86494595,0.06185884,0
0.0,0.0,0.0,1.0,0.26589182,0
0.6790207,1.0,0.0,1.0,0.043116983,0
0.0,0.0,0.0,1.0,0.08215059,0
0.678878,1.0,0.0,0.53148305,0.06953007,1
0.7849507,1.0,0.0,1.0,0.1558732,0
0.0,0.0,0.0,1.0,0.18179382,0
0.4348736,0.5364139,0.0,0.63480556,0.092756756,0
0.0,0.0,0.0,1.0,0.23132564,0
0.78534806,1.0,0.0,1.0,0.10391843,0
0.0,0.0,0.0,1.0,0.32792783,0
0.6790207,1.0,0.0,0.198104,0.05746601,2
0.0,0.0,0.0,1.0,0.12820561,0
0.65876025,0.9841871,0.0,0.53148305,0.06953007,1
0.7849507,1.0,0.0,1.0,0.20119618,0
0.0,0.0,0.0,0.8245752,0.113193505,0
0.4348736,0.5364139,0.0,0.6659002,0.07809352,0
0.0,0.0,0.0,1.0,0.28115156,0
0.78534806,1.0,0.0,1.0,0.16838267,0
0.0,0.0,0.0,1.0,0.32214546,0
0.6790207,1.0,0.0,0.5232542,0.08651998,1
0.0,0.0,0.0,1.0,0.074807614,0
0.65876025,0.9841871,0.0,1.0,0.1558732,0
0.678878,1.0,0.0,1.0,0.20119618,0
0.0,0.0,0.0,1.0,0.2838443,0
0.4348736,0.5364139,0.0,1.0,0.24854434,0
0.0,0.0,0.0,1.0,0.080508195,0
0.78534806,1.0,0.0,0.4931003,0.08405388,1
0.0,0.0,0.0,1.0,0.23744994,0
0.6790207,1.0,0.0,1.0,0.11467671,0
0.0,0.0,0.0,1.0,0.22115098,0
0.65876025,0.9841871,0.0,1.0,0.18179382,0
0.678878,1.0,0.0,0.8245752,0.113193505,0
0.7849507,1.0,0.0,1.0,0.2838443,0
0.4348736,0.5364139,0.0,1.0,0.1618197,0
0.0,0.0,0.0,1.0,0.36326477,0
0.78534806,1.0,0.0,1.0,0.27298972,0
0.0,0.0,0.0,1.0,0.32133442,0
0.6790207,1.0,0.0,1.0,0.17884913,0
0.0,0.0,0.0,1.0,0.17430377,0
0.65876025,0.9841871,0.0,0.63480556,0.092756756,0
0.678878,1.0,0.0,0.6659002,0.07809352,0
0.7849507,1.0,0.0,1.0,0.24854434,0
0.0,0.0,0.0,1.0,0.1618197,0
0.0,0.0,0.0,1.0,0.32379153,0
0.78534806,1.0,0.0,1.0,0.19126639,0
0.0,0.0,0.0,1.0,0.39843076,0
0.6790207,1.0,0.0,0.8064182,0.14194843,0
0.0,0.0,0.0,1.0,0.15340509,0
0.65876025,0.9841871,0.0,1.0,0.23132564,0
0.678878,1.0,0.0,1.0,0.28115156,0
0.7849507,1.0,0.0,1.0,0.080508195,0
0.0,0.0,0.0,1.0,0.36326477,0
0.4348736,0.5364139,0.0,1.0,0.32379153,0
0.78534806,1.0,0.0,1.0,0.14004195,0
0.0,0.0,0.0,1.0,0.25572628,0
0.6790207,1.0,0.0,1.0,0.19474271,0
0.0,0.0,0.0,0.86494595,0.06185884,0
0.65876025,0.9841871,0.0,1.0,0.10391843,0
0.678878,1.0,0.0,1.0,0.16838267,0
0.7849507,1.0,0.0,0.4931003,0.08405388,1
0.0,0.0,0.0,1.0,0.27298972,0
0.4348736,0.5364139,0.0,1.0,0.19126639,0
0.0,0.0,0.0,1.0,0.14004195,0
0.0,0.0,0.0,1.0,0.31284043,0
0.6790207,1.0,0.0,1.0,0.09647579,0
0.0,0.0,0.0,1.0,0.26589182,0
0.65876025,0.9841871,0.0,1.0,0.32792783,0
0.678878,1.0,0.0,1.0,0.32214546,0
0.7849507,1.0,0.0,1.0,0.23744994,0
0.0,0.0,0.0,1.0,0.32133442,0
0.4348736,0.5364139,0.0,1.0,0.39843076,0
0.0,0.0,0.0,1.0,0.25572628,0
0.78534806,1.0,0.0,1.0,0.31284043,0
0.6790207,1.0,0.0,1.0,0.2708676,0
0.0,0.0,0.0,1.0,0.043116983,0
0.65876025,0.9841871,0.0,0.198104,0.05746601,2
0.678878,1.0,0.0,0.5232542,0.08651998,1
0.7849507,1.0,0.0,1.0,0.11467671,0
0.0,0.0,0.0,1.0,0.17884913,0
0.4348736,0.5364139,0.0,0.8064182,0.14194843,0
0.0,0.0,0.0,1.0,0.19474271,0
0.78534806,1.0,0.0,1.0,0.09647579,0
0.0,0.0,0.0,1.0,0.2708676,0
0.65876025,0.9841871,0.0,1.0,0.08215059,0
0.678878,1.0,0.0,1.0,0.12820561,0
0.7849507,1.0,0.0,1.0,0.074807614,0
0.0,0.0,0.0,1.0,0.22115098,0
0.4348736,0.5364139,0.0,1.0,0.17430377,0
0.0,0.0,0.0,1.0,0.15340509,0
0.78534806,1.0,0.0,0.86510235,0.06185884,0
0.0,0.0,0.0,1.0,0.26589182,0
0.6790207,1.0,0.0,1.0,0.043116983,0
0.0,0.0,0.0,1.0,0.08215059,0
0.678878,1.0,0.0,0.5308177,0.06953007,1
0.7849507,1.0,0.0,1.0,0.1558732,0
0.0,0.0,0.0,1.0,0.18179382,0
0.4348736,0.5364139,0.0,0.6338795,0.092756756,0
0.0,0.0,0.0,1.0,0.23132564,0
0.78534806,1.0,0.0,1.0,0.10391843,0
0.0,0.0,0.0,1.0,0.32792783,0
0.6790207,1.0,0.0,0.19753551,0.05746601,2
0.0,0.0,0.0,1.0,0.12820561,0
0.65876025,0.9841871,0.0,0.5308177,0.06953007,1
0.7849507,1.0,0.0,1.0,0.20119618,0
0.0,0.0,0.0,0.8236062,0.113193505,0
0.4348736,0.5364139,0.0,0.66511977,0.07809352,0
0.0,0.0,0.0,1.0,0.28115156,0
0.78534806,1.0,0.0,1.0,0.16838267,0
0.0,0.0,0.0,1.0,0.32214546,0
0.6790207,1.0,0.0,0.52256066,0.08651998,1
0.0,0.0,0.0,1.0,0.074807614,0
0.65876025,0.9841871,0.0,1.0,0.1558732,0
0.678878,1.0,0.0,1.0,0.20119618,0
0.0,0.0,0.0,1.0,0.2838443,0
0.4348736,0.5364139,0.0,1.0,0.24854434,0
0.0,0.0,0.0,1.0,0.080508195,0
0.78534806,1.0,0.0,0.49237472,0.08405388,1
0.0,0.0,0.0,1.0,0.23744994,0
0.6790207,1.0,0.0,1.0,0.11467671,0
0.0,0.0,0.0,1.0,0.22115098,0
0.65876025,0.9841871,0.0,1.0,0.18179382,0
0.678878,1.0,0.0,0.8236062,0.113193505,0
0.7849507,1.0,0.0,1.0,0.2838443,0
0.4348736,0.5364139,0.0,1.0,0.1618197,0
0.0,0.0,0.0,1.0,0.36326477,0
0.78534806,1.0,0.0,1.0,0.27298972,0
0.0,0.0,0.0,1.0,0.32133442,0
0.6790207,1.0,0.0,1.0,0.17884913,0
0.0,0.0,0.0,1.0,0.17430377,0
0.65876025,0.9841871,0.0,0.6338795,0.092756756,0
0.678878,1.0,0.0,0.66511977,0.07809352,0
0.7849507,1.0,0.0,1.0,0.24854434,0
0.0,0.0,0.0,1.0,0.1618197,0
0.0,0.0,0.0,1.0,0.32379153,0
0.78534806,1.0,0.0,1.0,0.19126639,0
0.0,0.0,0.0,1.0,0.39843076,0
0.6790207,1.0,0.0,0.805021,0.14194843,0
0.0,0.0,0.0,1.0,0.15340509,0
0.65876025,0.9841871,0.0,1.0,0.23132564,0
0.678878,1.0,0.0,1.0,0.28115156,0
0.7849507,1.0,0.0,1.0,0.080508195,0
0.0,0.0,0.0,1.0,0.36326477,0
0.4348736,0.5364139,0.0,1.0,0.32379153,0
0.78534806,1.0,0.0,1.0,0.14004195,0
0.0,0.0,0.0,1.0,0.25572628,0
0.6790207,1.0,0.0,1.0,0.19474271,0
0.0,0.0,0.0,0.86510235,0.06185884,0
0.65876025,0.9841871,0.0,1.0,0.10391843,0
0.678878,1.0,0.0,1.0,0.16838267,0
0.7849507,1.0,0.0,0.49237472,0.08405388,1
0.0,0.0,0.0,1.0,0.27298972,0
0.4348736,0.5364139,0.0,1.0,0.19126639,0
0.0,0.0,0.0,1.0,0.14004195,0
0.0,0.0,0.0,1.0,0.31284043,0
0.6790207,1.0,0.0,1.0,0.09647579,0
0.0,0.0,0.0,1.0,0.26589182,0
0.65876025,0.9841871,0.0,1.0,0.32792783,0
0.678878,1.0,0.0,1.0,0.32214546,0
0.7849507,1.0,0.0,1.0,0.23744994,0
0.0,0.0,0.0,1.0,0.32133442,0
0.4348736,0.5364139,0.0,1.0,0.39843076,0
0.0,0.0,0.0,1.0,0.25572628,0
0.78534806,1.0,0.0,1.0,0.31284043,0
0.6790207,1.0,0.0,1.0,0.2708676,0
0.0,0.0,0.0,1.0,0.043116983,0
0.65876025,0.9841871,0.0,0.19753551,0.05746601,2
0.678878,1.0,0.0,0.52256066,0.08651998,1
0.7849507,1.0,0.0,1.0,0.11467671,0
0.0,0.0,0.0,1.0,0.17884913,0
0.4348736,0.5364139,0.0,0.805021,0.14194843,0
0.0,0.0,0.0,1.0,0.19474271,0
0.78534806,1.0,0.0,1.0,0.09647579,0
0.0,0.0,0.0,1.0,0.2708676,0
1.0,1.0,0.0,1.0,0.08215059,0
0.6975236,1.0,0.0,1.0,0.12820561,0
0.7849507,1.0,0.0,1.0,0.074807614,0
0.0,0.0,0.0,1.0,0.22115098,0
0.48184615,0.630359,0.0,1.0,0.17430377,0
0.0,0.0,0.0,1.0,0.15340509,0
0.78534806,1.0,0.0,0.8652592,0.06185884,0
0.0,0.0,0.0,1.0,0.26589182,0
1.0,1.0,0.0,1.0,0.043116983,0
0.0,0.0,0.0,1.0,0.08215059,0
0.6975236,1.0,0.0,0.53015244,0.06953007,1
0.7849507,1.0,0.0,1.0,0.1558732,0
0.0,0.0,0.0,1.0,0.18179382,0
0.48184615,0.630359,0.0,0.63295335,0.092756756,0
0.0,0.0,0.0,1.0,0.23132564,0
0.78534806,1.0,0.0,1.0,0.10391843,0
0.0,0.0,0.0,1.0,0.32792783,0
1.0,1.0,0.0,0.19696707,0.05746601,2
0.0,0.0,0.0,1.0,0.12820561,0
1.0,1.0,0.0,0.53015244,0.06953007,1
0.7849507,1.0,0.0,1.0,0.20119618,0
0.0,0.0,0.0,0.82263756,0.113193505,0
0.48184615,0.630359,0.0,0.66433936,0.07809352,0
0.0,0.0,0.0,1.0,0.28115156,0
0.78534806,1.0,0.0,1.0,0.16838267,0
0.0,0.0,0.0,1.0,0.32214546,0
1.0,1.0,0.0,0.5218677,0.08651998,1
0.0,0.0,0.0,1.0,0.074807614,0
1.0,1.0,0.0,1.0,0.1558732,0
0.6975236,1.0,0.0,1.0,0.20119618,0
0.0,0.0,0.0,1.0,0.2838443,0
0.48184615,0.630359,0.0,1.0,0.24854434,0
0.0,0.0,0.0,1.0,0.080508195,0
0.78534806,1.0,0.0,0.4916495,0.08405388,1
0.0,0.0,0.0,1.0,0.23744994,0
1.0,1.0,0.0,1.0,0.11467671,0
0.0,0.0,0.0,1.0,0.22115098,0
1.0,1.0,0.0,1.0,0.18179382,0
0.6975236,1.0,0.0,0.82263756,0.113193505,0
0.7849507,1.0,0.0,1.0,0.2838443,0
0.48184615,0.630359,0.0,1.0,0.1618197,0
0.0,0.0,0.0,1.0,0.36326477,0
0.78534806,1.0,0.0,1.0,0.27298972,0
0.0,0.0,0.0,1.0,0.32133442,0
1.0,1.0,0.0,1.0,0.17884913,0
0.0,0.0,0.0,1.0,0.17430377,0
1.0,1.0,0.0,0.63295335,0.092756756,0
0.6975236,1.0,0.0,0.66433936,0.07809352,0
0.7849507,1.0,0.0,1.0,0.24854434,0
0.0,0.0,0.0,1.0,0.1618197,0
0.0,0.0,0.0,1.0,0.32379153,0
0.78534806,1.0,0.0,1.0,0.19126639,0
0.0,0.0,0.0,1.0,0.39843076,0
1.0,1.0,0.0,0.80362386,0.14194843,0
0.0,0.0,0.0,1.0,0.15340509,0
1.0,1.0,0.0,1.0,0.23132564,0
0.6975236,1.0,0.0,1.0,0.28115156,0
0.7849507,1.0,0.0,1.0,0.080508195,0
0.0,0.0,0.0,1.0,0.36326477,0
0.48184615,0.630359,0.0,1.0,0.32379153,0
0.78534806,1.0,0.0,1.0,0.14004195,0
0.0,0.0,0.0,1.0,0.25572628,0
1.0,1.0,0.0,1.0,0.19474271,0
0.0,0.0,0.0,0.8652592,0.06185884,0
1.0,1.0,0.0,1.0,0.10391843,0
0.6975236,1.0,0.0,1.0,0.16838267,0
0.7849507,1.0,0.0,0.4916495,0.08405388,1
0.0,0.0,0.0,1.0,0.27298972,0
0.48184615,0.630359,0.0,1.0,0.19126639,0
0.0,0.0,0.0,1.0,0.14004195,0
0.0,0.0,0.0,1.0,0.31284043,0
1.0,1.0,0.0,1.0,0.09647579,0
0.0,0.0,0.0,1.0,0.26589182,0
1.0,1.0,0.0,1.0,0.32792783,0
0.6975236,1.0,0.0,1.0,0.32214546,0
0.7849507,1.0,0.0,1.0,0.23744994,0
0.0,0.0,0.0,1.0,0.32133442,0
0.48184615,0.630359,0.0,1.0,0.39843076,0
0.0,0.0,0.0,1.0,0.25572628,0
0.78534806,1.0,0.0,1.0,0.31284043,0
1.0,1.0,0.0,1.0,0.2708676,0
0.0,0.0,0.0,1.0,0.043116983,0
1.0,1.0,0.0,0.19696707,0.05746601,2
0.6975236,1.0,0.0,0.5218677,0.08651998,1
0.7849507,1.0,0.0,1.0,0.11467671,0
0.0,0.0,0.0,1.0,0.17884913,0
0.48184615,0.630359,0.0,0.80362386,0.14194843,0
0.0,0.0,0.0,1.0,0.19474271,0
0.78534806,1.0,0.0,1.0,0.09647579,0
0.0,0.0,0.0,1.0,0.2708676,0
1.0,1.0,0.0,1.0,0.08215059,0
0.6975236,1.0,0.0,1.0,0.12820561,0
0.7849507,1.0,0.0,1.0,0.074807614,0
0.0,0.0,0.0,1.0,0.22115098,0
0.48184615,0.630359,0.0,1.0,0.17430377,0
0.0,0.0,0.0,1.0,0.15340509,0
0.78534806,1.0,0.0,0.86541635,0.06185884,0
0.0,0.0,0.0,1.0,0.26589182,0
1.0,1.0,0.0,1.0,0.043116983,0
0.0,0.0,0.0,1.0,0.08215059,0
0.6975236,1.0,0.0,0.5294873,0.06953007,1
0.7849507,1.0,0.0,1.0,0.1558732,0
0.0,0.0,0.0,1.0,0.18179382,0
0.48184615,0.630359,0.0,0.63202727,0.092756756,0
0.0,0.0,0.0,1.0,0.23132564,0
0.78534806,1.0,0.0,1.0,0.10391843,0
0.0,0.0,0.0,1.0,0.32792783,0
1.0,1.0,0.0,0.19639865,0.05746601,2
0.0,0.0,0.0,1.0,0.12820561,0
1.0,1.0,0.0,0.5294873,0.06953007,1
0.7849507,1.0,0.0,1.0,0.20119618,0
0.0,0.0,0.0,0.8216694,0.113193505,0
0.48184615,0.630359,0.0,0.66355896,0.07809352,0
0.0,0.0,0.0,1.0,0.28115156,0
0.78534806,1.0,0.0,1.0,0.16838267,0
0.0,0.0,0.0,1.0,0.32214546,0
1.0,1.0,0.0,0.5211752,0.08651998,1
0.0,0.0,0.0,1.0,0.074807614,0
1.0,1.0,0.0,1.0,0.1558732,0
0.6975236,1.0,0.0,1.0,0.20119618,0
0.0,0.0,0.0,1.0,0.2838443,0
0.48184615,0.630359,0.0,1.0,0.24854434,0
0.0,0.0,0.0,1.0,0.080508195,0
0.78534806,1.0,0.0,0.4909247,0.08405388,1
0.0,0.0,0.0,1.0,0.23744994,0
1.0,1.0,0.0,1.0,0.11467671,0
0.0,0.0,0.0,1.0,0.22115098,0
1.0,1.0,0.0,1.0,0.18179382,0
0.6975236,1.0,0.0,0.8216694,0.113193505,0
0.7849507,1.0,0.0,1.0,0.2838443,0
0.48184615,0.630359,0.0,1.0,0.1618197,0
0.0,0.0,0.0,1.0,0.36326477,0
0.78534806,1.0,0.0,1.0,0.27298972,0
0.0,0.0,0.0,1.0,0.32133442,0
1.0,1.0,0.0,1.0,0.17884913,0
0.0,0.0,0.0,1.0,0.17430377,0
1.0,1.0,0.0,0.63202727,0.092756756,0
0.6975236,1.0,0.0,0.66355896,0.07809352,0
0.7849507,1.0,0.0,1.0,0.24854434,0
0.0,0.0,0.0,1.0,0.1618197,0
0.0,0.0,0.0,1.0,0.32379153,0
0.78534806,1.0,0.0,1.0,0.19126639,0
0.0,0.0,0.0,1.0,0.39843076,0
1.0,1.0,0.0,0.8022268,0.14194843,0
0.0,0.0,0.0,1.0,0.15340509,0
1.0,1.0,0.0,1.0,0.23132564,0
0.6975236,1.0,0.0,1.0,0.28115156,0
0.7849507,1.0,0.0,1.0,0.080508195,0
0.0,0.0,0.0,1.0,0.36326477,0
0.48184615,0.630359,0.0,1.0,0.32379153,0
0.78534806,1.0,0.0,1.0,0.14004195,0
0.0,0.0,0.0,1.0,0.25572628,0
1.0,1.0,0.0,1.0,0.19474271,0
0.0,0.0,0.0,0.86541635,0.06185884,0
1.0,1.0,0.0,1.0,0.10391843,0
0.6975236,1.0,0.0,1.0,0.16838267,0
0.7849507,1.0,0.0,0.4909247,0.08405388,1
0.0,0.0,0.0,1.0,0.27298972,0
0.48184615,0.630359,0.0,1.0,0.19126639,0
0.0,0.0,0.0,1.0,0.14004195,0
0.0,0.0,0.0,1.0,0.31284043,0
1.0,1.0,0.0,1.0,0.09647579,0
0.0,0.0,0.0,1.0,0.26589182,0
1.0,1.0,0.0,1.0,0.32792783,0
0.6975236,1.0,0.0,1.0,0.32214546,0
0.7849507,1.0,0.0,1.0,0.23744994,0
0.0,0.0,0.0,1.0,0.32133442,0
0.48184615,0.630359,0.0,1.0,0.39843076,0
0.0,0.0,0.0,1.0,0.25572628,0
0.78534806,1.0,0.0,1.0,0.31284043,0
1.0,1.0,0.0,1.0,0.2708676,0
0.0,0.0,0.0,1.0,0.043116983,0
1.0,1.0,0.0,0.19639865,0.05746601,2
0.6975236,1.0,0.0,0.5211752,0.08651998,1
0.7849507,1.0,0.0,1.0,0.11467671,0
0.0,0.0,0.0,1.0,0.17884913,0
0.48184615,0.630359,0.0,0.8022268,0.14194843,0
0.0,0.0,0.0,1.0,0.19474271,0
0.78534806,1.0,0.0,1.0,0.09647579,0
0.0,0.0,0.0,1.0,0.2708676,0
1.0,1.0,0.0,1.0,0.08215059,0
0.6975236,1.0,0.0,1.0,0.12820561,0
0.7849507,1.0,0.0,1.0,0.074807614,0
0.0,0.0,0.0,1.0,0.22115098,0
0.48184615,0.630359,0.0,1.0,0.17430377,0
0.0,0.0,0.0,1.0,0.15340509,0
0.78534806,1.0,0.0,0.865574,0.06185884,0
0.0,0.0,0.0,1.0,0.26589182,0
1.0,1.0,0.0,1.0,0.043116983,0
0.0,0.0,0.0,1.0,0.08215059,0
0.6975236,1.0,0.0,0.5288222,0.06953007,1
0.7849507,1.0,0.0,1.0,0.1558732,0
0.0,0.0,0.0,1.0,0.18179382,0
0.48184615,0.630359,0.0,0.63110113,0.092756756,0
0.0,0.0,0.0,1.0,0.23132564,0
0.78534806,1.0,0.0,1.0,0.10391843,0
0.0,0.0,0.0,1.0,0.32792783,0
1.0,1.0,0.0,0.19583027,0.05746601,2
0.0,0.0,0.0,1.0,0.12820561,0
1.0,1.0,0.0,0.5288222,0.06953007,1
0.7849507,1.0,0.0,1.0,0.20119618,0
0.0,0.0,0.0,0.82070166,0.113193505,0
0.48184615,0.630359,0.0,0.6627786,0.07809352,0
0.0,0.0,0.0,1.0,0.28115156,0
0.78534806,1.0,0.0,1.0,0.16838267,0
0.0,0.0,0.0,1.0,0.32214546,0
1.0,1.0,0.0,0.52048326,0.08651998,1
0.0,0.0,0.0,1.0,0.074807614,0
1.0,1.0,0.0,1.0,0.1558732,0
0.6975236,1.0,0.0,1.0,0.20119618,0
0.0,0.0,0.0,1.0,0.2838443,0
0.48184615,0.630359,0.0,1.0,0.24854434,0
0.0,0.0,0.0,1.0,0.080508195,0
0.78534806,1.0,0.0,0.49020022,0.08405388,1
0.0,0.0,0.0,1.0,0.23744994,0
1.0,1.0,0.0,1.0,0.11467671,0
0.0,0.0,0.0,1.0,0.22115098,0
1.0,1.0,0.0,1.0,0.18179382,0
0.6975236,1.0,0.0,0.82070166,0.113193505,0
0.7849507,1.0,0.0,1.0,0.2838443,0
0.48184615,0.630359,0.0,1.0,0.1618197,0
0.0,0.0,0.0,1.0,0.36326477,0
0.78534806,1.0,0.0,1.0,0.27298972,0
0.0,0.0,0.0,1.0,0.32133442,0
1.0,1.0,0.0,1.0,0.17884913,0
0.0,0.0,0.0,1.0,0.17430377,0
1.0,1.0,0.0,0.63110113,0.092756756,0
0.6975236,1.0,0.0,0.6627786,0.07809352,0
0.7849507,1.0,0.0,1.0,0.24854434,0
0.0,0.0,0.0,1.0,0.1618197,0
0.0,0.0,0.0,1.0,0.32379153,0
0.78534806,1.0,0.0,1.0,0.19126639,0
0.0,0.0,0.0,1.0,0.39843076,0
1.0,1.0,0.0,0.8008298,0.14194843,0
0.0,0.0,0.0,1.0,0.15340509,0
1.0,1.0,0.0,1.0,0.23132564,0
0.6975236,1.0,0.0,1.0,0.28115156,0
0.7849507,1.0,0.0,1.0,0.080508195,0
0.0,0.0,0.0,1.0,0.36326477,0
0.48184615,0.630359,0.0,1.0,0.32379153,0
0.78534806,1.0,0.0,1.0,0.14004195,0
0.0,0.0,0.0,1.0,0.25572628,0
1.0,1.0,0.0,1.0,0.19474271,0
0.0,0.0,0.0,0.865574,0.06185884,0
1.0,1.0,0.0,1.0,0.10391843,0
0.6975236,1.0,0.0,1.0,0.16838267,0
0.7849507,1.0,0.0,0.49020022,0.08405388,1
0.0,0.0,0.0,1.0,0.27298972,0
0.48184615,0.630359,0.0,1.0,0.19126639,0
0.0,0.0,0.0,1.0,0.14004195,0
0.0,0.0,0.0,1.0,0.31284043,0
1.0,1.0,0.0,1.0,0.09647579,0
0.0,0.0,0.0,1.0,0.26589182,0
1.0,1.0,0.0,1.0,0.32792783,0
0.6975236,1.0,0.0,1.0,0.32214546,0
0.7849507,1.0,0.0,1.0,0.23744994,0
0.0,0.0,0.0,1.0,0.32133442,0
0.48184615,0.630359,0.0,1.0,0.39843076,0
0.0,0.0,0.0,1.0,0.25572628,0
0.78534806,1.0,0.0,1.0,0.31284043,0
1.0,1.0,0.0,1.0,0.2708676,0
0.0,0.0,0.0,1.0,0.043116983,0
1.0,1.0,0.0,0.19583027,0.05746601,2
0.6975236,1.0,0.0,0.52048326,0.08651998,1
0.7849507,1.0,0.0,1.0,0.11467671,0
0.0,0.0,0.0,1.0,0.17884913,0
0.48184615,0.630359,0.0,0.8008298,0.14194843,0
0.0,0.0,0.0,1.0,0.19474271,0
0.78534806,1.0,0.0,1.0,0.09647579,0
0.0,0.0,0.0,1.0,0.2708676,0
1.0,1.0,0.0,1.0,0.08215059,0
0.6975236,1.0,0.0,1.0,0.12820561,0
0.7849507,1.0,0.0,1.0,0.074807614,0
0.0,0.0,0.0,1.0,0.22115098,0
0.48184615,0.630359,0.0,1.0,0.17430377,0
0.0,0.0,0.0,1.0,0.15340509,0
0.78534806,1.0,0.0,0.865732,0.06185884,0
0.0,0.0,0.0,1.0,0.26589182,0
1.0,1.0,0.0,1.0,0.043116983,0
0.0,0.0,0.0,1.0,0.08215059,0
0.6975236,1.0,0.0,0.5281572,0.06953007,1
0.7849507,1.0,0.0,1.0,0.1558732,0
0.0,0.0,0.0,1.0,0.18179382,0
0.48184615,0.630359,0.0,0.63017505,0.092756756,0
0.0,0.0,0.0,1.0,0.23132564,0
0.78534806,1.0,0.0,1.0,0.10391843,0
0.0,0.0,0.0,1.0,0.32792783,0
1.0,1.0,0.0,0.19526193,0.05746601,2
0.0,0.0,0.0,1.0,0.12820561,0
1.0,1.0,0.0,0.5281572,0.06953007,1
0.7849507,1.0,0.0,1.0,0.20119618,0
0.0,0.0,0.0,0.81973433,0.113193505,0
0.48184615,0.630359,0.0,0.6619982,0.07809352,0
0.0,0.0,0.0,1.0,0.28115156,0
0.78534806,1.0,0.0,1.0,0.16838267,0
0.0,0.0,0.0,1.0,0.32214546,0
1.0,1.0,0.0,0.5197918,0.08651998,1
0.0,0.0,0.0,1.0,0.074807614,0
1.0,1.0,0.0,1.0,0.1558732,0
0.6975236,1.0,0.0,1.0,0.20119618,0
0.0,0.0,0.0,1.0,0.2838443,0
0.48184615,0.630359,0.0,1.0,0.24854434,0
0.0,0.0,0.0,1.0,0.080508195,0
0.78534806,1.0,0.0,0.4894761,0.08405388,1
0.0,0.0,0.0,1.0,0.23744994,0
1.0,1.0,0.0,1.0,0.11467671,0
0.0,0.0,0.0,1.0,0.22115098,0
1.0,1.0,0.0,1.0,0.18179382,0
0.6975236,1.0,0.0,0.81973433,0.113193505,0
0.7849507,1.0,0.0,1.0,0.2838443,0
0.48184615,0.630359,0.0,1.0,0.1618197,0
0.0,0.0,0.0,1.0,0.36326477,0
0.78534806,1.0,0.0,1.0,0.27298972,0
0.0,0.0,0.0,1.0,0.32133442,0
1.0,1.0,0.0,1.0,0.17884913,0
0.0,0.0,0.0,1.0,0.17430377,0
1.0,1.0,0.0,0.63017505,0.092756756,0
0.6975236,1.0,0.0,0.6619982,0.07809352,0
0.7849507,1.0,0.0,1.0,0.24854434,0
0.0,0.0,0.0,1.0,0.1618197,0
0.0,0.0,0.0,1.0,0.32379153,0
0.78534806,1.0,0.0,1.0,0.19126639,0
0.0,0.0,0.0,1.0,0.39843076,0
1.0,1.0,0.0,0.79943293,0.14194843,0
0.0,0.0,0.0,1.0,0.15340509,0
1.0,1.0,0.0,1.0,0.23132564,0
0.6975236,1.0,0.0,1.0,0.28115156,0
0.7849507,1.0,0.0,1.0,0.080508195,0
0.0,0.0,0.0,1.0,0.36326477,0
0.48184615,0.630359,0.0,1.0,0.32379153,0
0.78534806,1.0,0.0,1.0,0.14004195,0
0.0,0.0,0.0,1.0,0.25572628,0
1.0,1.0,0.0,1.0,0.19474271,0
0.0,0.0,0.0,0.865732,0.06185884,0
1.0,1.0,0.0,1.0,0.10391843,0
0.6975236,1.0,0.0,1.0,0.16838267,0
0.7849507,1.0,0.0,0.4894761,0.08405388,1
0.0,0.0,0.0,1.0,0.27298972,0
0.48184615,0.630359,0.0,1.0,0.19126639,0
0.0,0.0,0.0,1.0,0.14004195,0
0.0,0.0,0.0,1.0,0.31284043,0
1.0,1.0,0.0,1.0,0.09647579,0
0.0,0.0,0.0,1.0,0.26589182,0
1.0,1.0,0.0,1.0,0.32792783,0
0.6975236,1.0,0.0,1.0,0.32214546,0
0.7849507,1.0,0.0,1.0,0.23744994,0
0.0,0.0,0.0,1.0,0.32133442,0
0.48184615,0.630359,0.0,1.0,0.39843076,0
0.0,0.0,0.0,1.0,0.25572628,0
0.78534806,1.0,0.0,1.0,0.31284043,0
1.0,1.0,0.0,1.0,0.2708676,0
0.0,0.0,0.0,1.0,0.043116983,0
1.0,1.0,0.0,0.19526193,0.05746601,2
0.6975236,1.0,0.0,0.5197918,0.08651998,1
0.7849507,1.0,0.0,1.0,0.11467671,0
0.0,0.0,0.0,1.0,0.17884913,0
0.48184615,0.630359,0.0,0.79943293,0.14194843,0
0.0,0.0,0.0,1.0,0.19474271,0
0.78534806,1.0,0.0,1.0,0.09647579,0
0.0,0.0,0.0,1.0,0.2708676,0
1.0,1.0,0.0,1.0,0.08215059,0
0.6975236,1.0,0.0,1.0,0.12820561,0
0.7849507,1.0,0.0,1.0,0.074807614,0
0.0,0.0,0.0,1.0,0.22115098,0
0.48184615,0.630359,0.0,1.0,0.17430377,0
0.0,0.0,0.0,1.0,0.15340509,0
0.78534806,1.0,0.0,0.8658905,0.06185884,0
0.0,0.0,0.0,1.0,0.26589182,0
1.0,1.0,0.0,1.0,0.043116983,0
0.0,0.0,0.0,1.0,0.08215059,0
0.6975236,1.0,0.0,0.5274922,0.06953007,1
0.7849507,1.0,0.0,1.0,0.1558732,0
0.0,0.0,0.0,1.0,0.18179382,0
0.48184615,0.630359,0.0,0.629249,0.092756756,0
0.0,0.0,0.0,1.0,0.23132564,0
0.78534806,1.0,0.0,1.0,0.10391843,0
0.0,0.0,0.0,1.0,0.32792783,0
1.0,1.0,0.0,0.19469361,0.05746601,2
0.0,0.0,0.0,1.0,0.12820561,0
1.0,1.0,0.0,0.5274922,0.06953007,1
0.7849507,1.0,0.0,1.0,0.20119618,0
0.0,0.0,0.0,0.81876737,0.113193505,0
0.48184615,0.630359,0.0,0.6612178,0.07809352,0
0.0,0.0,0.0,1.0,0.28115156,0
0.78534806,1.0,0.0,1.0,0.16838267,0
0.0,0.0,0.0,1.0,0.32214546,0
1.0,1.0,0.0,0.5191009,0.08651998,1
0.0,0.0,0.0,1.0,0.074807614,0
1.0,1.0,0.0,1.0,0.1558732,0
0.6975236,1.0,0.0,1.0,0.20119618,0
0.0,0.0,0.0,1.0,0.2838443,0
0.48184615,0.630359,0.0,1.0,0.24854434,0
0.0,0.0,0.0,1.0,0.080508195,0
0.78534806,1.0,0.0,0.4887524,0.08405388,1
0.0,0.0,0.0,1.0,0.23744994,0
1.0,1.0,0.0,1.0,0.11467671,0
0.0,0.0,0.0,1.0,0.22115098,0
1.0,1.0,0.0,1.0,0.18179382,0
0.6975236,1.0,0.0,0.81876737,0.113193505,0
0.7849507,1.0,0.0,1.0,0.2838443,0
0.48184615,0.630359,0.0,1.0,0.1618197,0
0.0,0.0,0.0,1.0,0.36326477,0
0.78534806,1.0,0.0,1.0,0.27298972,0
0.0,0.0,0.0,1.0,0.32133442,0
1.0,1.0,0.0,1.0,0.17884913,0
0.0,0.0,0.0,1.0,0.17430377,0
1.0,1.0,0.0,0.629249,0.092756756,0
0.6975236,1.0,0.0,0.6612178,0.07809352,0
0.7849507,1.0,0.0,1.0,0.24854434,0
0.0,0.0,0.0,1.0,0.1618197,0
0.0,0.0,0.0,1.0,0.32379153,0
0.78534806,1.0,0.0,1.0,0.19126639,0
0.0,0.0,0.0,1.0,0.39843076,0
1.0,1.0,0.0,0.7980361,0.14194843,0
0.0,0.0,0.0,1.0,0.15340509,0
1.0,1.0,0.0,1.0,0.23132564,0
0.6975236,1.0,0.0,1.0,0.28115156,0
0.7849507,1.0,0.0,1.0,0.080508195,0
0.0,0.0,0.0,1.0,0.36326477,0
0.48184615,0.630359,0.0,1.0,0.32379153,0
0.78534806,1.0,0.0,1.0,0.14004195,0
0.0,0.0,0.0,1.0,0.25572628,0
1.0,1.0,0.0,1.0,0.19474271,0
0.0,0.0,0.0,0.8658905,0.06185884,0
1.0,1.0,0.0,1.0,0.10391843,0
0.6975236,1.0,0.0,1.0,0.16838267,0
0.7849507,1.0,0.0,0.4887524,0.08405388,1
0.0,0.0,0.0,1.0,0.27298972,0
0.48184615,0.630359,0.0,1.0,0.19126639,0
0.0,0.0,0.0,1.0,0.14004195,0
0.0,0.0,0.0,1.0,0.31284043,0
1.0,1.0,0.0,1.0,0.09647579,0
0.0,0.0,0.0,1.0,0.26589182,0
1.0,1.0,0.0,1.0,0.32792783,0
0.6975236,1.0,0.0,1.0,0.32214546,0
0.7849507,1.0,0.0,1.0,0.23744994,0
0.0,0.0,0.0,1.0,0.32133442,0
0.48184615,0.630359,0.0,1.0,0.39843076,0
0.0,0.0,0.0,1.0,0.25572628,0
0.78534806,1.0,0.0,1.0,0.31284043,0
1.0,1.0,0.0,1.0,0.2708676,0
0.0,0.0,0.0,1.0,0.043116983,0
1.0,1.0,0.0,0.19469361,0.05746601,2
0.6975236,1.0,0.0,0.5191009,0.08651998,1
0.7849507,1.0,0.0,1.0,0.11467671,0
0.0,0.0,0.0,1.0,0.17884913,0
0.48184615,0.630359,0.0,0.7980361,0.14194843,0
0.0,0.0,0.0,1.0,0.19474271,0
0.78534806,1.0,0.0,1.0,0.09647579,0
0.0,0.0,0.0,1.0,0.2708676,0
1.0,1.0,0.0,1.0,0.08215059,0
0.6975236,1.0,0.0,1.0,0.12820561,0
0.7849507,1.0,0.0,1.0,0.074807614,0
0.0,0.0,0.0,1.0,0.22115098,0
0.48184615,0.630359,0.0,1.0,0.17430377,0
0.0,0.0,0.0,1.0,0.15340509,0
0.78534806,1.0,0.0,0.86604935,0.06185884,0
0.0,0.0,0.0,1.0,0.26589182,0
1.0,1.0,0.0,1.0,0.043116983,0
0.0,0.0,0.0,1.0,0.08215059,0
0.6975236,1.0,0.0,0.5268274,0.06953007,1
0.7849507,1.0,0.0,1.0,0.1558732,0
0.0,0.0,0.0,1.0,0.18179382,0
0.48184615,0.630359,0.0,0.6283229,0.092756756,0
0.0,0.0,0.0,1.0,0.23132564,0
0.78534806,1.0,0.0,1.0,0.10391843,0
0.0,0.0,0.0,1.0,0.32792783,0
1.0,1.0,0.0,0.19412534,0.05746601,2
0.0,0.0,0.0,1.0,0.12820561,0
1.0,1.0,0.0,0.5268274,0.06953007,1
0.7849507,1.0,0.0,1.0,0.20119618,0
0.0,0.0,0.0,0.8178009,0.113193505,0
0.48184615,0.630359,0.0,0.6604374,0.07809352,0
0.0,0.0,0.0,1.0,0.28115156,0
0.78534806,1.0,0.0,1.0,0.16838267,0
0.0,0.0,0.0,1.0,0.32214546,0
1.0,1.0,0.0,0.5184105,0.08651998,1
0.0,0.0,0.0,1.0,0.074807614,0
1.0,1.0,0.0,1.0,0.1558732,0
0.6975236,1.0,0.0,1.0,0.20119618,0
0.0,0.0,0.0,1.0,0.2838443,0
0.48184615,0.630359,0.0,1.0,0.24854434,0
0.0,0.0,0.0,1.0,0.080508195,0
0.78534806,1.0,0.0,0.48802906,0.08405388,1
0.0,0.0,0.0,1.0,0.23744994,0
1.0,1.0,0.0,1.0,0.11467671,0
0.0,0.0,0.0,1.0,0.22115098,0
1.0,1.0,0.0,1.0,0.18179382,0
0.6975236,1.0,0.0,0.8178009,0.113193505,0
0.7849507,1.0,0.0,1.0,0.2838443,0
0.48184615,0.630359,0.0,1.0,0.1618197,0
0.0,0.0,0.0,1.0,0.36326477,0
0.78534806,1.0,0.0,1.0,0.27298972,0
0.0,0.0,0.0,1.0,0.32133442,0
1.0,1.0,0.0,1.0,0.17884913,0
0.0,0.0,0.0,1.0,0.17430377,0
1.0,1.0,0.0,0.6283229,0.092756756,0
0.6975236,1.0,0.0,0.6604374,0.07809352,0
0.7849507,1.0,0.0,1.0,0.24854434,0
0.0,0.0,0.0,1.0,0.1618197,0
0.0,0.0,0.0,1.0,0.32379153,0
0.78534806,1.0,0.0,1.0,0.19126639,0
0.0,0.0,0.0,1.0,0.39843076,0
1.0,1.0,0.0,0.7966394,0.14194843,0
0.0,0.0,0.0,1.0,0.15340509,0
1.0,1.0,0.0,1.0,0.23132564,0
0.6975236,1.0,0.0,1.0,0.28115156,0
0.7849507,1.0,0.0,1.0,0.080508195,0
0.0,0.0,0.0,1.0,0.36326477,0
0.48184615,0.630359,0.0,1.0,0.32379153,0
0.78534806,1.0,0.0,1.0,0.14004195,0
0.0,0.0,0.0,1.0,0.25572628,0
1.0,1.0,0.0,1.0,0.19474271,0
0.0,0.0,0.0,0.86604935,0.06185884,0
1.0,1.0,0.0,1.0,0.10391843,0
0.6975236,1.0,0.0,1.0,0.16838267,0
0.7849507,1.0,0.0,0.48802906,0.08405388,1
0.0,0.0,0.0,1.0,0.27298972,0
0.48184615,0.630359,0.0,1.0,0.19126639,0
0.0,0.0,0.0,1.0,0.14004195,0
0.0,0.0,0.0,1.0,0.31284043,0
1.0,1.0,0.0,1.0,0.09647579,0
0.0,0.0,0.0,1.0,0.26589182,0
1.0,1.0,0.0,1.0,0.32792783,0
0.6975236,1.0,0.0,1.0,0.32214546,0
0.7849507,1.0,0.0,1.0,0.23744994,0
0.0,0.0,0.0,1.0,0.32133442,0
0.48184615,0.630359,0.0,1.0,0.39843076,0
0.0,0.0,0.0,1.0,0.25572628,0
0.78534806,1.0,0.0,1.0,0.31284043,0
1.0,1.0,0.0,1.0,0.2708676,0
0.0,0.0,0.0,1.0,0.043116983,0
1.0,1.0,0.0,0.19412534,0.05746601,2
0.6975236,1.0,0.0,0.5184105,0.08651998,1
0.7849507,1.0,0.0,1.0,0.11467671,0
0.0,0.0,0.0,1.0,0.17884913,0
0.48184615,0.630359,0.0,0.7966394,0.14194843,0
0.0,0.0,0.0,1.0,0.19474271,0
0.78534806,1.0,0.0,1.0,0.09647579,0
0.0,0.0,0.0,1.0,0.2708676,0
1.0,1.0,0.0,1.0,0.08215059,0
0.6975236,1.0,0.0,1.0,0.12820561,0
0.7849507,1.0,0.0,1.0,0.074807614,0
0.0,0.0,0.0,1.0,0.22115098,0
0.48184615,0.630359,0.0,1.0,0.17430377,0
0.0,0.0,0.0,1.0,0.15340509,0
0.78534806,1.0,0.0,0.8662086,0.06185884,0
0.0,0.0,0.0,1.0,0.26589182,0
1.0,1.0,0.0,1.0,0.043116983,0
0.0,0.0,0.0,1.0,0.08215059,0
0.6975236,1.0,0.0,0.5261626,0.06953007,1
0.7849507,1.0,0.0,1.0,0.1558732,0
0.0,0.0,0.0,1.0,0.18179382,0
0.48184615,0.630359,0.0,0.6273968,0.092756756,0
0.0,0.0,0.0,1.0,0.23132564,0
0.78534806,1.0,0.0,1.0,0.10391843,0
0.0,0.0,0.0,1.0,0.32792783,0
1.0,1.0,0.0,0.19355711,0.05746601,2
0.0,0.0,0.0,1.0,0.12820561,0
1.0,1.0,0.0,0.5261626,0.06953007,1
0.7849507,1.0,0.0,1.0,0.20119618,0
0.0,0.0,0.0,0.8168348,0.113193505,0
0.48184615,0.630359,0.0,0.659657,0.07809352,0
0.0,0.0,0.0,1.0,0.28115156,0
0.78534806,1.0,0.0,1.0,0.16838267,0
0.0,0.0,0.0,1.0,0.32214546,0
1.0,1.0,0.0,0.5177206,0.08651998,1
0.0,0.0,0.0,1.0,0.074807614,0
1.0,1.0,0.0,1.0,0.1558732,0
0.6975236,1.0,0.0,1.0,0.20119618,0
0.0,0.0,0.0,1.0,0.2838443,0
0.48184615,0.630359,0.0,1.0,0.24854434,0
0.0,0.0,0.0,1.0,0.080508195,0
0.78534806,1.0,0.0,0.4873061,0.08405388,1
0.0,0.0,0.0,1.0,0.23744994,0
1.0,1.0,0.0,1.0,0.11467671,0
0.0,0.0,0.0,1.0,0.22115098,0
1.0,1.0,0.0,1.0,0.18179382,0
0.6975236,1.0,0.0,0.8168348,0.113193505,0
0.7849507,1.0,0.0,1.0,0.2838443,0
0.48184615,0.630359,0.0,1.0,0.1618197,0
0.0,0.0,0.0,1.0,0.36326477,0
0.78534806,1.0,0.0,1.0,0.27298972,0
0.0,0.0,0.0,1.0,0.32133442,0
1.0,1.0,0.0,1.0,0.17884913,0
0.0,0.0,0.0,1.0,0.17430377,0
1.0,1.0,0.0,0.6273968,0.092756756,0
0.6975236,1.0,0.0,0.659657,0.07809352,0
0.7849507,1.0,0.0,1.0,0.24854434,0
0.0,0.0,0.0,1.0,0.1618197,0
0.0,0.0,0.0,1.0,0.32379153,0
0.78534806,1.0,0.0,1.0,0.19126639,0
0.0,0.0,0.0,1.0,0.39843076,0
1.0,1.0,0.0,0.7952427,0.14194843,0
0.0,0.0,0.0,1.0,0.15340509,0
1.0,1.0,0.0,1.0,0.23132564,0
0.6975236,1.0,0.0,1.0,0.28115156,0
0.7849507,1.0,0.0,1.0,0.080508195,0
0.0,0.0,0.0,1.0,0.36326477,0
0.48184615,0.630359,0.0,1.0,0.32379153,0
0.78534806,1.0,0.0,1.0,0.14004195,0
0.0,0.0,0.0,1.0,0.25572628,0
1.0,1.0,0.0,1.0,0.19474271,0
0.0,0.0,0.0,0.8662086,0.06185884,0
1.0,1.0,0.0,1.0,0.10391843,0
0.6975236,1.0,0.0,1.0,0.16838267,0
0.7849507,1.0,0.0,0.4873061,0.08405388,1
0.0,0.0,0.0,1.0,0.27298972,0
0.48184615,0.630359,0.0,1.0,0.19126639,0
0.0,0.0,0.0,1.0,0.14004195,0
0.0,0.0,0.0,1.0,0.31284043,0
1.0,1.0,0.0,1.0,0.09647579,0
0.0,0.0,0.0,1.0,0.26589182,0
1.0,1.0,0.0,1.0,0.32792783,0
0.6975236,1.0,0.0,1.0,0.32214546,0
0.7849507,1.0,0.0,1.0,0.23744994,0
0.0,0.0,0.0,1.0,0.32133442,0
0.48184615,0.630359,0.0,1.0,0.39843076,0
0.0,0.0,0.0,1.0,0.25572628,0
0.78534806,1.0,0.0,1.0,0.31284043,0
1.0,1.0,0.0,1.0,0.2708676,0
0.0,0.0,0.0,1.0,0.043116983,0
1.0,1.0,0.0,0.19355711,0.05746601,2
0.6975236,1.0,0.0,0.5177206,0.08651998,1
0.7849507,1.0,0.0,1.0,0.11467671,0
0.0,0.0,0.0,1.0,0.17884913,0
0.48184615,0.630359,0.0,0.7952427,0.14194843,0
0.0,0.0,0.0,1.0,0.19474271,0
0.78534806,1.0,0.0,1.0,0.09647579,0
0.0,0.0,0.0,1.0,0.2708676,0
1.0,1.0,0.0,1.0,0.08215059,0
0.6975236,1.0,0.0,1.0,0.12820561,0
0.7849507,1.0,0.0,1.0,0.074807614,0
0.0,0.0,0.0,1.0,0.22115098,0
0.48184615,0.630359,0.0,1.0,0.17430377,0
0.0,0.0,0.0,1.0,0.15340509,0
0.78534806,1.0,0.0,0.8663683,0.06185884,0
0.0,0.0,0.0,1.0,0.26589182,0
1.0,1.0,0.0,1.0,0.043116983,0
0.0,0.0,0.0,1.0,0.08215059,0
0.6975236,1.0,0.0,0.5254979,0.06953007,1
0.7849507,1.0,0.0,1.0,0.1558732,0
0.0,0.0,0.0,1.0,0.18179382,0
0.48184615,0.630359,0.0,0.62647074,0.092756756,0
0.0,0.0,0.0,1.0,0.23132564,0
0.78534806,1.0,0.0,1.0,0.10391843,0
0.0,0.0,0.0,1.0,0.32792783,0
1.0,1.0,0.0,0.19298892,0.05746601,2
0.0,0.0,0.0,1.0,0.12820561,0
1.0,1.0,0.0,0.5254979,0.06953007,1
0.7849507,1.0,0.0,1.0,0.20119618,0
0.0,0.0,0.0,0.81586915,0.113193505,0
0.48184615,0.630359,0.0,0.6588766,0.07809352,0
0.0,0.0,0.0,1.0,0.28115156,0
0.78534806,1.0,0.0,1.0,0.16838267,0
0.0,0.0,0.0,1.0,0.32214546,0
1.0,1.0,0.0,0.51703125,0.08651998,1
0.0,0.0,0.0,1.0,0.074807614,0
1.0,1.0,0.0,1.0,0.1558732,0
0.6975236,1.0,0.0,1.0,0.20119618,0
0.0,0.0,0.0,1.0,0.2838443,0
0.48184615,0.630359,0.0,1.0,0.24854434,0
0.0,0.0,0.0,1.0,0.080508195,0
0.78534806,1.0,0.0,0.4865835,0.08405388,1
0.0,0.0,0.0,1.0,0.23744994,0
1.0,1.0,0.0,1.0,0.11467671,0
0.0,0.0,0.0,1.0,0.22115098,0
1.0,1.0,0.0,1.0,0.18179382,0
0.6975236,1.0,0.0,0.81586915,0.113193505,0
0.7849507,1.0,0.0,1.0,0.2838443,0
0.48184615,0.630359,0.0,1.0,0.1618197,0
0.0,0.0,0.0,1.0,0.36326477,0
0.78534806,1.0,0.0,1.0,0.27298972,0
0.0,0.0,0.0,1.0,0.32133442,0
1.0,1.0,0.0,1.0,0.17884913,0
0.0,0.0,0.0,1.0,0.17430377,0
1.0,1.0,0.0,0.62647074,0.092756756,0
0.6975236,1.0,0.0,0.6588766,0.07809352,0
0.7849507,1.0,0.0,1.0,0.24854434,0
0.0,0.0,0.0,1.0,0.1618197,0
0.0,0.0,0.0,1.0,0.32379153,0
0.78534806,1.0,0.0,1.0,0.19126639,0
0.0,0.0,0.0,1.0,0.39843076,0
1.0,1.0,0.0,0.7938462,0.14194843,0
0.0,0.0,0.0,1.0,0.15340509,0
1.0,1.0,0.0,1.0,0.23132564,0
0.6975236,1.0,0.0,1.0,0.28115156,0
0.7849507,1.0,0.0,1.0,0.080508195,0
0.0,0.0,0.0,1.0,0.36326477,0
0.48184615,0.630359,0.0,1.0,0.32379153,0
0.78534806,1.0,0.0,1.0,0.14004195,0
0.0,0.0,0.0,1.0,0.25572628,0
1.0,1.0,0.0,1.0,0.19474271,0
0.0,0.0,0.0,0.8663683,0.06185884,0
1.0,1.0,0.0,1.0,0.10391843,0
0.6975236,1.0,0.0,1.0,0.16838267,0
0.7849507,1.0,0.0,0.4865835,0.08405388,1
0.0,0.0,0.0,1.0,0.27298972,0
0.48184615,0.630359,0.0,1.0,0.19126639,0
0.0,0.0,0.0,1.0,0.14004195,0
0.0,0.0,0.0,1.0,0.31284043,0
1.0,1.0,0.0,1.0,0.09647579,0
0.0,0.0,0.0,1.0,0.26589182,0
1.0,1.0,0.0,1.0,0.32792783,0
0.6975236,1.0,0.0,1.0,0.32214546,0
0.7849507,1.0,0.0,1.0,0.23744994,0
0.0,0.0,0.0,1.0,0.32133442,0
0.48184615,0.630359,0.0,1.0,0.39843076,0
0.0,0.0,0.0,1.0,0.25572628,0
0.78534806,1.0,0.0,1.0,0.31284043,0
1.0,1.0,0.0,1.0,0.2708676,0
0.0,0.0,0.0,1.0,0.043116983,0
1.0,1.0,0.0,0.19298892,0.05746601,2
0.6975236,1.0,0.0,0.51703125,0.08651998,1
0.7849507,1.0,0.0,1.0,0.11467671,0
0.0,0.0,0.0,1.0,0.17884913,0
0.48184615,0.630359,0.0,0.7938462,0.14194843,0
0.0,0.0,0.0,1.0,0.19474271,0
0.78534806,1.0,0.0,1.0,0.09647579,0
0.0,0.0,0.0,1.0,0.2708676,0
1.0,1.0,0.0,1.0,0.08215059,0
0.6975236,1.0,0.0,1.0,0.12820561,0
0.81009406,1.0,0.0,1.0,0.074807614,0
0.0,0.0,0.0,1.0,0.22115098,0
0.48184615,0.630359,0.0,1.0,0.17430377,0
0.0,0.0,0.0,1.0,0.15340509,0
0.81053746,1.0,0.0,0.8665284,0.06185884,0
0.0,0.0,0.0,1.0,0.26589182,0
1.0,1.0,0.0,1.0,0.043116983,0
0.0,0.0,0.0,1.0,0.08215059,0
0.6975236,1.0,0.0,0.52483326,0.06953007,1
0.81009406,1.0,0.0,1.0,0.1558732,0
0.0,0.0,0.0,1.0,0.18179382,0
0.48184615,0.630359,0.0,0.62554467,0.092756756,0
0.0,0.0,0.0,1.0,0.23132564,0
0.81053746,1.0,0.0,1.0,0.10391843,0
0.0,0.0,0.0,1.0,0.32792783,0
1.0,1.0,0.0,0.19242077,0.05746601,2
0.0,0.0,0.0,1.0,0.12820561,0
1.0,1.0,0.0,0.52483326,0.06953007,1
0.81009406,1.0,0.0,1.0,0.20119618,0
0.0,0.0,0.0,0.814904,0.113193505,0
0.48184615,0.630359,0.0,0.65809625,0.07809352,0
0.0,0.0,0.0,1.0,0.28115156,0
0.81053746,1.0,0.0,1.0,0.16838267,0
0.0,0.0,0.0,1.0,0.32214546,0
1.0,1.0,0.0,0.51634246,0.08651998,1
0.0,0.0,0.0,1.0,0.074807614,0
1.0,1.0,0.0,1.0,0.1558732,0
0.6975236,1.0,0.0,1.0,0.20119618,0
0.0,0.0,0.0,1.0,0.2838443,0
0.48184615,0.630359,0.0,1.0,0.24854434,0
0.0,0.0,0.0,1.0,0.080508195,0
0.81053746,1.0,0.0,0.48586127,0.08405388,1
0.0,0.0,0.0,1.0,0.23744994,0
1.0,1.0,0.0,1.0,0.11467671,0
0.0,0.0,0.0,1.0,0.22115098,0
1.0,1.0,0.0,1.0,0.18179382,0
0.6975236,1.0,0.0,0.814904,0.113193505,0
0.81009406,1.0,0.0,1.0,0.2838443,0
0.48184615,0.630359,0.0,1.0,0.1618197,0
0.0,0.0,0.0,1.0,0.36326477,0
0.81053746,1.0,0.0,1.0,0.27298972,0
0.0,0.0,0.0,1.0,0.32133442,0
1.0,1.0,0.0,1.0,0.17884913,0
0.0,0.0,0.0,1.0,0.17430377,0
1.0,1.0,0.0,0.62554467,0.092756756,0
0.6975236,1.0,0.0,0.65809625,0.07809352,0
0.81009406,1.0,0.0,1.0,0.24854434,0
0.0,0.0,0.0,1.0,0.1618197,0
0.0,0.0,0.0,1.0,0.32379153,0
0.81053746,1.0,0.0,1.0,0.19126639,0
0.0,0.0,0.0,1.0,0.39843076,0
1.0,1.0,0.0,0.7924497,0.14194843,0
0.0,0.0,0.0,1.0,0.15340509,0
1.0,1.0,0.0,1.0,0.23132564,0
0.6975236,1.0,0.0,1.0,0.28115156,0
0.81009406,1.0,0.0,1.0,0.080508195,0
0.0,0.0,0.0,1.0,0.36326477,0
0.48184615,0.630359,0.0,1.0,0.32379153,0
0.81053746,1.0,0.0,1.0,0.14004195,0
0.0,0.0,0.0,1.0,0.25572628,0
1.0,1.0,0.0,1.0,0.19474271,0
0.0,0.0,0.0,0.8665284,0.06185884,0
1.0,1.0,0.0,1.0,0.10391843,0
0.6975236,1.0,0.0,1.0,0.16838267,0
0.81009406,1.0,0.0,0.48586127,0.08405388,1
0.0,0.0,0.0,1.0,0.27298972,0
0.48184615,0.630359,0.0,1.0,0.19126639,0
0.0,0.0,0.0,1.0,0.14004195,0
0.0,0.0,0.0,1.0,0.31284043,0
1.0,1.0,0.0,1.0,0.09647579,0
0.0,0.0,0.0,1.0,0.26589182,0
1.0,1.0,0.0,1.0,0.32792783,0
0.6975236,1.0,0.0,1.0,0.32214546,0
0.81009406,1.0,0.0,1.0,0.23744994,0
0.0,0.0,0.0,1.0,0.32133442,0
0.48184615,0.630359,0.0,1.0,0.39843076,0
0.0,0.0,0.0,1.0,0.25572628,0
0.81053746,1.0,0.0,1.0,0.31284043,0
1.0,1.0,0.0,1.0,0.2708676,0
0.0,0.0,0.0,1.0,0.043116983,0
1.0,1.0,0.0,0.19242077,0.05746601,2
0.6975236,1.0,0.0,0.51634246,0.08651998,1
0.81009406,1.0,0.0,1.0,0.11467671,0
0.0,0.0,0.0,1.0,0.17884913,0
0.48184615,0.630359,0.0,0.7924497,0.14194843,0
0.0,0.0,0.0,1.0,0.19474271,0
0.81053746,1.0,0.0,1.0,0.09647579,0
0.0,0.0,0.0,1.0,0.2708676,0
1.0,1.0,0.0,1.0,0.08215059,0
0.6975236,1.0,0.0,1.0,0.12820561,0
0.81009406,1.0,0.0,1.0,0.074807614,0
0.0,0.0,0.0,1.0,0.22115098,0
0.48184615,0.630359,0.0,1.0,0.17430377,0
0.0,0.0,0.0,1.0,0.15340509,0
0.81053746,1.0,0.0,0.8666889,0.06185884,0
0.0,0.0,0.0,1.0,0.26589182,0
1.0,1.0,0.0,1.0,0.043116983,0
0.0,0.0,0.0,1.0,0.08215059,0
0.6975236,1.0,0.0,0.5241687,0.06953007,1
0.81009406,1.0,0.0,1.0,0.1558732,0
0.0,0.0,0.0,1.0,0.18179382,0
0.48184615,0.630359,0.0,0.6246186,0.092756756,0
0.0,0.0,0.0,1.0,0.23132564,0
0.81053746,1.0,0.0,1.0,0.10391843,0
0.0,0.0,0.0,1.0,0.32792783,0
1.0,1.0,0.0,0.19185264,0.05746601,2
0.0,0.0,0.0,1.0,0.12820561,0
1.0,1.0,0.0,0.5241687,0.06953007,1
0.81009406,1.0,0.0,1.0,0.20119618,0
0.0,0.0,0.0,0.81393915,0.113193505,0
0.48184615,0.630359,0.0,0.65731585,0.07809352,0
0.0,0.0,0.0,1.0,0.28115156,0
0.81053746,1.0,0.0,1.0,0.16838267,0
0.0,0.0,0.0,1.0,0.32214546,0
1.0,1.0,0.0,0.51565415,0.08651998,1
0.0,0.0,0.0,1.0,0.074807614,0
1.0,1.0,0.0,1.0,0.1558732,0
0.6975236,1.0,0.0,1.0,0.20119618,0
0.0,0.0,0.0,1.0,0.2838443,0
0.48184615,0.630359,0.0,1.0,0.24854434,0
0.0,0.0,0.0,1.0,0.080508195,0
0.81053746,1.0,0.0,0.48513946,0.08405388,1
0.0,0.0,0.0,1.0,0.23744994,0
1.0,1.0,0.0,1.0,0.11467671,0
0.0,0.0,0.0,1.0,0.22115098,0
1.0,1.0,0.0,1.0,0.18179382,0
0.6975236,1.0,0.0,0.81393915,0.113193505,0
0.81009406,1.0,0.0,1.0,0.2838443,0
0.48184615,0.630359,0.0,1.0,0.1618197,0
0.0,0.0,0.0,1.0,0.36326477,0
0.81053746,1.0,0.0,1.0,0.27298972,0
0.0,0.0,0.0,1.0,0.32133442,0
1.0,1.0,0.0,1.0,0.17884913,0
0.0,0.0,0.0,1.0,0.17430377,0
1.0,1.0,0.0,0.6246186,0.092756756,0
0.6975236,1.0,0.0,0.65731585,0.07809352,0
0.81009406,1.0,0.0,1.0,0.24854434,0
0.0,0.0,0.0,1.0,0.1618197,0
0.0,0.0,0.0,1.0,0.32379153,0
0.81053746,1.0,0.0,1.0,0.19126639,0
0.0,0.0,0.0,1.0,0.39843076,0
1.0,1.0,0.0,0.7910533,0.14194843,0
0.0,0.0,0.0,1.0,0.15340509,0
1.0,1.0,0.0,1.0,0.23132564,0
0.6975236,1.0,0.0,1.0,0.28115156,0
0.81009406,1.0,0.0,1.0,0.080508195,0
0.0,0.0,0.0,1.0,0.36326477,0
0.48184615,0.630359,0.0,1.0,0.32379153,0
0.81053746,1.0,0.0,1.0,0.14004195,0
0.0,0.0,0.0,1.0,0.25572628,0
1.0,1.0,0.0,1.0,0.19474271,0
0.0,0.0,0.0,0.8666889,0.06185884,0
1.0,1.0,0.0,1.0,0.10391843,0
0.6975236,1.0,0.0,1.0,0.16838267,0
0.81009406,1.0,0.0,0.48513946,0.08405388,1
0.0,0.0,0.0,1.0,0.27298972,0
0.48184615,0.630359,0.0,1.0,0.19126639,0
0.0,0.0,0.0,1.0,0.14004195,0
0.0,0.0,0.0,1.0,0.31284043,0
1.0,1.0,0.0,1.0,0.09647579,0
0.0,0.0,0.0,1.0,0.26589182,0
1.0,1.0,0.0,1.0,0.32792783,0
0.6975236,1.0,0.0,1.0,0.32214546,0
0.81009406,1.0,0.0,1.0,0.23744994,0
0.0,0.0,0.0,1.0,0.32133442,0
0.48184615,0.630359,0.0,1.0,0.39843076,0
0.0,0.0,0.0,1.0,0.25572628,0
0.81053746,1.0,0.0,1.0,0.31284043,0
1.0,1.0,0.0,1.0,0.2708676,0
0.0,0.0,0.0,1.0,0.043116983,0
1.0,1.0,0.0,0.19185264,0.05746601,2
0.6975236,1.0,0.0,0.51565415,0.08651998,1
0.81009406,1.0,0.0,1.0,0.11467671,0
0.0,0.0,0.0,1.0,0.17884913,0
0.48184615,0.630359,0.0,0.7910533,0.14194843,0
0.0,0.0,0.0,1.0,0.19474271,0
0.81053746,1.0,0.0,1.0,0.09647579,0
0.0,0.0,0.0,1.0,0.2708676,0
